<?xml version="1.0" encoding="UTF-8" standalone="no"?>
<references name="Fields" origin="org.eclipse.birt.report.model (2.5.2.v20100127)" referee="org.eclipse.birt.core (2.5.2.v20100208)" reference_count="251" reference_visibility="1">
    <target member="sResourceKey" name="org.eclipse.birt.core.exception.BirtException.sResourceKey" type="org.eclipse.birt.core.exception.BirtException">
        <reference_kind flags="0" kind="8192" reference_kind_name="GETS_FIELD">
            <reference linenumber="210" member="getLocalizedMessage" origin="org.eclipse.birt.report.model.api.DesignFileException.getLocalizedMessage()" signature="()Ljava/lang/String;" type="org.eclipse.birt.report.model.api.DesignFileException"/>
            <reference linenumber="207" member="getLocalizedMessage" origin="org.eclipse.birt.report.model.api.DesignFileException.getLocalizedMessage()" signature="()Ljava/lang/String;" type="org.eclipse.birt.report.model.api.DesignFileException"/>
            <reference linenumber="264" member="toString" origin="org.eclipse.birt.report.model.api.DesignFileException.toString()" signature="()Ljava/lang/String;" type="org.eclipse.birt.report.model.api.DesignFileException"/>
            <reference linenumber="265" member="toString" origin="org.eclipse.birt.report.model.api.DesignFileException.toString()" signature="()Ljava/lang/String;" type="org.eclipse.birt.report.model.api.DesignFileException"/>
            <reference linenumber="262" member="toString" origin="org.eclipse.birt.report.model.api.DesignFileException.toString()" signature="()Ljava/lang/String;" type="org.eclipse.birt.report.model.api.DesignFileException"/>
        <reference linenumber="327" member="getLocalizedMessage" origin="org.eclipse.birt.report.model.api.activity.SemanticException.getLocalizedMessage()" signature="()Ljava/lang/String;" type="org.eclipse.birt.report.model.api.activity.SemanticException"/>
            <reference linenumber="326" member="getLocalizedMessage" origin="org.eclipse.birt.report.model.api.activity.SemanticException.getLocalizedMessage()" signature="()Ljava/lang/String;" type="org.eclipse.birt.report.model.api.activity.SemanticException"/>
        <reference linenumber="203" member="getLocalizedMessage" origin="org.eclipse.birt.report.model.api.command.UserPropertyException.getLocalizedMessage()" signature="()Ljava/lang/String;" type="org.eclipse.birt.report.model.api.command.UserPropertyException"/>
            <reference linenumber="310" member="getLocalizedMessage" origin="org.eclipse.birt.report.model.api.command.ContentException.getLocalizedMessage()" signature="()Ljava/lang/String;" type="org.eclipse.birt.report.model.api.command.ContentException"/>
            <reference linenumber="201" member="getLocalizedMessage" origin="org.eclipse.birt.report.model.api.command.UserPropertyException.getLocalizedMessage()" signature="()Ljava/lang/String;" type="org.eclipse.birt.report.model.api.command.UserPropertyException"/>
            <reference linenumber="312" member="getLocalizedMessage" origin="org.eclipse.birt.report.model.api.command.ContentException.getLocalizedMessage()" signature="()Ljava/lang/String;" type="org.eclipse.birt.report.model.api.command.ContentException"/>
            <reference linenumber="200" member="getLocalizedMessage" origin="org.eclipse.birt.report.model.api.command.UserPropertyException.getLocalizedMessage()" signature="()Ljava/lang/String;" type="org.eclipse.birt.report.model.api.command.UserPropertyException"/>
            <reference linenumber="118" member="getLocalizedMessage" origin="org.eclipse.birt.report.model.api.command.LibraryException.getLocalizedMessage()" signature="()Ljava/lang/String;" type="org.eclipse.birt.report.model.api.command.LibraryException"/>
            <reference linenumber="199" member="getLocalizedMessage" origin="org.eclipse.birt.report.model.api.command.UserPropertyException.getLocalizedMessage()" signature="()Ljava/lang/String;" type="org.eclipse.birt.report.model.api.command.UserPropertyException"/>
            <reference linenumber="306" member="getLocalizedMessage" origin="org.eclipse.birt.report.model.api.command.ContentException.getLocalizedMessage()" signature="()Ljava/lang/String;" type="org.eclipse.birt.report.model.api.command.ContentException"/>
            <reference linenumber="198" member="getLocalizedMessage" origin="org.eclipse.birt.report.model.api.command.UserPropertyException.getLocalizedMessage()" signature="()Ljava/lang/String;" type="org.eclipse.birt.report.model.api.command.UserPropertyException"/>
            <reference linenumber="197" member="getLocalizedMessage" origin="org.eclipse.birt.report.model.api.command.UserPropertyException.getLocalizedMessage()" signature="()Ljava/lang/String;" type="org.eclipse.birt.report.model.api.command.UserPropertyException"/>
            <reference linenumber="196" member="getLocalizedMessage" origin="org.eclipse.birt.report.model.api.command.UserPropertyException.getLocalizedMessage()" signature="()Ljava/lang/String;" type="org.eclipse.birt.report.model.api.command.UserPropertyException"/>
            <reference linenumber="317" member="getLocalizedMessage" origin="org.eclipse.birt.report.model.api.command.ContentException.getLocalizedMessage()" signature="()Ljava/lang/String;" type="org.eclipse.birt.report.model.api.command.ContentException"/>
            <reference linenumber="320" member="getLocalizedMessage" origin="org.eclipse.birt.report.model.api.command.ContentException.getLocalizedMessage()" signature="()Ljava/lang/String;" type="org.eclipse.birt.report.model.api.command.ContentException"/>
            <reference linenumber="315" member="getLocalizedMessage" origin="org.eclipse.birt.report.model.api.command.ContentException.getLocalizedMessage()" signature="()Ljava/lang/String;" type="org.eclipse.birt.report.model.api.command.ContentException"/>
            <reference linenumber="219" member="getLocalizedMessage" origin="org.eclipse.birt.report.model.api.command.UserPropertyException.getLocalizedMessage()" signature="()Ljava/lang/String;" type="org.eclipse.birt.report.model.api.command.UserPropertyException"/>
            <reference linenumber="326" member="getLocalizedMessage" origin="org.eclipse.birt.report.model.api.command.ContentException.getLocalizedMessage()" signature="()Ljava/lang/String;" type="org.eclipse.birt.report.model.api.command.ContentException"/>
            <reference linenumber="327" member="getLocalizedMessage" origin="org.eclipse.birt.report.model.api.command.ContentException.getLocalizedMessage()" signature="()Ljava/lang/String;" type="org.eclipse.birt.report.model.api.command.ContentException"/>
            <reference linenumber="328" member="getLocalizedMessage" origin="org.eclipse.birt.report.model.api.command.ContentException.getLocalizedMessage()" signature="()Ljava/lang/String;" type="org.eclipse.birt.report.model.api.command.ContentException"/>
            <reference linenumber="214" member="getLocalizedMessage" origin="org.eclipse.birt.report.model.api.command.UserPropertyException.getLocalizedMessage()" signature="()Ljava/lang/String;" type="org.eclipse.birt.report.model.api.command.UserPropertyException"/>
            <reference linenumber="321" member="getLocalizedMessage" origin="org.eclipse.birt.report.model.api.command.ContentException.getLocalizedMessage()" signature="()Ljava/lang/String;" type="org.eclipse.birt.report.model.api.command.ContentException"/>
            <reference linenumber="323" member="getLocalizedMessage" origin="org.eclipse.birt.report.model.api.command.ContentException.getLocalizedMessage()" signature="()Ljava/lang/String;" type="org.eclipse.birt.report.model.api.command.ContentException"/>
            <reference linenumber="211" member="getLocalizedMessage" origin="org.eclipse.birt.report.model.api.command.UserPropertyException.getLocalizedMessage()" signature="()Ljava/lang/String;" type="org.eclipse.birt.report.model.api.command.UserPropertyException"/>
            <reference linenumber="208" member="getLocalizedMessage" origin="org.eclipse.birt.report.model.api.command.UserPropertyException.getLocalizedMessage()" signature="()Ljava/lang/String;" type="org.eclipse.birt.report.model.api.command.UserPropertyException"/>
            <reference linenumber="335" member="getLocalizedMessage" origin="org.eclipse.birt.report.model.api.command.ContentException.getLocalizedMessage()" signature="()Ljava/lang/String;" type="org.eclipse.birt.report.model.api.command.ContentException"/>
            <reference linenumber="336" member="getLocalizedMessage" origin="org.eclipse.birt.report.model.api.command.ContentException.getLocalizedMessage()" signature="()Ljava/lang/String;" type="org.eclipse.birt.report.model.api.command.ContentException"/>
            <reference linenumber="206" member="getLocalizedMessage" origin="org.eclipse.birt.report.model.api.command.UserPropertyException.getLocalizedMessage()" signature="()Ljava/lang/String;" type="org.eclipse.birt.report.model.api.command.UserPropertyException"/>
            <reference linenumber="329" member="getLocalizedMessage" origin="org.eclipse.birt.report.model.api.command.ContentException.getLocalizedMessage()" signature="()Ljava/lang/String;" type="org.eclipse.birt.report.model.api.command.ContentException"/>
            <reference linenumber="331" member="getLocalizedMessage" origin="org.eclipse.birt.report.model.api.command.ContentException.getLocalizedMessage()" signature="()Ljava/lang/String;" type="org.eclipse.birt.report.model.api.command.ContentException"/>
            <reference linenumber="288" member="getLocalizedMessage" origin="org.eclipse.birt.report.model.api.command.ContentException.getLocalizedMessage()" signature="()Ljava/lang/String;" type="org.eclipse.birt.report.model.api.command.ContentException"/>
            <reference linenumber="102" member="getLocalizedMessage" origin="org.eclipse.birt.report.model.api.command.LibraryException.getLocalizedMessage()" signature="()Ljava/lang/String;" type="org.eclipse.birt.report.model.api.command.LibraryException"/>
            <reference linenumber="296" member="getLocalizedMessage" origin="org.eclipse.birt.report.model.api.command.ContentException.getLocalizedMessage()" signature="()Ljava/lang/String;" type="org.eclipse.birt.report.model.api.command.ContentException"/>
            <reference linenumber="293" member="getLocalizedMessage" origin="org.eclipse.birt.report.model.api.command.ContentException.getLocalizedMessage()" signature="()Ljava/lang/String;" type="org.eclipse.birt.report.model.api.command.ContentException"/>
            <reference linenumber="105" member="getLocalizedMessage" origin="org.eclipse.birt.report.model.api.command.LibraryException.getLocalizedMessage()" signature="()Ljava/lang/String;" type="org.eclipse.birt.report.model.api.command.LibraryException"/>
            <reference linenumber="289" member="getLocalizedMessage" origin="org.eclipse.birt.report.model.api.command.ContentException.getLocalizedMessage()" signature="()Ljava/lang/String;" type="org.eclipse.birt.report.model.api.command.ContentException"/>
            <reference linenumber="104" member="getLocalizedMessage" origin="org.eclipse.birt.report.model.api.command.LibraryException.getLocalizedMessage()" signature="()Ljava/lang/String;" type="org.eclipse.birt.report.model.api.command.LibraryException"/>
            <reference linenumber="103" member="getLocalizedMessage" origin="org.eclipse.birt.report.model.api.command.LibraryException.getLocalizedMessage()" signature="()Ljava/lang/String;" type="org.eclipse.birt.report.model.api.command.LibraryException"/>
            <reference linenumber="110" member="getLocalizedMessage" origin="org.eclipse.birt.report.model.api.command.LibraryException.getLocalizedMessage()" signature="()Ljava/lang/String;" type="org.eclipse.birt.report.model.api.command.LibraryException"/>
            <reference linenumber="304" member="getLocalizedMessage" origin="org.eclipse.birt.report.model.api.command.ContentException.getLocalizedMessage()" signature="()Ljava/lang/String;" type="org.eclipse.birt.report.model.api.command.ContentException"/>
            <reference linenumber="301" member="getLocalizedMessage" origin="org.eclipse.birt.report.model.api.command.ContentException.getLocalizedMessage()" signature="()Ljava/lang/String;" type="org.eclipse.birt.report.model.api.command.ContentException"/>
            <reference linenumber="107" member="getLocalizedMessage" origin="org.eclipse.birt.report.model.api.command.LibraryException.getLocalizedMessage()" signature="()Ljava/lang/String;" type="org.eclipse.birt.report.model.api.command.LibraryException"/>
            <reference linenumber="299" member="getLocalizedMessage" origin="org.eclipse.birt.report.model.api.command.ContentException.getLocalizedMessage()" signature="()Ljava/lang/String;" type="org.eclipse.birt.report.model.api.command.ContentException"/>
            <reference linenumber="114" member="getLocalizedMessage" origin="org.eclipse.birt.report.model.api.command.LibraryException.getLocalizedMessage()" signature="()Ljava/lang/String;" type="org.eclipse.birt.report.model.api.command.LibraryException"/>
            <reference linenumber="297" member="getLocalizedMessage" origin="org.eclipse.birt.report.model.api.command.ContentException.getLocalizedMessage()" signature="()Ljava/lang/String;" type="org.eclipse.birt.report.model.api.command.ContentException"/>
            <reference linenumber="298" member="getLocalizedMessage" origin="org.eclipse.birt.report.model.api.command.ContentException.getLocalizedMessage()" signature="()Ljava/lang/String;" type="org.eclipse.birt.report.model.api.command.ContentException"/>
            <reference linenumber="122" member="getLocalizedMessage" origin="org.eclipse.birt.report.model.api.command.PropertyNameException.getLocalizedMessage()" signature="()Ljava/lang/String;" type="org.eclipse.birt.report.model.api.command.PropertyNameException"/>
            <reference linenumber="125" member="getLocalizedMessage" origin="org.eclipse.birt.report.model.api.command.NameException.getLocalizedMessage()" signature="()Ljava/lang/String;" type="org.eclipse.birt.report.model.api.command.NameException"/>
            <reference linenumber="87" member="getLocalizedMessage" origin="org.eclipse.birt.report.model.api.command.ThemeException.getLocalizedMessage()" signature="()Ljava/lang/String;" type="org.eclipse.birt.report.model.api.command.ThemeException"/>
            <reference linenumber="83" member="getLocalizedMessage" origin="org.eclipse.birt.report.model.api.command.ThemeException.getLocalizedMessage()" signature="()Ljava/lang/String;" type="org.eclipse.birt.report.model.api.command.ThemeException"/>
            <reference linenumber="122" member="getLocalizedMessage" origin="org.eclipse.birt.report.model.api.command.NameException.getLocalizedMessage()" signature="()Ljava/lang/String;" type="org.eclipse.birt.report.model.api.command.NameException"/>
            <reference linenumber="119" member="getLocalizedMessage" origin="org.eclipse.birt.report.model.api.command.NameException.getLocalizedMessage()" signature="()Ljava/lang/String;" type="org.eclipse.birt.report.model.api.command.NameException"/>
            <reference linenumber="81" member="getLocalizedMessage" origin="org.eclipse.birt.report.model.api.command.ThemeException.getLocalizedMessage()" signature="()Ljava/lang/String;" type="org.eclipse.birt.report.model.api.command.ThemeException"/>
            <reference linenumber="120" member="getLocalizedMessage" origin="org.eclipse.birt.report.model.api.command.NameException.getLocalizedMessage()" signature="()Ljava/lang/String;" type="org.eclipse.birt.report.model.api.command.NameException"/>
            <reference linenumber="134" member="getLocalizedMessage" origin="org.eclipse.birt.report.model.api.command.NameException.getLocalizedMessage()" signature="()Ljava/lang/String;" type="org.eclipse.birt.report.model.api.command.NameException"/>
            <reference linenumber="131" member="getLocalizedMessage" origin="org.eclipse.birt.report.model.api.command.NameException.getLocalizedMessage()" signature="()Ljava/lang/String;" type="org.eclipse.birt.report.model.api.command.NameException"/>
            <reference linenumber="129" member="getLocalizedMessage" origin="org.eclipse.birt.report.model.api.command.NameException.getLocalizedMessage()" signature="()Ljava/lang/String;" type="org.eclipse.birt.report.model.api.command.NameException"/>
            <reference linenumber="127" member="getLocalizedMessage" origin="org.eclipse.birt.report.model.api.command.NameException.getLocalizedMessage()" signature="()Ljava/lang/String;" type="org.eclipse.birt.report.model.api.command.NameException"/>
            <reference linenumber="86" member="getLocalizedMessage" origin="org.eclipse.birt.report.model.api.command.CircularExtendsException.getLocalizedMessage()" signature="()Ljava/lang/String;" type="org.eclipse.birt.report.model.api.command.CircularExtendsException"/>
            <reference linenumber="140" member="getLocalizedMessage" origin="org.eclipse.birt.report.model.api.command.NameException.getLocalizedMessage()" signature="()Ljava/lang/String;" type="org.eclipse.birt.report.model.api.command.NameException"/>
            <reference linenumber="93" member="getLocalizedMessage" origin="org.eclipse.birt.report.model.api.command.StyleException.getLocalizedMessage()" signature="()Ljava/lang/String;" type="org.eclipse.birt.report.model.api.command.StyleException"/>
            <reference linenumber="338" member="getLocalizedMessage" origin="org.eclipse.birt.report.model.api.command.ContentException.getLocalizedMessage()" signature="()Ljava/lang/String;" type="org.eclipse.birt.report.model.api.command.ContentException"/>
            <reference linenumber="88" member="getLocalizedMessage" origin="org.eclipse.birt.report.model.api.command.CircularExtendsException.getLocalizedMessage()" signature="()Ljava/lang/String;" type="org.eclipse.birt.report.model.api.command.CircularExtendsException"/>
            <reference linenumber="343" member="getLocalizedMessage" origin="org.eclipse.birt.report.model.api.command.ContentException.getLocalizedMessage()" signature="()Ljava/lang/String;" type="org.eclipse.birt.report.model.api.command.ContentException"/>
            <reference linenumber="135" member="getLocalizedMessage" origin="org.eclipse.birt.report.model.api.command.NameException.getLocalizedMessage()" signature="()Ljava/lang/String;" type="org.eclipse.birt.report.model.api.command.NameException"/>
            <reference linenumber="91" member="getLocalizedMessage" origin="org.eclipse.birt.report.model.api.command.StyleException.getLocalizedMessage()" signature="()Ljava/lang/String;" type="org.eclipse.birt.report.model.api.command.StyleException"/>
            <reference linenumber="137" member="getLocalizedMessage" origin="org.eclipse.birt.report.model.api.command.NameException.getLocalizedMessage()" signature="()Ljava/lang/String;" type="org.eclipse.birt.report.model.api.command.NameException"/>
            <reference linenumber="100" member="getLocalizedMessage" origin="org.eclipse.birt.report.model.api.command.InvalidParentException.getLocalizedMessage()" signature="()Ljava/lang/String;" type="org.eclipse.birt.report.model.api.command.InvalidParentException"/>
            <reference linenumber="98" member="getLocalizedMessage" origin="org.eclipse.birt.report.model.api.command.InvalidParentException.getLocalizedMessage()" signature="()Ljava/lang/String;" type="org.eclipse.birt.report.model.api.command.InvalidParentException"/>
            <reference linenumber="91" member="getLocalizedMessage" origin="org.eclipse.birt.report.model.api.command.CircularExtendsException.getLocalizedMessage()" signature="()Ljava/lang/String;" type="org.eclipse.birt.report.model.api.command.CircularExtendsException"/>
            <reference linenumber="103" member="getLocalizedMessage" origin="org.eclipse.birt.report.model.api.command.InvalidParentException.getLocalizedMessage()" signature="()Ljava/lang/String;" type="org.eclipse.birt.report.model.api.command.InvalidParentException"/>
            <reference linenumber="97" member="getLocalizedMessage" origin="org.eclipse.birt.report.model.api.command.StyleException.getLocalizedMessage()" signature="()Ljava/lang/String;" type="org.eclipse.birt.report.model.api.command.StyleException"/>
            <reference linenumber="93" member="getLocalizedMessage" origin="org.eclipse.birt.report.model.api.command.CircularExtendsException.getLocalizedMessage()" signature="()Ljava/lang/String;" type="org.eclipse.birt.report.model.api.command.CircularExtendsException"/>
            <reference linenumber="108" member="getLocalizedMessage" origin="org.eclipse.birt.report.model.api.command.InvalidParentException.getLocalizedMessage()" signature="()Ljava/lang/String;" type="org.eclipse.birt.report.model.api.command.InvalidParentException"/>
            <reference linenumber="105" member="getLocalizedMessage" origin="org.eclipse.birt.report.model.api.command.InvalidParentException.getLocalizedMessage()" signature="()Ljava/lang/String;" type="org.eclipse.birt.report.model.api.command.InvalidParentException"/>
            <reference linenumber="87" member="getLocalizedMessage" origin="org.eclipse.birt.report.model.api.command.WrongTypeException.getLocalizedMessage()" signature="()Ljava/lang/String;" type="org.eclipse.birt.report.model.api.command.WrongTypeException"/>
            <reference linenumber="89" member="getLocalizedMessage" origin="org.eclipse.birt.report.model.api.command.WrongTypeException.getLocalizedMessage()" signature="()Ljava/lang/String;" type="org.eclipse.birt.report.model.api.command.WrongTypeException"/>
            <reference linenumber="110" member="getLocalizedMessage" origin="org.eclipse.birt.report.model.api.command.InvalidParentException.getLocalizedMessage()" signature="()Ljava/lang/String;" type="org.eclipse.birt.report.model.api.command.InvalidParentException"/>
            <reference linenumber="86" member="getLocalizedMessage" origin="org.eclipse.birt.report.model.api.command.StyleException.getLocalizedMessage()" signature="()Ljava/lang/String;" type="org.eclipse.birt.report.model.api.command.StyleException"/>
            <reference linenumber="86" member="getLocalizedMessage" origin="org.eclipse.birt.report.model.api.command.WrongTypeException.getLocalizedMessage()" signature="()Ljava/lang/String;" type="org.eclipse.birt.report.model.api.command.WrongTypeException"/>
            <reference linenumber="88" member="getLocalizedMessage" origin="org.eclipse.birt.report.model.api.command.StyleException.getLocalizedMessage()" signature="()Ljava/lang/String;" type="org.eclipse.birt.report.model.api.command.StyleException"/>
            <reference linenumber="120" member="getLocalizedMessage" origin="org.eclipse.birt.report.model.api.command.CssException.getLocalizedMessage()" signature="()Ljava/lang/String;" type="org.eclipse.birt.report.model.api.command.CssException"/>
            <reference linenumber="100" member="getLocalizedMessage" origin="org.eclipse.birt.report.model.api.command.ExtendsForbiddenException.getLocalizedMessage()" signature="()Ljava/lang/String;" type="org.eclipse.birt.report.model.api.command.ExtendsForbiddenException"/>
            <reference linenumber="102" member="getLocalizedMessage" origin="org.eclipse.birt.report.model.api.command.ExtendsForbiddenException.getLocalizedMessage()" signature="()Ljava/lang/String;" type="org.eclipse.birt.report.model.api.command.ExtendsForbiddenException"/>
            <reference linenumber="116" member="getLocalizedMessage" origin="org.eclipse.birt.report.model.api.command.CssException.getLocalizedMessage()" signature="()Ljava/lang/String;" type="org.eclipse.birt.report.model.api.command.CssException"/>
            <reference linenumber="105" member="getLocalizedMessage" origin="org.eclipse.birt.report.model.api.command.ExtendsForbiddenException.getLocalizedMessage()" signature="()Ljava/lang/String;" type="org.eclipse.birt.report.model.api.command.ExtendsForbiddenException"/>
            <reference linenumber="115" member="getLocalizedMessage" origin="org.eclipse.birt.report.model.api.command.CssException.getLocalizedMessage()" signature="()Ljava/lang/String;" type="org.eclipse.birt.report.model.api.command.CssException"/>
            <reference linenumber="118" member="getLocalizedMessage" origin="org.eclipse.birt.report.model.api.command.CssException.getLocalizedMessage()" signature="()Ljava/lang/String;" type="org.eclipse.birt.report.model.api.command.CssException"/>
            <reference linenumber="107" member="getLocalizedMessage" origin="org.eclipse.birt.report.model.api.command.ExtendsForbiddenException.getLocalizedMessage()" signature="()Ljava/lang/String;" type="org.eclipse.birt.report.model.api.command.ExtendsForbiddenException"/>
            <reference linenumber="117" member="getLocalizedMessage" origin="org.eclipse.birt.report.model.api.command.CssException.getLocalizedMessage()" signature="()Ljava/lang/String;" type="org.eclipse.birt.report.model.api.command.CssException"/>
            <reference linenumber="99" member="getLocalizedMessage" origin="org.eclipse.birt.report.model.api.command.ExtendsForbiddenException.getLocalizedMessage()" signature="()Ljava/lang/String;" type="org.eclipse.birt.report.model.api.command.ExtendsForbiddenException"/>
            <reference linenumber="98" member="getLocalizedMessage" origin="org.eclipse.birt.report.model.api.command.ExtendsForbiddenException.getLocalizedMessage()" signature="()Ljava/lang/String;" type="org.eclipse.birt.report.model.api.command.ExtendsForbiddenException"/>
            <reference linenumber="72" member="getLocalizedMessage" origin="org.eclipse.birt.report.model.api.command.EncryptionException.getLocalizedMessage()" signature="()Ljava/lang/String;" type="org.eclipse.birt.report.model.api.command.EncryptionException"/>
            <reference linenumber="71" member="getLocalizedMessage" origin="org.eclipse.birt.report.model.api.command.EncryptionException.getLocalizedMessage()" signature="()Ljava/lang/String;" type="org.eclipse.birt.report.model.api.command.EncryptionException"/>
            <reference linenumber="73" member="getLocalizedMessage" origin="org.eclipse.birt.report.model.api.command.EncryptionException.getLocalizedMessage()" signature="()Ljava/lang/String;" type="org.eclipse.birt.report.model.api.command.EncryptionException"/>
            <reference linenumber="75" member="getLocalizedMessage" origin="org.eclipse.birt.report.model.api.command.EncryptionException.getLocalizedMessage()" signature="()Ljava/lang/String;" type="org.eclipse.birt.report.model.api.command.EncryptionException"/>
            <reference linenumber="124" member="getLocalizedMessage" origin="org.eclipse.birt.report.model.api.command.CssException.getLocalizedMessage()" signature="()Ljava/lang/String;" type="org.eclipse.birt.report.model.api.command.CssException"/>
            <reference linenumber="129" member="getLocalizedMessage" origin="org.eclipse.birt.report.model.api.command.PropertyNameException.getLocalizedMessage()" signature="()Ljava/lang/String;" type="org.eclipse.birt.report.model.api.command.PropertyNameException"/>
            <reference linenumber="120" member="getLocalizedMessage" origin="org.eclipse.birt.report.model.api.command.TemplateException.getLocalizedMessage()" signature="()Ljava/lang/String;" type="org.eclipse.birt.report.model.api.command.TemplateException"/>
            <reference linenumber="113" member="getLocalizedMessage" origin="org.eclipse.birt.report.model.api.command.CustomMsgException.getLocalizedMessage()" signature="()Ljava/lang/String;" type="org.eclipse.birt.report.model.api.command.CustomMsgException"/>
            <reference linenumber="217" member="getLocalizedMessage" origin="org.eclipse.birt.report.model.api.command.ExtendsException.getLocalizedMessage()" signature="()Ljava/lang/String;" type="org.eclipse.birt.report.model.api.command.ExtendsException"/>
            <reference linenumber="114" member="getLocalizedMessage" origin="org.eclipse.birt.report.model.api.command.CustomMsgException.getLocalizedMessage()" signature="()Ljava/lang/String;" type="org.eclipse.birt.report.model.api.command.CustomMsgException"/>
            <reference linenumber="116" member="getLocalizedMessage" origin="org.eclipse.birt.report.model.api.command.CustomMsgException.getLocalizedMessage()" signature="()Ljava/lang/String;" type="org.eclipse.birt.report.model.api.command.CustomMsgException"/>
            <reference linenumber="221" member="getLocalizedMessage" origin="org.eclipse.birt.report.model.api.command.ExtendsException.getLocalizedMessage()" signature="()Ljava/lang/String;" type="org.eclipse.birt.report.model.api.command.ExtendsException"/>
            <reference linenumber="119" member="getLocalizedMessage" origin="org.eclipse.birt.report.model.api.command.CustomMsgException.getLocalizedMessage()" signature="()Ljava/lang/String;" type="org.eclipse.birt.report.model.api.command.CustomMsgException"/>
            <reference linenumber="116" member="getLocalizedMessage" origin="org.eclipse.birt.report.model.api.command.TemplateException.getLocalizedMessage()" signature="()Ljava/lang/String;" type="org.eclipse.birt.report.model.api.command.TemplateException"/>
            <reference linenumber="210" member="getLocalizedMessage" origin="org.eclipse.birt.report.model.api.command.ExtendsException.getLocalizedMessage()" signature="()Ljava/lang/String;" type="org.eclipse.birt.report.model.api.command.ExtendsException"/>
            <reference linenumber="117" member="getLocalizedMessage" origin="org.eclipse.birt.report.model.api.command.TemplateException.getLocalizedMessage()" signature="()Ljava/lang/String;" type="org.eclipse.birt.report.model.api.command.TemplateException"/>
            <reference linenumber="209" member="getLocalizedMessage" origin="org.eclipse.birt.report.model.api.command.ExtendsException.getLocalizedMessage()" signature="()Ljava/lang/String;" type="org.eclipse.birt.report.model.api.command.ExtendsException"/>
            <reference linenumber="114" member="getLocalizedMessage" origin="org.eclipse.birt.report.model.api.command.TemplateException.getLocalizedMessage()" signature="()Ljava/lang/String;" type="org.eclipse.birt.report.model.api.command.TemplateException"/>
            <reference linenumber="212" member="getLocalizedMessage" origin="org.eclipse.birt.report.model.api.command.ExtendsException.getLocalizedMessage()" signature="()Ljava/lang/String;" type="org.eclipse.birt.report.model.api.command.ExtendsException"/>
            <reference linenumber="115" member="getLocalizedMessage" origin="org.eclipse.birt.report.model.api.command.TemplateException.getLocalizedMessage()" signature="()Ljava/lang/String;" type="org.eclipse.birt.report.model.api.command.TemplateException"/>
            <reference linenumber="113" member="getLocalizedMessage" origin="org.eclipse.birt.report.model.api.command.TemplateException.getLocalizedMessage()" signature="()Ljava/lang/String;" type="org.eclipse.birt.report.model.api.command.TemplateException"/>
            <reference linenumber="215" member="getLocalizedMessage" origin="org.eclipse.birt.report.model.api.command.ExtendsException.getLocalizedMessage()" signature="()Ljava/lang/String;" type="org.eclipse.birt.report.model.api.command.ExtendsException"/>
            <reference linenumber="122" member="getLocalizedMessage" origin="org.eclipse.birt.report.model.api.command.CustomMsgException.getLocalizedMessage()" signature="()Ljava/lang/String;" type="org.eclipse.birt.report.model.api.command.CustomMsgException"/>
            <reference linenumber="124" member="getLocalizedMessage" origin="org.eclipse.birt.report.model.api.command.CustomMsgException.getLocalizedMessage()" signature="()Ljava/lang/String;" type="org.eclipse.birt.report.model.api.command.CustomMsgException"/>
            <reference linenumber="203" member="getLocalizedMessage" origin="org.eclipse.birt.report.model.api.command.ExtendsException.getLocalizedMessage()" signature="()Ljava/lang/String;" type="org.eclipse.birt.report.model.api.command.ExtendsException"/>
            <reference linenumber="201" member="getLocalizedMessage" origin="org.eclipse.birt.report.model.api.command.ExtendsException.getLocalizedMessage()" signature="()Ljava/lang/String;" type="org.eclipse.birt.report.model.api.command.ExtendsException"/>
            <reference linenumber="202" member="getLocalizedMessage" origin="org.eclipse.birt.report.model.api.command.ExtendsException.getLocalizedMessage()" signature="()Ljava/lang/String;" type="org.eclipse.birt.report.model.api.command.ExtendsException"/>
            <reference linenumber="208" member="getLocalizedMessage" origin="org.eclipse.birt.report.model.api.command.ExtendsException.getLocalizedMessage()" signature="()Ljava/lang/String;" type="org.eclipse.birt.report.model.api.command.ExtendsException"/>
            <reference linenumber="205" member="getLocalizedMessage" origin="org.eclipse.birt.report.model.api.command.ExtendsException.getLocalizedMessage()" signature="()Ljava/lang/String;" type="org.eclipse.birt.report.model.api.command.ExtendsException"/>
            <reference linenumber="195" member="getLocalizedMessage" origin="org.eclipse.birt.report.model.api.command.ExtendsException.getLocalizedMessage()" signature="()Ljava/lang/String;" type="org.eclipse.birt.report.model.api.command.ExtendsException"/>
            <reference linenumber="196" member="getLocalizedMessage" origin="org.eclipse.birt.report.model.api.command.ExtendsException.getLocalizedMessage()" signature="()Ljava/lang/String;" type="org.eclipse.birt.report.model.api.command.ExtendsException"/>
            <reference linenumber="194" member="getLocalizedMessage" origin="org.eclipse.birt.report.model.api.command.ExtendsException.getLocalizedMessage()" signature="()Ljava/lang/String;" type="org.eclipse.birt.report.model.api.command.ExtendsException"/>
            <reference linenumber="198" member="getLocalizedMessage" origin="org.eclipse.birt.report.model.api.command.ExtendsException.getLocalizedMessage()" signature="()Ljava/lang/String;" type="org.eclipse.birt.report.model.api.command.ExtendsException"/>
        <reference linenumber="190" member="getLocalizedMessage" origin="org.eclipse.birt.report.model.api.css.StyleSheetParserException.getLocalizedMessage()" signature="()Ljava/lang/String;" type="org.eclipse.birt.report.model.api.css.StyleSheetParserException"/>
            <reference linenumber="192" member="getLocalizedMessage" origin="org.eclipse.birt.report.model.api.css.StyleSheetParserException.getLocalizedMessage()" signature="()Ljava/lang/String;" type="org.eclipse.birt.report.model.api.css.StyleSheetParserException"/>
            <reference linenumber="78" member="getLocalizedMessage" origin="org.eclipse.birt.report.model.api.css.StyleSheetException.getLocalizedMessage()" signature="()Ljava/lang/String;" type="org.eclipse.birt.report.model.api.css.StyleSheetException"/>
            <reference linenumber="185" member="getLocalizedMessage" origin="org.eclipse.birt.report.model.api.css.StyleSheetParserException.getLocalizedMessage()" signature="()Ljava/lang/String;" type="org.eclipse.birt.report.model.api.css.StyleSheetParserException"/>
            <reference linenumber="187" member="getLocalizedMessage" origin="org.eclipse.birt.report.model.api.css.StyleSheetParserException.getLocalizedMessage()" signature="()Ljava/lang/String;" type="org.eclipse.birt.report.model.api.css.StyleSheetParserException"/>
            <reference linenumber="184" member="getLocalizedMessage" origin="org.eclipse.birt.report.model.api.css.StyleSheetParserException.getLocalizedMessage()" signature="()Ljava/lang/String;" type="org.eclipse.birt.report.model.api.css.StyleSheetParserException"/>
            <reference linenumber="183" member="getLocalizedMessage" origin="org.eclipse.birt.report.model.api.css.StyleSheetParserException.getLocalizedMessage()" signature="()Ljava/lang/String;" type="org.eclipse.birt.report.model.api.css.StyleSheetParserException"/>
            <reference linenumber="196" member="getLocalizedMessage" origin="org.eclipse.birt.report.model.api.css.StyleSheetParserException.getLocalizedMessage()" signature="()Ljava/lang/String;" type="org.eclipse.birt.report.model.api.css.StyleSheetParserException"/>
        <reference linenumber="551" member="getLocalizedMessage" origin="org.eclipse.birt.report.model.api.elements.SemanticError.getLocalizedMessage()" signature="()Ljava/lang/String;" type="org.eclipse.birt.report.model.api.elements.SemanticError"/>
            <reference linenumber="487" member="getLocalizedMessage" origin="org.eclipse.birt.report.model.api.elements.SemanticError.getLocalizedMessage()" signature="()Ljava/lang/String;" type="org.eclipse.birt.report.model.api.elements.SemanticError"/>
            <reference linenumber="556" member="getLocalizedMessage" origin="org.eclipse.birt.report.model.api.elements.SemanticError.getLocalizedMessage()" signature="()Ljava/lang/String;" type="org.eclipse.birt.report.model.api.elements.SemanticError"/>
            <reference linenumber="491" member="getLocalizedMessage" origin="org.eclipse.birt.report.model.api.elements.SemanticError.getLocalizedMessage()" signature="()Ljava/lang/String;" type="org.eclipse.birt.report.model.api.elements.SemanticError"/>
            <reference linenumber="481" member="getLocalizedMessage" origin="org.eclipse.birt.report.model.api.elements.SemanticError.getLocalizedMessage()" signature="()Ljava/lang/String;" type="org.eclipse.birt.report.model.api.elements.SemanticError"/>
            <reference linenumber="545" member="getLocalizedMessage" origin="org.eclipse.birt.report.model.api.elements.SemanticError.getLocalizedMessage()" signature="()Ljava/lang/String;" type="org.eclipse.birt.report.model.api.elements.SemanticError"/>
            <reference linenumber="480" member="getLocalizedMessage" origin="org.eclipse.birt.report.model.api.elements.SemanticError.getLocalizedMessage()" signature="()Ljava/lang/String;" type="org.eclipse.birt.report.model.api.elements.SemanticError"/>
            <reference linenumber="486" member="getLocalizedMessage" origin="org.eclipse.birt.report.model.api.elements.SemanticError.getLocalizedMessage()" signature="()Ljava/lang/String;" type="org.eclipse.birt.report.model.api.elements.SemanticError"/>
            <reference linenumber="548" member="getLocalizedMessage" origin="org.eclipse.birt.report.model.api.elements.SemanticError.getLocalizedMessage()" signature="()Ljava/lang/String;" type="org.eclipse.birt.report.model.api.elements.SemanticError"/>
            <reference linenumber="483" member="getLocalizedMessage" origin="org.eclipse.birt.report.model.api.elements.SemanticError.getLocalizedMessage()" signature="()Ljava/lang/String;" type="org.eclipse.birt.report.model.api.elements.SemanticError"/>
            <reference linenumber="506" member="getLocalizedMessage" origin="org.eclipse.birt.report.model.api.elements.SemanticError.getLocalizedMessage()" signature="()Ljava/lang/String;" type="org.eclipse.birt.report.model.api.elements.SemanticError"/>
            <reference linenumber="505" member="getLocalizedMessage" origin="org.eclipse.birt.report.model.api.elements.SemanticError.getLocalizedMessage()" signature="()Ljava/lang/String;" type="org.eclipse.birt.report.model.api.elements.SemanticError"/>
            <reference linenumber="504" member="getLocalizedMessage" origin="org.eclipse.birt.report.model.api.elements.SemanticError.getLocalizedMessage()" signature="()Ljava/lang/String;" type="org.eclipse.birt.report.model.api.elements.SemanticError"/>
            <reference linenumber="510" member="getLocalizedMessage" origin="org.eclipse.birt.report.model.api.elements.SemanticError.getLocalizedMessage()" signature="()Ljava/lang/String;" type="org.eclipse.birt.report.model.api.elements.SemanticError"/>
            <reference linenumber="497" member="getLocalizedMessage" origin="org.eclipse.birt.report.model.api.elements.SemanticError.getLocalizedMessage()" signature="()Ljava/lang/String;" type="org.eclipse.birt.report.model.api.elements.SemanticError"/>
            <reference linenumber="559" member="getLocalizedMessage" origin="org.eclipse.birt.report.model.api.elements.SemanticError.getLocalizedMessage()" signature="()Ljava/lang/String;" type="org.eclipse.birt.report.model.api.elements.SemanticError"/>
            <reference linenumber="496" member="getLocalizedMessage" origin="org.eclipse.birt.report.model.api.elements.SemanticError.getLocalizedMessage()" signature="()Ljava/lang/String;" type="org.eclipse.birt.report.model.api.elements.SemanticError"/>
            <reference linenumber="495" member="getLocalizedMessage" origin="org.eclipse.birt.report.model.api.elements.SemanticError.getLocalizedMessage()" signature="()Ljava/lang/String;" type="org.eclipse.birt.report.model.api.elements.SemanticError"/>
            <reference linenumber="501" member="getLocalizedMessage" origin="org.eclipse.birt.report.model.api.elements.SemanticError.getLocalizedMessage()" signature="()Ljava/lang/String;" type="org.eclipse.birt.report.model.api.elements.SemanticError"/>
            <reference linenumber="522" member="getLocalizedMessage" origin="org.eclipse.birt.report.model.api.elements.SemanticError.getLocalizedMessage()" signature="()Ljava/lang/String;" type="org.eclipse.birt.report.model.api.elements.SemanticError"/>
            <reference linenumber="519" member="getLocalizedMessage" origin="org.eclipse.birt.report.model.api.elements.SemanticError.getLocalizedMessage()" signature="()Ljava/lang/String;" type="org.eclipse.birt.report.model.api.elements.SemanticError"/>
            <reference linenumber="513" member="getLocalizedMessage" origin="org.eclipse.birt.report.model.api.elements.SemanticError.getLocalizedMessage()" signature="()Ljava/lang/String;" type="org.eclipse.birt.report.model.api.elements.SemanticError"/>
            <reference linenumber="514" member="getLocalizedMessage" origin="org.eclipse.birt.report.model.api.elements.SemanticError.getLocalizedMessage()" signature="()Ljava/lang/String;" type="org.eclipse.birt.report.model.api.elements.SemanticError"/>
            <reference linenumber="515" member="getLocalizedMessage" origin="org.eclipse.birt.report.model.api.elements.SemanticError.getLocalizedMessage()" signature="()Ljava/lang/String;" type="org.eclipse.birt.report.model.api.elements.SemanticError"/>
            <reference linenumber="535" member="getLocalizedMessage" origin="org.eclipse.birt.report.model.api.elements.SemanticError.getLocalizedMessage()" signature="()Ljava/lang/String;" type="org.eclipse.birt.report.model.api.elements.SemanticError"/>
            <reference linenumber="540" member="getLocalizedMessage" origin="org.eclipse.birt.report.model.api.elements.SemanticError.getLocalizedMessage()" signature="()Ljava/lang/String;" type="org.eclipse.birt.report.model.api.elements.SemanticError"/>
            <reference linenumber="528" member="getLocalizedMessage" origin="org.eclipse.birt.report.model.api.elements.SemanticError.getLocalizedMessage()" signature="()Ljava/lang/String;" type="org.eclipse.birt.report.model.api.elements.SemanticError"/>
            <reference linenumber="531" member="getLocalizedMessage" origin="org.eclipse.birt.report.model.api.elements.SemanticError.getLocalizedMessage()" signature="()Ljava/lang/String;" type="org.eclipse.birt.report.model.api.elements.SemanticError"/>
        <reference linenumber="310" member="getLocalizedMessage" origin="org.eclipse.birt.report.model.api.extension.ExtendedElementException.getLocalizedMessage()" signature="()Ljava/lang/String;" type="org.eclipse.birt.report.model.api.extension.ExtendedElementException"/>
            <reference linenumber="290" member="getLocalizedMessage" origin="org.eclipse.birt.report.model.api.extension.ExtendedElementException.getLocalizedMessage()" signature="()Ljava/lang/String;" type="org.eclipse.birt.report.model.api.extension.ExtendedElementException"/>
            <reference linenumber="302" member="getLocalizedMessage" origin="org.eclipse.birt.report.model.api.extension.ExtendedElementException.getLocalizedMessage()" signature="()Ljava/lang/String;" type="org.eclipse.birt.report.model.api.extension.ExtendedElementException"/>
            <reference linenumber="298" member="getLocalizedMessage" origin="org.eclipse.birt.report.model.api.extension.ExtendedElementException.getLocalizedMessage()" signature="()Ljava/lang/String;" type="org.eclipse.birt.report.model.api.extension.ExtendedElementException"/>
            <reference linenumber="280" member="getLocalizedMessage" origin="org.eclipse.birt.report.model.api.extension.ExtendedElementException.getLocalizedMessage()" signature="()Ljava/lang/String;" type="org.eclipse.birt.report.model.api.extension.ExtendedElementException"/>
        <reference linenumber="403" member="getLocalizedMessage" origin="org.eclipse.birt.report.model.api.metadata.PropertyValueException.getLocalizedMessage()" signature="()Ljava/lang/String;" type="org.eclipse.birt.report.model.api.metadata.PropertyValueException"/>
            <reference linenumber="401" member="getLocalizedMessage" origin="org.eclipse.birt.report.model.api.metadata.PropertyValueException.getLocalizedMessage()" signature="()Ljava/lang/String;" type="org.eclipse.birt.report.model.api.metadata.PropertyValueException"/>
            <reference linenumber="398" member="getLocalizedMessage" origin="org.eclipse.birt.report.model.api.metadata.PropertyValueException.getLocalizedMessage()" signature="()Ljava/lang/String;" type="org.eclipse.birt.report.model.api.metadata.PropertyValueException"/>
            <reference linenumber="396" member="getLocalizedMessage" origin="org.eclipse.birt.report.model.api.metadata.PropertyValueException.getLocalizedMessage()" signature="()Ljava/lang/String;" type="org.eclipse.birt.report.model.api.metadata.PropertyValueException"/>
            <reference linenumber="395" member="getLocalizedMessage" origin="org.eclipse.birt.report.model.api.metadata.PropertyValueException.getLocalizedMessage()" signature="()Ljava/lang/String;" type="org.eclipse.birt.report.model.api.metadata.PropertyValueException"/>
            <reference linenumber="392" member="getLocalizedMessage" origin="org.eclipse.birt.report.model.api.metadata.PropertyValueException.getLocalizedMessage()" signature="()Ljava/lang/String;" type="org.eclipse.birt.report.model.api.metadata.PropertyValueException"/>
            <reference linenumber="390" member="getLocalizedMessage" origin="org.eclipse.birt.report.model.api.metadata.PropertyValueException.getLocalizedMessage()" signature="()Ljava/lang/String;" type="org.eclipse.birt.report.model.api.metadata.PropertyValueException"/>
            <reference linenumber="386" member="getLocalizedMessage" origin="org.eclipse.birt.report.model.api.metadata.PropertyValueException.getLocalizedMessage()" signature="()Ljava/lang/String;" type="org.eclipse.birt.report.model.api.metadata.PropertyValueException"/>
            <reference linenumber="73" member="getLocalizedMessage" origin="org.eclipse.birt.report.model.api.metadata.ValidationValueException.getLocalizedMessage()" signature="()Ljava/lang/String;" type="org.eclipse.birt.report.model.api.metadata.ValidationValueException"/>
            <reference linenumber="70" member="getLocalizedMessage" origin="org.eclipse.birt.report.model.api.metadata.ValidationValueException.getLocalizedMessage()" signature="()Ljava/lang/String;" type="org.eclipse.birt.report.model.api.metadata.ValidationValueException"/>
            <reference linenumber="68" member="getLocalizedMessage" origin="org.eclipse.birt.report.model.api.metadata.ValidationValueException.getLocalizedMessage()" signature="()Ljava/lang/String;" type="org.eclipse.birt.report.model.api.metadata.ValidationValueException"/>
            <reference linenumber="406" member="getLocalizedMessage" origin="org.eclipse.birt.report.model.api.metadata.PropertyValueException.getLocalizedMessage()" signature="()Ljava/lang/String;" type="org.eclipse.birt.report.model.api.metadata.PropertyValueException"/>
            <reference linenumber="372" member="getLocalizedMessage" origin="org.eclipse.birt.report.model.api.metadata.PropertyValueException.getLocalizedMessage()" signature="()Ljava/lang/String;" type="org.eclipse.birt.report.model.api.metadata.PropertyValueException"/>
            <reference linenumber="367" member="getLocalizedMessage" origin="org.eclipse.birt.report.model.api.metadata.PropertyValueException.getLocalizedMessage()" signature="()Ljava/lang/String;" type="org.eclipse.birt.report.model.api.metadata.PropertyValueException"/>
            <reference linenumber="366" member="getLocalizedMessage" origin="org.eclipse.birt.report.model.api.metadata.PropertyValueException.getLocalizedMessage()" signature="()Ljava/lang/String;" type="org.eclipse.birt.report.model.api.metadata.PropertyValueException"/>
            <reference linenumber="369" member="getLocalizedMessage" origin="org.eclipse.birt.report.model.api.metadata.PropertyValueException.getLocalizedMessage()" signature="()Ljava/lang/String;" type="org.eclipse.birt.report.model.api.metadata.PropertyValueException"/>
            <reference linenumber="362" member="getLocalizedMessage" origin="org.eclipse.birt.report.model.api.metadata.PropertyValueException.getLocalizedMessage()" signature="()Ljava/lang/String;" type="org.eclipse.birt.report.model.api.metadata.PropertyValueException"/>
            <reference linenumber="365" member="getLocalizedMessage" origin="org.eclipse.birt.report.model.api.metadata.PropertyValueException.getLocalizedMessage()" signature="()Ljava/lang/String;" type="org.eclipse.birt.report.model.api.metadata.PropertyValueException"/>
            <reference linenumber="364" member="getLocalizedMessage" origin="org.eclipse.birt.report.model.api.metadata.PropertyValueException.getLocalizedMessage()" signature="()Ljava/lang/String;" type="org.eclipse.birt.report.model.api.metadata.PropertyValueException"/>
            <reference linenumber="359" member="getLocalizedMessage" origin="org.eclipse.birt.report.model.api.metadata.PropertyValueException.getLocalizedMessage()" signature="()Ljava/lang/String;" type="org.eclipse.birt.report.model.api.metadata.PropertyValueException"/>
            <reference linenumber="358" member="getLocalizedMessage" origin="org.eclipse.birt.report.model.api.metadata.PropertyValueException.getLocalizedMessage()" signature="()Ljava/lang/String;" type="org.eclipse.birt.report.model.api.metadata.PropertyValueException"/>
            <reference linenumber="360" member="getLocalizedMessage" origin="org.eclipse.birt.report.model.api.metadata.PropertyValueException.getLocalizedMessage()" signature="()Ljava/lang/String;" type="org.eclipse.birt.report.model.api.metadata.PropertyValueException"/>
            <reference linenumber="354" member="getLocalizedMessage" origin="org.eclipse.birt.report.model.api.metadata.PropertyValueException.getLocalizedMessage()" signature="()Ljava/lang/String;" type="org.eclipse.birt.report.model.api.metadata.PropertyValueException"/>
            <reference linenumber="357" member="getLocalizedMessage" origin="org.eclipse.birt.report.model.api.metadata.PropertyValueException.getLocalizedMessage()" signature="()Ljava/lang/String;" type="org.eclipse.birt.report.model.api.metadata.PropertyValueException"/>
            <reference linenumber="351" member="getLocalizedMessage" origin="org.eclipse.birt.report.model.api.metadata.PropertyValueException.getLocalizedMessage()" signature="()Ljava/lang/String;" type="org.eclipse.birt.report.model.api.metadata.PropertyValueException"/>
            <reference linenumber="352" member="getLocalizedMessage" origin="org.eclipse.birt.report.model.api.metadata.PropertyValueException.getLocalizedMessage()" signature="()Ljava/lang/String;" type="org.eclipse.birt.report.model.api.metadata.PropertyValueException"/>
            <reference linenumber="346" member="getLocalizedMessage" origin="org.eclipse.birt.report.model.api.metadata.PropertyValueException.getLocalizedMessage()" signature="()Ljava/lang/String;" type="org.eclipse.birt.report.model.api.metadata.PropertyValueException"/>
            <reference linenumber="348" member="getLocalizedMessage" origin="org.eclipse.birt.report.model.api.metadata.PropertyValueException.getLocalizedMessage()" signature="()Ljava/lang/String;" type="org.eclipse.birt.report.model.api.metadata.PropertyValueException"/>
        <reference linenumber="561" member="getMessage" origin="org.eclipse.birt.report.model.metadata.MetaDataException.getMessage()" signature="()Ljava/lang/String;" type="org.eclipse.birt.report.model.metadata.MetaDataException"/>
        <reference linenumber="253" member="getLocalizedMessage" origin="org.eclipse.birt.report.model.parser.DesignParserException.getLocalizedMessage()" signature="()Ljava/lang/String;" type="org.eclipse.birt.report.model.parser.DesignParserException"/>
            <reference linenumber="256" member="getLocalizedMessage" origin="org.eclipse.birt.report.model.parser.DesignParserException.getLocalizedMessage()" signature="()Ljava/lang/String;" type="org.eclipse.birt.report.model.parser.DesignParserException"/>
            <reference linenumber="255" member="getLocalizedMessage" origin="org.eclipse.birt.report.model.parser.DesignParserException.getLocalizedMessage()" signature="()Ljava/lang/String;" type="org.eclipse.birt.report.model.parser.DesignParserException"/>
            <reference linenumber="259" member="getLocalizedMessage" origin="org.eclipse.birt.report.model.parser.DesignParserException.getLocalizedMessage()" signature="()Ljava/lang/String;" type="org.eclipse.birt.report.model.parser.DesignParserException"/>
            <reference linenumber="261" member="getLocalizedMessage" origin="org.eclipse.birt.report.model.parser.DesignParserException.getLocalizedMessage()" signature="()Ljava/lang/String;" type="org.eclipse.birt.report.model.parser.DesignParserException"/>
            <reference linenumber="264" member="getLocalizedMessage" origin="org.eclipse.birt.report.model.parser.DesignParserException.getLocalizedMessage()" signature="()Ljava/lang/String;" type="org.eclipse.birt.report.model.parser.DesignParserException"/>
            <reference linenumber="266" member="getLocalizedMessage" origin="org.eclipse.birt.report.model.parser.DesignParserException.getLocalizedMessage()" signature="()Ljava/lang/String;" type="org.eclipse.birt.report.model.parser.DesignParserException"/>
            <reference linenumber="249" member="getLocalizedMessage" origin="org.eclipse.birt.report.model.parser.DesignParserException.getLocalizedMessage()" signature="()Ljava/lang/String;" type="org.eclipse.birt.report.model.parser.DesignParserException"/>
            <reference linenumber="248" member="getLocalizedMessage" origin="org.eclipse.birt.report.model.parser.DesignParserException.getLocalizedMessage()" signature="()Ljava/lang/String;" type="org.eclipse.birt.report.model.parser.DesignParserException"/>
            <reference linenumber="269" member="getLocalizedMessage" origin="org.eclipse.birt.report.model.parser.DesignParserException.getLocalizedMessage()" signature="()Ljava/lang/String;" type="org.eclipse.birt.report.model.parser.DesignParserException"/>
            <reference linenumber="247" member="getLocalizedMessage" origin="org.eclipse.birt.report.model.parser.DesignParserException.getLocalizedMessage()" signature="()Ljava/lang/String;" type="org.eclipse.birt.report.model.parser.DesignParserException"/>
            <reference linenumber="246" member="getLocalizedMessage" origin="org.eclipse.birt.report.model.parser.DesignParserException.getLocalizedMessage()" signature="()Ljava/lang/String;" type="org.eclipse.birt.report.model.parser.DesignParserException"/>
            <reference linenumber="272" member="getLocalizedMessage" origin="org.eclipse.birt.report.model.parser.DesignParserException.getLocalizedMessage()" signature="()Ljava/lang/String;" type="org.eclipse.birt.report.model.parser.DesignParserException"/>
            <reference linenumber="245" member="getLocalizedMessage" origin="org.eclipse.birt.report.model.parser.DesignParserException.getLocalizedMessage()" signature="()Ljava/lang/String;" type="org.eclipse.birt.report.model.parser.DesignParserException"/>
            <reference linenumber="244" member="getLocalizedMessage" origin="org.eclipse.birt.report.model.parser.DesignParserException.getLocalizedMessage()" signature="()Ljava/lang/String;" type="org.eclipse.birt.report.model.parser.DesignParserException"/>
        </reference_kind>
    </target>
    <target member="properties" name="org.eclipse.birt.core.framework.PlatformConfig.properties" type="org.eclipse.birt.core.framework.PlatformConfig">
        <reference_kind flags="0" kind="8192" reference_kind_name="GETS_FIELD">
            <reference linenumber="59" member="getConfigMap" origin="org.eclipse.birt.report.model.api.DesignConfig.getConfigMap()" signature="()Ljava/util/HashMap;" type="org.eclipse.birt.report.model.api.DesignConfig"/>
        </reference_kind>
    </target>
<target member="oaMessageArguments" name="org.eclipse.birt.core.exception.BirtException.oaMessageArguments" type="org.eclipse.birt.core.exception.BirtException">
        <reference_kind flags="0" kind="8192" reference_kind_name="GETS_FIELD">
            <reference linenumber="325" member="getLocalizedMessage" origin="org.eclipse.birt.report.model.api.activity.SemanticException.getLocalizedMessage()" signature="()Ljava/lang/String;" type="org.eclipse.birt.report.model.api.activity.SemanticException"/>
            <reference linenumber="326" member="getLocalizedMessage" origin="org.eclipse.birt.report.model.api.activity.SemanticException.getLocalizedMessage()" signature="()Ljava/lang/String;" type="org.eclipse.birt.report.model.api.activity.SemanticException"/>
        <reference linenumber="213" member="getLocalizedMessage" origin="org.eclipse.birt.report.model.api.command.UserPropertyException.getLocalizedMessage()" signature="()Ljava/lang/String;" type="org.eclipse.birt.report.model.api.command.UserPropertyException"/>
            <reference linenumber="115" member="getLocalizedMessage" origin="org.eclipse.birt.report.model.api.command.LibraryException.getLocalizedMessage()" signature="()Ljava/lang/String;" type="org.eclipse.birt.report.model.api.command.LibraryException"/>
            <reference linenumber="74" member="getLocalizedMessage" origin="org.eclipse.birt.report.model.api.command.EncryptionException.getLocalizedMessage()" signature="()Ljava/lang/String;" type="org.eclipse.birt.report.model.api.command.EncryptionException"/>
            <reference linenumber="216" member="getLocalizedMessage" origin="org.eclipse.birt.report.model.api.command.UserPropertyException.getLocalizedMessage()" signature="()Ljava/lang/String;" type="org.eclipse.birt.report.model.api.command.UserPropertyException"/>
            <reference linenumber="121" member="getLocalizedMessage" origin="org.eclipse.birt.report.model.api.command.CssException.getLocalizedMessage()" signature="()Ljava/lang/String;" type="org.eclipse.birt.report.model.api.command.CssException"/>
            <reference linenumber="108" member="getLocalizedMessage" origin="org.eclipse.birt.report.model.api.command.LibraryException.getLocalizedMessage()" signature="()Ljava/lang/String;" type="org.eclipse.birt.report.model.api.command.LibraryException"/>
        <reference linenumber="529" member="getLocalizedMessage" origin="org.eclipse.birt.report.model.api.elements.SemanticError.getLocalizedMessage()" signature="()Ljava/lang/String;" type="org.eclipse.birt.report.model.api.elements.SemanticError"/>
            <reference linenumber="489" member="getLocalizedMessage" origin="org.eclipse.birt.report.model.api.elements.SemanticError.getLocalizedMessage()" signature="()Ljava/lang/String;" type="org.eclipse.birt.report.model.api.elements.SemanticError"/>
            <reference linenumber="556" member="getLocalizedMessage" origin="org.eclipse.birt.report.model.api.elements.SemanticError.getLocalizedMessage()" signature="()Ljava/lang/String;" type="org.eclipse.birt.report.model.api.elements.SemanticError"/>
            <reference linenumber="526" member="getLocalizedMessage" origin="org.eclipse.birt.report.model.api.elements.SemanticError.getLocalizedMessage()" signature="()Ljava/lang/String;" type="org.eclipse.birt.report.model.api.elements.SemanticError"/>
            <reference linenumber="525" member="getLocalizedMessage" origin="org.eclipse.birt.report.model.api.elements.SemanticError.getLocalizedMessage()" signature="()Ljava/lang/String;" type="org.eclipse.birt.report.model.api.elements.SemanticError"/>
            <reference linenumber="524" member="getLocalizedMessage" origin="org.eclipse.birt.report.model.api.elements.SemanticError.getLocalizedMessage()" signature="()Ljava/lang/String;" type="org.eclipse.birt.report.model.api.elements.SemanticError"/>
            <reference linenumber="533" member="getLocalizedMessage" origin="org.eclipse.birt.report.model.api.elements.SemanticError.getLocalizedMessage()" signature="()Ljava/lang/String;" type="org.eclipse.birt.report.model.api.elements.SemanticError"/>
            <reference linenumber="532" member="getLocalizedMessage" origin="org.eclipse.birt.report.model.api.elements.SemanticError.getLocalizedMessage()" signature="()Ljava/lang/String;" type="org.eclipse.birt.report.model.api.elements.SemanticError"/>
            <reference linenumber="502" member="getLocalizedMessage" origin="org.eclipse.birt.report.model.api.elements.SemanticError.getLocalizedMessage()" signature="()Ljava/lang/String;" type="org.eclipse.birt.report.model.api.elements.SemanticError"/>
            <reference linenumber="511" member="getLocalizedMessage" origin="org.eclipse.birt.report.model.api.elements.SemanticError.getLocalizedMessage()" signature="()Ljava/lang/String;" type="org.eclipse.birt.report.model.api.elements.SemanticError"/>
            <reference linenumber="508" member="getLocalizedMessage" origin="org.eclipse.birt.report.model.api.elements.SemanticError.getLocalizedMessage()" signature="()Ljava/lang/String;" type="org.eclipse.birt.report.model.api.elements.SemanticError"/>
            <reference linenumber="552" member="getLocalizedMessage" origin="org.eclipse.birt.report.model.api.elements.SemanticError.getLocalizedMessage()" signature="()Ljava/lang/String;" type="org.eclipse.birt.report.model.api.elements.SemanticError"/>
            <reference linenumber="499" member="getLocalizedMessage" origin="org.eclipse.birt.report.model.api.elements.SemanticError.getLocalizedMessage()" signature="()Ljava/lang/String;" type="org.eclipse.birt.report.model.api.elements.SemanticError"/>
            <reference linenumber="520" member="getLocalizedMessage" origin="org.eclipse.birt.report.model.api.elements.SemanticError.getLocalizedMessage()" signature="()Ljava/lang/String;" type="org.eclipse.birt.report.model.api.elements.SemanticError"/>
            <reference linenumber="554" member="getLocalizedMessage" origin="org.eclipse.birt.report.model.api.elements.SemanticError.getLocalizedMessage()" signature="()Ljava/lang/String;" type="org.eclipse.birt.report.model.api.elements.SemanticError"/>
            <reference linenumber="492" member="getLocalizedMessage" origin="org.eclipse.birt.report.model.api.elements.SemanticError.getLocalizedMessage()" signature="()Ljava/lang/String;" type="org.eclipse.birt.report.model.api.elements.SemanticError"/>
            <reference linenumber="550" member="getLocalizedMessage" origin="org.eclipse.birt.report.model.api.elements.SemanticError.getLocalizedMessage()" signature="()Ljava/lang/String;" type="org.eclipse.birt.report.model.api.elements.SemanticError"/>
            <reference linenumber="517" member="getLocalizedMessage" origin="org.eclipse.birt.report.model.api.elements.SemanticError.getLocalizedMessage()" signature="()Ljava/lang/String;" type="org.eclipse.birt.report.model.api.elements.SemanticError"/>
            <reference linenumber="493" member="getLocalizedMessage" origin="org.eclipse.birt.report.model.api.elements.SemanticError.getLocalizedMessage()" signature="()Ljava/lang/String;" type="org.eclipse.birt.report.model.api.elements.SemanticError"/>
        <reference linenumber="259" member="getLocalizedMessage" origin="org.eclipse.birt.report.model.parser.DesignParserException.getLocalizedMessage()" signature="()Ljava/lang/String;" type="org.eclipse.birt.report.model.parser.DesignParserException"/>
            <reference linenumber="258" member="getLocalizedMessage" origin="org.eclipse.birt.report.model.parser.DesignParserException.getLocalizedMessage()" signature="()Ljava/lang/String;" type="org.eclipse.birt.report.model.parser.DesignParserException"/>
            <reference linenumber="263" member="getLocalizedMessage" origin="org.eclipse.birt.report.model.parser.DesignParserException.getLocalizedMessage()" signature="()Ljava/lang/String;" type="org.eclipse.birt.report.model.parser.DesignParserException"/>
            <reference linenumber="251" member="getLocalizedMessage" origin="org.eclipse.birt.report.model.parser.DesignParserException.getLocalizedMessage()" signature="()Ljava/lang/String;" type="org.eclipse.birt.report.model.parser.DesignParserException"/>
            <reference linenumber="264" member="getLocalizedMessage" origin="org.eclipse.birt.report.model.parser.DesignParserException.getLocalizedMessage()" signature="()Ljava/lang/String;" type="org.eclipse.birt.report.model.parser.DesignParserException"/>
            <reference linenumber="268" member="getLocalizedMessage" origin="org.eclipse.birt.report.model.parser.DesignParserException.getLocalizedMessage()" signature="()Ljava/lang/String;" type="org.eclipse.birt.report.model.parser.DesignParserException"/>
            <reference linenumber="253" member="getLocalizedMessage" origin="org.eclipse.birt.report.model.parser.DesignParserException.getLocalizedMessage()" signature="()Ljava/lang/String;" type="org.eclipse.birt.report.model.parser.DesignParserException"/>
            <reference linenumber="269" member="getLocalizedMessage" origin="org.eclipse.birt.report.model.parser.DesignParserException.getLocalizedMessage()" signature="()Ljava/lang/String;" type="org.eclipse.birt.report.model.parser.DesignParserException"/>
        </reference_kind>
    </target>
</references>
