<?xml version="1.0" encoding="UTF-8" standalone="no"?>
<references name="Methods" origin="org.eclipse.actf.visualization.engines.blind (0.7.2.R201002031025)" referee="org.eclipse.actf.visualization (0.7.2.R201002031025)" reference_count="2" reference_visibility="1">
    <target member="&lt;init&gt;" name="org.eclipse.actf.visualization.util.RadarChart.RadarChart(String[], int[])" signature="([Ljava/lang/String;[I)V" type="org.eclipse.actf.visualization.util.RadarChart">
        <reference_kind flags="0" kind="64" reference_kind_name="CONSTRUCTOR_METHOD">
            <reference linenumber="-1" member="createPageReport" origin="org.eclipse.actf.visualization.engines.blind.eval.PageEvaluation.createPageReport(List, PageData)" signature="(Ljava/util/List;Lorg/eclipse/actf/visualization/eval/html/statistics/PageData;)V" type="org.eclipse.actf.visualization.engines.blind.eval.PageEvaluation"/>
        </reference_kind>
    </target>
    <target member="writeToPNG" name="org.eclipse.actf.visualization.util.RadarChart.writeToPNG(File)" signature="(Ljava/io/File;)V" type="org.eclipse.actf.visualization.util.RadarChart">
        <reference_kind flags="0" kind="256" reference_kind_name="VIRTUAL_METHOD">
            <reference linenumber="-1" member="createPageReport" origin="org.eclipse.actf.visualization.engines.blind.eval.PageEvaluation.createPageReport(List, PageData)" signature="(Ljava/util/List;Lorg/eclipse/actf/visualization/eval/html/statistics/PageData;)V" type="org.eclipse.actf.visualization.engines.blind.eval.PageEvaluation"/>
        </reference_kind>
    </target>
</references>
