<?xml version="1.0" encoding="UTF-8" standalone="no"?>
<references name="Methods" origin="org.eclipse.birt.report.data.oda.sampledb (2.5.2.v20100205)" referee="org.eclipse.birt.core (2.5.2.v20100208)" reference_count="9" reference_visibility="1">
    <target member="start" name="org.eclipse.birt.core.plugin.BIRTPlugin.start(BundleContext)" signature="(Lorg/osgi/framework/BundleContext;)V" type="org.eclipse.birt.core.plugin.BIRTPlugin">
        <reference_kind flags="0" kind="1048576" reference_kind_name="INVOKED_SPECIAL">
            <reference linenumber="68" member="start" origin="org.eclipse.birt.report.data.oda.sampledb.SampledbPlugin.start(BundleContext)" signature="(Lorg/osgi/framework/BundleContext;)V" type="org.eclipse.birt.report.data.oda.sampledb.SampledbPlugin"/>
        </reference_kind>
        <reference_kind flags="0" kind="268435456" reference_kind_name="OVERRIDE">
            <reference linenumber="-1" member="start" origin="org.eclipse.birt.report.data.oda.sampledb.SampledbPlugin.start(BundleContext)" signature="(Lorg/osgi/framework/BundleContext;)V" type="org.eclipse.birt.report.data.oda.sampledb.SampledbPlugin"/>
        </reference_kind>
    </target>
    <target member="findResource" name="org.eclipse.birt.core.framework.URLClassLoader.findResource(String)" signature="(Ljava/lang/String;)Ljava/net/URL;" type="org.eclipse.birt.core.framework.URLClassLoader">
        <reference_kind flags="0" kind="256" reference_kind_name="VIRTUAL_METHOD">
            <reference linenumber="296" member="getResource" origin="org.eclipse.birt.report.data.oda.sampledb.SampleDBJDBCConnectionFactory.DerbyClassLoader.getResource(String)" signature="(Ljava/lang/String;)Ljava/net/URL;" type="org.eclipse.birt.report.data.oda.sampledb.SampleDBJDBCConnectionFactory$DerbyClassLoader"/>
        </reference_kind>
    </target>
    <target member="&lt;init&gt;" name="org.eclipse.birt.core.framework.URLClassLoader.URLClassLoader(URL[], ClassLoader)" signature="([Ljava/net/URL;Ljava/lang/ClassLoader;)V" type="org.eclipse.birt.core.framework.URLClassLoader">
        <reference_kind flags="0" kind="536870912" reference_kind_name="SUPER_CONSTRUCTORMETHOD">
            <reference linenumber="204" member="&lt;init&gt;" origin="org.eclipse.birt.report.data.oda.sampledb.SampleDBJDBCConnectionFactory.DerbyClassLoader.DerbyClassLoader()" signature="()V" type="org.eclipse.birt.report.data.oda.sampledb.SampleDBJDBCConnectionFactory$DerbyClassLoader"/>
        </reference_kind>
    </target>
    <target member="addURL" name="org.eclipse.birt.core.framework.URLClassLoader.addURL(URL)" signature="(Ljava/net/URL;)V" type="org.eclipse.birt.core.framework.URLClassLoader">
        <reference_kind flags="0" kind="256" reference_kind_name="VIRTUAL_METHOD">
            <reference linenumber="226" member="&lt;init&gt;" origin="org.eclipse.birt.report.data.oda.sampledb.SampleDBJDBCConnectionFactory.DerbyClassLoader.DerbyClassLoader()" signature="()V" type="org.eclipse.birt.report.data.oda.sampledb.SampleDBJDBCConnectionFactory$DerbyClassLoader"/>
        </reference_kind>
    </target>
    <target member="&lt;init&gt;" name="org.eclipse.birt.core.plugin.BIRTPlugin.BIRTPlugin()" signature="()V" type="org.eclipse.birt.core.plugin.BIRTPlugin">
        <reference_kind flags="0" kind="268435456" reference_kind_name="OVERRIDE">
            <reference linenumber="-1" member="&lt;init&gt;" origin="org.eclipse.birt.report.data.oda.sampledb.SampledbPlugin.SampledbPlugin()" signature="()V" type="org.eclipse.birt.report.data.oda.sampledb.SampledbPlugin"/>
        </reference_kind>
        <reference_kind flags="0" kind="536870912" reference_kind_name="SUPER_CONSTRUCTORMETHOD">
            <reference linenumber="42" member="&lt;init&gt;" origin="org.eclipse.birt.report.data.oda.sampledb.SampledbPlugin.SampledbPlugin()" signature="()V" type="org.eclipse.birt.report.data.oda.sampledb.SampledbPlugin"/>
        </reference_kind>
    </target>
    <target member="close" name="org.eclipse.birt.core.framework.URLClassLoader.close()" signature="()V" type="org.eclipse.birt.core.framework.URLClassLoader">
        <reference_kind flags="0" kind="256" reference_kind_name="VIRTUAL_METHOD">
            <reference linenumber="92" member="shutdownDerby" origin="org.eclipse.birt.report.data.oda.sampledb.SampleDBJDBCConnectionFactory.shutdownDerby()" signature="()V" type="org.eclipse.birt.report.data.oda.sampledb.SampleDBJDBCConnectionFactory"/>
        </reference_kind>
    </target>
    <target member="findClass" name="org.eclipse.birt.core.framework.URLClassLoader.findClass(String)" signature="(Ljava/lang/String;)Ljava/lang/Class;" type="org.eclipse.birt.core.framework.URLClassLoader">
        <reference_kind flags="0" kind="256" reference_kind_name="VIRTUAL_METHOD">
            <reference linenumber="273" member="loadClass" origin="org.eclipse.birt.report.data.oda.sampledb.SampleDBJDBCConnectionFactory.DerbyClassLoader.loadClass(String, boolean)" signature="(Ljava/lang/String;Z)Ljava/lang/Class;" type="org.eclipse.birt.report.data.oda.sampledb.SampleDBJDBCConnectionFactory$DerbyClassLoader"/>
        </reference_kind>
    </target>
</references>
