<?xml version="1.0" encoding="UTF-8" standalone="no"?>
<references name="Types" origin="org.eclipse.birt.report.data.oda.sampledb (2.5.2.v20100205)" referee="org.eclipse.birt.core (2.5.2.v20100208)" reference_count="2" reference_visibility="1">
    <target name="org.eclipse.birt.core.framework.URLClassLoader" type="org.eclipse.birt.core.framework.URLClassLoader">
        <reference_kind flags="0" kind="1" reference_kind_name="EXTENDS">
            <reference linenumber="-1" origin="org.eclipse.birt.report.data.oda.sampledb.SampleDBJDBCConnectionFactory.DerbyClassLoader" type="org.eclipse.birt.report.data.oda.sampledb.SampleDBJDBCConnectionFactory$DerbyClassLoader"/>
        </reference_kind>
    </target>
    <target name="org.eclipse.birt.core.plugin.BIRTPlugin" type="org.eclipse.birt.core.plugin.BIRTPlugin">
        <reference_kind flags="0" kind="1" reference_kind_name="EXTENDS">
            <reference linenumber="-1" origin="org.eclipse.birt.report.data.oda.sampledb.SampledbPlugin" type="org.eclipse.birt.report.data.oda.sampledb.SampledbPlugin"/>
        </reference_kind>
    </target>
</references>
