<?xml version="1.0" encoding="UTF-8" standalone="no"?>
<references name="Types" origin="org.eclipse.actf.model.dom.dombycom.flash (0.7.2.R201002031025)" referee="org.eclipse.actf.model.dom.dombycom (0.7.2.R201002031025)" reference_count="34" reference_visibility="5">
    <target name="org.eclipse.actf.model.dom.dombycom.impl.html.ElementImpl" type="org.eclipse.actf.model.dom.dombycom.impl.html.ElementImpl">
        <reference_kind flags="0" kind="16" reference_kind_name="PARAMETER">
            <reference linenumber="-1" member="&lt;init&gt;" origin="org.eclipse.actf.model.dom.dombycom.impl.flash.FlashMSAANodeImpl.FlashMSAANodeImpl(ElementImpl, IDispatch, FlashMSAAObject)" signature="(Lorg/eclipse/actf/model/dom/dombycom/impl/html/ElementImpl;Lorg/eclipse/actf/util/win32/comclutch/IDispatch;Lorg/eclipse/actf/util/win32/FlashMSAAObject;)V" type="org.eclipse.actf.model.dom.dombycom.impl.flash.FlashMSAANodeImpl"/>
            <reference linenumber="-1" member="&lt;init&gt;" origin="org.eclipse.actf.model.dom.dombycom.impl.flash.FlashMSAANodeImpl.FlashMSAANodeImpl(ElementImpl, NodeImpl, FlashMSAANodeImpl, FlashMSAAObject)" signature="(Lorg/eclipse/actf/model/dom/dombycom/impl/html/ElementImpl;Lorg/eclipse/actf/model/dom/dombycom/impl/NodeImpl;Lorg/eclipse/actf/model/dom/dombycom/impl/flash/FlashMSAANodeImpl;Lorg/eclipse/actf/util/win32/FlashMSAAObject;)V" type="org.eclipse.actf.model.dom.dombycom.impl.flash.FlashMSAANodeImpl"/>
            <reference linenumber="-1" member="newMSAANode" origin="org.eclipse.actf.model.dom.dombycom.impl.flash.FlashMSAANodeImpl.newMSAANode(ElementImpl, IDispatch)" signature="(Lorg/eclipse/actf/model/dom/dombycom/impl/html/ElementImpl;Lorg/eclipse/actf/util/win32/comclutch/IDispatch;)Lorg/eclipse/actf/model/dom/dombycom/impl/flash/FlashMSAANodeImpl;" type="org.eclipse.actf.model.dom.dombycom.impl.flash.FlashMSAANodeImpl"/>
        <reference linenumber="-1" member="&lt;init&gt;" origin="org.eclipse.actf.model.dom.dombycom.impl.flash.FlashMSAANodeImpl.FlashMSAANodeImpl(ElementImpl, NodeImpl, FlashMSAANodeImpl, FlashMSAAObject)" signature="(Lorg/eclipse/actf/model/dom/dombycom/impl/html/ElementImpl;Lorg/eclipse/actf/model/dom/dombycom/impl/NodeImpl;Lorg/eclipse/actf/model/dom/dombycom/impl/flash/FlashMSAANodeImpl;Lorg/eclipse/actf/util/win32/FlashMSAAObject;)V" type="org.eclipse.actf.model.dom.dombycom.impl.flash.FlashMSAANodeImpl"/>
            <reference linenumber="-1" member="&lt;init&gt;" origin="org.eclipse.actf.model.dom.dombycom.impl.flash.FlashMSAANodeImpl.FlashMSAANodeImpl(ElementImpl, IDispatch, FlashMSAAObject)" signature="(Lorg/eclipse/actf/model/dom/dombycom/impl/html/ElementImpl;Lorg/eclipse/actf/util/win32/comclutch/IDispatch;Lorg/eclipse/actf/util/win32/FlashMSAAObject;)V" type="org.eclipse.actf.model.dom.dombycom.impl.flash.FlashMSAANodeImpl"/>
            <reference linenumber="-1" member="newMSAANode" origin="org.eclipse.actf.model.dom.dombycom.impl.flash.FlashMSAANodeImpl.newMSAANode(ElementImpl, IDispatch)" signature="(Lorg/eclipse/actf/model/dom/dombycom/impl/html/ElementImpl;Lorg/eclipse/actf/util/win32/comclutch/IDispatch;)Lorg/eclipse/actf/model/dom/dombycom/impl/flash/FlashMSAANodeImpl;" type="org.eclipse.actf.model.dom.dombycom.impl.flash.FlashMSAANodeImpl"/>
        </reference_kind>
        <reference_kind flags="0" kind="1" reference_kind_name="EXTENDS">
            <reference linenumber="-1" origin="org.eclipse.actf.model.dom.dombycom.impl.flash.FlashTopNodeImpl" type="org.eclipse.actf.model.dom.dombycom.impl.flash.FlashTopNodeImpl"/>
            <reference linenumber="-1" origin="org.eclipse.actf.model.dom.dombycom.impl.flash.FlashMSAANodeImpl" type="org.eclipse.actf.model.dom.dombycom.impl.flash.FlashMSAANodeImpl"/>
        <reference linenumber="-1" origin="org.eclipse.actf.model.dom.dombycom.impl.flash.FlashTopNodeImpl" type="org.eclipse.actf.model.dom.dombycom.impl.flash.FlashTopNodeImpl"/>
            <reference linenumber="-1" origin="org.eclipse.actf.model.dom.dombycom.impl.flash.FlashMSAANodeImpl" type="org.eclipse.actf.model.dom.dombycom.impl.flash.FlashMSAANodeImpl"/>
        </reference_kind>
        <reference_kind flags="0" kind="524288" reference_kind_name="INSTANCEOF">
            <reference linenumber="-1" member="isEmbeddedObject" origin="org.eclipse.actf.model.dom.dombycom.impl.flash.FlashTerms.isEmbeddedObject(IEvalTarget)" signature="(Lorg/eclipse/actf/util/vocab/IEvalTarget;)Z" type="org.eclipse.actf.model.dom.dombycom.impl.flash.FlashTerms"/>
        <reference linenumber="-1" member="isEmbeddedObject" origin="org.eclipse.actf.model.dom.dombycom.impl.flash.FlashTerms.isEmbeddedObject(IEvalTarget)" signature="(Lorg/eclipse/actf/util/vocab/IEvalTarget;)Z" type="org.eclipse.actf.model.dom.dombycom.impl.flash.FlashTerms"/>
        </reference_kind>
        <reference_kind flags="0" kind="262144" reference_kind_name="CASTS">
            <reference linenumber="-1" member="isEmbeddedObject" origin="org.eclipse.actf.model.dom.dombycom.impl.flash.FlashTerms.isEmbeddedObject(IEvalTarget)" signature="(Lorg/eclipse/actf/util/vocab/IEvalTarget;)Z" type="org.eclipse.actf.model.dom.dombycom.impl.flash.FlashTerms"/>
        <reference linenumber="-1" member="isEmbeddedObject" origin="org.eclipse.actf.model.dom.dombycom.impl.flash.FlashTerms.isEmbeddedObject(IEvalTarget)" signature="(Lorg/eclipse/actf/util/vocab/IEvalTarget;)Z" type="org.eclipse.actf.model.dom.dombycom.impl.flash.FlashTerms"/>
        </reference_kind>
        <reference_kind flags="0" kind="4" reference_kind_name="DECLARED_FIELD">
            <reference linenumber="-1" member="base" origin="org.eclipse.actf.model.dom.dombycom.impl.flash.FlashMSAANodeImpl.base" type="org.eclipse.actf.model.dom.dombycom.impl.flash.FlashMSAANodeImpl"/>
        <reference linenumber="-1" member="base" origin="org.eclipse.actf.model.dom.dombycom.impl.flash.FlashMSAANodeImpl.base" type="org.eclipse.actf.model.dom.dombycom.impl.flash.FlashMSAANodeImpl"/>
        </reference_kind>
    </target>
    <target name="org.eclipse.actf.model.dom.dombycom.impl.DocumentImpl" type="org.eclipse.actf.model.dom.dombycom.impl.DocumentImpl">
        <reference_kind flags="0" kind="4" reference_kind_name="DECLARED_FIELD">
            <reference linenumber="-1" member="doc" origin="org.eclipse.actf.model.dom.dombycom.impl.flash.FlashNodeImpl.doc" type="org.eclipse.actf.model.dom.dombycom.impl.flash.FlashNodeImpl"/>
        <reference linenumber="-1" member="doc" origin="org.eclipse.actf.model.dom.dombycom.impl.flash.FlashNodeImpl.doc" type="org.eclipse.actf.model.dom.dombycom.impl.flash.FlashNodeImpl"/>
        </reference_kind>
        <reference_kind flags="0" kind="262144" reference_kind_name="CASTS">
            <reference linenumber="-1" member="&lt;init&gt;" origin="org.eclipse.actf.model.dom.dombycom.impl.flash.FlashNodeImpl.FlashNodeImpl(FlashTopNodeImpl, IASNode)" signature="(Lorg/eclipse/actf/model/dom/dombycom/impl/flash/FlashTopNodeImpl;Lorg/eclipse/actf/model/flash/IASNode;)V" type="org.eclipse.actf.model.dom.dombycom.impl.flash.FlashNodeImpl"/>
        <reference linenumber="-1" member="&lt;init&gt;" origin="org.eclipse.actf.model.dom.dombycom.impl.flash.FlashNodeImpl.FlashNodeImpl(FlashTopNodeImpl, IASNode)" signature="(Lorg/eclipse/actf/model/dom/dombycom/impl/flash/FlashTopNodeImpl;Lorg/eclipse/actf/model/flash/IASNode;)V" type="org.eclipse.actf.model.dom.dombycom.impl.flash.FlashNodeImpl"/>
        </reference_kind>
    </target>
    <target name="org.eclipse.actf.model.dom.dombycom.impl.ListNodeListImpl" type="org.eclipse.actf.model.dom.dombycom.impl.ListNodeListImpl">
        <reference_kind flags="0" kind="134217728" reference_kind_name="INSTANTIATION">
            <reference linenumber="-1" member="getChildNodes" origin="org.eclipse.actf.model.dom.dombycom.impl.flash.FlashTopNodeImpl.getChildNodes()" signature="()Lorg/w3c/dom/NodeList;" type="org.eclipse.actf.model.dom.dombycom.impl.flash.FlashTopNodeImpl"/>
        <reference linenumber="-1" member="getChildNodes" origin="org.eclipse.actf.model.dom.dombycom.impl.flash.FlashTopNodeImpl.getChildNodes()" signature="()Lorg/w3c/dom/NodeList;" type="org.eclipse.actf.model.dom.dombycom.impl.flash.FlashTopNodeImpl"/>
        </reference_kind>
    </target>
    <target name="org.eclipse.actf.model.dom.dombycom.impl.NodeImpl" type="org.eclipse.actf.model.dom.dombycom.impl.NodeImpl">
        <reference_kind flags="0" kind="16" reference_kind_name="PARAMETER">
            <reference linenumber="-1" member="&lt;init&gt;" origin="org.eclipse.actf.model.dom.dombycom.impl.flash.FlashTopNodeImpl.FlashTopNodeImpl(NodeImpl, IDispatch)" signature="(Lorg/eclipse/actf/model/dom/dombycom/impl/NodeImpl;Lorg/eclipse/actf/util/win32/comclutch/IDispatch;)V" type="org.eclipse.actf.model.dom.dombycom.impl.flash.FlashTopNodeImpl"/>
            <reference linenumber="-1" member="&lt;init&gt;" origin="org.eclipse.actf.model.dom.dombycom.impl.flash.FlashMSAANodeImpl.FlashMSAANodeImpl(ElementImpl, NodeImpl, FlashMSAANodeImpl, FlashMSAAObject)" signature="(Lorg/eclipse/actf/model/dom/dombycom/impl/html/ElementImpl;Lorg/eclipse/actf/model/dom/dombycom/impl/NodeImpl;Lorg/eclipse/actf/model/dom/dombycom/impl/flash/FlashMSAANodeImpl;Lorg/eclipse/actf/util/win32/FlashMSAAObject;)V" type="org.eclipse.actf.model.dom.dombycom.impl.flash.FlashMSAANodeImpl"/>
            <reference linenumber="-1" member="newFlashNode" origin="org.eclipse.actf.model.dom.dombycom.impl.flash.FlashTopNodeImpl.newFlashNode(NodeImpl, IDispatch)" signature="(Lorg/eclipse/actf/model/dom/dombycom/impl/NodeImpl;Lorg/eclipse/actf/util/win32/comclutch/IDispatch;)Lorg/eclipse/actf/model/dom/dombycom/impl/flash/FlashTopNodeImpl;" type="org.eclipse.actf.model.dom.dombycom.impl.flash.FlashTopNodeImpl"/>
            <reference linenumber="-1" member="createTopNode" origin="org.eclipse.actf.model.dom.dombycom.impl.flash.FlashElementFactory.createTopNode(NodeImpl, IDispatch)" signature="(Lorg/eclipse/actf/model/dom/dombycom/impl/NodeImpl;Lorg/eclipse/actf/util/win32/comclutch/IDispatch;)Lorg/eclipse/actf/model/dom/dombycom/impl/NodeImpl;" type="org.eclipse.actf.model.dom.dombycom.impl.flash.FlashElementFactory"/>
        <reference linenumber="-1" member="&lt;init&gt;" origin="org.eclipse.actf.model.dom.dombycom.impl.flash.FlashTopNodeImpl.FlashTopNodeImpl(NodeImpl, IDispatch)" signature="(Lorg/eclipse/actf/model/dom/dombycom/impl/NodeImpl;Lorg/eclipse/actf/util/win32/comclutch/IDispatch;)V" type="org.eclipse.actf.model.dom.dombycom.impl.flash.FlashTopNodeImpl"/>
            <reference linenumber="-1" member="&lt;init&gt;" origin="org.eclipse.actf.model.dom.dombycom.impl.flash.FlashMSAANodeImpl.FlashMSAANodeImpl(ElementImpl, NodeImpl, FlashMSAANodeImpl, FlashMSAAObject)" signature="(Lorg/eclipse/actf/model/dom/dombycom/impl/html/ElementImpl;Lorg/eclipse/actf/model/dom/dombycom/impl/NodeImpl;Lorg/eclipse/actf/model/dom/dombycom/impl/flash/FlashMSAANodeImpl;Lorg/eclipse/actf/util/win32/FlashMSAAObject;)V" type="org.eclipse.actf.model.dom.dombycom.impl.flash.FlashMSAANodeImpl"/>
            <reference linenumber="-1" member="newFlashNode" origin="org.eclipse.actf.model.dom.dombycom.impl.flash.FlashTopNodeImpl.newFlashNode(NodeImpl, IDispatch)" signature="(Lorg/eclipse/actf/model/dom/dombycom/impl/NodeImpl;Lorg/eclipse/actf/util/win32/comclutch/IDispatch;)Lorg/eclipse/actf/model/dom/dombycom/impl/flash/FlashTopNodeImpl;" type="org.eclipse.actf.model.dom.dombycom.impl.flash.FlashTopNodeImpl"/>
            <reference linenumber="-1" member="createTopNode" origin="org.eclipse.actf.model.dom.dombycom.impl.flash.FlashElementFactory.createTopNode(NodeImpl, IDispatch)" signature="(Lorg/eclipse/actf/model/dom/dombycom/impl/NodeImpl;Lorg/eclipse/actf/util/win32/comclutch/IDispatch;)Lorg/eclipse/actf/model/dom/dombycom/impl/NodeImpl;" type="org.eclipse.actf.model.dom.dombycom.impl.flash.FlashElementFactory"/>
        </reference_kind>
        <reference_kind flags="0" kind="4" reference_kind_name="DECLARED_FIELD">
            <reference linenumber="-1" member="parent" origin="org.eclipse.actf.model.dom.dombycom.impl.flash.FlashMSAANodeImpl.parent" type="org.eclipse.actf.model.dom.dombycom.impl.flash.FlashMSAANodeImpl"/>
        <reference linenumber="-1" member="parent" origin="org.eclipse.actf.model.dom.dombycom.impl.flash.FlashMSAANodeImpl.parent" type="org.eclipse.actf.model.dom.dombycom.impl.flash.FlashMSAANodeImpl"/>
        </reference_kind>
        <reference_kind flags="0" kind="8" reference_kind_name="RETURN_TYPE">
            <reference linenumber="-1" member="createTopNode" origin="org.eclipse.actf.model.dom.dombycom.impl.flash.FlashElementFactory.createTopNode(NodeImpl, IDispatch)" signature="(Lorg/eclipse/actf/model/dom/dombycom/impl/NodeImpl;Lorg/eclipse/actf/util/win32/comclutch/IDispatch;)Lorg/eclipse/actf/model/dom/dombycom/impl/NodeImpl;" type="org.eclipse.actf.model.dom.dombycom.impl.flash.FlashElementFactory"/>
        <reference linenumber="-1" member="createTopNode" origin="org.eclipse.actf.model.dom.dombycom.impl.flash.FlashElementFactory.createTopNode(NodeImpl, IDispatch)" signature="(Lorg/eclipse/actf/model/dom/dombycom/impl/NodeImpl;Lorg/eclipse/actf/util/win32/comclutch/IDispatch;)Lorg/eclipse/actf/model/dom/dombycom/impl/NodeImpl;" type="org.eclipse.actf.model.dom.dombycom.impl.flash.FlashElementFactory"/>
        </reference_kind>
    </target>
</references>
