<?xml version="1.0" encoding="UTF-8" standalone="no"?>
<references name="Methods" origin="org.eclipse.actf.model.ui.editors.ooo (0.7.2.R201002031025)" referee="org.eclipse.actf.model.dom.odf (0.7.2.R201002031025)" reference_count="35" reference_visibility="1">
    <target member="&lt;init&gt;" name="org.eclipse.actf.model.dom.odf.ODFParser.ODFParser()" signature="()V" type="org.eclipse.actf.model.dom.odf.ODFParser">
        <reference_kind flags="0" kind="64" reference_kind_name="CONSTRUCTOR_METHOD">
            <reference linenumber="-1" member="isPasswordProtected" origin="org.eclipse.actf.model.internal.ui.editors.ooo.OOoWindowComposite.isPasswordProtected(String)" signature="(Ljava/lang/String;)Z" type="org.eclipse.actf.model.internal.ui.editors.ooo.OOoWindowComposite"/>
            <reference linenumber="-1" member="getDocument" origin="org.eclipse.actf.model.internal.ui.editors.ooo.OOoComposite.getDocument()" signature="()Lorg/w3c/dom/Document;" type="org.eclipse.actf.model.internal.ui.editors.ooo.OOoComposite"/>
        </reference_kind>
    </target>
    <target member="getODFFileType" name="org.eclipse.actf.model.dom.odf.util.ODFFileUtils.getODFFileType(String)" signature="(Ljava/lang/String;)Lorg/eclipse/actf/model/dom/odf/ODFConstants$ContentType;" type="org.eclipse.actf.model.dom.odf.util.ODFFileUtils">
        <reference_kind flags="0" kind="128" reference_kind_name="INVOKED_STATIC">
            <reference linenumber="-1" member="incrementLargeScrollX" origin="org.eclipse.actf.model.internal.ui.editors.ooo.OOoEditorScrollManager.incrementLargeScrollX(boolean)" signature="(Z)I" type="org.eclipse.actf.model.internal.ui.editors.ooo.OOoEditorScrollManager"/>
            <reference linenumber="-1" member="incrementScrollX" origin="org.eclipse.actf.model.internal.ui.editors.ooo.OOoEditorScrollManager.incrementScrollX(boolean)" signature="(Z)I" type="org.eclipse.actf.model.internal.ui.editors.ooo.OOoEditorScrollManager"/>
            <reference linenumber="-1" member="incrementScrollY" origin="org.eclipse.actf.model.internal.ui.editors.ooo.OOoEditorScrollManager.incrementScrollY(boolean)" signature="(Z)I" type="org.eclipse.actf.model.internal.ui.editors.ooo.OOoEditorScrollManager"/>
            <reference linenumber="-1" member="getCurrentPageNumber" origin="org.eclipse.actf.model.internal.ui.editors.ooo.OOoEditorScrollManager.getCurrentPageNumber()" signature="()I" type="org.eclipse.actf.model.internal.ui.editors.ooo.OOoEditorScrollManager"/>
            <reference linenumber="-1" member="incrementPageScroll" origin="org.eclipse.actf.model.internal.ui.editors.ooo.OOoEditorScrollManager.incrementPageScroll(boolean)" signature="(Z)I" type="org.eclipse.actf.model.internal.ui.editors.ooo.OOoEditorScrollManager"/>
            <reference linenumber="-1" member="getLastPageNumber" origin="org.eclipse.actf.model.internal.ui.editors.ooo.OOoEditorScrollManager.getLastPageNumber()" signature="()I" type="org.eclipse.actf.model.internal.ui.editors.ooo.OOoEditorScrollManager"/>
            <reference linenumber="-1" member="incrementLargeScrollY" origin="org.eclipse.actf.model.internal.ui.editors.ooo.OOoEditorScrollManager.incrementLargeScrollY(boolean)" signature="(Z)I" type="org.eclipse.actf.model.internal.ui.editors.ooo.OOoEditorScrollManager"/>
            <reference linenumber="-1" member="getSize" origin="org.eclipse.actf.model.internal.ui.editors.ooo.OOoEditorScrollManager.getSize(boolean)" signature="(Z)Lorg/eclipse/actf/model/ui/ModelServiceSizeInfo;" type="org.eclipse.actf.model.internal.ui.editors.ooo.OOoEditorScrollManager"/>
            <reference linenumber="-1" member="getViewData" origin="org.eclipse.actf.model.internal.ui.editors.ooo.OOoWindowComposite.getViewData()" signature="()[I" type="org.eclipse.actf.model.internal.ui.editors.ooo.OOoWindowComposite"/>
            <reference linenumber="-1" member="getScrollType" origin="org.eclipse.actf.model.internal.ui.editors.ooo.OOoEditorScrollManager.getScrollType()" signature="()I" type="org.eclipse.actf.model.internal.ui.editors.ooo.OOoEditorScrollManager"/>
            <reference linenumber="-1" member="jumpToPage" origin="org.eclipse.actf.model.internal.ui.editors.ooo.OOoEditorScrollManager.jumpToPage(int, boolean)" signature="(IZ)I" type="org.eclipse.actf.model.internal.ui.editors.ooo.OOoEditorScrollManager"/>
            <reference linenumber="-1" member="decrementLargeScrollY" origin="org.eclipse.actf.model.internal.ui.editors.ooo.OOoEditorScrollManager.decrementLargeScrollY(boolean)" signature="(Z)I" type="org.eclipse.actf.model.internal.ui.editors.ooo.OOoEditorScrollManager"/>
            <reference linenumber="-1" member="decrementScrollX" origin="org.eclipse.actf.model.internal.ui.editors.ooo.OOoEditorScrollManager.decrementScrollX(boolean)" signature="(Z)I" type="org.eclipse.actf.model.internal.ui.editors.ooo.OOoEditorScrollManager"/>
            <reference linenumber="-1" member="decrementLargeScrollX" origin="org.eclipse.actf.model.internal.ui.editors.ooo.OOoEditorScrollManager.decrementLargeScrollX(boolean)" signature="(Z)I" type="org.eclipse.actf.model.internal.ui.editors.ooo.OOoEditorScrollManager"/>
            <reference linenumber="-1" member="decrementPageScroll" origin="org.eclipse.actf.model.internal.ui.editors.ooo.OOoEditorScrollManager.decrementPageScroll(boolean)" signature="(Z)I" type="org.eclipse.actf.model.internal.ui.editors.ooo.OOoEditorScrollManager"/>
            <reference linenumber="-1" member="decrementScrollY" origin="org.eclipse.actf.model.internal.ui.editors.ooo.OOoEditorScrollManager.decrementScrollY(boolean)" signature="(Z)I" type="org.eclipse.actf.model.internal.ui.editors.ooo.OOoEditorScrollManager"/>
        </reference_kind>
    </target>
    <target member="createHTMLConverter" name="org.eclipse.actf.model.dom.odf.util.converter.ODFConverterCreator.createHTMLConverter()" signature="()Lorg/eclipse/actf/model/dom/odf/util/converter/ODFConverter;" type="org.eclipse.actf.model.dom.odf.util.converter.ODFConverterCreator">
        <reference_kind flags="0" kind="128" reference_kind_name="INVOKED_STATIC">
            <reference linenumber="-1" member="saveDocumentAsHTMLFile" origin="org.eclipse.actf.model.internal.ui.editors.ooo.OOoComposite.saveDocumentAsHTMLFile(String)" signature="(Ljava/lang/String;)Ljava/io/File;" type="org.eclipse.actf.model.internal.ui.editors.ooo.OOoComposite"/>
        </reference_kind>
    </target>
    <target member="convertDocument" name="org.eclipse.actf.model.dom.odf.util.converter.ODFConverter.convertDocument(String, boolean)" signature="(Ljava/lang/String;Z)V" type="org.eclipse.actf.model.dom.odf.util.converter.ODFConverter">
        <reference_kind flags="0" kind="512" reference_kind_name="INTERFACE_METHOD">
            <reference linenumber="-1" member="saveDocumentAsHTMLFile" origin="org.eclipse.actf.model.internal.ui.editors.ooo.OOoComposite.saveDocumentAsHTMLFile(String)" signature="(Ljava/lang/String;)Ljava/io/File;" type="org.eclipse.actf.model.internal.ui.editors.ooo.OOoComposite"/>
        </reference_kind>
    </target>
    <target member="getDocument" name="org.eclipse.actf.model.dom.odf.ODFParser.getDocument(String, String)" signature="(Ljava/lang/String;Ljava/lang/String;)Lorg/eclipse/actf/model/dom/odf/base/ODFDocument;" type="org.eclipse.actf.model.dom.odf.ODFParser">
        <reference_kind flags="0" kind="256" reference_kind_name="VIRTUAL_METHOD">
            <reference linenumber="-1" member="isPasswordProtected" origin="org.eclipse.actf.model.internal.ui.editors.ooo.OOoWindowComposite.isPasswordProtected(String)" signature="(Ljava/lang/String;)Z" type="org.eclipse.actf.model.internal.ui.editors.ooo.OOoWindowComposite"/>
        </reference_kind>
    </target>
    <target member="setDocument" name="org.eclipse.actf.model.dom.odf.util.converter.ODFConverter.setDocument(ODFDocument)" signature="(Lorg/eclipse/actf/model/dom/odf/base/ODFDocument;)V" type="org.eclipse.actf.model.dom.odf.util.converter.ODFConverter">
        <reference_kind flags="0" kind="512" reference_kind_name="INTERFACE_METHOD">
            <reference linenumber="-1" member="saveDocumentAsHTMLFile" origin="org.eclipse.actf.model.internal.ui.editors.ooo.OOoComposite.saveDocumentAsHTMLFile(String)" signature="(Ljava/lang/String;)Ljava/io/File;" type="org.eclipse.actf.model.internal.ui.editors.ooo.OOoComposite"/>
        </reference_kind>
    </target>
    <target member="getDocument" name="org.eclipse.actf.model.dom.odf.ODFParser.getDocument(String)" signature="(Ljava/lang/String;)Lorg/eclipse/actf/model/dom/odf/base/ODFDocument;" type="org.eclipse.actf.model.dom.odf.ODFParser">
        <reference_kind flags="0" kind="256" reference_kind_name="VIRTUAL_METHOD">
            <reference linenumber="-1" member="getDocument" origin="org.eclipse.actf.model.internal.ui.editors.ooo.OOoComposite.getDocument()" signature="()Lorg/w3c/dom/Document;" type="org.eclipse.actf.model.internal.ui.editors.ooo.OOoComposite"/>
        </reference_kind>
    </target>
<target member="getContentType" name="org.eclipse.actf.model.dom.odf.base.ContentBaseElement.getContentType()" signature="()Lorg/eclipse/actf/model/dom/odf/ODFConstants$ContentType;" type="org.eclipse.actf.model.dom.odf.base.ContentBaseElement">
        <reference_kind flags="0" kind="512" reference_kind_name="INTERFACE_METHOD">
            <reference linenumber="-1" member="getODFFileType" origin="org.eclipse.actf.model.internal.ui.editors.ooo.util.ODFUtils.getODFFileType(Document)" signature="(Lorg/w3c/dom/Document;)Lorg/eclipse/actf/model/dom/odf/ODFConstants$ContentType;" type="org.eclipse.actf.model.internal.ui.editors.ooo.util.ODFUtils"/>
        </reference_kind>
    </target>
    <target member="getPageIndex" name="org.eclipse.actf.model.dom.odf.draw.PageElement.getPageIndex()" signature="()I" type="org.eclipse.actf.model.dom.odf.draw.PageElement">
        <reference_kind flags="0" kind="512" reference_kind_name="INTERFACE_METHOD">
            <reference linenumber="-1" member="jumpToProblemDrawingPage" origin="org.eclipse.actf.model.internal.ui.editors.ooo.util.OOoNavigation.jumpToProblemDrawingPage(Node)" signature="(Lorg/w3c/dom/Node;)V" type="org.eclipse.actf.model.internal.ui.editors.ooo.util.OOoNavigation"/>
        </reference_kind>
    </target>
    <target member="getContent" name="org.eclipse.actf.model.dom.odf.office.BodyElement.getContent()" signature="()Lorg/eclipse/actf/model/dom/odf/base/ContentBaseElement;" type="org.eclipse.actf.model.dom.odf.office.BodyElement">
        <reference_kind flags="0" kind="512" reference_kind_name="INTERFACE_METHOD">
            <reference linenumber="-1" member="getODFFileType" origin="org.eclipse.actf.model.internal.ui.editors.ooo.util.ODFUtils.getODFFileType(Document)" signature="(Lorg/w3c/dom/Document;)Lorg/eclipse/actf/model/dom/odf/ODFConstants$ContentType;" type="org.eclipse.actf.model.internal.ui.editors.ooo.util.ODFUtils"/>
        </reference_kind>
    </target>
    <target member="getZIndex" name="org.eclipse.actf.model.dom.odf.base.DrawingObjectElement.getZIndex()" signature="()J" type="org.eclipse.actf.model.dom.odf.base.DrawingObjectElement">
        <reference_kind flags="0" kind="512" reference_kind_name="INTERFACE_METHOD">
            <reference linenumber="-1" member="jumpToProblemFormControl" origin="org.eclipse.actf.model.internal.ui.editors.ooo.util.OOoNavigation.jumpToProblemFormControl(Node)" signature="(Lorg/w3c/dom/Node;)V" type="org.eclipse.actf.model.internal.ui.editors.ooo.util.OOoNavigation"/>
            <reference linenumber="-1" member="jumpToProblemImage" origin="org.eclipse.actf.model.internal.ui.editors.ooo.util.OOoNavigation.jumpToProblemImage(Node)" signature="(Lorg/w3c/dom/Node;)V" type="org.eclipse.actf.model.internal.ui.editors.ooo.util.OOoNavigation"/>
            <reference linenumber="-1" member="jumpToProblemObject" origin="org.eclipse.actf.model.internal.ui.editors.ooo.util.OOoNavigation.jumpToProblemObject(Node)" signature="(Lorg/w3c/dom/Node;)V" type="org.eclipse.actf.model.internal.ui.editors.ooo.util.OOoNavigation"/>
            <reference linenumber="-1" member="jumpToProblemDrawingShape" origin="org.eclipse.actf.model.internal.ui.editors.ooo.util.OOoNavigation.jumpToProblemDrawingShape(Node)" signature="(Lorg/w3c/dom/Node;)V" type="org.eclipse.actf.model.internal.ui.editors.ooo.util.OOoNavigation"/>
        </reference_kind>
    </target>
    <target member="getBodyElement" name="org.eclipse.actf.model.dom.odf.office.DocumentContentElement.getBodyElement()" signature="()Lorg/eclipse/actf/model/dom/odf/office/BodyElement;" type="org.eclipse.actf.model.dom.odf.office.DocumentContentElement">
        <reference_kind flags="0" kind="512" reference_kind_name="INTERFACE_METHOD">
            <reference linenumber="-1" member="getODFFileType" origin="org.eclipse.actf.model.internal.ui.editors.ooo.util.ODFUtils.getODFFileType(Document)" signature="(Lorg/w3c/dom/Document;)Lorg/eclipse/actf/model/dom/odf/ODFConstants$ContentType;" type="org.eclipse.actf.model.internal.ui.editors.ooo.util.ODFUtils"/>
        </reference_kind>
    </target>
    <target member="getPageIndex" name="org.eclipse.actf.model.dom.odf.base.DrawingObjectElement.getPageIndex()" signature="()J" type="org.eclipse.actf.model.dom.odf.base.DrawingObjectElement">
        <reference_kind flags="0" kind="512" reference_kind_name="INTERFACE_METHOD">
            <reference linenumber="-1" member="jumpToProblemDrawingShape" origin="org.eclipse.actf.model.internal.ui.editors.ooo.util.OOoNavigation.jumpToProblemDrawingShape(Node)" signature="(Lorg/w3c/dom/Node;)V" type="org.eclipse.actf.model.internal.ui.editors.ooo.util.OOoNavigation"/>
            <reference linenumber="-1" member="jumpToProblemImage" origin="org.eclipse.actf.model.internal.ui.editors.ooo.util.OOoNavigation.jumpToProblemImage(Node)" signature="(Lorg/w3c/dom/Node;)V" type="org.eclipse.actf.model.internal.ui.editors.ooo.util.OOoNavigation"/>
            <reference linenumber="-1" member="jumpToProblemFormControl" origin="org.eclipse.actf.model.internal.ui.editors.ooo.util.OOoNavigation.jumpToProblemFormControl(Node)" signature="(Lorg/w3c/dom/Node;)V" type="org.eclipse.actf.model.internal.ui.editors.ooo.util.OOoNavigation"/>
            <reference linenumber="-1" member="jumpToProblemObject" origin="org.eclipse.actf.model.internal.ui.editors.ooo.util.OOoNavigation.jumpToProblemObject(Node)" signature="(Lorg/w3c/dom/Node;)V" type="org.eclipse.actf.model.internal.ui.editors.ooo.util.OOoNavigation"/>
        </reference_kind>
    </target>
</references>
