<?xml version="1.0" encoding="UTF-8" standalone="no"?>
<references name="Types" origin="org.eclipse.birt.data.aggregation (2.5.2.v20100205)" referee="org.eclipse.birt.core (2.5.2.v20100208)" reference_count="46" reference_visibility="1">
    <target name="org.eclipse.birt.core.exception.CoreException" type="org.eclipse.birt.core.exception.CoreException">
        <reference_kind flags="0" kind="134217728" reference_kind_name="INSTANTIATION">
            <reference linenumber="140" member="toDouble" origin="org.eclipse.birt.data.aggregation.calculator.StringCalculator.toDouble(String)" signature="(Ljava/lang/String;)Ljava/lang/Double;" type="org.eclipse.birt.data.aggregation.calculator.StringCalculator"/>
            <reference linenumber="133" member="toDouble" origin="org.eclipse.birt.data.aggregation.calculator.StringCalculator.toDouble(String)" signature="(Ljava/lang/String;)Ljava/lang/Double;" type="org.eclipse.birt.data.aggregation.calculator.StringCalculator"/>
        </reference_kind>
    </target>
    <target name="org.eclipse.birt.core.exception.BirtException" type="org.eclipse.birt.core.exception.BirtException">
        <reference_kind flags="0" kind="33554432" reference_kind_name="LOCAL_VAR_DECLARED">
            <reference linenumber="124" member="getTypedObject" origin="org.eclipse.birt.data.aggregation.calculator.BigDecimalCalculator.getTypedObject(Object)" signature="(Ljava/lang/Object;)Ljava/lang/Object;" type="org.eclipse.birt.data.aggregation.calculator.BigDecimalCalculator"/>
            <reference linenumber="103" member="getTypedObject" origin="org.eclipse.birt.data.aggregation.calculator.NumberCalculator.getTypedObject(Object)" signature="(Ljava/lang/Object;)Ljava/lang/Object;" type="org.eclipse.birt.data.aggregation.calculator.NumberCalculator"/>
        <reference linenumber="183" member="onRow" origin="org.eclipse.birt.data.aggregation.impl.TotalConcatenate.MyAccumulator.onRow(Object[])" signature="([Ljava/lang/Object;)V" type="org.eclipse.birt.data.aggregation.impl.TotalConcatenate$MyAccumulator"/>
            <reference linenumber="152" member="finish" origin="org.eclipse.birt.data.aggregation.impl.TotalIrr.MyAccumulator.finish()" signature="()V" type="org.eclipse.birt.data.aggregation.impl.TotalIrr$MyAccumulator"/>
            <reference linenumber="132" member="onRow" origin="org.eclipse.birt.data.aggregation.impl.TotalRunningNpv.MyAccumulator.onRow(Object[])" signature="([Ljava/lang/Object;)V" type="org.eclipse.birt.data.aggregation.impl.TotalRunningNpv$MyAccumulator"/>
            <reference linenumber="270" member="setMaxLength" origin="org.eclipse.birt.data.aggregation.impl.TotalConcatenate.MyAccumulator.setMaxLength(Object)" signature="(Ljava/lang/Object;)V" type="org.eclipse.birt.data.aggregation.impl.TotalConcatenate$MyAccumulator"/>
            <reference linenumber="172" member="finish" origin="org.eclipse.birt.data.aggregation.impl.TotalMirr.MyAccumulator.finish()" signature="()V" type="org.eclipse.birt.data.aggregation.impl.TotalMirr$MyAccumulator"/>
            <reference linenumber="134" member="onRow" origin="org.eclipse.birt.data.aggregation.impl.TotalIrr.MyAccumulator.onRow(Object[])" signature="([Ljava/lang/Object;)V" type="org.eclipse.birt.data.aggregation.impl.TotalIrr$MyAccumulator"/>
            <reference linenumber="137" member="onRow" origin="org.eclipse.birt.data.aggregation.impl.TotalNpv.MyAccumulator.onRow(Object[])" signature="([Ljava/lang/Object;)V" type="org.eclipse.birt.data.aggregation.impl.TotalNpv$MyAccumulator"/>
            <reference linenumber="108" member="toDouble" origin="org.eclipse.birt.data.aggregation.impl.SummaryAccumulator.toDouble(Object)" signature="(Ljava/lang/Object;)Ljava/lang/Object;" type="org.eclipse.birt.data.aggregation.impl.SummaryAccumulator"/>
            <reference linenumber="148" member="onRow" origin="org.eclipse.birt.data.aggregation.impl.TotalMirr.MyAccumulator.onRow(Object[])" signature="([Ljava/lang/Object;)V" type="org.eclipse.birt.data.aggregation.impl.TotalMirr$MyAccumulator"/>
            <reference linenumber="147" member="onRow" origin="org.eclipse.birt.data.aggregation.impl.TotalMovingAve.MyAccumulator.onRow(Object[])" signature="([Ljava/lang/Object;)V" type="org.eclipse.birt.data.aggregation.impl.TotalMovingAve$MyAccumulator"/>
        <reference linenumber="137" member="onRow" origin="org.eclipse.birt.data.aggregation.impl.rank.TotalPercentSum.MyAccumulator.onRow(Object[])" signature="([Ljava/lang/Object;)V" type="org.eclipse.birt.data.aggregation.impl.rank.TotalPercentSum$MyAccumulator"/>
            <reference linenumber="35" member="populateNValue" origin="org.eclipse.birt.data.aggregation.impl.rank.PercentAccumulator.populateNValue(Object)" signature="(Ljava/lang/Object;)D" type="org.eclipse.birt.data.aggregation.impl.rank.PercentAccumulator"/>
            <reference linenumber="35" member="populateNValue" origin="org.eclipse.birt.data.aggregation.impl.rank.NAccumulator.populateNValue(Object)" signature="(Ljava/lang/Object;)D" type="org.eclipse.birt.data.aggregation.impl.rank.NAccumulator"/>
            <reference linenumber="160" member="onRow" origin="org.eclipse.birt.data.aggregation.impl.rank.TotalPercentSum.MyAccumulator.onRow(Object[])" signature="([Ljava/lang/Object;)V" type="org.eclipse.birt.data.aggregation.impl.rank.TotalPercentSum$MyAccumulator"/>
        </reference_kind>
        <reference_kind flags="0" kind="131072" reference_kind_name="CATCHES_EXCEPTION">
            <reference linenumber="124" member="getTypedObject" origin="org.eclipse.birt.data.aggregation.calculator.BigDecimalCalculator.getTypedObject(Object)" signature="(Ljava/lang/Object;)Ljava/lang/Object;" type="org.eclipse.birt.data.aggregation.calculator.BigDecimalCalculator"/>
            <reference linenumber="103" member="getTypedObject" origin="org.eclipse.birt.data.aggregation.calculator.NumberCalculator.getTypedObject(Object)" signature="(Ljava/lang/Object;)Ljava/lang/Object;" type="org.eclipse.birt.data.aggregation.calculator.NumberCalculator"/>
        <reference linenumber="152" member="finish" origin="org.eclipse.birt.data.aggregation.impl.TotalIrr.MyAccumulator.finish()" signature="()V" type="org.eclipse.birt.data.aggregation.impl.TotalIrr$MyAccumulator"/>
            <reference linenumber="183" member="onRow" origin="org.eclipse.birt.data.aggregation.impl.TotalConcatenate.MyAccumulator.onRow(Object[])" signature="([Ljava/lang/Object;)V" type="org.eclipse.birt.data.aggregation.impl.TotalConcatenate$MyAccumulator"/>
            <reference linenumber="151" member="getSummaryValue" origin="org.eclipse.birt.data.aggregation.impl.TotalWeightedAve.MyAccumulator.getSummaryValue()" signature="()Ljava/lang/Object;" type="org.eclipse.birt.data.aggregation.impl.TotalWeightedAve$MyAccumulator"/>
            <reference linenumber="270" member="setMaxLength" origin="org.eclipse.birt.data.aggregation.impl.TotalConcatenate.MyAccumulator.setMaxLength(Object)" signature="(Ljava/lang/Object;)V" type="org.eclipse.birt.data.aggregation.impl.TotalConcatenate$MyAccumulator"/>
            <reference linenumber="172" member="finish" origin="org.eclipse.birt.data.aggregation.impl.TotalMirr.MyAccumulator.finish()" signature="()V" type="org.eclipse.birt.data.aggregation.impl.TotalMirr$MyAccumulator"/>
            <reference linenumber="134" member="onRow" origin="org.eclipse.birt.data.aggregation.impl.TotalIrr.MyAccumulator.onRow(Object[])" signature="([Ljava/lang/Object;)V" type="org.eclipse.birt.data.aggregation.impl.TotalIrr$MyAccumulator"/>
            <reference linenumber="137" member="onRow" origin="org.eclipse.birt.data.aggregation.impl.TotalNpv.MyAccumulator.onRow(Object[])" signature="([Ljava/lang/Object;)V" type="org.eclipse.birt.data.aggregation.impl.TotalNpv$MyAccumulator"/>
            <reference linenumber="132" member="onRow" origin="org.eclipse.birt.data.aggregation.impl.TotalRunningNpv.MyAccumulator.onRow(Object[])" signature="([Ljava/lang/Object;)V" type="org.eclipse.birt.data.aggregation.impl.TotalRunningNpv$MyAccumulator"/>
            <reference linenumber="108" member="toDouble" origin="org.eclipse.birt.data.aggregation.impl.SummaryAccumulator.toDouble(Object)" signature="(Ljava/lang/Object;)Ljava/lang/Object;" type="org.eclipse.birt.data.aggregation.impl.SummaryAccumulator"/>
            <reference linenumber="148" member="onRow" origin="org.eclipse.birt.data.aggregation.impl.TotalMirr.MyAccumulator.onRow(Object[])" signature="([Ljava/lang/Object;)V" type="org.eclipse.birt.data.aggregation.impl.TotalMirr$MyAccumulator"/>
            <reference linenumber="147" member="onRow" origin="org.eclipse.birt.data.aggregation.impl.TotalMovingAve.MyAccumulator.onRow(Object[])" signature="([Ljava/lang/Object;)V" type="org.eclipse.birt.data.aggregation.impl.TotalMovingAve$MyAccumulator"/>
            <reference linenumber="146" member="getSummaryValue" origin="org.eclipse.birt.data.aggregation.impl.TotalVariance.MyAccumulator.getSummaryValue()" signature="()Ljava/lang/Object;" type="org.eclipse.birt.data.aggregation.impl.TotalVariance$MyAccumulator"/>
        <reference linenumber="137" member="onRow" origin="org.eclipse.birt.data.aggregation.impl.rank.TotalPercentSum.MyAccumulator.onRow(Object[])" signature="([Ljava/lang/Object;)V" type="org.eclipse.birt.data.aggregation.impl.rank.TotalPercentSum$MyAccumulator"/>
            <reference linenumber="35" member="populateNValue" origin="org.eclipse.birt.data.aggregation.impl.rank.PercentAccumulator.populateNValue(Object)" signature="(Ljava/lang/Object;)D" type="org.eclipse.birt.data.aggregation.impl.rank.PercentAccumulator"/>
            <reference linenumber="35" member="populateNValue" origin="org.eclipse.birt.data.aggregation.impl.rank.NAccumulator.populateNValue(Object)" signature="(Ljava/lang/Object;)D" type="org.eclipse.birt.data.aggregation.impl.rank.NAccumulator"/>
            <reference linenumber="160" member="onRow" origin="org.eclipse.birt.data.aggregation.impl.rank.TotalPercentSum.MyAccumulator.onRow(Object[])" signature="([Ljava/lang/Object;)V" type="org.eclipse.birt.data.aggregation.impl.rank.TotalPercentSum$MyAccumulator"/>
        </reference_kind>
    <reference_kind flags="0" kind="32" reference_kind_name="THROWS">
            <reference linenumber="-1" member="calcNNPV" origin="org.eclipse.birt.data.aggregation.impl.Finance.calcNNPV(Object[], long, double)" signature="([Ljava/lang/Object;JD)Ljava/lang/Number;" type="org.eclipse.birt.data.aggregation.impl.Finance"/>
            <reference linenumber="-1" member="calcIrr" origin="org.eclipse.birt.data.aggregation.impl.Finance.calcIrr(Object[], double, double, int)" signature="([Ljava/lang/Object;DDI)D" type="org.eclipse.birt.data.aggregation.impl.Finance"/>
            <reference linenumber="-1" member="setSeparator" origin="org.eclipse.birt.data.aggregation.impl.TotalConcatenate.MyAccumulator.setSeparator(Object)" signature="(Ljava/lang/Object;)V" type="org.eclipse.birt.data.aggregation.impl.TotalConcatenate$MyAccumulator"/>
            <reference linenumber="-1" member="setShowAllValues" origin="org.eclipse.birt.data.aggregation.impl.TotalConcatenate.MyAccumulator.setShowAllValues(Object)" signature="(Ljava/lang/Object;)V" type="org.eclipse.birt.data.aggregation.impl.TotalConcatenate$MyAccumulator"/>
            <reference linenumber="-1" member="irr" origin="org.eclipse.birt.data.aggregation.impl.Finance.irr(Object[], double)" signature="([Ljava/lang/Object;D)D" type="org.eclipse.birt.data.aggregation.impl.Finance"/>
            <reference linenumber="-1" member="npv" origin="org.eclipse.birt.data.aggregation.impl.Finance.npv(Object[], double)" signature="([Ljava/lang/Object;D)Ljava/lang/Number;" type="org.eclipse.birt.data.aggregation.impl.Finance"/>
            <reference linenumber="-1" member="calcPNPV" origin="org.eclipse.birt.data.aggregation.impl.Finance.calcPNPV(Object[], long, double)" signature="([Ljava/lang/Object;JD)Ljava/lang/Number;" type="org.eclipse.birt.data.aggregation.impl.Finance"/>
            <reference linenumber="-1" member="mirr" origin="org.eclipse.birt.data.aggregation.impl.Finance.mirr(Object[], double, double)" signature="([Ljava/lang/Object;DD)D" type="org.eclipse.birt.data.aggregation.impl.Finance"/>
        </reference_kind>
        <reference_kind flags="0" kind="1" reference_kind_name="EXTENDS">
            <reference linenumber="-1" origin="org.eclipse.birt.data.aggregation.impl.AggrException" type="org.eclipse.birt.data.aggregation.impl.AggrException"/>
        </reference_kind>
    </target>
<target name="org.eclipse.birt.core.plugin.BIRTPlugin" type="org.eclipse.birt.core.plugin.BIRTPlugin">
        <reference_kind flags="0" kind="1" reference_kind_name="EXTENDS">
            <reference linenumber="-1" origin="org.eclipse.birt.data.aggregation.plugin.AggregationPlugin" type="org.eclipse.birt.data.aggregation.plugin.AggregationPlugin"/>
        </reference_kind>
    </target>
</references>
