<?xml version="1.0" encoding="UTF-8" standalone="no"?>
<references name="Types" origin="org.eclipse.actf.visualization.presentation (0.7.2.R201002031025)" referee="org.eclipse.actf.mediator (0.7.2.R201002031025)" reference_count="5" reference_visibility="1">
    <target name="org.eclipse.actf.mediator.Mediator" type="org.eclipse.actf.mediator.Mediator">
        <reference_kind flags="0" kind="4" reference_kind_name="DECLARED_FIELD">
            <reference linenumber="-1" member="mediator" origin="org.eclipse.actf.visualization.presentation.ui.internal.PartControlRoom.mediator" type="org.eclipse.actf.visualization.presentation.ui.internal.PartControlRoom"/>
        </reference_kind>
    </target>
<target name="org.eclipse.actf.mediator.MediatorEvent" type="org.eclipse.actf.mediator.MediatorEvent">
        <reference_kind flags="0" kind="16" reference_kind_name="PARAMETER">
            <reference linenumber="-1" member="modelserviceChanged" origin="org.eclipse.actf.visualization.presentation.ui.views.RoomView.modelserviceChanged(MediatorEvent)" signature="(Lorg/eclipse/actf/mediator/MediatorEvent;)V" type="org.eclipse.actf.visualization.presentation.ui.views.RoomView"/>
            <reference linenumber="-1" member="reportChanged" origin="org.eclipse.actf.visualization.presentation.ui.views.RoomView.reportChanged(MediatorEvent)" signature="(Lorg/eclipse/actf/mediator/MediatorEvent;)V" type="org.eclipse.actf.visualization.presentation.ui.views.RoomView"/>
            <reference linenumber="-1" member="reportGeneratorChanged" origin="org.eclipse.actf.visualization.presentation.ui.views.RoomView.reportGeneratorChanged(MediatorEvent)" signature="(Lorg/eclipse/actf/mediator/MediatorEvent;)V" type="org.eclipse.actf.visualization.presentation.ui.views.RoomView"/>
            <reference linenumber="-1" member="modelserviceInputChanged" origin="org.eclipse.actf.visualization.presentation.ui.views.RoomView.modelserviceInputChanged(MediatorEvent)" signature="(Lorg/eclipse/actf/mediator/MediatorEvent;)V" type="org.eclipse.actf.visualization.presentation.ui.views.RoomView"/>
        </reference_kind>
    </target>
</references>
