<?xml version="1.0" encoding="UTF-8" standalone="no"?>
<references name="Methods" origin="org.eclipse.birt.report.item.crosstab.ui (2.5.2.v20100127)" referee="org.eclipse.birt.core (2.5.2.v20100208)" reference_count="24" reference_visibility="1">
    <target member="createJSDataExpression" name="org.eclipse.birt.core.data.ExpressionUtil.createJSDataExpression(String)" signature="(Ljava/lang/String;)Ljava/lang/String;" type="org.eclipse.birt.core.data.ExpressionUtil">
        <reference_kind flags="0" kind="128" reference_kind_name="INVOKED_STATIC">
            <reference linenumber="652" member="getDatas" origin="org.eclipse.birt.report.item.crosstab.internal.ui.dialogs.CrosstabBindingDialogHelper.getDatas()" signature="()Ljava/util/List;" type="org.eclipse.birt.report.item.crosstab.internal.ui.dialogs.CrosstabBindingDialogHelper"/>
        <reference linenumber="1034" member="updateMemberValues" origin="org.eclipse.birt.report.item.crosstab.ui.views.dialogs.CrosstabSortKeyBuilder.updateMemberValues()" signature="()V" type="org.eclipse.birt.report.item.crosstab.ui.views.dialogs.CrosstabSortKeyBuilder"/>
        </reference_kind>
    </target>
<target member="getString" name="org.eclipse.birt.core.preference.IPreferences.getString(String)" signature="(Ljava/lang/String;)Ljava/lang/String;" type="org.eclipse.birt.core.preference.IPreferences">
        <reference_kind flags="0" kind="512" reference_kind_name="INTERFACE_METHOD">
            <reference linenumber="330" member="storePreference" origin="org.eclipse.birt.report.item.crosstab.internal.ui.dnd.DataColumnXTabDropAdapter.storePreference()" signature="()V" type="org.eclipse.birt.report.item.crosstab.internal.ui.dnd.DataColumnXTabDropAdapter"/>
        <reference linenumber="395" member="needRemoveInvaildBindings" origin="org.eclipse.birt.report.item.crosstab.internal.ui.editors.model.CrosstabAdaptUtil.needRemoveInvaildBindings(CrosstabReportItemHandle)" signature="(Lorg/eclipse/birt/report/item/crosstab/core/de/CrosstabReportItemHandle;)Z" type="org.eclipse.birt.report.item.crosstab.internal.ui.editors.model.CrosstabAdaptUtil"/>
        </reference_kind>
    </target>
    <target member="setValue" name="org.eclipse.birt.core.preference.IPreferences.setValue(String, String)" signature="(Ljava/lang/String;Ljava/lang/String;)V" type="org.eclipse.birt.core.preference.IPreferences">
        <reference_kind flags="0" kind="512" reference_kind_name="INTERFACE_METHOD">
            <reference linenumber="361" member="savePreference" origin="org.eclipse.birt.report.item.crosstab.internal.ui.dnd.DataColumnXTabDropAdapter.savePreference(String)" signature="(Ljava/lang/String;)V" type="org.eclipse.birt.report.item.crosstab.internal.ui.dnd.DataColumnXTabDropAdapter"/>
        <reference linenumber="421" member="needRemoveInvaildBindings" origin="org.eclipse.birt.report.item.crosstab.internal.ui.editors.model.CrosstabAdaptUtil.needRemoveInvaildBindings(CrosstabReportItemHandle)" signature="(Lorg/eclipse/birt/report/item/crosstab/core/de/CrosstabReportItemHandle;)Z" type="org.eclipse.birt.report.item.crosstab.internal.ui.editors.model.CrosstabAdaptUtil"/>
        </reference_kind>
    </target>
<target member="getMessage" name="org.eclipse.birt.core.exception.BirtException.getMessage()" signature="()Ljava/lang/String;" type="org.eclipse.birt.core.exception.BirtException">
        <reference_kind flags="0" kind="256" reference_kind_name="VIRTUAL_METHOD">
            <reference linenumber="482" member="removeInvalidBindings" origin="org.eclipse.birt.report.item.crosstab.internal.ui.editors.model.CrosstabAdaptUtil.removeInvalidBindings(CrosstabReportItemHandle)" signature="(Lorg/eclipse/birt/report/item/crosstab/core/de/CrosstabReportItemHandle;)V" type="org.eclipse.birt.report.item.crosstab.internal.ui.editors.model.CrosstabAdaptUtil"/>
        </reference_kind>
    </target>
    <target member="createJSDimensionExpression" name="org.eclipse.birt.core.data.ExpressionUtil.createJSDimensionExpression(String, String, String)" signature="(Ljava/lang/String;Ljava/lang/String;Ljava/lang/String;)Ljava/lang/String;" type="org.eclipse.birt.core.data.ExpressionUtil">
        <reference_kind flags="0" kind="128" reference_kind_name="INVOKED_STATIC">
            <reference linenumber="189" member="createColumnBindingAndDataItem" origin="org.eclipse.birt.report.item.crosstab.internal.ui.editors.model.CrosstabAdaptUtil.createColumnBindingAndDataItem(ReportItemHandle, LevelHandle)" signature="(Lorg/eclipse/birt/report/model/api/ReportItemHandle;Lorg/eclipse/birt/report/model/api/olap/LevelHandle;)Lorg/eclipse/birt/report/model/api/DataItemHandle;" type="org.eclipse.birt.report.item.crosstab.internal.ui.editors.model.CrosstabAdaptUtil"/>
            <reference linenumber="220" member="createColumnBindingAndDataItem" origin="org.eclipse.birt.report.item.crosstab.internal.ui.editors.model.CrosstabAdaptUtil.createColumnBindingAndDataItem(ReportItemHandle, LevelAttributeHandle)" signature="(Lorg/eclipse/birt/report/model/api/ReportItemHandle;Lorg/eclipse/birt/report/model/api/LevelAttributeHandle;)Lorg/eclipse/birt/report/model/api/DataItemHandle;" type="org.eclipse.birt.report.item.crosstab.internal.ui.editors.model.CrosstabAdaptUtil"/>
            <reference linenumber="132" member="createLevelDisplayComputedColumn" origin="org.eclipse.birt.report.item.crosstab.internal.ui.editors.model.CrosstabAdaptUtil.createLevelDisplayComputedColumn(ReportItemHandle, LevelHandle)" signature="(Lorg/eclipse/birt/report/model/api/ReportItemHandle;Lorg/eclipse/birt/report/model/api/olap/LevelHandle;)Lorg/eclipse/birt/report/model/api/elements/structures/ComputedColumn;" type="org.eclipse.birt.report.item.crosstab.internal.ui.editors.model.CrosstabAdaptUtil"/>
        <reference linenumber="223" member="createColumnBindingAndDataItemForSubTotal" origin="org.eclipse.birt.report.item.crosstab.internal.ui.util.CrosstabUIHelper.createColumnBindingAndDataItemForSubTotal(ReportItemHandle, LevelHandle)" signature="(Lorg/eclipse/birt/report/model/api/ReportItemHandle;Lorg/eclipse/birt/report/model/api/olap/LevelHandle;)Lorg/eclipse/birt/report/model/api/DataItemHandle;" type="org.eclipse.birt.report.item.crosstab.internal.ui.util.CrosstabUIHelper"/>
        </reference_kind>
    </target>
<target member="setDefault" name="org.eclipse.birt.core.preference.IPreferences.setDefault(String, String)" signature="(Ljava/lang/String;Ljava/lang/String;)V" type="org.eclipse.birt.core.preference.IPreferences">
        <reference_kind flags="0" kind="512" reference_kind_name="INTERFACE_METHOD">
            <reference linenumber="80" member="start" origin="org.eclipse.birt.report.item.crosstab.plugin.CrosstabPlugin.start(BundleContext)" signature="(Lorg/osgi/framework/BundleContext;)V" type="org.eclipse.birt.report.item.crosstab.plugin.CrosstabPlugin"/>
            <reference linenumber="84" member="start" origin="org.eclipse.birt.report.item.crosstab.plugin.CrosstabPlugin.start(BundleContext)" signature="(Lorg/osgi/framework/BundleContext;)V" type="org.eclipse.birt.report.item.crosstab.plugin.CrosstabPlugin"/>
        </reference_kind>
    </target>
    <target member="setDefault" name="org.eclipse.birt.core.preference.IPreferences.setDefault(String, int)" signature="(Ljava/lang/String;I)V" type="org.eclipse.birt.core.preference.IPreferences">
        <reference_kind flags="0" kind="512" reference_kind_name="INTERFACE_METHOD">
            <reference linenumber="77" member="start" origin="org.eclipse.birt.report.item.crosstab.plugin.CrosstabPlugin.start(BundleContext)" signature="(Lorg/osgi/framework/BundleContext;)V" type="org.eclipse.birt.report.item.crosstab.plugin.CrosstabPlugin"/>
        </reference_kind>
    </target>
<target member="getInt" name="org.eclipse.birt.core.preference.IPreferences.getInt(String)" signature="(Ljava/lang/String;)I" type="org.eclipse.birt.core.preference.IPreferences">
        <reference_kind flags="0" kind="512" reference_kind_name="INTERFACE_METHOD">
            <reference linenumber="111" member="getQueryList" origin="org.eclipse.birt.report.item.crosstab.ui.extension.CrosstabUseCubeQueryList.getQueryList(String, ExtendedItemHandle)" signature="(Ljava/lang/String;Lorg/eclipse/birt/report/model/api/ExtendedItemHandle;)Ljava/util/List;" type="org.eclipse.birt.report.item.crosstab.ui.extension.CrosstabUseCubeQueryList"/>
        <reference linenumber="539" member="getSelectMemberValueList" origin="org.eclipse.birt.report.item.crosstab.ui.views.attributes.widget.ExpressionValueCellEditor.getSelectMemberValueList()" signature="()Ljava/util/List;" type="org.eclipse.birt.report.item.crosstab.ui.views.attributes.widget.ExpressionValueCellEditor"/>
        <reference linenumber="2237" member="getSelectedValueList" origin="org.eclipse.birt.report.item.crosstab.ui.views.dialogs.CrosstabFilterConditionBuilder.getSelectedValueList()" signature="()Ljava/util/List;" type="org.eclipse.birt.report.item.crosstab.ui.views.dialogs.CrosstabFilterConditionBuilder"/>
            <reference linenumber="201" member="getSelectValueList" origin="org.eclipse.birt.report.item.crosstab.ui.views.dialogs.CrosstabMapRuleBuilder.getSelectValueList()" signature="()Ljava/util/List;" type="org.eclipse.birt.report.item.crosstab.ui.views.dialogs.CrosstabMapRuleBuilder"/>
            <reference linenumber="204" member="getSelectValueList" origin="org.eclipse.birt.report.item.crosstab.ui.views.dialogs.CrosstabHighlightRuleBuilder.getSelectValueList()" signature="()Ljava/util/List;" type="org.eclipse.birt.report.item.crosstab.ui.views.dialogs.CrosstabHighlightRuleBuilder"/>
        </reference_kind>
    </target>
<target member="createJSParameterValueExpression" name="org.eclipse.birt.core.data.ExpressionUtil.createJSParameterValueExpression(String)" signature="(Ljava/lang/String;)Ljava/lang/String;" type="org.eclipse.birt.core.data.ExpressionUtil">
        <reference_kind flags="0" kind="128" reference_kind_name="INVOKED_STATIC">
            <reference linenumber="257" member="widgetSelected" origin="org.eclipse.birt.report.item.crosstab.ui.views.attributes.widget.ExpressionValueCellEditor.5.widgetSelected(SelectionEvent)" signature="(Lorg/eclipse/swt/events/SelectionEvent;)V" type="org.eclipse.birt.report.item.crosstab.ui.views.attributes.widget.ExpressionValueCellEditor$5"/>
        </reference_kind>
    </target>
    <target member="createJSDimensionExpression" name="org.eclipse.birt.core.data.ExpressionUtil.createJSDimensionExpression(String, String)" signature="(Ljava/lang/String;Ljava/lang/String;)Ljava/lang/String;" type="org.eclipse.birt.core.data.ExpressionUtil">
        <reference_kind flags="0" kind="128" reference_kind_name="INVOKED_STATIC">
            <reference linenumber="506" member="getSelectMemberValueList" origin="org.eclipse.birt.report.item.crosstab.ui.views.attributes.widget.ExpressionValueCellEditor.getSelectMemberValueList()" signature="()Ljava/util/List;" type="org.eclipse.birt.report.item.crosstab.ui.views.attributes.widget.ExpressionValueCellEditor"/>
        <reference linenumber="1074" member="getReferableBindings" origin="org.eclipse.birt.report.item.crosstab.ui.views.dialogs.CrosstabSortKeyBuilder.getReferableBindings(LevelViewHandle)" signature="(Lorg/eclipse/birt/report/item/crosstab/core/de/LevelViewHandle;)Ljava/util/List;" type="org.eclipse.birt.report.item.crosstab.ui.views.dialogs.CrosstabSortKeyBuilder"/>
            <reference linenumber="1670" member="filterTargetChanged" origin="org.eclipse.birt.report.item.crosstab.ui.views.dialogs.CrosstabFilterConditionBuilder.filterTargetChanged()" signature="()V" type="org.eclipse.birt.report.item.crosstab.ui.views.dialogs.CrosstabFilterConditionBuilder"/>
            <reference linenumber="2823" member="getReferableBindings" origin="org.eclipse.birt.report.item.crosstab.ui.views.dialogs.CrosstabFilterConditionBuilder.getReferableBindings(Object)" signature="(Ljava/lang/Object;)Ljava/util/List;" type="org.eclipse.birt.report.item.crosstab.ui.views.dialogs.CrosstabFilterConditionBuilder"/>
        </reference_kind>
    </target>
</references>
