<?xml version="1.0" encoding="UTF-8" standalone="no"?>
<references name="Methods" origin="org.eclipse.birt.report.engine.emitter.wpml (2.5.2.v20091224)" referee="org.eclipse.birt.core (2.5.2.v20100208)" reference_count="5" reference_visibility="1">
    <target member="getMessage" name="org.eclipse.birt.core.i18n.ResourceHandle.getMessage(String)" signature="(Ljava/lang/String;)Ljava/lang/String;" type="org.eclipse.birt.core.i18n.ResourceHandle">
        <reference_kind flags="0" kind="256" reference_kind_name="VIRTUAL_METHOD">
            <reference linenumber="199" member="initialize" origin="org.eclipse.birt.report.engine.emitter.wpml.AbstractEmitterImpl.initialize(IEmitterServices)" signature="(Lorg/eclipse/birt/report/engine/emitter/IEmitterServices;)V" type="org.eclipse.birt.report.engine.emitter.wpml.AbstractEmitterImpl"/>
        </reference_kind>
    </target>
<target member="start" name="org.eclipse.birt.core.plugin.BIRTPlugin.start(BundleContext)" signature="(Lorg/osgi/framework/BundleContext;)V" type="org.eclipse.birt.core.plugin.BIRTPlugin">
        <reference_kind flags="0" kind="268435456" reference_kind_name="OVERRIDE">
            <reference linenumber="-1" member="start" origin="org.eclipse.birt.report.engine.emitter.wpml.plugin.WordemitterPlugin.start(BundleContext)" signature="(Lorg/osgi/framework/BundleContext;)V" type="org.eclipse.birt.report.engine.emitter.wpml.plugin.WordemitterPlugin"/>
        </reference_kind>
        <reference_kind flags="0" kind="1048576" reference_kind_name="INVOKED_SPECIAL">
            <reference linenumber="21" member="start" origin="org.eclipse.birt.report.engine.emitter.wpml.plugin.WordemitterPlugin.start(BundleContext)" signature="(Lorg/osgi/framework/BundleContext;)V" type="org.eclipse.birt.report.engine.emitter.wpml.plugin.WordemitterPlugin"/>
        </reference_kind>
    </target>
    <target member="&lt;init&gt;" name="org.eclipse.birt.core.plugin.BIRTPlugin.BIRTPlugin()" signature="()V" type="org.eclipse.birt.core.plugin.BIRTPlugin">
        <reference_kind flags="0" kind="536870912" reference_kind_name="SUPER_CONSTRUCTORMETHOD">
            <reference linenumber="17" member="&lt;init&gt;" origin="org.eclipse.birt.report.engine.emitter.wpml.plugin.WordemitterPlugin.WordemitterPlugin()" signature="()V" type="org.eclipse.birt.report.engine.emitter.wpml.plugin.WordemitterPlugin"/>
        </reference_kind>
        <reference_kind flags="0" kind="268435456" reference_kind_name="OVERRIDE">
            <reference linenumber="-1" member="&lt;init&gt;" origin="org.eclipse.birt.report.engine.emitter.wpml.plugin.WordemitterPlugin.WordemitterPlugin()" signature="()V" type="org.eclipse.birt.report.engine.emitter.wpml.plugin.WordemitterPlugin"/>
        </reference_kind>
    </target>
</references>
