<?xml version="1.0" encoding="UTF-8" standalone="no"?>
<references name="Types" origin="org.eclipse.birt.report.model.adapter.oda (2.5.2.v20091210)" referee="org.eclipse.birt.core (2.5.2.v20100208)" reference_count="9" reference_visibility="1">
    <target name="org.eclipse.birt.core.exception.BirtException" type="org.eclipse.birt.core.exception.BirtException">
        <reference_kind flags="0" kind="32" reference_kind_name="THROWS">
            <reference linenumber="-1" member="getUpdatedDataType" origin="org.eclipse.birt.report.model.adapter.oda.IODAFactory.getUpdatedDataType(String, String, int, String, String)" signature="(Ljava/lang/String;Ljava/lang/String;ILjava/lang/String;Ljava/lang/String;)Ljava/lang/String;" type="org.eclipse.birt.report.model.adapter.oda.IODAFactory"/>
        <reference linenumber="-1" member="isCompatible" origin="org.eclipse.birt.report.model.adapter.oda.impl.ODAFactory.isCompatible(String, String, int)" signature="(Ljava/lang/String;Ljava/lang/String;I)Z" type="org.eclipse.birt.report.model.adapter.oda.impl.ODAFactory"/>
            <reference linenumber="-1" member="getUpdatedDataType" origin="org.eclipse.birt.report.model.adapter.oda.impl.ODAFactory.getUpdatedDataType(String, String, int, String, String)" signature="(Ljava/lang/String;Ljava/lang/String;ILjava/lang/String;Ljava/lang/String;)Ljava/lang/String;" type="org.eclipse.birt.report.model.adapter.oda.impl.ODAFactory"/>
            <reference linenumber="-1" member="getUpdatedDataType" origin="org.eclipse.birt.report.model.adapter.oda.impl.NativeDataTypeUtil.getUpdatedDataType(String, String, int, String, String)" signature="(Ljava/lang/String;Ljava/lang/String;ILjava/lang/String;Ljava/lang/String;)Ljava/lang/String;" type="org.eclipse.birt.report.model.adapter.oda.impl.NativeDataTypeUtil"/>
        </reference_kind>
    <reference_kind flags="0" kind="131072" reference_kind_name="CATCHES_EXCEPTION">
            <reference linenumber="378" member="convertNativeTypeToROMDataType" origin="org.eclipse.birt.report.model.adapter.oda.impl.DataSetParameterUpdater.convertNativeTypeToROMDataType(String, String, int, String)" signature="(Ljava/lang/String;Ljava/lang/String;ILjava/lang/String;)Ljava/lang/String;" type="org.eclipse.birt.report.model.adapter.oda.impl.DataSetParameterUpdater"/>
            <reference linenumber="617" member="createROMFilterConditions" origin="org.eclipse.birt.report.model.adapter.oda.impl.ResultSetCriteriaAdapter.createROMFilterConditions(Map)" signature="(Ljava/util/Map;)V" type="org.eclipse.birt.report.model.adapter.oda.impl.ResultSetCriteriaAdapter"/>
            <reference linenumber="695" member="convertNativeTypeToROMDataType" origin="org.eclipse.birt.report.model.adapter.oda.impl.DataSetParameterAdapter.convertNativeTypeToROMDataType(String, String, int, String)" signature="(Ljava/lang/String;Ljava/lang/String;ILjava/lang/String;)Ljava/lang/String;" type="org.eclipse.birt.report.model.adapter.oda.impl.DataSetParameterAdapter"/>
            <reference linenumber="396" member="convertNativeTypeToROMDataType" origin="org.eclipse.birt.report.model.adapter.oda.impl.AdapterUtil.convertNativeTypeToROMDataType(String, String, int, String)" signature="(Ljava/lang/String;Ljava/lang/String;ILjava/lang/String;)Ljava/lang/String;" type="org.eclipse.birt.report.model.adapter.oda.impl.AdapterUtil"/>
        </reference_kind>
    </target>
<target name="org.eclipse.birt.core.plugin.BIRTPlugin" type="org.eclipse.birt.core.plugin.BIRTPlugin">
        <reference_kind flags="0" kind="1" reference_kind_name="EXTENDS">
            <reference linenumber="-1" origin="org.eclipse.birt.report.model.adapter.oda.plugin.ModelAdapterOdaPlugin" type="org.eclipse.birt.report.model.adapter.oda.plugin.ModelAdapterOdaPlugin"/>
        </reference_kind>
    </target>
</references>
