<?xml version="1.0" encoding="UTF-8" standalone="no"?>
<references name="Methods" origin="org.eclipse.jst.j2ee.ejb.annotations.xdoclet (1.2.0.v200805140020)" referee="org.eclipse.ant.core (3.2.101.v20091110_r352)" reference_count="4" reference_visibility="1">
    <target member="setBuildFileLocation" name="org.eclipse.ant.core.AntRunner.setBuildFileLocation(String)" signature="(Ljava/lang/String;)V" type="org.eclipse.ant.core.AntRunner">
        <reference_kind flags="0" kind="256" reference_kind_name="VIRTUAL_METHOD">
            <reference linenumber="133" member="runAnt" origin="org.eclipse.jst.j2ee.ejb.annotations.internal.xdoclet.util.AntLauncherUtility.runAnt(IPath, String[], Properties, IProgressMonitor)" signature="(Lorg/eclipse/core/runtime/IPath;[Ljava/lang/String;Ljava/util/Properties;Lorg/eclipse/core/runtime/IProgressMonitor;)V" type="org.eclipse.jst.j2ee.ejb.annotations.internal.xdoclet.util.AntLauncherUtility"/>
        </reference_kind>
    </target>
    <target member="&lt;init&gt;" name="org.eclipse.ant.core.AntRunner.AntRunner()" signature="()V" type="org.eclipse.ant.core.AntRunner">
        <reference_kind flags="0" kind="64" reference_kind_name="CONSTRUCTOR_METHOD">
            <reference linenumber="131" member="runAnt" origin="org.eclipse.jst.j2ee.ejb.annotations.internal.xdoclet.util.AntLauncherUtility.runAnt(IPath, String[], Properties, IProgressMonitor)" signature="(Lorg/eclipse/core/runtime/IPath;[Ljava/lang/String;Ljava/util/Properties;Lorg/eclipse/core/runtime/IProgressMonitor;)V" type="org.eclipse.jst.j2ee.ejb.annotations.internal.xdoclet.util.AntLauncherUtility"/>
        </reference_kind>
    </target>
    <target member="run" name="org.eclipse.ant.core.AntRunner.run(IProgressMonitor)" signature="(Lorg/eclipse/core/runtime/IProgressMonitor;)V" type="org.eclipse.ant.core.AntRunner">
        <reference_kind flags="0" kind="256" reference_kind_name="VIRTUAL_METHOD">
            <reference linenumber="135" member="runAnt" origin="org.eclipse.jst.j2ee.ejb.annotations.internal.xdoclet.util.AntLauncherUtility.runAnt(IPath, String[], Properties, IProgressMonitor)" signature="(Lorg/eclipse/core/runtime/IPath;[Ljava/lang/String;Ljava/util/Properties;Lorg/eclipse/core/runtime/IProgressMonitor;)V" type="org.eclipse.jst.j2ee.ejb.annotations.internal.xdoclet.util.AntLauncherUtility"/>
        </reference_kind>
    </target>
    <target member="setExecutionTargets" name="org.eclipse.ant.core.AntRunner.setExecutionTargets(String[])" signature="([Ljava/lang/String;)V" type="org.eclipse.ant.core.AntRunner">
        <reference_kind flags="0" kind="256" reference_kind_name="VIRTUAL_METHOD">
            <reference linenumber="134" member="runAnt" origin="org.eclipse.jst.j2ee.ejb.annotations.internal.xdoclet.util.AntLauncherUtility.runAnt(IPath, String[], Properties, IProgressMonitor)" signature="(Lorg/eclipse/core/runtime/IPath;[Ljava/lang/String;Ljava/util/Properties;Lorg/eclipse/core/runtime/IProgressMonitor;)V" type="org.eclipse.jst.j2ee.ejb.annotations.internal.xdoclet.util.AntLauncherUtility"/>
        </reference_kind>
    </target>
</references>
