<?xml version="1.0" encoding="UTF-8" standalone="no"?>
<references name="Methods" origin="org.eclipse.actf.visualization.engines.blind.html (0.7.2.R201002031025)" referee="org.eclipse.actf.core (0.7.2.R201002031025)" reference_count="6" reference_visibility="1">
    <target member="devOrDebugPrintln" name="org.eclipse.actf.util.logging.DebugPrintUtil.devOrDebugPrintln(Object)" signature="(Ljava/lang/Object;)V" type="org.eclipse.actf.util.logging.DebugPrintUtil">
        <reference_kind flags="0" kind="128" reference_kind_name="INVOKED_STATIC">
            <reference linenumber="-1" member="getExtensions" origin="org.eclipse.actf.visualization.engines.blind.html.ui.elementViewer.impl.ElementInfoProviderExtension.getExtensions()" signature="()[Lorg/eclipse/actf/visualization/engines/blind/html/ui/elementViewer/impl/ElementInfoProviderExtension;" type="org.eclipse.actf.visualization.engines.blind.html.ui.elementViewer.impl.ElementInfoProviderExtension"/>
        <reference linenumber="-1" member="calcWords" origin="org.eclipse.actf.visualization.internal.engines.blind.html.util.VisualizeColorUtil.calcWords()" signature="()I" type="org.eclipse.actf.visualization.internal.engines.blind.html.util.VisualizeColorUtil"/>
            <reference linenumber="-1" member="prepareActions" origin="org.eclipse.actf.visualization.internal.engines.blind.html.util.VisualizeViewUtil.prepareActions(Document, VisualizeMapDataImpl, String, boolean)" signature="(Lorg/w3c/dom/Document;Lorg/eclipse/actf/visualization/internal/engines/blind/html/util/VisualizeMapDataImpl;Ljava/lang/String;Z)Ljava/io/File;" type="org.eclipse.actf.visualization.internal.engines.blind.html.util.VisualizeViewUtil"/>
            <reference linenumber="-1" member="setColor" origin="org.eclipse.actf.visualization.internal.engines.blind.html.util.VisualizeColorUtil.setColor()" signature="()V" type="org.eclipse.actf.visualization.internal.engines.blind.html.util.VisualizeColorUtil"/>
        </reference_kind>
    </target>
<target member="newService" name="org.eclipse.actf.util.xpath.XPathServiceFactory.newService()" signature="()Lorg/eclipse/actf/util/xpath/XPathService;" type="org.eclipse.actf.util.xpath.XPathServiceFactory">
        <reference_kind flags="0" kind="128" reference_kind_name="INVOKED_STATIC">
            <reference linenumber="-1" member="visualizeError" origin="org.eclipse.actf.visualization.engines.blind.html.util.VisualizeReportUtil.visualizeError(Document, IProblemItem)" signature="(Lorg/w3c/dom/Document;Lorg/eclipse/actf/visualization/eval/problem/IProblemItem;)V" type="org.eclipse.actf.visualization.engines.blind.html.util.VisualizeReportUtil"/>
        </reference_kind>
    </target>
    <target member="evalPathForNodeList" name="org.eclipse.actf.util.xpath.XPathService.evalPathForNodeList(String, Node)" signature="(Ljava/lang/String;Lorg/w3c/dom/Node;)Lorg/w3c/dom/NodeList;" type="org.eclipse.actf.util.xpath.XPathService">
        <reference_kind flags="0" kind="256" reference_kind_name="VIRTUAL_METHOD">
            <reference linenumber="-1" member="visualizeError" origin="org.eclipse.actf.visualization.engines.blind.html.util.VisualizeReportUtil.visualizeError(Document, IProblemItem)" signature="(Lorg/w3c/dom/Document;Lorg/eclipse/actf/visualization/eval/problem/IProblemItem;)V" type="org.eclipse.actf.visualization.engines.blind.html.util.VisualizeReportUtil"/>
        </reference_kind>
    </target>
</references>
