<?xml version="1.0" encoding="UTF-8" standalone="no"?>
<references name="Types" origin="org.eclipse.actf.visualization.blind (0.7.2.R201002031025)" referee="org.eclipse.actf.ui (0.7.2.R201002031025)" reference_count="3" reference_visibility="1">
    <target name="org.eclipse.actf.ui.util.timer.WaitExecSyncEventListener" type="org.eclipse.actf.ui.util.timer.WaitExecSyncEventListener">
        <reference_kind flags="0" kind="134217728" reference_kind_name="INSTANTIATION">
            <reference linenumber="-1" member="doVisualize" origin="org.eclipse.actf.visualization.blind.ui.internal.PartControlBlind.doVisualize(boolean)" signature="(Z)I" type="org.eclipse.actf.visualization.blind.ui.internal.PartControlBlind"/>
        </reference_kind>
        <reference_kind flags="0" kind="4194304" reference_kind_name="DECLARED_PARAMETERIZED_FIELD">
            <reference linenumber="-1" member="eventhandlerHolder" origin="org.eclipse.actf.visualization.blind.ui.internal.PartControlBlind.eventhandlerHolder" type="org.eclipse.actf.visualization.blind.ui.internal.PartControlBlind"/>
        </reference_kind>
    </target>
<target name="org.eclipse.actf.ui.util.AbstractPartListener" type="org.eclipse.actf.ui.util.AbstractPartListener">
        <reference_kind flags="0" kind="1" reference_kind_name="EXTENDS">
            <reference linenumber="-1" origin="org.eclipse.actf.visualization.blind.ui.views.BlindView.1" type="org.eclipse.actf.visualization.blind.ui.views.BlindView$1"/>
        </reference_kind>
    </target>
</references>
