<?xml version="1.0" encoding="UTF-8" standalone="no"?>
<references name="Fields" origin="org.eclipse.birt.chart.reportitem.ui (2.5.2.v20100210)" referee="org.eclipse.birt.chart.engine (2.5.2.v20100209)" reference_count="16" reference_visibility="1">
    <target member="NUMERIC_LITERAL" name="org.eclipse.birt.chart.model.attribute.DataType.NUMERIC_LITERAL" type="org.eclipse.birt.chart.model.attribute.DataType">
        <reference_kind flags="0" kind="2048" reference_kind_name="GETS_STATIC_FIELD">
            <reference linenumber="1247" member="getDataType" origin="org.eclipse.birt.chart.reportitem.ui.ReportDataServiceProvider.getDataType(String)" signature="(Ljava/lang/String;)Lorg/eclipse/birt/chart/model/attribute/DataType;" type="org.eclipse.birt.chart.reportitem.ui.ReportDataServiceProvider"/>
            <reference linenumber="1365" member="findDataType" origin="org.eclipse.birt.chart.reportitem.ui.ReportDataServiceProvider.findDataType(String, ReportItemHandle)" signature="(Ljava/lang/String;Lorg/eclipse/birt/report/model/api/ReportItemHandle;)[Ljava/lang/Object;" type="org.eclipse.birt.chart.reportitem.ui.ReportDataServiceProvider"/>
        </reference_kind>
    </target>
    <target member="SOLID_LITERAL" name="org.eclipse.birt.chart.model.attribute.LineStyle.SOLID_LITERAL" type="org.eclipse.birt.chart.model.attribute.LineStyle">
        <reference_kind flags="0" kind="2048" reference_kind_name="GETS_STATIC_FIELD">
            <reference linenumber="378" member="maintainCompatibility" origin="org.eclipse.birt.chart.reportitem.ui.ChartReportItemBuilderImpl.maintainCompatibility(Chart)" signature="(Lorg/eclipse/birt/chart/model/Chart;)V" type="org.eclipse.birt.chart.reportitem.ui.ChartReportItemBuilderImpl"/>
        </reference_kind>
    </target>
    <target member="DATE_TIME_LITERAL" name="org.eclipse.birt.chart.model.attribute.DataType.DATE_TIME_LITERAL" type="org.eclipse.birt.chart.model.attribute.DataType">
        <reference_kind flags="0" kind="2048" reference_kind_name="GETS_STATIC_FIELD">
            <reference linenumber="1257" member="getDataType" origin="org.eclipse.birt.chart.reportitem.ui.ReportDataServiceProvider.getDataType(String)" signature="(Ljava/lang/String;)Lorg/eclipse/birt/chart/model/attribute/DataType;" type="org.eclipse.birt.chart.reportitem.ui.ReportDataServiceProvider"/>
            <reference linenumber="1373" member="findDataType" origin="org.eclipse.birt.chart.reportitem.ui.ReportDataServiceProvider.findDataType(String, ReportItemHandle)" signature="(Ljava/lang/String;Lorg/eclipse/birt/report/model/api/ReportItemHandle;)[Ljava/lang/Object;" type="org.eclipse.birt.chart.reportitem.ui.ReportDataServiceProvider"/>
        </reference_kind>
    </target>
    <target member="TEXT_LITERAL" name="org.eclipse.birt.chart.model.attribute.DataType.TEXT_LITERAL" type="org.eclipse.birt.chart.model.attribute.DataType">
        <reference_kind flags="0" kind="2048" reference_kind_name="GETS_STATIC_FIELD">
            <reference linenumber="1356" member="findDataType" origin="org.eclipse.birt.chart.reportitem.ui.ReportDataServiceProvider.findDataType(String, ReportItemHandle)" signature="(Ljava/lang/String;Lorg/eclipse/birt/report/model/api/ReportItemHandle;)[Ljava/lang/Object;" type="org.eclipse.birt.chart.reportitem.ui.ReportDataServiceProvider"/>
            <reference linenumber="1323" member="findDataType" origin="org.eclipse.birt.chart.reportitem.ui.ReportDataServiceProvider.findDataType(String, ReportItemHandle)" signature="(Ljava/lang/String;Lorg/eclipse/birt/report/model/api/ReportItemHandle;)[Ljava/lang/Object;" type="org.eclipse.birt.chart.reportitem.ui.ReportDataServiceProvider"/>
        </reference_kind>
    </target>
<target member="TEXT_LITERAL" name="org.eclipse.birt.chart.model.attribute.AxisType.TEXT_LITERAL" type="org.eclipse.birt.chart.model.attribute.AxisType">
        <reference_kind flags="0" kind="2048" reference_kind_name="GETS_STATIC_FIELD">
            <reference linenumber="128" member="run" origin="org.eclipse.birt.chart.reportitem.ui.actions.FlipAxisAction.run()" signature="()V" type="org.eclipse.birt.chart.reportitem.ui.actions.FlipAxisAction"/>
            <reference linenumber="141" member="run" origin="org.eclipse.birt.chart.reportitem.ui.actions.FlipAxisAction.run()" signature="()V" type="org.eclipse.birt.chart.reportitem.ui.actions.FlipAxisAction"/>
        </reference_kind>
    </target>
<target member="DATE_TIME_LITERAL" name="org.eclipse.birt.chart.model.attribute.AxisType.DATE_TIME_LITERAL" type="org.eclipse.birt.chart.model.attribute.AxisType">
        <reference_kind flags="0" kind="2048" reference_kind_name="GETS_STATIC_FIELD">
            <reference linenumber="255" member="createDefaultChart" origin="org.eclipse.birt.chart.reportitem.ui.views.provider.ChartAggregationCellViewProvider.createDefaultChart(SwitchCellInfo)" signature="(Lorg/eclipse/birt/report/item/crosstab/ui/extension/SwitchCellInfo;)Lorg/eclipse/birt/chart/model/ChartWithAxes;" type="org.eclipse.birt.chart.reportitem.ui.views.provider.ChartAggregationCellViewProvider"/>
        </reference_kind>
    </target>
    <target member="eINSTANCE" name="org.eclipse.birt.chart.model.data.DataFactory.eINSTANCE" type="org.eclipse.birt.chart.model.data.DataFactory">
        <reference_kind flags="0" kind="2048" reference_kind_name="GETS_STATIC_FIELD">
            <reference linenumber="268" member="createDefaultChart" origin="org.eclipse.birt.chart.reportitem.ui.views.provider.ChartAggregationCellViewProvider.createDefaultChart(SwitchCellInfo)" signature="(Lorg/eclipse/birt/report/item/crosstab/ui/extension/SwitchCellInfo;)Lorg/eclipse/birt/chart/model/ChartWithAxes;" type="org.eclipse.birt.chart.reportitem.ui.views.provider.ChartAggregationCellViewProvider"/>
            <reference linenumber="264" member="createDefaultChart" origin="org.eclipse.birt.chart.reportitem.ui.views.provider.ChartAggregationCellViewProvider.createDefaultChart(SwitchCellInfo)" signature="(Lorg/eclipse/birt/report/item/crosstab/ui/extension/SwitchCellInfo;)Lorg/eclipse/birt/chart/model/ChartWithAxes;" type="org.eclipse.birt.chart.reportitem.ui.views.provider.ChartAggregationCellViewProvider"/>
            <reference linenumber="86" member="createView" origin="org.eclipse.birt.chart.reportitem.ui.views.provider.ChartReportItemViewProvider.createView(DesignElementHandle)" signature="(Lorg/eclipse/birt/report/model/api/DesignElementHandle;)Lorg/eclipse/birt/report/model/api/DesignElementHandle;" type="org.eclipse.birt.chart.reportitem.ui.views.provider.ChartReportItemViewProvider"/>
            <reference linenumber="82" member="createView" origin="org.eclipse.birt.chart.reportitem.ui.views.provider.ChartReportItemViewProvider.createView(DesignElementHandle)" signature="(Lorg/eclipse/birt/report/model/api/DesignElementHandle;)Lorg/eclipse/birt/report/model/api/DesignElementHandle;" type="org.eclipse.birt.chart.reportitem.ui.views.provider.ChartReportItemViewProvider"/>
            <reference linenumber="273" member="createDefaultChart" origin="org.eclipse.birt.chart.reportitem.ui.views.provider.ChartAggregationCellViewProvider.createDefaultChart(SwitchCellInfo)" signature="(Lorg/eclipse/birt/report/item/crosstab/ui/extension/SwitchCellInfo;)Lorg/eclipse/birt/chart/model/ChartWithAxes;" type="org.eclipse.birt.chart.reportitem.ui.views.provider.ChartAggregationCellViewProvider"/>
            <reference linenumber="78" member="createView" origin="org.eclipse.birt.chart.reportitem.ui.views.provider.ChartReportItemViewProvider.createView(DesignElementHandle)" signature="(Lorg/eclipse/birt/report/model/api/DesignElementHandle;)Lorg/eclipse/birt/report/model/api/DesignElementHandle;" type="org.eclipse.birt.chart.reportitem.ui.views.provider.ChartReportItemViewProvider"/>
        </reference_kind>
    </target>
</references>
