<?xml version="1.0" encoding="UTF-8" standalone="no"?>
<references name="Methods" origin="org.eclipse.actf.model.ui.editors.ie (0.7.2.R201002031025)" referee="org.eclipse.actf.ui (0.7.2.R201002031025)" reference_count="8" reference_visibility="1">
    <target member="start" name="org.eclipse.actf.ui.util.AbstractUIPluginACTF.start(BundleContext)" signature="(Lorg/osgi/framework/BundleContext;)V" type="org.eclipse.actf.ui.util.AbstractUIPluginACTF">
        <reference_kind flags="0" kind="1048576" reference_kind_name="INVOKED_SPECIAL">
            <reference linenumber="-1" member="start" origin="org.eclipse.actf.model.internal.ui.editors.ie.BrowserIE_Plugin.start(BundleContext)" signature="(Lorg/osgi/framework/BundleContext;)V" type="org.eclipse.actf.model.internal.ui.editors.ie.BrowserIE_Plugin"/>
        </reference_kind>
        <reference_kind flags="0" kind="268435456" reference_kind_name="OVERRIDE">
            <reference linenumber="-1" member="start" origin="org.eclipse.actf.model.internal.ui.editors.ie.BrowserIE_Plugin.start(BundleContext)" signature="(Lorg/osgi/framework/BundleContext;)V" type="org.eclipse.actf.model.internal.ui.editors.ie.BrowserIE_Plugin"/>
        </reference_kind>
    </target>
    <target member="createTempFile" name="org.eclipse.actf.ui.util.AbstractUIPluginACTF.createTempFile(String, String)" signature="(Ljava/lang/String;Ljava/lang/String;)Ljava/io/File;" type="org.eclipse.actf.ui.util.AbstractUIPluginACTF">
        <reference_kind flags="0" kind="256" reference_kind_name="VIRTUAL_METHOD">
            <reference linenumber="-1" member="getDocument" origin="org.eclipse.actf.model.internal.ui.editors.ie.WebBrowserIEImpl.getDocument()" signature="()Lorg/w3c/dom/Document;" type="org.eclipse.actf.model.internal.ui.editors.ie.WebBrowserIEImpl"/>
        </reference_kind>
    </target>
    <target member="stop" name="org.eclipse.actf.ui.util.AbstractUIPluginACTF.stop(BundleContext)" signature="(Lorg/osgi/framework/BundleContext;)V" type="org.eclipse.actf.ui.util.AbstractUIPluginACTF">
        <reference_kind flags="0" kind="1048576" reference_kind_name="INVOKED_SPECIAL">
            <reference linenumber="-1" member="stop" origin="org.eclipse.actf.model.internal.ui.editors.ie.BrowserIE_Plugin.stop(BundleContext)" signature="(Lorg/osgi/framework/BundleContext;)V" type="org.eclipse.actf.model.internal.ui.editors.ie.BrowserIE_Plugin"/>
        </reference_kind>
        <reference_kind flags="0" kind="268435456" reference_kind_name="OVERRIDE">
            <reference linenumber="-1" member="stop" origin="org.eclipse.actf.model.internal.ui.editors.ie.BrowserIE_Plugin.stop(BundleContext)" signature="(Lorg/osgi/framework/BundleContext;)V" type="org.eclipse.actf.model.internal.ui.editors.ie.BrowserIE_Plugin"/>
        </reference_kind>
    </target>
    <target member="&lt;init&gt;" name="org.eclipse.actf.ui.util.AbstractUIPluginACTF.AbstractUIPluginACTF()" signature="()V" type="org.eclipse.actf.ui.util.AbstractUIPluginACTF">
        <reference_kind flags="0" kind="536870912" reference_kind_name="SUPER_CONSTRUCTORMETHOD">
            <reference linenumber="-1" member="&lt;init&gt;" origin="org.eclipse.actf.model.internal.ui.editors.ie.BrowserIE_Plugin.BrowserIE_Plugin()" signature="()V" type="org.eclipse.actf.model.internal.ui.editors.ie.BrowserIE_Plugin"/>
        </reference_kind>
        <reference_kind flags="0" kind="268435456" reference_kind_name="OVERRIDE">
            <reference linenumber="-1" member="&lt;init&gt;" origin="org.eclipse.actf.model.internal.ui.editors.ie.BrowserIE_Plugin.BrowserIE_Plugin()" signature="()V" type="org.eclipse.actf.model.internal.ui.editors.ie.BrowserIE_Plugin"/>
        </reference_kind>
    </target>
<target member="getActivePage" name="org.eclipse.actf.ui.util.PlatformUIUtil.getActivePage()" signature="()Lorg/eclipse/ui/IWorkbenchPage;" type="org.eclipse.actf.ui.util.PlatformUIUtil">
        <reference_kind flags="0" kind="128" reference_kind_name="INVOKED_STATIC">
            <reference linenumber="-1" member="windowClosed" origin="org.eclipse.actf.model.ui.editors.ie.WebBrowserEditor.2.windowClosed()" signature="()V" type="org.eclipse.actf.model.ui.editors.ie.WebBrowserEditor$2"/>
        </reference_kind>
    </target>
</references>
