<?xml version="1.0" encoding="UTF-8" standalone="no"?>
<references name="Methods" origin="org.eclipse.birt.chart.ui (2.5.2.v20100209)" referee="org.eclipse.birt.core.ui (2.5.2.v20091217)" reference_count="43" reference_visibility="1">
    <target member="removeException" name="org.eclipse.birt.core.ui.frameworks.taskwizard.WizardBase.removeException()" signature="()V" type="org.eclipse.birt.core.ui.frameworks.taskwizard.WizardBase">
        <reference_kind flags="0" kind="128" reference_kind_name="INVOKED_STATIC">
            <reference linenumber="517" member="createDummyTable" origin="org.eclipse.birt.chart.ui.swt.CustomPreviewTable.createDummyTable()" signature="()V" type="org.eclipse.birt.chart.ui.swt.CustomPreviewTable"/>
        <reference linenumber="385" member="run" origin="org.eclipse.birt.chart.ui.swt.wizard.ChartWizard.4.run()" signature="()V" type="org.eclipse.birt.chart.ui.swt.wizard.ChartWizard$4"/>
            <reference linenumber="325" member="run" origin="org.eclipse.birt.chart.ui.swt.wizard.ChartWizard.2.run()" signature="()V" type="org.eclipse.birt.chart.ui.swt.wizard.ChartWizard$2"/>
        </reference_kind>
    </target>
    <target member="displayException" name="org.eclipse.birt.core.ui.frameworks.taskwizard.WizardBase.displayException(Throwable)" signature="(Ljava/lang/Throwable;)V" type="org.eclipse.birt.core.ui.frameworks.taskwizard.WizardBase">
        <reference_kind flags="0" kind="128" reference_kind_name="INVOKED_STATIC">
            <reference linenumber="156" member="handleEvent" origin="org.eclipse.birt.chart.ui.swt.ExprEditComposite.handleEvent(Event)" signature="(Lorg/eclipse/swt/widgets/Event;)V" type="org.eclipse.birt.chart.ui.swt.ExprEditComposite"/>
        </reference_kind>
    </target>
<target member="getDialog" name="org.eclipse.birt.core.ui.frameworks.taskwizard.WizardBase.getDialog()" signature="()Lorg/eclipse/birt/core/ui/frameworks/taskwizard/BirtTitleAreaDialog;" type="org.eclipse.birt.core.ui.frameworks.taskwizard.WizardBase">
        <reference_kind flags="0" kind="256" reference_kind_name="VIRTUAL_METHOD">
            <reference linenumber="246" member="updateTitleAsEdit" origin="org.eclipse.birt.chart.ui.swt.wizard.ChartWizard.updateTitleAsEdit()" signature="()V" type="org.eclipse.birt.chart.ui.swt.wizard.ChartWizard"/>
        </reference_kind>
    </target>
    <target member="validate" name="org.eclipse.birt.core.ui.frameworks.taskwizard.WizardBase.validate()" signature="()[Ljava/lang/String;" type="org.eclipse.birt.core.ui.frameworks.taskwizard.WizardBase">
        <reference_kind flags="0" kind="268435456" reference_kind_name="OVERRIDE">
            <reference linenumber="-1" member="validate" origin="org.eclipse.birt.chart.ui.swt.wizard.ChartWizard.validate()" signature="()[Ljava/lang/String;" type="org.eclipse.birt.chart.ui.swt.wizard.ChartWizard"/>
        </reference_kind>
    </target>
    <target member="getWizardID" name="org.eclipse.birt.core.ui.frameworks.taskwizard.interfaces.IWizardContext.getWizardID()" signature="()Ljava/lang/String;" type="org.eclipse.birt.core.ui.frameworks.taskwizard.interfaces.IWizardContext">
        <reference_kind flags="0" kind="512" reference_kind_name="INTERFACE_METHOD">
            <reference linenumber="231" member="open" origin="org.eclipse.birt.chart.ui.swt.wizard.ChartWizard.open(String[], String, IWizardContext)" signature="([Ljava/lang/String;Ljava/lang/String;Lorg/eclipse/birt/core/ui/frameworks/taskwizard/interfaces/IWizardContext;)Lorg/eclipse/birt/core/ui/frameworks/taskwizard/interfaces/IWizardContext;" type="org.eclipse.birt.chart.ui.swt.wizard.ChartWizard"/>
        </reference_kind>
    </target>
    <target member="&lt;init&gt;" name="org.eclipse.birt.core.ui.frameworks.taskwizard.WizardBase.WizardBase()" signature="()V" type="org.eclipse.birt.core.ui.frameworks.taskwizard.WizardBase">
        <reference_kind flags="0" kind="268435456" reference_kind_name="OVERRIDE">
            <reference linenumber="-1" member="&lt;init&gt;" origin="org.eclipse.birt.chart.ui.swt.wizard.ChartWizard.ChartWizard()" signature="()V" type="org.eclipse.birt.chart.ui.swt.wizard.ChartWizard"/>
        </reference_kind>
    </target>
    <target member="switchTo" name="org.eclipse.birt.core.ui.frameworks.taskwizard.WizardBase.switchTo(String)" signature="(Ljava/lang/String;)V" type="org.eclipse.birt.core.ui.frameworks.taskwizard.WizardBase">
        <reference_kind flags="0" kind="268435456" reference_kind_name="OVERRIDE">
            <reference linenumber="-1" member="switchTo" origin="org.eclipse.birt.chart.ui.swt.wizard.ChartWizard.switchTo(String)" signature="(Ljava/lang/String;)V" type="org.eclipse.birt.chart.ui.swt.wizard.ChartWizard"/>
        </reference_kind>
        <reference_kind flags="0" kind="1048576" reference_kind_name="INVOKED_SPECIAL">
            <reference linenumber="280" member="switchTo" origin="org.eclipse.birt.chart.ui.swt.wizard.ChartWizard.switchTo(String)" signature="(Ljava/lang/String;)V" type="org.eclipse.birt.chart.ui.swt.wizard.ChartWizard"/>
        </reference_kind>
    </target>
    <target member="addTask" name="org.eclipse.birt.core.ui.frameworks.taskwizard.WizardBase.addTask(String)" signature="(Ljava/lang/String;)V" type="org.eclipse.birt.core.ui.frameworks.taskwizard.WizardBase">
        <reference_kind flags="0" kind="1048576" reference_kind_name="INVOKED_SPECIAL">
            <reference linenumber="131" member="addTask" origin="org.eclipse.birt.chart.ui.swt.wizard.ChartWizard.addTask(String)" signature="(Ljava/lang/String;)V" type="org.eclipse.birt.chart.ui.swt.wizard.ChartWizard"/>
        </reference_kind>
        <reference_kind flags="0" kind="268435456" reference_kind_name="OVERRIDE">
            <reference linenumber="-1" member="addTask" origin="org.eclipse.birt.chart.ui.swt.wizard.ChartWizard.addTask(String)" signature="(Ljava/lang/String;)V" type="org.eclipse.birt.chart.ui.swt.wizard.ChartWizard"/>
        </reference_kind>
    </target>
    <target member="dispose" name="org.eclipse.birt.core.ui.frameworks.taskwizard.WizardBase.dispose()" signature="()V" type="org.eclipse.birt.core.ui.frameworks.taskwizard.WizardBase">
        <reference_kind flags="0" kind="268435456" reference_kind_name="OVERRIDE">
            <reference linenumber="-1" member="dispose" origin="org.eclipse.birt.chart.ui.swt.wizard.ChartWizard.dispose()" signature="()V" type="org.eclipse.birt.chart.ui.swt.wizard.ChartWizard"/>
        </reference_kind>
        <reference_kind flags="0" kind="1048576" reference_kind_name="INVOKED_SPECIAL">
            <reference linenumber="179" member="dispose" origin="org.eclipse.birt.chart.ui.swt.wizard.ChartWizard.dispose()" signature="()V" type="org.eclipse.birt.chart.ui.swt.wizard.ChartWizard"/>
        </reference_kind>
    </target>
    <target member="getCustomButtons" name="org.eclipse.birt.core.ui.frameworks.taskwizard.WizardBase.getCustomButtons()" signature="()Ljava/util/List;" type="org.eclipse.birt.core.ui.frameworks.taskwizard.WizardBase">
        <reference_kind flags="0" kind="256" reference_kind_name="VIRTUAL_METHOD">
            <reference linenumber="256" member="updateApplyButton" origin="org.eclipse.birt.chart.ui.swt.wizard.ChartWizard.updateApplyButton()" signature="()V" type="org.eclipse.birt.chart.ui.swt.wizard.ChartWizard"/>
        </reference_kind>
    </target>
    <target member="showException" name="org.eclipse.birt.core.ui.frameworks.taskwizard.WizardBase.showException(String)" signature="(Ljava/lang/String;)V" type="org.eclipse.birt.core.ui.frameworks.taskwizard.WizardBase">
        <reference_kind flags="0" kind="128" reference_kind_name="INVOKED_STATIC">
            <reference linenumber="346" member="run" origin="org.eclipse.birt.chart.ui.swt.wizard.ChartWizard.3.run()" signature="()V" type="org.eclipse.birt.chart.ui.swt.wizard.ChartWizard$3"/>
            <reference linenumber="302" member="run" origin="org.eclipse.birt.chart.ui.swt.wizard.ChartWizard.1.run()" signature="()V" type="org.eclipse.birt.chart.ui.swt.wizard.ChartWizard$1"/>
            <reference linenumber="402" member="run" origin="org.eclipse.birt.chart.ui.swt.wizard.ChartWizard.5.run()" signature="()V" type="org.eclipse.birt.chart.ui.swt.wizard.ChartWizard$5"/>
        </reference_kind>
    </target>
    <target member="setWizardClosedWhenEnterPressed" name="org.eclipse.birt.core.ui.frameworks.taskwizard.WizardBase.setWizardClosedWhenEnterPressed(boolean)" signature="(Z)V" type="org.eclipse.birt.core.ui.frameworks.taskwizard.WizardBase">
        <reference_kind flags="0" kind="256" reference_kind_name="VIRTUAL_METHOD">
            <reference linenumber="125" member="&lt;init&gt;" origin="org.eclipse.birt.chart.ui.swt.wizard.ChartWizard.ChartWizard(Shell, String, int, int, String, Image, String, Image)" signature="(Lorg/eclipse/swt/widgets/Shell;Ljava/lang/String;IILjava/lang/String;Lorg/eclipse/swt/graphics/Image;Ljava/lang/String;Lorg/eclipse/swt/graphics/Image;)V" type="org.eclipse.birt.chart.ui.swt.wizard.ChartWizard"/>
        </reference_kind>
    </target>
    <target member="getTask" name="org.eclipse.birt.core.ui.frameworks.taskwizard.TasksManager.getTask(String)" signature="(Ljava/lang/String;)Lorg/eclipse/birt/core/ui/frameworks/taskwizard/interfaces/ITask;" type="org.eclipse.birt.core.ui.frameworks.taskwizard.TasksManager">
        <reference_kind flags="0" kind="256" reference_kind_name="VIRTUAL_METHOD">
            <reference linenumber="132" member="addTask" origin="org.eclipse.birt.chart.ui.swt.wizard.ChartWizard.addTask(String)" signature="(Ljava/lang/String;)V" type="org.eclipse.birt.chart.ui.swt.wizard.ChartWizard"/>
        </reference_kind>
    </target>
    <target member="isEclipseMode" name="org.eclipse.birt.core.ui.utils.UIHelper.isEclipseMode()" signature="()Z" type="org.eclipse.birt.core.ui.utils.UIHelper">
        <reference_kind flags="0" kind="128" reference_kind_name="INVOKED_STATIC">
            <reference linenumber="125" member="initUISheetExtensions" origin="org.eclipse.birt.chart.ui.swt.wizard.ChartUIExtensionsImpl.initUISheetExtensions(String)" signature="(Ljava/lang/String;)V" type="org.eclipse.birt.chart.ui.swt.wizard.ChartUIExtensionsImpl"/>
            <reference linenumber="246" member="initUIChartTypeExtensions" origin="org.eclipse.birt.chart.ui.swt.wizard.ChartUIExtensionsImpl.initUIChartTypeExtensions(String)" signature="(Ljava/lang/String;)V" type="org.eclipse.birt.chart.ui.swt.wizard.ChartUIExtensionsImpl"/>
            <reference linenumber="418" member="initSeriesUIComponents" origin="org.eclipse.birt.chart.ui.swt.wizard.ChartUIExtensionsImpl.initSeriesUIComponents(String)" signature="(Ljava/lang/String;)V" type="org.eclipse.birt.chart.ui.swt.wizard.ChartUIExtensionsImpl"/>
            <reference linenumber="346" member="getUIListeners" origin="org.eclipse.birt.chart.ui.swt.wizard.ChartUIExtensionsImpl.getUIListeners()" signature="()Ljava/util/Collection;" type="org.eclipse.birt.chart.ui.swt.wizard.ChartUIExtensionsImpl"/>
        <reference linenumber="192" member="isEclipseMode" origin="org.eclipse.birt.chart.ui.util.UIHelper.isEclipseMode()" signature="()Z" type="org.eclipse.birt.chart.ui.util.UIHelper"/>
        </reference_kind>
    </target>
    <target member="detachPopup" name="org.eclipse.birt.core.ui.frameworks.taskwizard.WizardBase.detachPopup()" signature="()V" type="org.eclipse.birt.core.ui.frameworks.taskwizard.WizardBase">
        <reference_kind flags="0" kind="268435456" reference_kind_name="OVERRIDE">
            <reference linenumber="-1" member="detachPopup" origin="org.eclipse.birt.chart.ui.swt.wizard.ChartWizard.detachPopup()" signature="()V" type="org.eclipse.birt.chart.ui.swt.wizard.ChartWizard"/>
        </reference_kind>
        <reference_kind flags="0" kind="1048576" reference_kind_name="INVOKED_SPECIAL">
            <reference linenumber="273" member="detachPopup" origin="org.eclipse.birt.chart.ui.swt.wizard.ChartWizard.detachPopup()" signature="()V" type="org.eclipse.birt.chart.ui.swt.wizard.ChartWizard"/>
        </reference_kind>
    </target>
    <target member="getErrors" name="org.eclipse.birt.core.ui.frameworks.taskwizard.WizardBase.getErrors()" signature="()Ljava/lang/String;" type="org.eclipse.birt.core.ui.frameworks.taskwizard.WizardBase">
        <reference_kind flags="0" kind="128" reference_kind_name="INVOKED_STATIC">
            <reference linenumber="338" member="removeException" origin="org.eclipse.birt.chart.ui.swt.wizard.ChartWizard.removeException(String)" signature="(Ljava/lang/String;)V" type="org.eclipse.birt.chart.ui.swt.wizard.ChartWizard"/>
            <reference linenumber="318" member="removeException" origin="org.eclipse.birt.chart.ui.swt.wizard.ChartWizard.removeException(String)" signature="(Ljava/lang/String;)V" type="org.eclipse.birt.chart.ui.swt.wizard.ChartWizard"/>
            <reference linenumber="394" member="removeAllExceptions" origin="org.eclipse.birt.chart.ui.swt.wizard.ChartWizard.removeAllExceptions(String)" signature="(Ljava/lang/String;)V" type="org.eclipse.birt.chart.ui.swt.wizard.ChartWizard"/>
            <reference linenumber="379" member="removeAllExceptions" origin="org.eclipse.birt.chart.ui.swt.wizard.ChartWizard.removeAllExceptions(String)" signature="(Ljava/lang/String;)V" type="org.eclipse.birt.chart.ui.swt.wizard.ChartWizard"/>
        </reference_kind>
    </target>
    <target member="open" name="org.eclipse.birt.core.ui.frameworks.taskwizard.WizardBase.open(String[], String, IWizardContext)" signature="([Ljava/lang/String;Ljava/lang/String;Lorg/eclipse/birt/core/ui/frameworks/taskwizard/interfaces/IWizardContext;)Lorg/eclipse/birt/core/ui/frameworks/taskwizard/interfaces/IWizardContext;" type="org.eclipse.birt.core.ui.frameworks.taskwizard.WizardBase">
        <reference_kind flags="0" kind="1048576" reference_kind_name="INVOKED_SPECIAL">
            <reference linenumber="234" member="open" origin="org.eclipse.birt.chart.ui.swt.wizard.ChartWizard.open(String[], String, IWizardContext)" signature="([Ljava/lang/String;Ljava/lang/String;Lorg/eclipse/birt/core/ui/frameworks/taskwizard/interfaces/IWizardContext;)Lorg/eclipse/birt/core/ui/frameworks/taskwizard/interfaces/IWizardContext;" type="org.eclipse.birt.chart.ui.swt.wizard.ChartWizard"/>
        </reference_kind>
        <reference_kind flags="0" kind="268435456" reference_kind_name="OVERRIDE">
            <reference linenumber="-1" member="open" origin="org.eclipse.birt.chart.ui.swt.wizard.ChartWizard.open(String[], String, IWizardContext)" signature="([Ljava/lang/String;Ljava/lang/String;Lorg/eclipse/birt/core/ui/frameworks/taskwizard/interfaces/IWizardContext;)Lorg/eclipse/birt/core/ui/frameworks/taskwizard/interfaces/IWizardContext;" type="org.eclipse.birt.chart.ui.swt.wizard.ChartWizard"/>
        </reference_kind>
    </target>
    <target member="getTitle" name="org.eclipse.birt.core.ui.frameworks.taskwizard.WizardBase.getTitle()" signature="()Ljava/lang/String;" type="org.eclipse.birt.core.ui.frameworks.taskwizard.WizardBase">
        <reference_kind flags="0" kind="256" reference_kind_name="VIRTUAL_METHOD">
            <reference linenumber="243" member="updateTitleAsEdit" origin="org.eclipse.birt.chart.ui.swt.wizard.ChartWizard.updateTitleAsEdit()" signature="()V" type="org.eclipse.birt.chart.ui.swt.wizard.ChartWizard"/>
        </reference_kind>
    </target>
    <target member="&lt;init&gt;" name="org.eclipse.birt.core.ui.frameworks.taskwizard.WizardBase.WizardBase(Shell, String, int, int, String, Image, String, Image)" signature="(Lorg/eclipse/swt/widgets/Shell;Ljava/lang/String;IILjava/lang/String;Lorg/eclipse/swt/graphics/Image;Ljava/lang/String;Lorg/eclipse/swt/graphics/Image;)V" type="org.eclipse.birt.core.ui.frameworks.taskwizard.WizardBase">
        <reference_kind flags="0" kind="268435456" reference_kind_name="OVERRIDE">
            <reference linenumber="-1" member="&lt;init&gt;" origin="org.eclipse.birt.chart.ui.swt.wizard.ChartWizard.ChartWizard(Shell, String, int, int, String, Image, String, Image)" signature="(Lorg/eclipse/swt/widgets/Shell;Ljava/lang/String;IILjava/lang/String;Lorg/eclipse/swt/graphics/Image;Ljava/lang/String;Lorg/eclipse/swt/graphics/Image;)V" type="org.eclipse.birt.chart.ui.swt.wizard.ChartWizard"/>
        </reference_kind>
        <reference_kind flags="0" kind="536870912" reference_kind_name="SUPER_CONSTRUCTORMETHOD">
            <reference linenumber="124" member="&lt;init&gt;" origin="org.eclipse.birt.chart.ui.swt.wizard.ChartWizard.ChartWizard(Shell, String, int, int, String, Image, String, Image)" signature="(Lorg/eclipse/swt/widgets/Shell;Ljava/lang/String;IILjava/lang/String;Lorg/eclipse/swt/graphics/Image;Ljava/lang/String;Lorg/eclipse/swt/graphics/Image;)V" type="org.eclipse.birt.chart.ui.swt.wizard.ChartWizard"/>
        </reference_kind>
    </target>
    <target member="setTitle" name="org.eclipse.birt.core.ui.frameworks.taskwizard.WizardBase.setTitle(String)" signature="(Ljava/lang/String;)V" type="org.eclipse.birt.core.ui.frameworks.taskwizard.WizardBase">
        <reference_kind flags="0" kind="256" reference_kind_name="VIRTUAL_METHOD">
            <reference linenumber="218" member="open" origin="org.eclipse.birt.chart.ui.swt.wizard.ChartWizard.open(String[], String, IWizardContext)" signature="([Ljava/lang/String;Ljava/lang/String;Lorg/eclipse/birt/core/ui/frameworks/taskwizard/interfaces/IWizardContext;)Lorg/eclipse/birt/core/ui/frameworks/taskwizard/interfaces/IWizardContext;" type="org.eclipse.birt.chart.ui.swt.wizard.ChartWizard"/>
            <reference linenumber="245" member="updateTitleAsEdit" origin="org.eclipse.birt.chart.ui.swt.wizard.ChartWizard.updateTitleAsEdit()" signature="()V" type="org.eclipse.birt.chart.ui.swt.wizard.ChartWizard"/>
            <reference linenumber="214" member="open" origin="org.eclipse.birt.chart.ui.swt.wizard.ChartWizard.open(String[], String, IWizardContext)" signature="([Ljava/lang/String;Ljava/lang/String;Lorg/eclipse/birt/core/ui/frameworks/taskwizard/interfaces/IWizardContext;)Lorg/eclipse/birt/core/ui/frameworks/taskwizard/interfaces/IWizardContext;" type="org.eclipse.birt.chart.ui.swt.wizard.ChartWizard"/>
        </reference_kind>
    </target>
    <target member="instance" name="org.eclipse.birt.core.ui.frameworks.taskwizard.TasksManager.instance()" signature="()Lorg/eclipse/birt/core/ui/frameworks/taskwizard/TasksManager;" type="org.eclipse.birt.core.ui.frameworks.taskwizard.TasksManager">
        <reference_kind flags="0" kind="128" reference_kind_name="INVOKED_STATIC">
            <reference linenumber="132" member="addTask" origin="org.eclipse.birt.chart.ui.swt.wizard.ChartWizard.addTask(String)" signature="(Ljava/lang/String;)V" type="org.eclipse.birt.chart.ui.swt.wizard.ChartWizard"/>
        </reference_kind>
    </target>
    <target member="getCurrentTask" name="org.eclipse.birt.core.ui.frameworks.taskwizard.WizardBase.getCurrentTask()" signature="()Lorg/eclipse/birt/core/ui/frameworks/taskwizard/interfaces/ITask;" type="org.eclipse.birt.core.ui.frameworks.taskwizard.WizardBase">
        <reference_kind flags="0" kind="256" reference_kind_name="VIRTUAL_METHOD">
            <reference linenumber="77" member="notifyChanged" origin="org.eclipse.birt.chart.ui.swt.wizard.ChartAdapter.notifyChanged(Notification)" signature="(Lorg/eclipse/emf/common/notify/Notification;)V" type="org.eclipse.birt.chart.ui.swt.wizard.ChartAdapter"/>
            <reference linenumber="76" member="notifyChanged" origin="org.eclipse.birt.chart.ui.swt.wizard.ChartAdapter.notifyChanged(Notification)" signature="(Lorg/eclipse/emf/common/notify/Notification;)V" type="org.eclipse.birt.chart.ui.swt.wizard.ChartAdapter"/>
        </reference_kind>
    </target>
<target member="centerOnScreen" name="org.eclipse.birt.core.ui.utils.UIHelper.centerOnScreen(Shell)" signature="(Lorg/eclipse/swt/widgets/Shell;)V" type="org.eclipse.birt.core.ui.utils.UIHelper">
        <reference_kind flags="0" kind="128" reference_kind_name="INVOKED_STATIC">
            <reference linenumber="79" member="centerOnScreen" origin="org.eclipse.birt.chart.ui.util.UIHelper.centerOnScreen(Shell)" signature="(Lorg/eclipse/swt/widgets/Shell;)V" type="org.eclipse.birt.chart.ui.util.UIHelper"/>
        </reference_kind>
    </target>
</references>
