<?xml version="1.0" encoding="UTF-8" standalone="no"?>
<references name="Methods" origin="org.eclipse.actf.visualization.lowvision (0.7.2.R201002031025)" referee="org.eclipse.actf.model.dom.html (0.7.2.R201002031025)" reference_count="3" reference_visibility="1">
    <target member="createHTMLParser" name="org.eclipse.actf.model.dom.html.HTMLParserFactory.createHTMLParser()" signature="()Lorg/eclipse/actf/model/dom/html/IHTMLParser;" type="org.eclipse.actf.model.dom.html.HTMLParserFactory">
        <reference_kind flags="0" kind="128" reference_kind_name="INVOKED_STATIC">
            <reference linenumber="-1" member="frameAnalyze" origin="org.eclipse.actf.visualization.lowvision.util.LowVisionUtil.frameAnalyze(IWebBrowserACTF)" signature="(Lorg/eclipse/actf/model/ui/editor/browser/IWebBrowserACTF;)[Ljava/lang/String;" type="org.eclipse.actf.visualization.lowvision.util.LowVisionUtil"/>
        </reference_kind>
    </target>
    <target member="parse" name="org.eclipse.actf.model.dom.html.IHTMLParser.parse(InputStream)" signature="(Ljava/io/InputStream;)Lorg/w3c/dom/Node;" type="org.eclipse.actf.model.dom.html.IHTMLParser">
        <reference_kind flags="0" kind="512" reference_kind_name="INTERFACE_METHOD">
            <reference linenumber="-1" member="frameAnalyze" origin="org.eclipse.actf.visualization.lowvision.util.LowVisionUtil.frameAnalyze(IWebBrowserACTF)" signature="(Lorg/eclipse/actf/model/ui/editor/browser/IWebBrowserACTF;)[Ljava/lang/String;" type="org.eclipse.actf.visualization.lowvision.util.LowVisionUtil"/>
        </reference_kind>
    </target>
    <target member="getDocument" name="org.eclipse.actf.model.dom.html.IParser.getDocument()" signature="()Lorg/w3c/dom/Document;" type="org.eclipse.actf.model.dom.html.IParser">
        <reference_kind flags="0" kind="512" reference_kind_name="INTERFACE_METHOD">
            <reference linenumber="-1" member="frameAnalyze" origin="org.eclipse.actf.visualization.lowvision.util.LowVisionUtil.frameAnalyze(IWebBrowserACTF)" signature="(Lorg/eclipse/actf/model/ui/editor/browser/IWebBrowserACTF;)[Ljava/lang/String;" type="org.eclipse.actf.visualization.lowvision.util.LowVisionUtil"/>
        </reference_kind>
    </target>
</references>
