<?xml version="1.0" encoding="UTF-8" standalone="no"?>
<references name="Types" origin="org.eclipse.acceleo.ide.ui (0.8.1.v200909161003)" referee="org.eclipse.acceleo.model (0.8.1.v200909161003)" reference_count="82" reference_visibility="1">
    <target name="org.eclipse.acceleo.model.mtl.TypedModel" type="org.eclipse.acceleo.model.mtl.TypedModel">
        <reference_kind flags="0" kind="262144" reference_kind_name="CASTS">
            <reference linenumber="134" member="run" origin="org.eclipse.acceleo.internal.ide.ui.builders.runner.CreateRunnableAcceleoOperation.run(IProgressMonitor)" signature="(Lorg/eclipse/core/runtime/IProgressMonitor;)V" type="org.eclipse.acceleo.internal.ide.ui.builders.runner.CreateRunnableAcceleoOperation"/>
        </reference_kind>
        <reference_kind flags="0" kind="16777216" reference_kind_name="DECLARED_PARAMETERIZED_VARIABLE">
            <reference linenumber="132" member="run" origin="org.eclipse.acceleo.internal.ide.ui.builders.runner.CreateRunnableAcceleoOperation.run(IProgressMonitor)" signature="(Lorg/eclipse/core/runtime/IProgressMonitor;)V" type="org.eclipse.acceleo.internal.ide.ui.builders.runner.CreateRunnableAcceleoOperation"/>
        </reference_kind>
    <reference_kind flags="0" kind="524288" reference_kind_name="INSTANCEOF">
            <reference linenumber="57" member="getImage" origin="org.eclipse.acceleo.internal.ide.ui.editors.template.actions.references.ReferenceLabelProvider.getImage(Object)" signature="(Ljava/lang/Object;)Lorg/eclipse/swt/graphics/Image;" type="org.eclipse.acceleo.internal.ide.ui.editors.template.actions.references.ReferenceLabelProvider"/>
        </reference_kind>
    </target>
    <target name="org.eclipse.acceleo.model.mtl.Module" type="org.eclipse.acceleo.model.mtl.Module">
        <reference_kind flags="0" kind="524288" reference_kind_name="INSTANCEOF">
            <reference linenumber="131" member="run" origin="org.eclipse.acceleo.internal.ide.ui.builders.runner.CreateRunnableAcceleoOperation.run(IProgressMonitor)" signature="(Lorg/eclipse/core/runtime/IProgressMonitor;)V" type="org.eclipse.acceleo.internal.ide.ui.builders.runner.CreateRunnableAcceleoOperation"/>
        <reference linenumber="227" member="getInputOutputAcceleoFiles" origin="org.eclipse.acceleo.internal.ide.ui.debug.core.AcceleoDebugger.getInputOutputAcceleoFiles(IProject, ResourceSet)" signature="(Lorg/eclipse/core/resources/IProject;Lorg/eclipse/emf/ecore/resource/ResourceSet;)Ljava/util/Map;" type="org.eclipse.acceleo.internal.ide.ui.debug.core.AcceleoDebugger"/>
        <reference linenumber="866" member="getModule" origin="org.eclipse.acceleo.internal.ide.ui.editors.template.AcceleoSourceContent.getModule(ResourceSet, URI)" signature="(Lorg/eclipse/emf/ecore/resource/ResourceSet;Lorg/eclipse/emf/common/util/URI;)Lorg/eclipse/acceleo/model/mtl/Module;" type="org.eclipse.acceleo.internal.ide.ui.editors.template.AcceleoSourceContent"/>
        <reference linenumber="175" member="findReferencesForFile" origin="org.eclipse.acceleo.internal.ide.ui.editors.template.actions.references.ReferencesSearchQuery.findReferencesForFile()" signature="()V" type="org.eclipse.acceleo.internal.ide.ui.editors.template.actions.references.ReferencesSearchQuery"/>
            <reference linenumber="57" member="getImage" origin="org.eclipse.acceleo.internal.ide.ui.editors.template.actions.references.ReferenceLabelProvider.getImage(Object)" signature="(Ljava/lang/Object;)Lorg/eclipse/swt/graphics/Image;" type="org.eclipse.acceleo.internal.ide.ui.editors.template.actions.references.ReferenceLabelProvider"/>
        <reference linenumber="242" member="showEObject" origin="org.eclipse.acceleo.internal.ide.ui.editors.template.utils.OpenDeclarationUtils.showEObject(IWorkbenchPage, URI, IRegion, EObject)" signature="(Lorg/eclipse/ui/IWorkbenchPage;Lorg/eclipse/emf/common/util/URI;Lorg/eclipse/jface/text/IRegion;Lorg/eclipse/emf/ecore/EObject;)V" type="org.eclipse.acceleo.internal.ide.ui.editors.template.utils.OpenDeclarationUtils"/>
            <reference linenumber="230" member="showEObject" origin="org.eclipse.acceleo.internal.ide.ui.editors.template.utils.OpenDeclarationUtils.showEObject(IWorkbenchPage, URI, IRegion, EObject)" signature="(Lorg/eclipse/ui/IWorkbenchPage;Lorg/eclipse/emf/common/util/URI;Lorg/eclipse/jface/text/IRegion;Lorg/eclipse/emf/ecore/EObject;)V" type="org.eclipse.acceleo.internal.ide.ui.editors.template.utils.OpenDeclarationUtils"/>
        </reference_kind>
        <reference_kind flags="0" kind="262144" reference_kind_name="CASTS">
            <reference linenumber="132" member="run" origin="org.eclipse.acceleo.internal.ide.ui.builders.runner.CreateRunnableAcceleoOperation.run(IProgressMonitor)" signature="(Lorg/eclipse/core/runtime/IProgressMonitor;)V" type="org.eclipse.acceleo.internal.ide.ui.builders.runner.CreateRunnableAcceleoOperation"/>
        <reference linenumber="165" member="init" origin="org.eclipse.acceleo.internal.ide.ui.debug.core.AcceleoDebugger.init(IProject)" signature="(Lorg/eclipse/core/resources/IProject;)V" type="org.eclipse.acceleo.internal.ide.ui.debug.core.AcceleoDebugger"/>
            <reference linenumber="228" member="getInputOutputAcceleoFiles" origin="org.eclipse.acceleo.internal.ide.ui.debug.core.AcceleoDebugger.getInputOutputAcceleoFiles(IProject, ResourceSet)" signature="(Lorg/eclipse/core/resources/IProject;Lorg/eclipse/emf/ecore/resource/ResourceSet;)Ljava/util/Map;" type="org.eclipse.acceleo.internal.ide.ui.debug.core.AcceleoDebugger"/>
        <reference linenumber="891" member="getTypes" origin="org.eclipse.acceleo.internal.ide.ui.editors.template.AcceleoSourceContent.getTypes()" signature="()Ljava/util/List;" type="org.eclipse.acceleo.internal.ide.ui.editors.template.AcceleoSourceContent"/>
            <reference linenumber="628" member="getSyntaxHelp" origin="org.eclipse.acceleo.internal.ide.ui.editors.template.AcceleoSourceContent.getSyntaxHelp(String, int)" signature="(Ljava/lang/String;I)Ljava/util/Collection;" type="org.eclipse.acceleo.internal.ide.ui.editors.template.AcceleoSourceContent"/>
            <reference linenumber="867" member="getModule" origin="org.eclipse.acceleo.internal.ide.ui.editors.template.AcceleoSourceContent.getModule(ResourceSet, URI)" signature="(Lorg/eclipse/emf/ecore/resource/ResourceSet;Lorg/eclipse/emf/common/util/URI;)Lorg/eclipse/acceleo/model/mtl/Module;" type="org.eclipse.acceleo.internal.ide.ui.editors.template.AcceleoSourceContent"/>
        <reference linenumber="176" member="findReferencesForFile" origin="org.eclipse.acceleo.internal.ide.ui.editors.template.actions.references.ReferencesSearchQuery.findReferencesForFile()" signature="()V" type="org.eclipse.acceleo.internal.ide.ui.editors.template.actions.references.ReferencesSearchQuery"/>
        <reference linenumber="170" member="findDeclarationFromCST" origin="org.eclipse.acceleo.internal.ide.ui.editors.template.utils.OpenDeclarationUtils.findDeclarationFromCST(AcceleoEditor, ASTNode, CSTNode)" signature="(Lorg/eclipse/acceleo/internal/ide/ui/editors/template/AcceleoEditor;Lorg/eclipse/ocl/utilities/ASTNode;Lorg/eclipse/acceleo/parser/cst/CSTNode;)Lorg/eclipse/emf/ecore/EObject;" type="org.eclipse.acceleo.internal.ide.ui.editors.template.utils.OpenDeclarationUtils"/>
            <reference linenumber="181" member="findDeclarationFromCST" origin="org.eclipse.acceleo.internal.ide.ui.editors.template.utils.OpenDeclarationUtils.findDeclarationFromCST(AcceleoEditor, ASTNode, CSTNode)" signature="(Lorg/eclipse/acceleo/internal/ide/ui/editors/template/AcceleoEditor;Lorg/eclipse/ocl/utilities/ASTNode;Lorg/eclipse/acceleo/parser/cst/CSTNode;)Lorg/eclipse/emf/ecore/EObject;" type="org.eclipse.acceleo.internal.ide.ui.editors.template.utils.OpenDeclarationUtils"/>
        </reference_kind>
    <reference_kind flags="0" kind="16777216" reference_kind_name="DECLARED_PARAMETERIZED_VARIABLE">
            <reference linenumber="162" member="init" origin="org.eclipse.acceleo.internal.ide.ui.debug.core.AcceleoDebugger.init(IProject)" signature="(Lorg/eclipse/core/resources/IProject;)V" type="org.eclipse.acceleo.internal.ide.ui.debug.core.AcceleoDebugger"/>
            <reference linenumber="213" member="getInputOutputAcceleoFiles" origin="org.eclipse.acceleo.internal.ide.ui.debug.core.AcceleoDebugger.getInputOutputAcceleoFiles(IProject, ResourceSet)" signature="(Lorg/eclipse/core/resources/IProject;Lorg/eclipse/emf/ecore/resource/ResourceSet;)Ljava/util/Map;" type="org.eclipse.acceleo.internal.ide.ui.debug.core.AcceleoDebugger"/>
            <reference linenumber="160" member="init" origin="org.eclipse.acceleo.internal.ide.ui.debug.core.AcceleoDebugger.init(IProject)" signature="(Lorg/eclipse/core/resources/IProject;)V" type="org.eclipse.acceleo.internal.ide.ui.debug.core.AcceleoDebugger"/>
            <reference linenumber="156" member="init" origin="org.eclipse.acceleo.internal.ide.ui.debug.core.AcceleoDebugger.init(IProject)" signature="(Lorg/eclipse/core/resources/IProject;)V" type="org.eclipse.acceleo.internal.ide.ui.debug.core.AcceleoDebugger"/>
        <reference linenumber="168" member="findDeclarationFromCST" origin="org.eclipse.acceleo.internal.ide.ui.editors.template.utils.OpenDeclarationUtils.findDeclarationFromCST(AcceleoEditor, ASTNode, CSTNode)" signature="(Lorg/eclipse/acceleo/internal/ide/ui/editors/template/AcceleoEditor;Lorg/eclipse/ocl/utilities/ASTNode;Lorg/eclipse/acceleo/parser/cst/CSTNode;)Lorg/eclipse/emf/ecore/EObject;" type="org.eclipse.acceleo.internal.ide.ui.editors.template.utils.OpenDeclarationUtils"/>
            <reference linenumber="179" member="findDeclarationFromCST" origin="org.eclipse.acceleo.internal.ide.ui.editors.template.utils.OpenDeclarationUtils.findDeclarationFromCST(AcceleoEditor, ASTNode, CSTNode)" signature="(Lorg/eclipse/acceleo/internal/ide/ui/editors/template/AcceleoEditor;Lorg/eclipse/ocl/utilities/ASTNode;Lorg/eclipse/acceleo/parser/cst/CSTNode;)Lorg/eclipse/emf/ecore/EObject;" type="org.eclipse.acceleo.internal.ide.ui.editors.template.utils.OpenDeclarationUtils"/>
        </reference_kind>
        <reference_kind flags="0" kind="8388608" reference_kind_name="DECLARED_PARAMETERIZED_METHOD">
            <reference linenumber="-1" member="getInputOutputAcceleoFiles" origin="org.eclipse.acceleo.internal.ide.ui.debug.core.AcceleoDebugger.getInputOutputAcceleoFiles(IProject, ResourceSet)" signature="(Lorg/eclipse/core/resources/IProject;Lorg/eclipse/emf/ecore/resource/ResourceSet;)Ljava/util/Map;" type="org.eclipse.acceleo.internal.ide.ui.debug.core.AcceleoDebugger"/>
        </reference_kind>
        <reference_kind flags="0" kind="33554432" reference_kind_name="LOCAL_VAR_DECLARED">
            <reference linenumber="165" member="init" origin="org.eclipse.acceleo.internal.ide.ui.debug.core.AcceleoDebugger.init(IProject)" signature="(Lorg/eclipse/core/resources/IProject;)V" type="org.eclipse.acceleo.internal.ide.ui.debug.core.AcceleoDebugger"/>
        <reference linenumber="811" member="loadImportsDependencies" origin="org.eclipse.acceleo.internal.ide.ui.editors.template.AcceleoSourceContent.loadImportsDependencies(Module, List)" signature="(Lorg/eclipse/acceleo/model/mtl/Module;Ljava/util/List;)V" type="org.eclipse.acceleo.internal.ide.ui.editors.template.AcceleoSourceContent"/>
            <reference linenumber="970" member="getASTNode" origin="org.eclipse.acceleo.internal.ide.ui.editors.template.AcceleoSourceContent.getASTNode(int, int)" signature="(II)Lorg/eclipse/ocl/utilities/ASTNode;" type="org.eclipse.acceleo.internal.ide.ui.editors.template.AcceleoSourceContent"/>
            <reference linenumber="840" member="loadExtendsDependencies" origin="org.eclipse.acceleo.internal.ide.ui.editors.template.AcceleoSourceContent.loadExtendsDependencies(Module, List)" signature="(Lorg/eclipse/acceleo/model/mtl/Module;Ljava/util/List;)V" type="org.eclipse.acceleo.internal.ide.ui.editors.template.AcceleoSourceContent"/>
            <reference linenumber="883" member="getTypes" origin="org.eclipse.acceleo.internal.ide.ui.editors.template.AcceleoSourceContent.getTypes()" signature="()Ljava/util/List;" type="org.eclipse.acceleo.internal.ide.ui.editors.template.AcceleoSourceContent"/>
        <reference linenumber="170" member="findDeclarationFromCST" origin="org.eclipse.acceleo.internal.ide.ui.editors.template.utils.OpenDeclarationUtils.findDeclarationFromCST(AcceleoEditor, ASTNode, CSTNode)" signature="(Lorg/eclipse/acceleo/internal/ide/ui/editors/template/AcceleoEditor;Lorg/eclipse/ocl/utilities/ASTNode;Lorg/eclipse/acceleo/parser/cst/CSTNode;)Lorg/eclipse/emf/ecore/EObject;" type="org.eclipse.acceleo.internal.ide.ui.editors.template.utils.OpenDeclarationUtils"/>
            <reference linenumber="387" member="selectAndReveal" origin="org.eclipse.acceleo.internal.ide.ui.editors.template.utils.OpenDeclarationUtils.selectAndReveal(IEditorPart, IRegion, EObject)" signature="(Lorg/eclipse/ui/IEditorPart;Lorg/eclipse/jface/text/IRegion;Lorg/eclipse/emf/ecore/EObject;)V" type="org.eclipse.acceleo.internal.ide.ui.editors.template.utils.OpenDeclarationUtils"/>
            <reference linenumber="181" member="findDeclarationFromCST" origin="org.eclipse.acceleo.internal.ide.ui.editors.template.utils.OpenDeclarationUtils.findDeclarationFromCST(AcceleoEditor, ASTNode, CSTNode)" signature="(Lorg/eclipse/acceleo/internal/ide/ui/editors/template/AcceleoEditor;Lorg/eclipse/ocl/utilities/ASTNode;Lorg/eclipse/acceleo/parser/cst/CSTNode;)Lorg/eclipse/emf/ecore/EObject;" type="org.eclipse.acceleo.internal.ide.ui.editors.template.utils.OpenDeclarationUtils"/>
        </reference_kind>
    <reference_kind flags="0" kind="8" reference_kind_name="RETURN_TYPE">
            <reference linenumber="-1" member="getAST" origin="org.eclipse.acceleo.internal.ide.ui.editors.template.AcceleoSourceContent.getAST()" signature="()Lorg/eclipse/acceleo/model/mtl/Module;" type="org.eclipse.acceleo.internal.ide.ui.editors.template.AcceleoSourceContent"/>
            <reference linenumber="-1" member="getModule" origin="org.eclipse.acceleo.internal.ide.ui.editors.template.AcceleoSourceContent.getModule(ResourceSet, URI)" signature="(Lorg/eclipse/emf/ecore/resource/ResourceSet;Lorg/eclipse/emf/common/util/URI;)Lorg/eclipse/acceleo/model/mtl/Module;" type="org.eclipse.acceleo.internal.ide.ui.editors.template.AcceleoSourceContent"/>
        </reference_kind>
        <reference_kind flags="0" kind="16" reference_kind_name="PARAMETER">
            <reference linenumber="-1" member="loadImportsDependencies" origin="org.eclipse.acceleo.internal.ide.ui.editors.template.AcceleoSourceContent.loadImportsDependencies(Module, List)" signature="(Lorg/eclipse/acceleo/model/mtl/Module;Ljava/util/List;)V" type="org.eclipse.acceleo.internal.ide.ui.editors.template.AcceleoSourceContent"/>
            <reference linenumber="-1" member="loadExtendsDependencies" origin="org.eclipse.acceleo.internal.ide.ui.editors.template.AcceleoSourceContent.loadExtendsDependencies(Module, List)" signature="(Lorg/eclipse/acceleo/model/mtl/Module;Ljava/util/List;)V" type="org.eclipse.acceleo.internal.ide.ui.editors.template.AcceleoSourceContent"/>
        <reference linenumber="-1" member="scanModuleForDeclaration" origin="org.eclipse.acceleo.internal.ide.ui.editors.template.actions.references.ReferencesSearchQuery.scanModuleForDeclaration(Module)" signature="(Lorg/eclipse/acceleo/model/mtl/Module;)V" type="org.eclipse.acceleo.internal.ide.ui.editors.template.actions.references.ReferencesSearchQuery"/>
            <reference linenumber="-1" member="scanModuleForDeclaration" origin="org.eclipse.acceleo.internal.ide.ui.editors.template.actions.references.ReferencesSearchQuery.scanModuleForDeclaration(IFile, StringBuffer, Module)" signature="(Lorg/eclipse/core/resources/IFile;Ljava/lang/StringBuffer;Lorg/eclipse/acceleo/model/mtl/Module;)V" type="org.eclipse.acceleo.internal.ide.ui.editors.template.actions.references.ReferencesSearchQuery"/>
        </reference_kind>
    </target>
    <target name="org.eclipse.acceleo.model.mtl.Template" type="org.eclipse.acceleo.model.mtl.Template">
        <reference_kind flags="0" kind="524288" reference_kind_name="INSTANCEOF">
            <reference linenumber="246" member="computesMainTemplateNames" origin="org.eclipse.acceleo.internal.ide.ui.builders.runner.CreateRunnableAcceleoOperation.computesMainTemplateNames(List, EObject)" signature="(Ljava/util/List;Lorg/eclipse/emf/ecore/EObject;)V" type="org.eclipse.acceleo.internal.ide.ui.builders.runner.CreateRunnableAcceleoOperation"/>
        <reference linenumber="364" member="addOCLOperationChoice" origin="org.eclipse.acceleo.internal.ide.ui.editors.template.AcceleoCompletionProcessor.addOCLOperationChoice(List, Choice, String, Set)" signature="(Ljava/util/List;Lorg/eclipse/ocl/helper/Choice;Ljava/lang/String;Ljava/util/Set;)V" type="org.eclipse.acceleo.internal.ide.ui.editors.template.AcceleoCompletionProcessor"/>
        <reference linenumber="189" member="findDeclarationFromCST" origin="org.eclipse.acceleo.internal.ide.ui.editors.template.utils.OpenDeclarationUtils.findDeclarationFromCST(AcceleoEditor, ASTNode, CSTNode)" signature="(Lorg/eclipse/acceleo/internal/ide/ui/editors/template/AcceleoEditor;Lorg/eclipse/ocl/utilities/ASTNode;Lorg/eclipse/acceleo/parser/cst/CSTNode;)Lorg/eclipse/emf/ecore/EObject;" type="org.eclipse.acceleo.internal.ide.ui.editors.template.utils.OpenDeclarationUtils"/>
        </reference_kind>
        <reference_kind flags="0" kind="262144" reference_kind_name="CASTS">
            <reference linenumber="247" member="computesMainTemplateNames" origin="org.eclipse.acceleo.internal.ide.ui.builders.runner.CreateRunnableAcceleoOperation.computesMainTemplateNames(List, EObject)" signature="(Ljava/util/List;Lorg/eclipse/emf/ecore/EObject;)V" type="org.eclipse.acceleo.internal.ide.ui.builders.runner.CreateRunnableAcceleoOperation"/>
        <reference linenumber="192" member="findDeclarationFromCST" origin="org.eclipse.acceleo.internal.ide.ui.editors.template.utils.OpenDeclarationUtils.findDeclarationFromCST(AcceleoEditor, ASTNode, CSTNode)" signature="(Lorg/eclipse/acceleo/internal/ide/ui/editors/template/AcceleoEditor;Lorg/eclipse/ocl/utilities/ASTNode;Lorg/eclipse/acceleo/parser/cst/CSTNode;)Lorg/eclipse/emf/ecore/EObject;" type="org.eclipse.acceleo.internal.ide.ui.editors.template.utils.OpenDeclarationUtils"/>
            <reference linenumber="190" member="findDeclarationFromCST" origin="org.eclipse.acceleo.internal.ide.ui.editors.template.utils.OpenDeclarationUtils.findDeclarationFromCST(AcceleoEditor, ASTNode, CSTNode)" signature="(Lorg/eclipse/acceleo/internal/ide/ui/editors/template/AcceleoEditor;Lorg/eclipse/ocl/utilities/ASTNode;Lorg/eclipse/acceleo/parser/cst/CSTNode;)Lorg/eclipse/emf/ecore/EObject;" type="org.eclipse.acceleo.internal.ide.ui.editors.template.utils.OpenDeclarationUtils"/>
        </reference_kind>
    <reference_kind flags="0" kind="33554432" reference_kind_name="LOCAL_VAR_DECLARED">
            <reference linenumber="122" member="findDeclarationFromAST" origin="org.eclipse.acceleo.internal.ide.ui.editors.template.utils.OpenDeclarationUtils.findDeclarationFromAST(ASTNode)" signature="(Lorg/eclipse/ocl/utilities/ASTNode;)Lorg/eclipse/emf/ecore/EObject;" type="org.eclipse.acceleo.internal.ide.ui.editors.template.utils.OpenDeclarationUtils"/>
            <reference linenumber="192" member="findDeclarationFromCST" origin="org.eclipse.acceleo.internal.ide.ui.editors.template.utils.OpenDeclarationUtils.findDeclarationFromCST(AcceleoEditor, ASTNode, CSTNode)" signature="(Lorg/eclipse/acceleo/internal/ide/ui/editors/template/AcceleoEditor;Lorg/eclipse/ocl/utilities/ASTNode;Lorg/eclipse/acceleo/parser/cst/CSTNode;)Lorg/eclipse/emf/ecore/EObject;" type="org.eclipse.acceleo.internal.ide.ui.editors.template.utils.OpenDeclarationUtils"/>
        </reference_kind>
        <reference_kind flags="0" kind="16777216" reference_kind_name="DECLARED_PARAMETERIZED_VARIABLE">
            <reference linenumber="190" member="findDeclarationFromCST" origin="org.eclipse.acceleo.internal.ide.ui.editors.template.utils.OpenDeclarationUtils.findDeclarationFromCST(AcceleoEditor, ASTNode, CSTNode)" signature="(Lorg/eclipse/acceleo/internal/ide/ui/editors/template/AcceleoEditor;Lorg/eclipse/ocl/utilities/ASTNode;Lorg/eclipse/acceleo/parser/cst/CSTNode;)Lorg/eclipse/emf/ecore/EObject;" type="org.eclipse.acceleo.internal.ide.ui.editors.template.utils.OpenDeclarationUtils"/>
        </reference_kind>
    </target>
<target name="org.eclipse.acceleo.model.mtl.ModuleElement" type="org.eclipse.acceleo.model.mtl.ModuleElement">
        <reference_kind flags="0" kind="4" reference_kind_name="DECLARED_FIELD">
            <reference linenumber="-1" member="acceleoElement" origin="org.eclipse.acceleo.internal.ide.ui.editors.template.AcceleoCompletionChoice.acceleoElement" type="org.eclipse.acceleo.internal.ide.ui.editors.template.AcceleoCompletionChoice"/>
        </reference_kind>
        <reference_kind flags="0" kind="33554432" reference_kind_name="LOCAL_VAR_DECLARED">
            <reference linenumber="709" member="order" origin="org.eclipse.acceleo.internal.ide.ui.editors.template.AcceleoSourceContent.order(Collection, OCLParser)" signature="(Ljava/util/Collection;Lorg/eclipse/acceleo/internal/parser/ast/ocl/OCLParser;)Ljava/util/Collection;" type="org.eclipse.acceleo.internal.ide.ui.editors.template.AcceleoSourceContent"/>
        <reference linenumber="92" member="createRegion" origin="org.eclipse.acceleo.internal.ide.ui.editors.template.utils.OpenDeclarationUtils.createRegion(EObject)" signature="(Lorg/eclipse/emf/ecore/EObject;)Lorg/eclipse/jface/text/IRegion;" type="org.eclipse.acceleo.internal.ide.ui.editors.template.utils.OpenDeclarationUtils"/>
        <reference linenumber="107" member="toString" origin="org.eclipse.acceleo.internal.ide.ui.views.result.TraceabilityRegion.toString()" signature="()Ljava/lang/String;" type="org.eclipse.acceleo.internal.ide.ui.views.result.TraceabilityRegion"/>
        </reference_kind>
        <reference_kind flags="0" kind="8" reference_kind_name="RETURN_TYPE">
            <reference linenumber="-1" member="getAcceleoElement" origin="org.eclipse.acceleo.internal.ide.ui.editors.template.AcceleoCompletionChoice.getAcceleoElement()" signature="()Lorg/eclipse/acceleo/model/mtl/ModuleElement;" type="org.eclipse.acceleo.internal.ide.ui.editors.template.AcceleoCompletionChoice"/>
        <reference linenumber="-1" member="getModuleElement" origin="org.eclipse.acceleo.internal.ide.ui.views.result.TraceabilityRegion.getModuleElement(EObject)" signature="(Lorg/eclipse/emf/ecore/EObject;)Lorg/eclipse/acceleo/model/mtl/ModuleElement;" type="org.eclipse.acceleo.internal.ide.ui.views.result.TraceabilityRegion"/>
        </reference_kind>
        <reference_kind flags="0" kind="16" reference_kind_name="PARAMETER">
            <reference linenumber="-1" member="&lt;init&gt;" origin="org.eclipse.acceleo.internal.ide.ui.editors.template.AcceleoCompletionChoice.AcceleoCompletionChoice(Choice, ModuleElement)" signature="(Lorg/eclipse/ocl/helper/Choice;Lorg/eclipse/acceleo/model/mtl/ModuleElement;)V" type="org.eclipse.acceleo.internal.ide.ui.editors.template.AcceleoCompletionChoice"/>
        </reference_kind>
    <reference_kind flags="0" kind="524288" reference_kind_name="INSTANCEOF">
            <reference linenumber="276" member="isMatching" origin="org.eclipse.acceleo.internal.ide.ui.editors.template.actions.references.ReferencesSearchQuery.isMatching(EObject, EObject)" signature="(Lorg/eclipse/emf/ecore/EObject;Lorg/eclipse/emf/ecore/EObject;)Z" type="org.eclipse.acceleo.internal.ide.ui.editors.template.actions.references.ReferencesSearchQuery"/>
            <reference linenumber="56" member="getImage" origin="org.eclipse.acceleo.internal.ide.ui.editors.template.actions.references.ReferenceLabelProvider.getImage(Object)" signature="(Ljava/lang/Object;)Lorg/eclipse/swt/graphics/Image;" type="org.eclipse.acceleo.internal.ide.ui.editors.template.actions.references.ReferenceLabelProvider"/>
        <reference linenumber="91" member="createRegion" origin="org.eclipse.acceleo.internal.ide.ui.editors.template.utils.OpenDeclarationUtils.createRegion(EObject)" signature="(Lorg/eclipse/emf/ecore/EObject;)Lorg/eclipse/jface/text/IRegion;" type="org.eclipse.acceleo.internal.ide.ui.editors.template.utils.OpenDeclarationUtils"/>
            <reference linenumber="375" member="selectAndReveal" origin="org.eclipse.acceleo.internal.ide.ui.editors.template.utils.OpenDeclarationUtils.selectAndReveal(IEditorPart, IRegion, EObject)" signature="(Lorg/eclipse/ui/IEditorPart;Lorg/eclipse/jface/text/IRegion;Lorg/eclipse/emf/ecore/EObject;)V" type="org.eclipse.acceleo.internal.ide.ui.editors.template.utils.OpenDeclarationUtils"/>
            <reference linenumber="392" member="selectAndReveal" origin="org.eclipse.acceleo.internal.ide.ui.editors.template.utils.OpenDeclarationUtils.selectAndReveal(IEditorPart, IRegion, EObject)" signature="(Lorg/eclipse/ui/IEditorPart;Lorg/eclipse/jface/text/IRegion;Lorg/eclipse/emf/ecore/EObject;)V" type="org.eclipse.acceleo.internal.ide.ui.editors.template.utils.OpenDeclarationUtils"/>
        <reference linenumber="132" member="getModuleElement" origin="org.eclipse.acceleo.internal.ide.ui.views.result.TraceabilityRegion.getModuleElement(EObject)" signature="(Lorg/eclipse/emf/ecore/EObject;)Lorg/eclipse/acceleo/model/mtl/ModuleElement;" type="org.eclipse.acceleo.internal.ide.ui.views.result.TraceabilityRegion"/>
            <reference linenumber="104" member="toString" origin="org.eclipse.acceleo.internal.ide.ui.views.result.TraceabilityRegion.toString()" signature="()Ljava/lang/String;" type="org.eclipse.acceleo.internal.ide.ui.views.result.TraceabilityRegion"/>
        </reference_kind>
        <reference_kind flags="0" kind="262144" reference_kind_name="CASTS">
            <reference linenumber="277" member="isMatching" origin="org.eclipse.acceleo.internal.ide.ui.editors.template.actions.references.ReferencesSearchQuery.isMatching(EObject, EObject)" signature="(Lorg/eclipse/emf/ecore/EObject;Lorg/eclipse/emf/ecore/EObject;)Z" type="org.eclipse.acceleo.internal.ide.ui.editors.template.actions.references.ReferencesSearchQuery"/>
        <reference linenumber="394" member="selectAndReveal" origin="org.eclipse.acceleo.internal.ide.ui.editors.template.utils.OpenDeclarationUtils.selectAndReveal(IEditorPart, IRegion, EObject)" signature="(Lorg/eclipse/ui/IEditorPart;Lorg/eclipse/jface/text/IRegion;Lorg/eclipse/emf/ecore/EObject;)V" type="org.eclipse.acceleo.internal.ide.ui.editors.template.utils.OpenDeclarationUtils"/>
            <reference linenumber="393" member="selectAndReveal" origin="org.eclipse.acceleo.internal.ide.ui.editors.template.utils.OpenDeclarationUtils.selectAndReveal(IEditorPart, IRegion, EObject)" signature="(Lorg/eclipse/ui/IEditorPart;Lorg/eclipse/jface/text/IRegion;Lorg/eclipse/emf/ecore/EObject;)V" type="org.eclipse.acceleo.internal.ide.ui.editors.template.utils.OpenDeclarationUtils"/>
            <reference linenumber="92" member="createRegion" origin="org.eclipse.acceleo.internal.ide.ui.editors.template.utils.OpenDeclarationUtils.createRegion(EObject)" signature="(Lorg/eclipse/emf/ecore/EObject;)Lorg/eclipse/jface/text/IRegion;" type="org.eclipse.acceleo.internal.ide.ui.editors.template.utils.OpenDeclarationUtils"/>
        <reference linenumber="133" member="getModuleElement" origin="org.eclipse.acceleo.internal.ide.ui.views.result.TraceabilityRegion.getModuleElement(EObject)" signature="(Lorg/eclipse/emf/ecore/EObject;)Lorg/eclipse/acceleo/model/mtl/ModuleElement;" type="org.eclipse.acceleo.internal.ide.ui.views.result.TraceabilityRegion"/>
            <reference linenumber="105" member="toString" origin="org.eclipse.acceleo.internal.ide.ui.views.result.TraceabilityRegion.toString()" signature="()Ljava/lang/String;" type="org.eclipse.acceleo.internal.ide.ui.views.result.TraceabilityRegion"/>
        </reference_kind>
    </target>
    <target name="org.eclipse.acceleo.model.mtl.Query" type="org.eclipse.acceleo.model.mtl.Query">
        <reference_kind flags="0" kind="524288" reference_kind_name="INSTANCEOF">
            <reference linenumber="367" member="addOCLOperationChoice" origin="org.eclipse.acceleo.internal.ide.ui.editors.template.AcceleoCompletionProcessor.addOCLOperationChoice(List, Choice, String, Set)" signature="(Ljava/util/List;Lorg/eclipse/ocl/helper/Choice;Ljava/lang/String;Ljava/util/Set;)V" type="org.eclipse.acceleo.internal.ide.ui.editors.template.AcceleoCompletionProcessor"/>
        </reference_kind>
    <reference_kind flags="0" kind="33554432" reference_kind_name="LOCAL_VAR_DECLARED">
            <reference linenumber="125" member="findDeclarationFromAST" origin="org.eclipse.acceleo.internal.ide.ui.editors.template.utils.OpenDeclarationUtils.findDeclarationFromAST(ASTNode)" signature="(Lorg/eclipse/ocl/utilities/ASTNode;)Lorg/eclipse/emf/ecore/EObject;" type="org.eclipse.acceleo.internal.ide.ui.editors.template.utils.OpenDeclarationUtils"/>
        </reference_kind>
    </target>
    <target name="org.eclipse.acceleo.model.mtl.Macro" type="org.eclipse.acceleo.model.mtl.Macro">
        <reference_kind flags="0" kind="524288" reference_kind_name="INSTANCEOF">
            <reference linenumber="370" member="addOCLOperationChoice" origin="org.eclipse.acceleo.internal.ide.ui.editors.template.AcceleoCompletionProcessor.addOCLOperationChoice(List, Choice, String, Set)" signature="(Ljava/util/List;Lorg/eclipse/ocl/helper/Choice;Ljava/lang/String;Ljava/util/Set;)V" type="org.eclipse.acceleo.internal.ide.ui.editors.template.AcceleoCompletionProcessor"/>
        </reference_kind>
    <reference_kind flags="0" kind="33554432" reference_kind_name="LOCAL_VAR_DECLARED">
            <reference linenumber="128" member="findDeclarationFromAST" origin="org.eclipse.acceleo.internal.ide.ui.editors.template.utils.OpenDeclarationUtils.findDeclarationFromAST(ASTNode)" signature="(Lorg/eclipse/ocl/utilities/ASTNode;)Lorg/eclipse/emf/ecore/EObject;" type="org.eclipse.acceleo.internal.ide.ui.editors.template.utils.OpenDeclarationUtils"/>
        </reference_kind>
    </target>
<target name="org.eclipse.acceleo.model.mtl.QueryInvocation" type="org.eclipse.acceleo.model.mtl.QueryInvocation">
        <reference_kind flags="0" kind="524288" reference_kind_name="INSTANCEOF">
            <reference linenumber="124" member="findDeclarationFromAST" origin="org.eclipse.acceleo.internal.ide.ui.editors.template.utils.OpenDeclarationUtils.findDeclarationFromAST(ASTNode)" signature="(Lorg/eclipse/ocl/utilities/ASTNode;)Lorg/eclipse/emf/ecore/EObject;" type="org.eclipse.acceleo.internal.ide.ui.editors.template.utils.OpenDeclarationUtils"/>
        </reference_kind>
        <reference_kind flags="0" kind="262144" reference_kind_name="CASTS">
            <reference linenumber="125" member="findDeclarationFromAST" origin="org.eclipse.acceleo.internal.ide.ui.editors.template.utils.OpenDeclarationUtils.findDeclarationFromAST(ASTNode)" signature="(Lorg/eclipse/ocl/utilities/ASTNode;)Lorg/eclipse/emf/ecore/EObject;" type="org.eclipse.acceleo.internal.ide.ui.editors.template.utils.OpenDeclarationUtils"/>
        </reference_kind>
    </target>
    <target name="org.eclipse.acceleo.model.mtl.MacroInvocation" type="org.eclipse.acceleo.model.mtl.MacroInvocation">
        <reference_kind flags="0" kind="262144" reference_kind_name="CASTS">
            <reference linenumber="128" member="findDeclarationFromAST" origin="org.eclipse.acceleo.internal.ide.ui.editors.template.utils.OpenDeclarationUtils.findDeclarationFromAST(ASTNode)" signature="(Lorg/eclipse/ocl/utilities/ASTNode;)Lorg/eclipse/emf/ecore/EObject;" type="org.eclipse.acceleo.internal.ide.ui.editors.template.utils.OpenDeclarationUtils"/>
        </reference_kind>
        <reference_kind flags="0" kind="524288" reference_kind_name="INSTANCEOF">
            <reference linenumber="127" member="findDeclarationFromAST" origin="org.eclipse.acceleo.internal.ide.ui.editors.template.utils.OpenDeclarationUtils.findDeclarationFromAST(ASTNode)" signature="(Lorg/eclipse/ocl/utilities/ASTNode;)Lorg/eclipse/emf/ecore/EObject;" type="org.eclipse.acceleo.internal.ide.ui.editors.template.utils.OpenDeclarationUtils"/>
        </reference_kind>
    </target>
    <target name="org.eclipse.acceleo.model.mtl.TemplateInvocation" type="org.eclipse.acceleo.model.mtl.TemplateInvocation">
        <reference_kind flags="0" kind="524288" reference_kind_name="INSTANCEOF">
            <reference linenumber="121" member="findDeclarationFromAST" origin="org.eclipse.acceleo.internal.ide.ui.editors.template.utils.OpenDeclarationUtils.findDeclarationFromAST(ASTNode)" signature="(Lorg/eclipse/ocl/utilities/ASTNode;)Lorg/eclipse/emf/ecore/EObject;" type="org.eclipse.acceleo.internal.ide.ui.editors.template.utils.OpenDeclarationUtils"/>
        </reference_kind>
        <reference_kind flags="0" kind="262144" reference_kind_name="CASTS">
            <reference linenumber="122" member="findDeclarationFromAST" origin="org.eclipse.acceleo.internal.ide.ui.editors.template.utils.OpenDeclarationUtils.findDeclarationFromAST(ASTNode)" signature="(Lorg/eclipse/ocl/utilities/ASTNode;)Lorg/eclipse/emf/ecore/EObject;" type="org.eclipse.acceleo.internal.ide.ui.editors.template.utils.OpenDeclarationUtils"/>
        </reference_kind>
    </target>
<target name="org.eclipse.acceleo.model.mtl.Block" type="org.eclipse.acceleo.model.mtl.Block">
        <reference_kind flags="0" kind="8" reference_kind_name="RETURN_TYPE">
            <reference linenumber="-1" member="getAstNode" origin="org.eclipse.acceleo.internal.ide.ui.views.result.TraceabilityRegion.getAstNode()" signature="()Lorg/eclipse/acceleo/model/mtl/Block;" type="org.eclipse.acceleo.internal.ide.ui.views.result.TraceabilityRegion"/>
        </reference_kind>
        <reference_kind flags="0" kind="4" reference_kind_name="DECLARED_FIELD">
            <reference linenumber="-1" member="astNode" origin="org.eclipse.acceleo.internal.ide.ui.views.result.TraceabilityRegion.astNode" type="org.eclipse.acceleo.internal.ide.ui.views.result.TraceabilityRegion"/>
        </reference_kind>
        <reference_kind flags="0" kind="16" reference_kind_name="PARAMETER">
            <reference linenumber="-1" member="&lt;init&gt;" origin="org.eclipse.acceleo.internal.ide.ui.views.result.TraceabilityRegion.TraceabilityRegion(int, int, Block)" signature="(IILorg/eclipse/acceleo/model/mtl/Block;)V" type="org.eclipse.acceleo.internal.ide.ui.views.result.TraceabilityRegion"/>
        </reference_kind>
    </target>
</references>
