<?xml version="1.0" encoding="UTF-8" standalone="no"?>
<references name="Fields" origin="org.eclipse.actf.model.ui.editors.ooo (0.7.2.R201002031025)" referee="org.eclipse.actf.model.ui (0.7.2.R201002031025)" reference_count="3" reference_visibility="1">
    <target member="WebBrowser_Address" name="org.eclipse.actf.model.ui.util.ModelServiceMessages.WebBrowser_Address" type="org.eclipse.actf.model.ui.util.ModelServiceMessages">
        <reference_kind flags="0" kind="2048" reference_kind_name="GETS_STATIC_FIELD">
            <reference linenumber="-1" member="initLayout" origin="org.eclipse.actf.model.internal.ui.editors.ooo.OOoEditorToolbar.initLayout(boolean)" signature="(Z)V" type="org.eclipse.actf.model.internal.ui.editors.ooo.OOoEditorToolbar"/>
        </reference_kind>
    </target>
    <target member="WebBrowser_Go" name="org.eclipse.actf.model.ui.util.ModelServiceMessages.WebBrowser_Go" type="org.eclipse.actf.model.ui.util.ModelServiceMessages">
        <reference_kind flags="0" kind="2048" reference_kind_name="GETS_STATIC_FIELD">
            <reference linenumber="-1" member="initLayout" origin="org.eclipse.actf.model.internal.ui.editors.ooo.OOoEditorToolbar.initLayout(boolean)" signature="(Z)V" type="org.eclipse.actf.model.internal.ui.editors.ooo.OOoEditorToolbar"/>
        </reference_kind>
    </target>
    <target member="WebBrowser_Go_tp" name="org.eclipse.actf.model.ui.util.ModelServiceMessages.WebBrowser_Go_tp" type="org.eclipse.actf.model.ui.util.ModelServiceMessages">
        <reference_kind flags="0" kind="2048" reference_kind_name="GETS_STATIC_FIELD">
            <reference linenumber="-1" member="initLayout" origin="org.eclipse.actf.model.internal.ui.editors.ooo.OOoEditorToolbar.initLayout(boolean)" signature="(Z)V" type="org.eclipse.actf.model.internal.ui.editors.ooo.OOoEditorToolbar"/>
        </reference_kind>
    </target>
</references>
