<?xml version="1.0" encoding="UTF-8" standalone="no"?>
<references name="Methods" origin="org.eclipse.birt.report.engine.emitter.config (2.5.2.v20100208)" referee="org.eclipse.birt.core (2.5.2.v20100208)" reference_count="8" reference_visibility="1">
    <target member="createExecutableExtension" name="org.eclipse.birt.core.framework.IConfigurationElement.createExecutableExtension(String)" signature="(Ljava/lang/String;)Ljava/lang/Object;" type="org.eclipse.birt.core.framework.IConfigurationElement">
        <reference_kind flags="0" kind="512" reference_kind_name="INTERFACE_METHOD">
            <reference linenumber="172" member="getEmitterDescriptor" origin="org.eclipse.birt.report.engine.emitter.config.impl.EmitterConfigurationManager.getEmitterDescriptor(String)" signature="(Ljava/lang/String;)Lorg/eclipse/birt/report/engine/emitter/config/IEmitterDescriptor;" type="org.eclipse.birt.report.engine.emitter.config.impl.EmitterConfigurationManager"/>
        </reference_kind>
    </target>
    <target member="getConfigurationElements" name="org.eclipse.birt.core.framework.IExtension.getConfigurationElements()" signature="()[Lorg/eclipse/birt/core/framework/IConfigurationElement;" type="org.eclipse.birt.core.framework.IExtension">
        <reference_kind flags="0" kind="512" reference_kind_name="INTERFACE_METHOD">
            <reference linenumber="84" member="initExtensions" origin="org.eclipse.birt.report.engine.emitter.config.impl.EmitterConfigurationManager.initExtensions()" signature="()V" type="org.eclipse.birt.report.engine.emitter.config.impl.EmitterConfigurationManager"/>
        </reference_kind>
    </target>
    <target member="getAttribute" name="org.eclipse.birt.core.framework.IConfigurationElement.getAttribute(String)" signature="(Ljava/lang/String;)Ljava/lang/String;" type="org.eclipse.birt.core.framework.IConfigurationElement">
        <reference_kind flags="0" kind="512" reference_kind_name="INTERFACE_METHOD">
            <reference linenumber="123" member="getPrioritized" origin="org.eclipse.birt.report.engine.emitter.config.impl.EmitterConfigurationManager.getPrioritized(IConfigurationElement, IConfigurationElement)" signature="(Lorg/eclipse/birt/core/framework/IConfigurationElement;Lorg/eclipse/birt/core/framework/IConfigurationElement;)Lorg/eclipse/birt/core/framework/IConfigurationElement;" type="org.eclipse.birt.report.engine.emitter.config.impl.EmitterConfigurationManager"/>
            <reference linenumber="132" member="getPrioritized" origin="org.eclipse.birt.report.engine.emitter.config.impl.EmitterConfigurationManager.getPrioritized(IConfigurationElement, IConfigurationElement)" signature="(Lorg/eclipse/birt/core/framework/IConfigurationElement;Lorg/eclipse/birt/core/framework/IConfigurationElement;)Lorg/eclipse/birt/core/framework/IConfigurationElement;" type="org.eclipse.birt.report.engine.emitter.config.impl.EmitterConfigurationManager"/>
            <reference linenumber="92" member="initExtensions" origin="org.eclipse.birt.report.engine.emitter.config.impl.EmitterConfigurationManager.initExtensions()" signature="()V" type="org.eclipse.birt.report.engine.emitter.config.impl.EmitterConfigurationManager"/>
        </reference_kind>
    </target>
    <target member="getExtensionRegistry" name="org.eclipse.birt.core.framework.Platform.getExtensionRegistry()" signature="()Lorg/eclipse/birt/core/framework/IExtensionRegistry;" type="org.eclipse.birt.core.framework.Platform">
        <reference_kind flags="0" kind="128" reference_kind_name="INVOKED_STATIC">
            <reference linenumber="66" member="initExtensions" origin="org.eclipse.birt.report.engine.emitter.config.impl.EmitterConfigurationManager.initExtensions()" signature="()V" type="org.eclipse.birt.report.engine.emitter.config.impl.EmitterConfigurationManager"/>
        </reference_kind>
    </target>
    <target member="getExtensions" name="org.eclipse.birt.core.framework.IExtensionPoint.getExtensions()" signature="()[Lorg/eclipse/birt/core/framework/IExtension;" type="org.eclipse.birt.core.framework.IExtensionPoint">
        <reference_kind flags="0" kind="512" reference_kind_name="INTERFACE_METHOD">
            <reference linenumber="80" member="initExtensions" origin="org.eclipse.birt.report.engine.emitter.config.impl.EmitterConfigurationManager.initExtensions()" signature="()V" type="org.eclipse.birt.report.engine.emitter.config.impl.EmitterConfigurationManager"/>
        </reference_kind>
    </target>
    <target member="getExtensionPoint" name="org.eclipse.birt.core.framework.IExtensionRegistry.getExtensionPoint(String)" signature="(Ljava/lang/String;)Lorg/eclipse/birt/core/framework/IExtensionPoint;" type="org.eclipse.birt.core.framework.IExtensionRegistry">
        <reference_kind flags="0" kind="512" reference_kind_name="INTERFACE_METHOD">
            <reference linenumber="73" member="initExtensions" origin="org.eclipse.birt.report.engine.emitter.config.impl.EmitterConfigurationManager.initExtensions()" signature="()V" type="org.eclipse.birt.report.engine.emitter.config.impl.EmitterConfigurationManager"/>
        </reference_kind>
    </target>
</references>
