<?xml version="1.0" encoding="UTF-8" standalone="no"?>
<references name="Methods" origin="org.eclipse.actf.visualization.blind.odfbyhtml (0.7.2.R201002031025)" referee="org.eclipse.actf.model.ui (0.7.2.R201002031025)" reference_count="12" reference_visibility="1">
    <target member="getURL" name="org.eclipse.actf.model.ui.IModelService.getURL()" signature="()Ljava/lang/String;" type="org.eclipse.actf.model.ui.IModelService">
        <reference_kind flags="0" kind="512" reference_kind_name="INTERFACE_METHOD">
            <reference linenumber="-1" member="visualize" origin="org.eclipse.actf.visualization.blind.odfbyhtml.BlindVisualizerOdfByHtml.visualize()" signature="()I" type="org.eclipse.actf.visualization.blind.odfbyhtml.BlindVisualizerOdfByHtml"/>
        <reference linenumber="-1" member="visualize" origin="org.eclipse.actf.visualization.blind.odfbyhtml.BlindVisualizerOdfByHtml.visualize()" signature="()I" type="org.eclipse.actf.visualization.blind.odfbyhtml.BlindVisualizerOdfByHtml"/>
        </reference_kind>
    </target>
    <target member="saveDocumentAsHTMLFile" name="org.eclipse.actf.model.ui.IModelService.saveDocumentAsHTMLFile(String)" signature="(Ljava/lang/String;)Ljava/io/File;" type="org.eclipse.actf.model.ui.IModelService">
        <reference_kind flags="0" kind="512" reference_kind_name="INTERFACE_METHOD">
            <reference linenumber="-1" member="visualize" origin="org.eclipse.actf.visualization.blind.odfbyhtml.BlindVisualizerOdfByHtml.visualize()" signature="()I" type="org.eclipse.actf.visualization.blind.odfbyhtml.BlindVisualizerOdfByHtml"/>
        <reference linenumber="-1" member="visualize" origin="org.eclipse.actf.visualization.blind.odfbyhtml.BlindVisualizerOdfByHtml.visualize()" signature="()I" type="org.eclipse.actf.visualization.blind.odfbyhtml.BlindVisualizerOdfByHtml"/>
        </reference_kind>
    </target>
    <target member="getCurrentMIMEType" name="org.eclipse.actf.model.ui.IModelService.getCurrentMIMEType()" signature="()Ljava/lang/String;" type="org.eclipse.actf.model.ui.IModelService">
        <reference_kind flags="0" kind="512" reference_kind_name="INTERFACE_METHOD">
            <reference linenumber="-1" member="visualize" origin="org.eclipse.actf.visualization.blind.odfbyhtml.BlindVisualizerOdfByHtml.visualize()" signature="()I" type="org.eclipse.actf.visualization.blind.odfbyhtml.BlindVisualizerOdfByHtml"/>
            <reference linenumber="-1" member="isTarget" origin="org.eclipse.actf.visualization.blind.odfbyhtml.BlindVisualizerOdfByHtml.isTarget(IModelService)" signature="(Lorg/eclipse/actf/model/ui/IModelService;)Z" type="org.eclipse.actf.visualization.blind.odfbyhtml.BlindVisualizerOdfByHtml"/>
        <reference linenumber="-1" member="visualize" origin="org.eclipse.actf.visualization.blind.odfbyhtml.BlindVisualizerOdfByHtml.visualize()" signature="()I" type="org.eclipse.actf.visualization.blind.odfbyhtml.BlindVisualizerOdfByHtml"/>
            <reference linenumber="-1" member="isTarget" origin="org.eclipse.actf.visualization.blind.odfbyhtml.BlindVisualizerOdfByHtml.isTarget(IModelService)" signature="(Lorg/eclipse/actf/model/ui/IModelService;)Z" type="org.eclipse.actf.visualization.blind.odfbyhtml.BlindVisualizerOdfByHtml"/>
        </reference_kind>
    </target>
    <target member="getDocument" name="org.eclipse.actf.model.ui.IModelService.getDocument()" signature="()Lorg/w3c/dom/Document;" type="org.eclipse.actf.model.ui.IModelService">
        <reference_kind flags="0" kind="512" reference_kind_name="INTERFACE_METHOD">
            <reference linenumber="-1" member="visualize" origin="org.eclipse.actf.visualization.blind.odfbyhtml.BlindVisualizerOdfByHtml.visualize()" signature="()I" type="org.eclipse.actf.visualization.blind.odfbyhtml.BlindVisualizerOdfByHtml"/>
        <reference linenumber="-1" member="visualize" origin="org.eclipse.actf.visualization.blind.odfbyhtml.BlindVisualizerOdfByHtml.visualize()" signature="()I" type="org.eclipse.actf.visualization.blind.odfbyhtml.BlindVisualizerOdfByHtml"/>
        </reference_kind>
    </target>
<target member="launch" name="org.eclipse.actf.model.ui.util.ModelServiceUtils.launch(String, String)" signature="(Ljava/lang/String;Ljava/lang/String;)Lorg/eclipse/ui/IEditorPart;" type="org.eclipse.actf.model.ui.util.ModelServiceUtils">
        <reference_kind flags="0" kind="128" reference_kind_name="INVOKED_STATIC">
            <reference linenumber="-1" member="perspectiveActivated" origin="org.eclipse.actf.visualization.internal.blind.odfbyhtml.Startup.ODFPerspectiveListener.perspectiveActivated(IWorkbenchPage, IPerspectiveDescriptor)" signature="(Lorg/eclipse/ui/IWorkbenchPage;Lorg/eclipse/ui/IPerspectiveDescriptor;)V" type="org.eclipse.actf.visualization.internal.blind.odfbyhtml.Startup$ODFPerspectiveListener"/>
        <reference linenumber="-1" member="perspectiveActivated" origin="org.eclipse.actf.visualization.internal.blind.odfbyhtml.Startup.ODFPerspectiveListener.perspectiveActivated(IWorkbenchPage, IPerspectiveDescriptor)" signature="(Lorg/eclipse/ui/IWorkbenchPage;Lorg/eclipse/ui/IPerspectiveDescriptor;)V" type="org.eclipse.actf.visualization.internal.blind.odfbyhtml.Startup$ODFPerspectiveListener"/>
        </reference_kind>
    </target>
</references>
