<?xml version="1.0" encoding="UTF-8" standalone="no"?>
<references name="Types" origin="org.eclipse.actf.visualization.blind.odfbyhtml (0.7.2.R201002031025)" referee="org.eclipse.actf.model.ui (0.7.2.R201002031025)" reference_count="4" reference_visibility="1">
    <target name="org.eclipse.actf.model.ui.IModelService" type="org.eclipse.actf.model.ui.IModelService">
        <reference_kind flags="0" kind="16" reference_kind_name="PARAMETER">
            <reference linenumber="-1" member="isTarget" origin="org.eclipse.actf.visualization.blind.odfbyhtml.BlindVisualizerOdfByHtml.isTarget(IModelService)" signature="(Lorg/eclipse/actf/model/ui/IModelService;)Z" type="org.eclipse.actf.visualization.blind.odfbyhtml.BlindVisualizerOdfByHtml"/>
            <reference linenumber="-1" member="setModelService" origin="org.eclipse.actf.visualization.blind.odfbyhtml.BlindVisualizerOdfByHtml.setModelService(IModelService)" signature="(Lorg/eclipse/actf/model/ui/IModelService;)Z" type="org.eclipse.actf.visualization.blind.odfbyhtml.BlindVisualizerOdfByHtml"/>
        <reference linenumber="-1" member="isTarget" origin="org.eclipse.actf.visualization.blind.odfbyhtml.BlindVisualizerOdfByHtml.isTarget(IModelService)" signature="(Lorg/eclipse/actf/model/ui/IModelService;)Z" type="org.eclipse.actf.visualization.blind.odfbyhtml.BlindVisualizerOdfByHtml"/>
            <reference linenumber="-1" member="setModelService" origin="org.eclipse.actf.visualization.blind.odfbyhtml.BlindVisualizerOdfByHtml.setModelService(IModelService)" signature="(Lorg/eclipse/actf/model/ui/IModelService;)Z" type="org.eclipse.actf.visualization.blind.odfbyhtml.BlindVisualizerOdfByHtml"/>
        </reference_kind>
    </target>
</references>
