<?xml version="1.0" encoding="UTF-8" standalone="no"?>
<references name="Fields" origin="org.eclipse.acceleo.ide.ui (0.8.1.v200909161003)" referee="org.eclipse.acceleo.parser (0.8.1.v200909161003)" reference_count="2" reference_visibility="1">
    <target member="ast" name="org.eclipse.acceleo.parser.AcceleoSourceBuffer.ast" type="org.eclipse.acceleo.parser.AcceleoSourceBuffer">
        <reference_kind flags="0" kind="16384" reference_kind_name="PUT_FIELD">
            <reference linenumber="164" member="access$0" origin="org.eclipse.acceleo.internal.ide.ui.editors.template.AcceleoSourceContent.AcceleoSourceBufferWithASTJob.access$0(AcceleoSourceContentAcceleoSourceBufferWithASTJob, Module)" signature="(Lorg/eclipse/acceleo/internal/ide/ui/editors/template/AcceleoSourceContent$AcceleoSourceBufferWithASTJob;Lorg/eclipse/acceleo/model/mtl/Module;)V" type="org.eclipse.acceleo.internal.ide.ui.editors.template.AcceleoSourceContent$AcceleoSourceBufferWithASTJob"/>
        </reference_kind>
    </target>
    <target member="astCreator" name="org.eclipse.acceleo.parser.AcceleoSourceBuffer.astCreator" type="org.eclipse.acceleo.parser.AcceleoSourceBuffer">
        <reference_kind flags="0" kind="8192" reference_kind_name="GETS_FIELD">
            <reference linenumber="164" member="access$1" origin="org.eclipse.acceleo.internal.ide.ui.editors.template.AcceleoSourceContent.AcceleoSourceBufferWithASTJob.access$1(AcceleoSourceContentAcceleoSourceBufferWithASTJob)" signature="(Lorg/eclipse/acceleo/internal/ide/ui/editors/template/AcceleoSourceContent$AcceleoSourceBufferWithASTJob;)Lorg/eclipse/acceleo/internal/parser/ast/CST2ASTConverterWithResolver;" type="org.eclipse.acceleo.internal.ide.ui.editors.template.AcceleoSourceContent$AcceleoSourceBufferWithASTJob"/>
        </reference_kind>
    </target>
</references>
