<?xml version="1.0" encoding="UTF-8" standalone="no"?>
<references name="Types" origin="org.eclipse.acceleo.ide.ui (0.8.1.v200909161003)" referee="org.eclipse.acceleo.parser (0.8.1.v200909161003)" reference_count="9" reference_visibility="1">
    <target name="org.eclipse.acceleo.parser.AcceleoParser" type="org.eclipse.acceleo.parser.AcceleoParser">
        <reference_kind flags="0" kind="33554432" reference_kind_name="LOCAL_VAR_DECLARED">
            <reference linenumber="128" member="doCompileResources" origin="org.eclipse.acceleo.internal.ide.ui.builders.AcceleoCompileOperation.doCompileResources(IProgressMonitor)" signature="(Lorg/eclipse/core/runtime/IProgressMonitor;)V" type="org.eclipse.acceleo.internal.ide.ui.builders.AcceleoCompileOperation"/>
        </reference_kind>
        <reference_kind flags="0" kind="134217728" reference_kind_name="INSTANTIATION">
            <reference linenumber="128" member="doCompileResources" origin="org.eclipse.acceleo.internal.ide.ui.builders.AcceleoCompileOperation.doCompileResources(IProgressMonitor)" signature="(Lorg/eclipse/core/runtime/IProgressMonitor;)V" type="org.eclipse.acceleo.internal.ide.ui.builders.AcceleoCompileOperation"/>
        </reference_kind>
    </target>
    <target name="org.eclipse.acceleo.parser.AcceleoParserProblems" type="org.eclipse.acceleo.parser.AcceleoParserProblems">
        <reference_kind flags="0" kind="33554432" reference_kind_name="LOCAL_VAR_DECLARED">
            <reference linenumber="149" member="doCompileResources" origin="org.eclipse.acceleo.internal.ide.ui.builders.AcceleoCompileOperation.doCompileResources(IProgressMonitor)" signature="(Lorg/eclipse/core/runtime/IProgressMonitor;)V" type="org.eclipse.acceleo.internal.ide.ui.builders.AcceleoCompileOperation"/>
        </reference_kind>
    </target>
    <target name="org.eclipse.acceleo.parser.AcceleoParserProblem" type="org.eclipse.acceleo.parser.AcceleoParserProblem">
        <reference_kind flags="0" kind="16777216" reference_kind_name="DECLARED_PARAMETERIZED_VARIABLE">
            <reference linenumber="154" member="doCompileResources" origin="org.eclipse.acceleo.internal.ide.ui.builders.AcceleoCompileOperation.doCompileResources(IProgressMonitor)" signature="(Lorg/eclipse/core/runtime/IProgressMonitor;)V" type="org.eclipse.acceleo.internal.ide.ui.builders.AcceleoCompileOperation"/>
            <reference linenumber="155" member="doCompileResources" origin="org.eclipse.acceleo.internal.ide.ui.builders.AcceleoCompileOperation.doCompileResources(IProgressMonitor)" signature="(Lorg/eclipse/core/runtime/IProgressMonitor;)V" type="org.eclipse.acceleo.internal.ide.ui.builders.AcceleoCompileOperation"/>
        </reference_kind>
        <reference_kind flags="0" kind="33554432" reference_kind_name="LOCAL_VAR_DECLARED">
            <reference linenumber="156" member="doCompileResources" origin="org.eclipse.acceleo.internal.ide.ui.builders.AcceleoCompileOperation.doCompileResources(IProgressMonitor)" signature="(Lorg/eclipse/core/runtime/IProgressMonitor;)V" type="org.eclipse.acceleo.internal.ide.ui.builders.AcceleoCompileOperation"/>
        </reference_kind>
        <reference_kind flags="0" kind="262144" reference_kind_name="CASTS">
            <reference linenumber="156" member="doCompileResources" origin="org.eclipse.acceleo.internal.ide.ui.builders.AcceleoCompileOperation.doCompileResources(IProgressMonitor)" signature="(Lorg/eclipse/core/runtime/IProgressMonitor;)V" type="org.eclipse.acceleo.internal.ide.ui.builders.AcceleoCompileOperation"/>
        </reference_kind>
    </target>
<target name="org.eclipse.acceleo.parser.AcceleoSourceBuffer" type="org.eclipse.acceleo.parser.AcceleoSourceBuffer">
        <reference_kind flags="0" kind="1" reference_kind_name="EXTENDS">
            <reference linenumber="-1" origin="org.eclipse.acceleo.internal.ide.ui.editors.template.AcceleoSourceContent.AcceleoSourceBufferWithASTJob" type="org.eclipse.acceleo.internal.ide.ui.editors.template.AcceleoSourceContent$AcceleoSourceBufferWithASTJob"/>
        </reference_kind>
        <reference_kind flags="0" kind="4" reference_kind_name="DECLARED_FIELD">
            <reference linenumber="-1" member="source" origin="org.eclipse.acceleo.internal.ide.ui.editors.template.AcceleoSourceContent.source" type="org.eclipse.acceleo.internal.ide.ui.editors.template.AcceleoSourceContent"/>
        </reference_kind>
    </target>
</references>
