<?xml version="1.0" encoding="UTF-8" standalone="no"?>
<references name="Types" origin="org.eclipse.actf.visualization.engines.lowvision (0.7.2.R201002031025)" referee="org.eclipse.actf.model.ui (0.7.2.R201002031025)" reference_count="14" reference_visibility="1">
    <target name="org.eclipse.actf.model.ui.ImagePositionInfo" type="org.eclipse.actf.model.ui.ImagePositionInfo">
        <reference_kind flags="0" kind="8" reference_kind_name="RETURN_TYPE">
            <reference linenumber="-1" member="getInteriorImagePosition" origin="org.eclipse.actf.visualization.engines.lowvision.PageEvaluation.getInteriorImagePosition()" signature="()[Lorg/eclipse/actf/model/ui/ImagePositionInfo;" type="org.eclipse.actf.visualization.engines.lowvision.PageEvaluation"/>
        <reference linenumber="-1" member="getInteriorImagePosition" origin="org.eclipse.actf.visualization.engines.lowvision.image.IPageImage.getInteriorImagePosition()" signature="()[Lorg/eclipse/actf/model/ui/ImagePositionInfo;" type="org.eclipse.actf.visualization.engines.lowvision.image.IPageImage"/>
        <reference linenumber="-1" member="getInteriorImagePosition" origin="org.eclipse.actf.visualization.internal.engines.lowvision.image.PageImage.getInteriorImagePosition()" signature="()[Lorg/eclipse/actf/model/ui/ImagePositionInfo;" type="org.eclipse.actf.visualization.internal.engines.lowvision.image.PageImage"/>
        </reference_kind>
        <reference_kind flags="0" kind="16" reference_kind_name="PARAMETER">
            <reference linenumber="-1" member="setInteriorImagePosition" origin="org.eclipse.actf.visualization.engines.lowvision.PageEvaluation.setInteriorImagePosition(ImagePositionInfo[])" signature="([Lorg/eclipse/actf/model/ui/ImagePositionInfo;)V" type="org.eclipse.actf.visualization.engines.lowvision.PageEvaluation"/>
        <reference linenumber="-1" member="setInteriorImagePosition" origin="org.eclipse.actf.visualization.engines.lowvision.image.IPageImage.setInteriorImagePosition(ImagePositionInfo[])" signature="([Lorg/eclipse/actf/model/ui/ImagePositionInfo;)V" type="org.eclipse.actf.visualization.engines.lowvision.image.IPageImage"/>
        <reference linenumber="-1" member="&lt;init&gt;" origin="org.eclipse.actf.visualization.internal.engines.lowvision.image.InteriorImage.InteriorImage(PageImage, ImagePositionInfo)" signature="(Lorg/eclipse/actf/visualization/internal/engines/lowvision/image/PageImage;Lorg/eclipse/actf/model/ui/ImagePositionInfo;)V" type="org.eclipse.actf.visualization.internal.engines.lowvision.image.InteriorImage"/>
            <reference linenumber="-1" member="isFullyContained" origin="org.eclipse.actf.visualization.internal.engines.lowvision.image.PageImage.isFullyContained(ImagePositionInfo)" signature="(Lorg/eclipse/actf/model/ui/ImagePositionInfo;)Z" type="org.eclipse.actf.visualization.internal.engines.lowvision.image.PageImage"/>
            <reference linenumber="-1" member="setInteriorImagePosition" origin="org.eclipse.actf.visualization.internal.engines.lowvision.image.PageImage.setInteriorImagePosition(ImagePositionInfo[])" signature="([Lorg/eclipse/actf/model/ui/ImagePositionInfo;)V" type="org.eclipse.actf.visualization.internal.engines.lowvision.image.PageImage"/>
        </reference_kind>
        <reference_kind flags="0" kind="4" reference_kind_name="DECLARED_FIELD">
            <reference linenumber="-1" member="tmpInteriorImagePositions" origin="org.eclipse.actf.visualization.engines.lowvision.PageEvaluation.tmpInteriorImagePositions" type="org.eclipse.actf.visualization.engines.lowvision.PageEvaluation"/>
        <reference linenumber="-1" member="imagePositions" origin="org.eclipse.actf.visualization.internal.engines.lowvision.image.PageImage.imagePositions" type="org.eclipse.actf.visualization.internal.engines.lowvision.image.PageImage"/>
        </reference_kind>
    </target>
    <target name="org.eclipse.actf.model.ui.editor.browser.ICurrentStyles" type="org.eclipse.actf.model.ui.editor.browser.ICurrentStyles">
        <reference_kind flags="0" kind="8388608" reference_kind_name="DECLARED_PARAMETERIZED_METHOD">
            <reference linenumber="-1" member="setCurrentStyles" origin="org.eclipse.actf.visualization.engines.lowvision.PageEvaluation.setCurrentStyles(Map)" signature="(Ljava/util/Map;)V" type="org.eclipse.actf.visualization.engines.lowvision.PageEvaluation"/>
        </reference_kind>
        <reference_kind flags="0" kind="262144" reference_kind_name="CASTS">
            <reference linenumber="-1" member="setCurrentStyles" origin="org.eclipse.actf.visualization.engines.lowvision.PageEvaluation.setCurrentStyles(Map)" signature="(Ljava/util/Map;)V" type="org.eclipse.actf.visualization.engines.lowvision.PageEvaluation"/>
        </reference_kind>
    <reference_kind flags="0" kind="4" reference_kind_name="DECLARED_FIELD">
            <reference linenumber="-1" member="style" origin="org.eclipse.actf.visualization.internal.engines.lowvision.PageElement.style" type="org.eclipse.actf.visualization.internal.engines.lowvision.PageElement"/>
        </reference_kind>
        <reference_kind flags="0" kind="16" reference_kind_name="PARAMETER">
            <reference linenumber="-1" member="&lt;init&gt;" origin="org.eclipse.actf.visualization.internal.engines.lowvision.PageElement.PageElement(String, ICurrentStyles)" signature="(Ljava/lang/String;Lorg/eclipse/actf/model/ui/editor/browser/ICurrentStyles;)V" type="org.eclipse.actf.visualization.internal.engines.lowvision.PageElement"/>
        </reference_kind>
    </target>
</references>
