<?xml version="1.0" encoding="UTF-8" standalone="no"?>
<references name="Methods" origin="org.eclipse.acceleo.ide.ui (0.8.1.v200909161003)" referee="org.eclipse.acceleo.engine (0.8.1.v200909161003)" reference_count="12" reference_visibility="1">
    <target member="addListener" name="org.eclipse.acceleo.engine.service.AcceleoService.addListener(IAcceleoTextGenerationListener)" signature="(Lorg/eclipse/acceleo/engine/event/IAcceleoTextGenerationListener;)V" type="org.eclipse.acceleo.engine.service.AcceleoService">
        <reference_kind flags="0" kind="128" reference_kind_name="INVOKED_STATIC">
            <reference linenumber="271" member="createPartControl" origin="org.eclipse.acceleo.internal.ide.ui.views.result.AcceleoResultView.createPartControl(Composite)" signature="(Lorg/eclipse/swt/widgets/Composite;)V" type="org.eclipse.acceleo.internal.ide.ui.views.result.AcceleoResultView"/>
        </reference_kind>
    </target>
    <target member="getSource" name="org.eclipse.acceleo.engine.event.AcceleoTextGenerationEvent.getSource()" signature="()Lorg/eclipse/emf/ecore/EObject;" type="org.eclipse.acceleo.engine.event.AcceleoTextGenerationEvent">
        <reference_kind flags="0" kind="256" reference_kind_name="VIRTUAL_METHOD">
            <reference linenumber="93" member="textGenerated" origin="org.eclipse.acceleo.internal.ide.ui.views.result.AcceleoResultContent.textGenerated(AcceleoTextGenerationEvent)" signature="(Lorg/eclipse/acceleo/engine/event/AcceleoTextGenerationEvent;)V" type="org.eclipse.acceleo.internal.ide.ui.views.result.AcceleoResultContent"/>
            <reference linenumber="82" member="textGenerated" origin="org.eclipse.acceleo.internal.ide.ui.views.result.AcceleoResultContent.textGenerated(AcceleoTextGenerationEvent)" signature="(Lorg/eclipse/acceleo/engine/event/AcceleoTextGenerationEvent;)V" type="org.eclipse.acceleo.internal.ide.ui.views.result.AcceleoResultContent"/>
            <reference linenumber="83" member="textGenerated" origin="org.eclipse.acceleo.internal.ide.ui.views.result.AcceleoResultContent.textGenerated(AcceleoTextGenerationEvent)" signature="(Lorg/eclipse/acceleo/engine/event/AcceleoTextGenerationEvent;)V" type="org.eclipse.acceleo.internal.ide.ui.views.result.AcceleoResultContent"/>
        </reference_kind>
    </target>
    <target member="removeListener" name="org.eclipse.acceleo.engine.service.AcceleoService.removeListener(IAcceleoTextGenerationListener)" signature="(Lorg/eclipse/acceleo/engine/event/IAcceleoTextGenerationListener;)V" type="org.eclipse.acceleo.engine.service.AcceleoService">
        <reference_kind flags="0" kind="128" reference_kind_name="INVOKED_STATIC">
            <reference linenumber="268" member="createPartControl" origin="org.eclipse.acceleo.internal.ide.ui.views.result.AcceleoResultView.createPartControl(Composite)" signature="(Lorg/eclipse/swt/widgets/Composite;)V" type="org.eclipse.acceleo.internal.ide.ui.views.result.AcceleoResultView"/>
            <reference linenumber="309" member="dispose" origin="org.eclipse.acceleo.internal.ide.ui.views.result.AcceleoResultView.dispose()" signature="()V" type="org.eclipse.acceleo.internal.ide.ui.views.result.AcceleoResultView"/>
        </reference_kind>
    </target>
    <target member="getBlock" name="org.eclipse.acceleo.engine.event.AcceleoTextGenerationEvent.getBlock()" signature="()Lorg/eclipse/acceleo/model/mtl/Block;" type="org.eclipse.acceleo.engine.event.AcceleoTextGenerationEvent">
        <reference_kind flags="0" kind="256" reference_kind_name="VIRTUAL_METHOD">
            <reference linenumber="92" member="textGenerated" origin="org.eclipse.acceleo.internal.ide.ui.views.result.AcceleoResultContent.textGenerated(AcceleoTextGenerationEvent)" signature="(Lorg/eclipse/acceleo/engine/event/AcceleoTextGenerationEvent;)V" type="org.eclipse.acceleo.internal.ide.ui.views.result.AcceleoResultContent"/>
            <reference linenumber="98" member="textGenerated" origin="org.eclipse.acceleo.internal.ide.ui.views.result.AcceleoResultContent.textGenerated(AcceleoTextGenerationEvent)" signature="(Lorg/eclipse/acceleo/engine/event/AcceleoTextGenerationEvent;)V" type="org.eclipse.acceleo.internal.ide.ui.views.result.AcceleoResultContent"/>
        </reference_kind>
    </target>
    <target member="getText" name="org.eclipse.acceleo.engine.event.AcceleoTextGenerationEvent.getText()" signature="()Ljava/lang/String;" type="org.eclipse.acceleo.engine.event.AcceleoTextGenerationEvent">
        <reference_kind flags="0" kind="256" reference_kind_name="VIRTUAL_METHOD">
            <reference linenumber="81" member="textGenerated" origin="org.eclipse.acceleo.internal.ide.ui.views.result.AcceleoResultContent.textGenerated(AcceleoTextGenerationEvent)" signature="(Lorg/eclipse/acceleo/engine/event/AcceleoTextGenerationEvent;)V" type="org.eclipse.acceleo.internal.ide.ui.views.result.AcceleoResultContent"/>
            <reference linenumber="98" member="textGenerated" origin="org.eclipse.acceleo.internal.ide.ui.views.result.AcceleoResultContent.textGenerated(AcceleoTextGenerationEvent)" signature="(Lorg/eclipse/acceleo/engine/event/AcceleoTextGenerationEvent;)V" type="org.eclipse.acceleo.internal.ide.ui.views.result.AcceleoResultContent"/>
            <reference linenumber="99" member="textGenerated" origin="org.eclipse.acceleo.internal.ide.ui.views.result.AcceleoResultContent.textGenerated(AcceleoTextGenerationEvent)" signature="(Lorg/eclipse/acceleo/engine/event/AcceleoTextGenerationEvent;)V" type="org.eclipse.acceleo.internal.ide.ui.views.result.AcceleoResultContent"/>
            <reference linenumber="69" member="filePathComputed" origin="org.eclipse.acceleo.internal.ide.ui.views.result.AcceleoResultContent.filePathComputed(AcceleoTextGenerationEvent)" signature="(Lorg/eclipse/acceleo/engine/event/AcceleoTextGenerationEvent;)V" type="org.eclipse.acceleo.internal.ide.ui.views.result.AcceleoResultContent"/>
        </reference_kind>
    </target>
</references>
