<?xml version="1.0" encoding="UTF-8" standalone="no"?>
<references name="Methods" origin="org.eclipse.birt.core.script.function (2.5.2.v20100205)" referee="org.eclipse.birt.core (2.5.2.v20100208)" reference_count="123" reference_visibility="1">
    <target member="subtract" name="org.eclipse.birt.core.script.MathUtil.subtract(Object, Object)" signature="(Ljava/lang/Object;Ljava/lang/Object;)Ljava/lang/Number;" type="org.eclipse.birt.core.script.MathUtil">
        <reference_kind flags="0" kind="128" reference_kind_name="INVOKED_STATIC">
            <reference linenumber="109" member="getValue" origin="org.eclipse.birt.core.script.function.bre.BirtMath.Function_Subtract.getValue(Object[])" signature="([Ljava/lang/Object;)Ljava/lang/Object;" type="org.eclipse.birt.core.script.function.bre.BirtMath$Function_Subtract"/>
        </reference_kind>
    </target>
    <target member="toInteger" name="org.eclipse.birt.core.data.DataTypeUtil.toInteger(Object)" signature="(Ljava/lang/Object;)Ljava/lang/Integer;" type="org.eclipse.birt.core.data.DataTypeUtil">
        <reference_kind flags="0" kind="128" reference_kind_name="INVOKED_STATIC">
            <reference linenumber="383" member="getValue" origin="org.eclipse.birt.core.script.function.bre.BirtDuration.Function_Multiply.getValue(Object[])" signature="([Ljava/lang/Object;)Ljava/lang/Object;" type="org.eclipse.birt.core.script.function.bre.BirtDuration$Function_Multiply"/>
        <reference linenumber="347" member="execute" origin="org.eclipse.birt.core.script.function.general.DateTimeSpan.AddDateScriptFunctionExecutor.execute(Object[], IScriptFunctionContext)" signature="([Ljava/lang/Object;Lorg/eclipse/birt/core/script/functionservice/IScriptFunctionContext;)Ljava/lang/Object;" type="org.eclipse.birt.core.script.function.general.DateTimeSpan$AddDateScriptFunctionExecutor"/>
            <reference linenumber="346" member="execute" origin="org.eclipse.birt.core.script.function.general.DateTimeSpan.AddDateScriptFunctionExecutor.execute(Object[], IScriptFunctionContext)" signature="([Ljava/lang/Object;Lorg/eclipse/birt/core/script/functionservice/IScriptFunctionContext;)Ljava/lang/Object;" type="org.eclipse.birt.core.script.function.general.DateTimeSpan$AddDateScriptFunctionExecutor"/>
            <reference linenumber="348" member="execute" origin="org.eclipse.birt.core.script.function.general.DateTimeSpan.AddDateScriptFunctionExecutor.execute(Object[], IScriptFunctionContext)" signature="([Ljava/lang/Object;Lorg/eclipse/birt/core/script/functionservice/IScriptFunctionContext;)Ljava/lang/Object;" type="org.eclipse.birt.core.script.function.general.DateTimeSpan$AddDateScriptFunctionExecutor"/>
            <reference linenumber="422" member="execute" origin="org.eclipse.birt.core.script.function.general.DateTimeSpan.SubDateScriptFunctionExecutor.execute(Object[], IScriptFunctionContext)" signature="([Ljava/lang/Object;Lorg/eclipse/birt/core/script/functionservice/IScriptFunctionContext;)Ljava/lang/Object;" type="org.eclipse.birt.core.script.function.general.DateTimeSpan$SubDateScriptFunctionExecutor"/>
            <reference linenumber="454" member="execute" origin="org.eclipse.birt.core.script.function.general.DateTimeSpan.SubTimeScriptFunctionExecutor.execute(Object[], IScriptFunctionContext)" signature="([Ljava/lang/Object;Lorg/eclipse/birt/core/script/functionservice/IScriptFunctionContext;)Ljava/lang/Object;" type="org.eclipse.birt.core.script.function.general.DateTimeSpan$SubTimeScriptFunctionExecutor"/>
            <reference linenumber="455" member="execute" origin="org.eclipse.birt.core.script.function.general.DateTimeSpan.SubTimeScriptFunctionExecutor.execute(Object[], IScriptFunctionContext)" signature="([Ljava/lang/Object;Lorg/eclipse/birt/core/script/functionservice/IScriptFunctionContext;)Ljava/lang/Object;" type="org.eclipse.birt.core.script.function.general.DateTimeSpan$SubTimeScriptFunctionExecutor"/>
            <reference linenumber="421" member="execute" origin="org.eclipse.birt.core.script.function.general.DateTimeSpan.SubDateScriptFunctionExecutor.execute(Object[], IScriptFunctionContext)" signature="([Ljava/lang/Object;Lorg/eclipse/birt/core/script/functionservice/IScriptFunctionContext;)Ljava/lang/Object;" type="org.eclipse.birt.core.script.function.general.DateTimeSpan$SubDateScriptFunctionExecutor"/>
            <reference linenumber="453" member="execute" origin="org.eclipse.birt.core.script.function.general.DateTimeSpan.SubTimeScriptFunctionExecutor.execute(Object[], IScriptFunctionContext)" signature="([Ljava/lang/Object;Lorg/eclipse/birt/core/script/functionservice/IScriptFunctionContext;)Ljava/lang/Object;" type="org.eclipse.birt.core.script.function.general.DateTimeSpan$SubTimeScriptFunctionExecutor"/>
            <reference linenumber="60" member="getInteger" origin="org.eclipse.birt.core.script.function.general.Finance.getInteger(Object)" signature="(Ljava/lang/Object;)I" type="org.eclipse.birt.core.script.function.general.Finance"/>
            <reference linenumber="390" member="execute" origin="org.eclipse.birt.core.script.function.general.DateTimeSpan.AddTimeScriptFunctionExecutor.execute(Object[], IScriptFunctionContext)" signature="([Ljava/lang/Object;Lorg/eclipse/birt/core/script/functionservice/IScriptFunctionContext;)Ljava/lang/Object;" type="org.eclipse.birt.core.script.function.general.DateTimeSpan$AddTimeScriptFunctionExecutor"/>
            <reference linenumber="389" member="execute" origin="org.eclipse.birt.core.script.function.general.DateTimeSpan.AddTimeScriptFunctionExecutor.execute(Object[], IScriptFunctionContext)" signature="([Ljava/lang/Object;Lorg/eclipse/birt/core/script/functionservice/IScriptFunctionContext;)Ljava/lang/Object;" type="org.eclipse.birt.core.script.function.general.DateTimeSpan$AddTimeScriptFunctionExecutor"/>
            <reference linenumber="423" member="execute" origin="org.eclipse.birt.core.script.function.general.DateTimeSpan.SubDateScriptFunctionExecutor.execute(Object[], IScriptFunctionContext)" signature="([Ljava/lang/Object;Lorg/eclipse/birt/core/script/functionservice/IScriptFunctionContext;)Ljava/lang/Object;" type="org.eclipse.birt.core.script.function.general.DateTimeSpan$SubDateScriptFunctionExecutor"/>
            <reference linenumber="388" member="execute" origin="org.eclipse.birt.core.script.function.general.DateTimeSpan.AddTimeScriptFunctionExecutor.execute(Object[], IScriptFunctionContext)" signature="([Ljava/lang/Object;Lorg/eclipse/birt/core/script/functionservice/IScriptFunctionContext;)Ljava/lang/Object;" type="org.eclipse.birt.core.script.function.general.DateTimeSpan$AddTimeScriptFunctionExecutor"/>
        </reference_kind>
    </target>
    <target member="execute" name="org.eclipse.birt.core.script.functionservice.IScriptFunctionExecutor.execute(Object[], IScriptFunctionContext)" signature="([Ljava/lang/Object;Lorg/eclipse/birt/core/script/functionservice/IScriptFunctionContext;)Ljava/lang/Object;" type="org.eclipse.birt.core.script.functionservice.IScriptFunctionExecutor">
        <reference_kind flags="0" kind="512" reference_kind_name="INTERFACE_METHOD">
            <reference linenumber="732" member="execute" origin="org.eclipse.birt.core.script.function.bre.BirtStr.execute(Object[], IScriptFunctionContext)" signature="([Ljava/lang/Object;Lorg/eclipse/birt/core/script/functionservice/IScriptFunctionContext;)Ljava/lang/Object;" type="org.eclipse.birt.core.script.function.bre.BirtStr"/>
            <reference linenumber="79" member="execute" origin="org.eclipse.birt.core.script.function.bre.BirtDuration.execute(Object[], IScriptFunctionContext)" signature="([Ljava/lang/Object;Lorg/eclipse/birt/core/script/functionservice/IScriptFunctionContext;)Ljava/lang/Object;" type="org.eclipse.birt.core.script.function.bre.BirtDuration"/>
            <reference linenumber="1322" member="execute" origin="org.eclipse.birt.core.script.function.bre.BirtDateTime.execute(Object[], IScriptFunctionContext)" signature="([Ljava/lang/Object;Lorg/eclipse/birt/core/script/functionservice/IScriptFunctionContext;)Ljava/lang/Object;" type="org.eclipse.birt.core.script.function.bre.BirtDateTime"/>
            <reference linenumber="452" member="execute" origin="org.eclipse.birt.core.script.function.bre.BirtMath.execute(Object[], IScriptFunctionContext)" signature="([Ljava/lang/Object;Lorg/eclipse/birt/core/script/functionservice/IScriptFunctionContext;)Ljava/lang/Object;" type="org.eclipse.birt.core.script.function.bre.BirtMath"/>
            <reference linenumber="717" member="execute" origin="org.eclipse.birt.core.script.function.bre.BirtComp.execute(Object[], IScriptFunctionContext)" signature="([Ljava/lang/Object;Lorg/eclipse/birt/core/script/functionservice/IScriptFunctionContext;)Ljava/lang/Object;" type="org.eclipse.birt.core.script.function.bre.BirtComp"/>
        </reference_kind>
    </target>
    <target member="getLocalizedMessage" name="org.eclipse.birt.core.exception.BirtException.getLocalizedMessage()" signature="()Ljava/lang/String;" type="org.eclipse.birt.core.exception.BirtException">
        <reference_kind flags="0" kind="256" reference_kind_name="VIRTUAL_METHOD">
            <reference linenumber="669" member="execute" origin="org.eclipse.birt.core.script.function.bre.BirtComp.Function_Compare.execute(Object[], IScriptFunctionContext)" signature="([Ljava/lang/Object;Lorg/eclipse/birt/core/script/functionservice/IScriptFunctionContext;)Ljava/lang/Object;" type="org.eclipse.birt.core.script.function.bre.BirtComp$Function_Compare"/>
            <reference linenumber="526" member="execute" origin="org.eclipse.birt.core.script.function.bre.BirtComp.Function_Between.execute(Object[], IScriptFunctionContext)" signature="([Ljava/lang/Object;Lorg/eclipse/birt/core/script/functionservice/IScriptFunctionContext;)Ljava/lang/Object;" type="org.eclipse.birt.core.script.function.bre.BirtComp$Function_Between"/>
        </reference_kind>
    </target>
    <target member="toString" name="org.eclipse.birt.core.data.DataTypeUtil.toString(Object)" signature="(Ljava/lang/Object;)Ljava/lang/String;" type="org.eclipse.birt.core.data.DataTypeUtil">
        <reference_kind flags="0" kind="128" reference_kind_name="INVOKED_STATIC">
            <reference linenumber="185" member="compare" origin="org.eclipse.birt.core.script.function.bre.BirtComp.compare(Object, Object)" signature="(Ljava/lang/Object;Ljava/lang/Object;)I" type="org.eclipse.birt.core.script.function.bre.BirtComp"/>
            <reference linenumber="188" member="compare" origin="org.eclipse.birt.core.script.function.bre.BirtComp.compare(Object, Object)" signature="(Ljava/lang/Object;Ljava/lang/Object;)I" type="org.eclipse.birt.core.script.function.bre.BirtComp"/>
            <reference linenumber="191" member="compare" origin="org.eclipse.birt.core.script.function.bre.BirtComp.compare(Object, Object)" signature="(Ljava/lang/Object;Ljava/lang/Object;)I" type="org.eclipse.birt.core.script.function.bre.BirtComp"/>
            <reference linenumber="231" member="compareString" origin="org.eclipse.birt.core.script.function.bre.BirtComp.compareString(Object, Object, boolean, boolean)" signature="(Ljava/lang/Object;Ljava/lang/Object;ZZ)I" type="org.eclipse.birt.core.script.function.bre.BirtComp"/>
            <reference linenumber="194" member="compare" origin="org.eclipse.birt.core.script.function.bre.BirtComp.compare(Object, Object)" signature="(Ljava/lang/Object;Ljava/lang/Object;)I" type="org.eclipse.birt.core.script.function.bre.BirtComp"/>
            <reference linenumber="232" member="compareString" origin="org.eclipse.birt.core.script.function.bre.BirtComp.compareString(Object, Object, boolean, boolean)" signature="(Ljava/lang/Object;Ljava/lang/Object;ZZ)I" type="org.eclipse.birt.core.script.function.bre.BirtComp"/>
        </reference_kind>
    </target>
    <target member="toDouble" name="org.eclipse.birt.core.data.DataTypeUtil.toDouble(Object)" signature="(Ljava/lang/Object;)Ljava/lang/Double;" type="org.eclipse.birt.core.data.DataTypeUtil">
        <reference_kind flags="0" kind="128" reference_kind_name="INVOKED_STATIC">
            <reference linenumber="163" member="compare" origin="org.eclipse.birt.core.script.function.bre.BirtComp.compare(Object, Object)" signature="(Ljava/lang/Object;Ljava/lang/Object;)I" type="org.eclipse.birt.core.script.function.bre.BirtComp"/>
            <reference linenumber="162" member="compare" origin="org.eclipse.birt.core.script.function.bre.BirtComp.compare(Object, Object)" signature="(Ljava/lang/Object;Ljava/lang/Object;)I" type="org.eclipse.birt.core.script.function.bre.BirtComp"/>
        <reference linenumber="53" member="getDouble" origin="org.eclipse.birt.core.script.function.general.Finance.getDouble(Object)" signature="(Ljava/lang/Object;)D" type="org.eclipse.birt.core.script.function.general.Finance"/>
        </reference_kind>
    </target>
    <target member="add" name="org.eclipse.birt.core.script.MathUtil.add(Object, Object)" signature="(Ljava/lang/Object;Ljava/lang/Object;)Ljava/lang/Number;" type="org.eclipse.birt.core.script.MathUtil">
        <reference_kind flags="0" kind="128" reference_kind_name="INVOKED_STATIC">
            <reference linenumber="80" member="getValue" origin="org.eclipse.birt.core.script.function.bre.BirtMath.Function_Add.getValue(Object[])" signature="([Ljava/lang/Object;)Ljava/lang/Object;" type="org.eclipse.birt.core.script.function.bre.BirtMath$Function_Add"/>
        </reference_kind>
    </target>
    <target member="toSqlDate" name="org.eclipse.birt.core.data.DataTypeUtil.toSqlDate(Object)" signature="(Ljava/lang/Object;)Ljava/sql/Date;" type="org.eclipse.birt.core.data.DataTypeUtil">
        <reference_kind flags="0" kind="128" reference_kind_name="INVOKED_STATIC">
            <reference linenumber="172" member="compare" origin="org.eclipse.birt.core.script.function.bre.BirtComp.compare(Object, Object)" signature="(Ljava/lang/Object;Ljava/lang/Object;)I" type="org.eclipse.birt.core.script.function.bre.BirtComp"/>
            <reference linenumber="173" member="compare" origin="org.eclipse.birt.core.script.function.bre.BirtComp.compare(Object, Object)" signature="(Ljava/lang/Object;Ljava/lang/Object;)I" type="org.eclipse.birt.core.script.function.bre.BirtComp"/>
        </reference_kind>
    </target>
    <target member="toBigDecimal" name="org.eclipse.birt.core.data.DataTypeUtil.toBigDecimal(Object)" signature="(Ljava/lang/Object;)Ljava/math/BigDecimal;" type="org.eclipse.birt.core.data.DataTypeUtil">
        <reference_kind flags="0" kind="128" reference_kind_name="INVOKED_STATIC">
            <reference linenumber="157" member="compare" origin="org.eclipse.birt.core.script.function.bre.BirtComp.compare(Object, Object)" signature="(Ljava/lang/Object;Ljava/lang/Object;)I" type="org.eclipse.birt.core.script.function.bre.BirtComp"/>
            <reference linenumber="156" member="compare" origin="org.eclipse.birt.core.script.function.bre.BirtComp.compare(Object, Object)" signature="(Ljava/lang/Object;Ljava/lang/Object;)I" type="org.eclipse.birt.core.script.function.bre.BirtComp"/>
        </reference_kind>
    </target>
    <target member="toDate" name="org.eclipse.birt.core.data.DataTypeUtil.toDate(Object)" signature="(Ljava/lang/Object;)Ljava/util/Date;" type="org.eclipse.birt.core.data.DataTypeUtil">
        <reference_kind flags="0" kind="128" reference_kind_name="INVOKED_STATIC">
            <reference linenumber="733" member="getValue" origin="org.eclipse.birt.core.script.function.bre.BirtDateTime.Function_DiffDay.getValue(Object[])" signature="([Ljava/lang/Object;)Ljava/lang/Object;" type="org.eclipse.birt.core.script.function.bre.BirtDateTime$Function_DiffDay"/>
            <reference linenumber="1221" member="getValue" origin="org.eclipse.birt.core.script.function.bre.BirtDateTime.Function_AddSecond.getValue(Object[])" signature="([Ljava/lang/Object;)Ljava/lang/Object;" type="org.eclipse.birt.core.script.function.bre.BirtDateTime$Function_AddSecond"/>
            <reference linenumber="1069" member="getValue" origin="org.eclipse.birt.core.script.function.bre.BirtDateTime.Function_AddWeek.getValue(Object[])" signature="([Ljava/lang/Object;)Ljava/lang/Object;" type="org.eclipse.birt.core.script.function.bre.BirtDateTime$Function_AddWeek"/>
            <reference linenumber="340" member="getValue" origin="org.eclipse.birt.core.script.function.bre.BirtDateTime.Function_Week.getValue(Object[])" signature="([Ljava/lang/Object;)Ljava/lang/Object;" type="org.eclipse.birt.core.script.function.bre.BirtDateTime$Function_Week"/>
            <reference linenumber="910" member="getValue" origin="org.eclipse.birt.core.script.function.bre.BirtDateTime.Function_DiffSecond.getValue(Object[])" signature="([Ljava/lang/Object;)Ljava/lang/Object;" type="org.eclipse.birt.core.script.function.bre.BirtDateTime$Function_DiffSecond"/>
            <reference linenumber="489" member="getValue" origin="org.eclipse.birt.core.script.function.bre.BirtDuration.Function_AddTo.getValue(Object[])" signature="([Ljava/lang/Object;)Ljava/lang/Object;" type="org.eclipse.birt.core.script.function.bre.BirtDuration$Function_AddTo"/>
            <reference linenumber="1104" member="getValue" origin="org.eclipse.birt.core.script.function.bre.BirtDateTime.Function_AddDay.getValue(Object[])" signature="([Ljava/lang/Object;)Ljava/lang/Object;" type="org.eclipse.birt.core.script.function.bre.BirtDateTime$Function_AddDay"/>
            <reference linenumber="269" member="getValue" origin="org.eclipse.birt.core.script.function.bre.BirtDateTime.Function_Month.getValue(Object[])" signature="([Ljava/lang/Object;)Ljava/lang/Object;" type="org.eclipse.birt.core.script.function.bre.BirtDateTime$Function_Month"/>
            <reference linenumber="415" member="getValue" origin="org.eclipse.birt.core.script.function.bre.BirtDateTime.Function_WeekDay.getValue(Object[])" signature="([Ljava/lang/Object;)Ljava/lang/Object;" type="org.eclipse.birt.core.script.function.bre.BirtDateTime$Function_WeekDay"/>
            <reference linenumber="271" member="getValue" origin="org.eclipse.birt.core.script.function.bre.BirtDateTime.Function_Month.getValue(Object[])" signature="([Ljava/lang/Object;)Ljava/lang/Object;" type="org.eclipse.birt.core.script.function.bre.BirtDateTime$Function_Month"/>
            <reference linenumber="640" member="getValue" origin="org.eclipse.birt.core.script.function.bre.BirtDateTime.Function_DiffQuarter.getValue(Object[])" signature="([Ljava/lang/Object;)Ljava/lang/Object;" type="org.eclipse.birt.core.script.function.bre.BirtDateTime$Function_DiffQuarter"/>
            <reference linenumber="417" member="getValue" origin="org.eclipse.birt.core.script.function.bre.BirtDateTime.Function_WeekDay.getValue(Object[])" signature="([Ljava/lang/Object;)Ljava/lang/Object;" type="org.eclipse.birt.core.script.function.bre.BirtDateTime$Function_WeekDay"/>
            <reference linenumber="1182" member="getValue" origin="org.eclipse.birt.core.script.function.bre.BirtDateTime.Function_AddMinute.getValue(Object[])" signature="([Ljava/lang/Object;)Ljava/lang/Object;" type="org.eclipse.birt.core.script.function.bre.BirtDateTime$Function_AddMinute"/>
            <reference linenumber="848" member="getValue" origin="org.eclipse.birt.core.script.function.bre.BirtDateTime.Function_DiffMinute.getValue(Object[])" signature="([Ljava/lang/Object;)Ljava/lang/Object;" type="org.eclipse.birt.core.script.function.bre.BirtDateTime$Function_DiffMinute"/>
            <reference linenumber="684" member="getValue" origin="org.eclipse.birt.core.script.function.bre.BirtDateTime.Function_DiffWeek.getValue(Object[])" signature="([Ljava/lang/Object;)Ljava/lang/Object;" type="org.eclipse.birt.core.script.function.bre.BirtDateTime$Function_DiffWeek"/>
            <reference linenumber="210" member="getValue" origin="org.eclipse.birt.core.script.function.bre.BirtDateTime.Function_Quarter.getValue(Object[])" signature="([Ljava/lang/Object;)Ljava/lang/Object;" type="org.eclipse.birt.core.script.function.bre.BirtDateTime$Function_Quarter"/>
            <reference linenumber="956" member="getValue" origin="org.eclipse.birt.core.script.function.bre.BirtDateTime.Function_AddYear.getValue(Object[])" signature="([Ljava/lang/Object;)Ljava/lang/Object;" type="org.eclipse.birt.core.script.function.bre.BirtDateTime$Function_AddYear"/>
            <reference linenumber="246" member="getValue" origin="org.eclipse.birt.core.script.function.bre.BirtDuration.Function_TimeInMills.getValue(Object[])" signature="([Ljava/lang/Object;)Ljava/lang/Object;" type="org.eclipse.birt.core.script.function.bre.BirtDuration$Function_TimeInMills"/>
            <reference linenumber="178" member="compare" origin="org.eclipse.birt.core.script.function.bre.BirtComp.compare(Object, Object)" signature="(Ljava/lang/Object;Ljava/lang/Object;)I" type="org.eclipse.birt.core.script.function.bre.BirtComp"/>
            <reference linenumber="177" member="compare" origin="org.eclipse.birt.core.script.function.bre.BirtComp.compare(Object, Object)" signature="(Ljava/lang/Object;Ljava/lang/Object;)I" type="org.eclipse.birt.core.script.function.bre.BirtComp"/>
            <reference linenumber="597" member="getValue" origin="org.eclipse.birt.core.script.function.bre.BirtDateTime.Function_DiffMonth.getValue(Object[])" signature="([Ljava/lang/Object;)Ljava/lang/Object;" type="org.eclipse.birt.core.script.function.bre.BirtDateTime$Function_DiffMonth"/>
            <reference linenumber="807" member="getValue" origin="org.eclipse.birt.core.script.function.bre.BirtDateTime.Function_DiffHour.getValue(Object[])" signature="([Ljava/lang/Object;)Ljava/lang/Object;" type="org.eclipse.birt.core.script.function.bre.BirtDateTime$Function_DiffHour"/>
            <reference linenumber="1143" member="getValue" origin="org.eclipse.birt.core.script.function.bre.BirtDateTime.Function_AddHour.getValue(Object[])" signature="([Ljava/lang/Object;)Ljava/lang/Object;" type="org.eclipse.birt.core.script.function.bre.BirtDateTime$Function_AddHour"/>
            <reference linenumber="555" member="getValue" origin="org.eclipse.birt.core.script.function.bre.BirtDateTime.Function_DiffYear.getValue(Object[])" signature="([Ljava/lang/Object;)Ljava/lang/Object;" type="org.eclipse.birt.core.script.function.bre.BirtDateTime$Function_DiffYear"/>
            <reference linenumber="1034" member="getValue" origin="org.eclipse.birt.core.script.function.bre.BirtDateTime.Function_AddQuarter.getValue(Object[])" signature="([Ljava/lang/Object;)Ljava/lang/Object;" type="org.eclipse.birt.core.script.function.bre.BirtDateTime$Function_AddQuarter"/>
            <reference linenumber="377" member="getValue" origin="org.eclipse.birt.core.script.function.bre.BirtDateTime.Function_Day.getValue(Object[])" signature="([Ljava/lang/Object;)Ljava/lang/Object;" type="org.eclipse.birt.core.script.function.bre.BirtDateTime$Function_Day"/>
            <reference linenumber="995" member="getValue" origin="org.eclipse.birt.core.script.function.bre.BirtDateTime.Function_AddMonth.getValue(Object[])" signature="([Ljava/lang/Object;)Ljava/lang/Object;" type="org.eclipse.birt.core.script.function.bre.BirtDateTime$Function_AddMonth"/>
            <reference linenumber="173" member="getValue" origin="org.eclipse.birt.core.script.function.bre.BirtDateTime.Function_Year.getValue(Object[])" signature="([Ljava/lang/Object;)Ljava/lang/Object;" type="org.eclipse.birt.core.script.function.bre.BirtDateTime$Function_Year"/>
        <reference linenumber="420" member="execute" origin="org.eclipse.birt.core.script.function.general.DateTimeSpan.SubDateScriptFunctionExecutor.execute(Object[], IScriptFunctionContext)" signature="([Ljava/lang/Object;Lorg/eclipse/birt/core/script/functionservice/IScriptFunctionContext;)Ljava/lang/Object;" type="org.eclipse.birt.core.script.function.general.DateTimeSpan$SubDateScriptFunctionExecutor"/>
            <reference linenumber="452" member="execute" origin="org.eclipse.birt.core.script.function.general.DateTimeSpan.SubTimeScriptFunctionExecutor.execute(Object[], IScriptFunctionContext)" signature="([Ljava/lang/Object;Lorg/eclipse/birt/core/script/functionservice/IScriptFunctionContext;)Ljava/lang/Object;" type="org.eclipse.birt.core.script.function.general.DateTimeSpan$SubTimeScriptFunctionExecutor"/>
            <reference linenumber="110" member="execute" origin="org.eclipse.birt.core.script.function.general.DateTimeSpan.YearsScriptFunctionExecutor.execute(Object[], IScriptFunctionContext)" signature="([Ljava/lang/Object;Lorg/eclipse/birt/core/script/functionservice/IScriptFunctionContext;)Ljava/lang/Object;" type="org.eclipse.birt.core.script.function.general.DateTimeSpan$YearsScriptFunctionExecutor"/>
            <reference linenumber="111" member="execute" origin="org.eclipse.birt.core.script.function.general.DateTimeSpan.YearsScriptFunctionExecutor.execute(Object[], IScriptFunctionContext)" signature="([Ljava/lang/Object;Lorg/eclipse/birt/core/script/functionservice/IScriptFunctionContext;)Ljava/lang/Object;" type="org.eclipse.birt.core.script.function.general.DateTimeSpan$YearsScriptFunctionExecutor"/>
            <reference linenumber="235" member="execute" origin="org.eclipse.birt.core.script.function.general.DateTimeSpan.HoursScriptFunctionExecutor.execute(Object[], IScriptFunctionContext)" signature="([Ljava/lang/Object;Lorg/eclipse/birt/core/script/functionservice/IScriptFunctionContext;)Ljava/lang/Object;" type="org.eclipse.birt.core.script.function.general.DateTimeSpan$HoursScriptFunctionExecutor"/>
            <reference linenumber="201" member="execute" origin="org.eclipse.birt.core.script.function.general.DateTimeSpan.DaysScriptFunctionExecutor.execute(Object[], IScriptFunctionContext)" signature="([Ljava/lang/Object;Lorg/eclipse/birt/core/script/functionservice/IScriptFunctionContext;)Ljava/lang/Object;" type="org.eclipse.birt.core.script.function.general.DateTimeSpan$DaysScriptFunctionExecutor"/>
            <reference linenumber="387" member="execute" origin="org.eclipse.birt.core.script.function.general.DateTimeSpan.AddTimeScriptFunctionExecutor.execute(Object[], IScriptFunctionContext)" signature="([Ljava/lang/Object;Lorg/eclipse/birt/core/script/functionservice/IScriptFunctionContext;)Ljava/lang/Object;" type="org.eclipse.birt.core.script.function.general.DateTimeSpan$AddTimeScriptFunctionExecutor"/>
            <reference linenumber="200" member="execute" origin="org.eclipse.birt.core.script.function.general.DateTimeSpan.DaysScriptFunctionExecutor.execute(Object[], IScriptFunctionContext)" signature="([Ljava/lang/Object;Lorg/eclipse/birt/core/script/functionservice/IScriptFunctionContext;)Ljava/lang/Object;" type="org.eclipse.birt.core.script.function.general.DateTimeSpan$DaysScriptFunctionExecutor"/>
            <reference linenumber="236" member="execute" origin="org.eclipse.birt.core.script.function.general.DateTimeSpan.HoursScriptFunctionExecutor.execute(Object[], IScriptFunctionContext)" signature="([Ljava/lang/Object;Lorg/eclipse/birt/core/script/functionservice/IScriptFunctionContext;)Ljava/lang/Object;" type="org.eclipse.birt.core.script.function.general.DateTimeSpan$HoursScriptFunctionExecutor"/>
            <reference linenumber="271" member="execute" origin="org.eclipse.birt.core.script.function.general.DateTimeSpan.MinutesScriptFunctionExecutor.execute(Object[], IScriptFunctionContext)" signature="([Ljava/lang/Object;Lorg/eclipse/birt/core/script/functionservice/IScriptFunctionContext;)Ljava/lang/Object;" type="org.eclipse.birt.core.script.function.general.DateTimeSpan$MinutesScriptFunctionExecutor"/>
            <reference linenumber="270" member="execute" origin="org.eclipse.birt.core.script.function.general.DateTimeSpan.MinutesScriptFunctionExecutor.execute(Object[], IScriptFunctionContext)" signature="([Ljava/lang/Object;Lorg/eclipse/birt/core/script/functionservice/IScriptFunctionContext;)Ljava/lang/Object;" type="org.eclipse.birt.core.script.function.general.DateTimeSpan$MinutesScriptFunctionExecutor"/>
            <reference linenumber="164" member="execute" origin="org.eclipse.birt.core.script.function.general.DateTimeSpan.MonthsScriptFunctionExecutor.execute(Object[], IScriptFunctionContext)" signature="([Ljava/lang/Object;Lorg/eclipse/birt/core/script/functionservice/IScriptFunctionContext;)Ljava/lang/Object;" type="org.eclipse.birt.core.script.function.general.DateTimeSpan$MonthsScriptFunctionExecutor"/>
            <reference linenumber="345" member="execute" origin="org.eclipse.birt.core.script.function.general.DateTimeSpan.AddDateScriptFunctionExecutor.execute(Object[], IScriptFunctionContext)" signature="([Ljava/lang/Object;Lorg/eclipse/birt/core/script/functionservice/IScriptFunctionContext;)Ljava/lang/Object;" type="org.eclipse.birt.core.script.function.general.DateTimeSpan$AddDateScriptFunctionExecutor"/>
            <reference linenumber="163" member="execute" origin="org.eclipse.birt.core.script.function.general.DateTimeSpan.MonthsScriptFunctionExecutor.execute(Object[], IScriptFunctionContext)" signature="([Ljava/lang/Object;Lorg/eclipse/birt/core/script/functionservice/IScriptFunctionContext;)Ljava/lang/Object;" type="org.eclipse.birt.core.script.function.general.DateTimeSpan$MonthsScriptFunctionExecutor"/>
            <reference linenumber="306" member="execute" origin="org.eclipse.birt.core.script.function.general.DateTimeSpan.SecondsScriptFunctionExecutor.execute(Object[], IScriptFunctionContext)" signature="([Ljava/lang/Object;Lorg/eclipse/birt/core/script/functionservice/IScriptFunctionContext;)Ljava/lang/Object;" type="org.eclipse.birt.core.script.function.general.DateTimeSpan$SecondsScriptFunctionExecutor"/>
            <reference linenumber="307" member="execute" origin="org.eclipse.birt.core.script.function.general.DateTimeSpan.SecondsScriptFunctionExecutor.execute(Object[], IScriptFunctionContext)" signature="([Ljava/lang/Object;Lorg/eclipse/birt/core/script/functionservice/IScriptFunctionContext;)Ljava/lang/Object;" type="org.eclipse.birt.core.script.function.general.DateTimeSpan$SecondsScriptFunctionExecutor"/>
        </reference_kind>
    </target>
    <target member="safeDivide" name="org.eclipse.birt.core.script.MathUtil.safeDivide(Object, Object, Object)" signature="(Ljava/lang/Object;Ljava/lang/Object;Ljava/lang/Object;)Ljava/lang/Object;" type="org.eclipse.birt.core.script.MathUtil">
        <reference_kind flags="0" kind="128" reference_kind_name="INVOKED_STATIC">
            <reference linenumber="438" member="getValue" origin="org.eclipse.birt.core.script.function.bre.BirtMath.Function_SafeDivide.getValue(Object[])" signature="([Ljava/lang/Object;)Ljava/lang/Object;" type="org.eclipse.birt.core.script.function.bre.BirtMath$Function_SafeDivide"/>
        </reference_kind>
    </target>
    <target member="toSqlTime" name="org.eclipse.birt.core.data.DataTypeUtil.toSqlTime(Object)" signature="(Ljava/lang/Object;)Ljava/sql/Time;" type="org.eclipse.birt.core.data.DataTypeUtil">
        <reference_kind flags="0" kind="128" reference_kind_name="INVOKED_STATIC">
            <reference linenumber="167" member="compare" origin="org.eclipse.birt.core.script.function.bre.BirtComp.compare(Object, Object)" signature="(Ljava/lang/Object;Ljava/lang/Object;)I" type="org.eclipse.birt.core.script.function.bre.BirtComp"/>
            <reference linenumber="168" member="compare" origin="org.eclipse.birt.core.script.function.bre.BirtComp.compare(Object, Object)" signature="(Ljava/lang/Object;Ljava/lang/Object;)I" type="org.eclipse.birt.core.script.function.bre.BirtComp"/>
        </reference_kind>
    </target>
    <target member="findProperty" name="org.eclipse.birt.core.script.functionservice.IScriptFunctionContext.findProperty(String)" signature="(Ljava/lang/String;)Ljava/lang/Object;" type="org.eclipse.birt.core.script.functionservice.IScriptFunctionContext">
        <reference_kind flags="0" kind="512" reference_kind_name="INTERFACE_METHOD">
            <reference linenumber="1316" member="execute" origin="org.eclipse.birt.core.script.function.bre.BirtDateTime.execute(Object[], IScriptFunctionContext)" signature="([Ljava/lang/Object;Lorg/eclipse/birt/core/script/functionservice/IScriptFunctionContext;)Ljava/lang/Object;" type="org.eclipse.birt.core.script.function.bre.BirtDateTime"/>
            <reference linenumber="1306" member="execute" origin="org.eclipse.birt.core.script.function.bre.BirtDateTime.execute(Object[], IScriptFunctionContext)" signature="([Ljava/lang/Object;Lorg/eclipse/birt/core/script/functionservice/IScriptFunctionContext;)Ljava/lang/Object;" type="org.eclipse.birt.core.script.function.bre.BirtDateTime"/>
        </reference_kind>
    </target>
    <target member="multiply" name="org.eclipse.birt.core.script.MathUtil.multiply(Object, Object)" signature="(Ljava/lang/Object;Ljava/lang/Object;)Ljava/lang/Number;" type="org.eclipse.birt.core.script.MathUtil">
        <reference_kind flags="0" kind="128" reference_kind_name="INVOKED_STATIC">
            <reference linenumber="140" member="getValue" origin="org.eclipse.birt.core.script.function.bre.BirtMath.Function_Multiple.getValue(Object[])" signature="([Ljava/lang/Object;)Ljava/lang/Object;" type="org.eclipse.birt.core.script.function.bre.BirtMath$Function_Multiple"/>
        </reference_kind>
    </target>
    <target member="&lt;init&gt;" name="org.eclipse.birt.core.exception.BirtException.BirtException(String, String, Object)" signature="(Ljava/lang/String;Ljava/lang/String;Ljava/lang/Object;)V" type="org.eclipse.birt.core.exception.BirtException">
        <reference_kind flags="0" kind="64" reference_kind_name="CONSTRUCTOR_METHOD">
            <reference linenumber="97" member="&lt;init&gt;" origin="org.eclipse.birt.core.script.function.bre.BirtComp.BirtComp(String)" signature="(Ljava/lang/String;)V" type="org.eclipse.birt.core.script.function.bre.BirtComp"/>
            <reference linenumber="60" member="&lt;init&gt;" origin="org.eclipse.birt.core.script.function.bre.BirtStr.BirtStr(String)" signature="(Ljava/lang/String;)V" type="org.eclipse.birt.core.script.function.bre.BirtStr"/>
            <reference linenumber="56" member="&lt;init&gt;" origin="org.eclipse.birt.core.script.function.bre.BirtMath.BirtMath(String)" signature="(Ljava/lang/String;)V" type="org.eclipse.birt.core.script.function.bre.BirtMath"/>
            <reference linenumber="336" member="match" origin="org.eclipse.birt.core.script.function.bre.BirtComp.match(Object, Object)" signature="(Ljava/lang/Object;Ljava/lang/Object;)Z" type="org.eclipse.birt.core.script.function.bre.BirtComp"/>
            <reference linenumber="320" member="match" origin="org.eclipse.birt.core.script.function.bre.BirtComp.match(Object, Object)" signature="(Ljava/lang/Object;Ljava/lang/Object;)Z" type="org.eclipse.birt.core.script.function.bre.BirtComp"/>
            <reference linenumber="67" member="&lt;init&gt;" origin="org.eclipse.birt.core.script.function.bre.BirtDuration.BirtDuration(String)" signature="(Ljava/lang/String;)V" type="org.eclipse.birt.core.script.function.bre.BirtDuration"/>
            <reference linenumber="150" member="&lt;init&gt;" origin="org.eclipse.birt.core.script.function.bre.BirtDateTime.BirtDateTime(String)" signature="(Ljava/lang/String;)V" type="org.eclipse.birt.core.script.function.bre.BirtDateTime"/>
        <reference linenumber="1130" member="execute" origin="org.eclipse.birt.core.script.function.general.Finance.IrrScriptFunctionExecutor.execute(Object[], IScriptFunctionContext)" signature="([Ljava/lang/Object;Lorg/eclipse/birt/core/script/functionservice/IScriptFunctionContext;)Ljava/lang/Object;" type="org.eclipse.birt.core.script.function.general.Finance$IrrScriptFunctionExecutor"/>
            <reference linenumber="269" member="execute" origin="org.eclipse.birt.core.script.function.general.DateTimeSpan.MinutesScriptFunctionExecutor.execute(Object[], IScriptFunctionContext)" signature="([Ljava/lang/Object;Lorg/eclipse/birt/core/script/functionservice/IScriptFunctionContext;)Ljava/lang/Object;" type="org.eclipse.birt.core.script.function.general.DateTimeSpan$MinutesScriptFunctionExecutor"/>
            <reference linenumber="162" member="execute" origin="org.eclipse.birt.core.script.function.general.DateTimeSpan.MonthsScriptFunctionExecutor.execute(Object[], IScriptFunctionContext)" signature="([Ljava/lang/Object;Lorg/eclipse/birt/core/script/functionservice/IScriptFunctionContext;)Ljava/lang/Object;" type="org.eclipse.birt.core.script.function.general.DateTimeSpan$MonthsScriptFunctionExecutor"/>
            <reference linenumber="386" member="execute" origin="org.eclipse.birt.core.script.function.general.DateTimeSpan.AddTimeScriptFunctionExecutor.execute(Object[], IScriptFunctionContext)" signature="([Ljava/lang/Object;Lorg/eclipse/birt/core/script/functionservice/IScriptFunctionContext;)Ljava/lang/Object;" type="org.eclipse.birt.core.script.function.general.DateTimeSpan$AddTimeScriptFunctionExecutor"/>
            <reference linenumber="495" member="getExecutor" origin="org.eclipse.birt.core.script.function.general.DateTimeSpan.getExecutor(String)" signature="(Ljava/lang/String;)Lorg/eclipse/birt/core/script/functionservice/IScriptFunctionExecutor;" type="org.eclipse.birt.core.script.function.general.DateTimeSpan"/>
            <reference linenumber="817" member="execute" origin="org.eclipse.birt.core.script.function.general.Finance.RateScriptFunctionExecutor.execute(Object[], IScriptFunctionContext)" signature="([Ljava/lang/Object;Lorg/eclipse/birt/core/script/functionservice/IScriptFunctionContext;)Ljava/lang/Object;" type="org.eclipse.birt.core.script.function.general.Finance$RateScriptFunctionExecutor"/>
            <reference linenumber="932" member="execute" origin="org.eclipse.birt.core.script.function.general.Finance.NpvScriptFunctionExecutor.execute(Object[], IScriptFunctionContext)" signature="([Ljava/lang/Object;Lorg/eclipse/birt/core/script/functionservice/IScriptFunctionContext;)Ljava/lang/Object;" type="org.eclipse.birt.core.script.function.general.Finance$NpvScriptFunctionExecutor"/>
            <reference linenumber="451" member="execute" origin="org.eclipse.birt.core.script.function.general.DateTimeSpan.SubTimeScriptFunctionExecutor.execute(Object[], IScriptFunctionContext)" signature="([Ljava/lang/Object;Lorg/eclipse/birt/core/script/functionservice/IScriptFunctionContext;)Ljava/lang/Object;" type="org.eclipse.birt.core.script.function.general.DateTimeSpan$SubTimeScriptFunctionExecutor"/>
            <reference linenumber="344" member="execute" origin="org.eclipse.birt.core.script.function.general.DateTimeSpan.AddDateScriptFunctionExecutor.execute(Object[], IScriptFunctionContext)" signature="([Ljava/lang/Object;Lorg/eclipse/birt/core/script/functionservice/IScriptFunctionContext;)Ljava/lang/Object;" type="org.eclipse.birt.core.script.function.general.DateTimeSpan$AddDateScriptFunctionExecutor"/>
            <reference linenumber="1261" member="execute" origin="org.eclipse.birt.core.script.function.general.Finance.MirrScriptFunctionExecutor.execute(Object[], IScriptFunctionContext)" signature="([Ljava/lang/Object;Lorg/eclipse/birt/core/script/functionservice/IScriptFunctionContext;)Ljava/lang/Object;" type="org.eclipse.birt.core.script.function.general.Finance$MirrScriptFunctionExecutor"/>
            <reference linenumber="305" member="execute" origin="org.eclipse.birt.core.script.function.general.DateTimeSpan.SecondsScriptFunctionExecutor.execute(Object[], IScriptFunctionContext)" signature="([Ljava/lang/Object;Lorg/eclipse/birt/core/script/functionservice/IScriptFunctionContext;)Ljava/lang/Object;" type="org.eclipse.birt.core.script.function.general.DateTimeSpan$SecondsScriptFunctionExecutor"/>
            <reference linenumber="343" member="execute" origin="org.eclipse.birt.core.script.function.general.Finance.PmtScriptFunctionExecutor.execute(Object[], IScriptFunctionContext)" signature="([Ljava/lang/Object;Lorg/eclipse/birt/core/script/functionservice/IScriptFunctionContext;)Ljava/lang/Object;" type="org.eclipse.birt.core.script.function.general.Finance$PmtScriptFunctionExecutor"/>
            <reference linenumber="484" member="execute" origin="org.eclipse.birt.core.script.function.general.Finance.PpmtScriptFunctionExecutor.execute(Object[], IScriptFunctionContext)" signature="([Ljava/lang/Object;Lorg/eclipse/birt/core/script/functionservice/IScriptFunctionContext;)Ljava/lang/Object;" type="org.eclipse.birt.core.script.function.general.Finance$PpmtScriptFunctionExecutor"/>
            <reference linenumber="419" member="execute" origin="org.eclipse.birt.core.script.function.general.DateTimeSpan.SubDateScriptFunctionExecutor.execute(Object[], IScriptFunctionContext)" signature="([Ljava/lang/Object;Lorg/eclipse/birt/core/script/functionservice/IScriptFunctionContext;)Ljava/lang/Object;" type="org.eclipse.birt.core.script.function.general.DateTimeSpan$SubDateScriptFunctionExecutor"/>
            <reference linenumber="199" member="execute" origin="org.eclipse.birt.core.script.function.general.DateTimeSpan.DaysScriptFunctionExecutor.execute(Object[], IScriptFunctionContext)" signature="([Ljava/lang/Object;Lorg/eclipse/birt/core/script/functionservice/IScriptFunctionContext;)Ljava/lang/Object;" type="org.eclipse.birt.core.script.function.general.DateTimeSpan$DaysScriptFunctionExecutor"/>
            <reference linenumber="918" member="execute" origin="org.eclipse.birt.core.script.function.general.Finance.NpvScriptFunctionExecutor.execute(Object[], IScriptFunctionContext)" signature="([Ljava/lang/Object;Lorg/eclipse/birt/core/script/functionservice/IScriptFunctionContext;)Ljava/lang/Object;" type="org.eclipse.birt.core.script.function.general.Finance$NpvScriptFunctionExecutor"/>
            <reference linenumber="544" member="execute" origin="org.eclipse.birt.core.script.function.general.Finance.NperScriptFunctionExecutor.execute(Object[], IScriptFunctionContext)" signature="([Ljava/lang/Object;Lorg/eclipse/birt/core/script/functionservice/IScriptFunctionContext;)Ljava/lang/Object;" type="org.eclipse.birt.core.script.function.general.Finance$NperScriptFunctionExecutor"/>
            <reference linenumber="122" member="execute" origin="org.eclipse.birt.core.script.function.general.Finance.DdbScriptFunctionExecutor.execute(Object[], IScriptFunctionContext)" signature="([Ljava/lang/Object;Lorg/eclipse/birt/core/script/functionservice/IScriptFunctionContext;)Ljava/lang/Object;" type="org.eclipse.birt.core.script.function.general.Finance$DdbScriptFunctionExecutor"/>
            <reference linenumber="1112" member="execute" origin="org.eclipse.birt.core.script.function.general.Finance.IrrScriptFunctionExecutor.execute(Object[], IScriptFunctionContext)" signature="([Ljava/lang/Object;Lorg/eclipse/birt/core/script/functionservice/IScriptFunctionContext;)Ljava/lang/Object;" type="org.eclipse.birt.core.script.function.general.Finance$IrrScriptFunctionExecutor"/>
            <reference linenumber="276" member="execute" origin="org.eclipse.birt.core.script.function.general.Finance.FvScriptFunctionExecutor.execute(Object[], IScriptFunctionContext)" signature="([Ljava/lang/Object;Lorg/eclipse/birt/core/script/functionservice/IScriptFunctionContext;)Ljava/lang/Object;" type="org.eclipse.birt.core.script.function.general.Finance$FvScriptFunctionExecutor"/>
            <reference linenumber="109" member="execute" origin="org.eclipse.birt.core.script.function.general.DateTimeSpan.YearsScriptFunctionExecutor.execute(Object[], IScriptFunctionContext)" signature="([Ljava/lang/Object;Lorg/eclipse/birt/core/script/functionservice/IScriptFunctionContext;)Ljava/lang/Object;" type="org.eclipse.birt.core.script.function.general.DateTimeSpan$YearsScriptFunctionExecutor"/>
            <reference linenumber="234" member="execute" origin="org.eclipse.birt.core.script.function.general.DateTimeSpan.HoursScriptFunctionExecutor.execute(Object[], IScriptFunctionContext)" signature="([Ljava/lang/Object;Lorg/eclipse/birt/core/script/functionservice/IScriptFunctionContext;)Ljava/lang/Object;" type="org.eclipse.birt.core.script.function.general.DateTimeSpan$HoursScriptFunctionExecutor"/>
            <reference linenumber="189" member="execute" origin="org.eclipse.birt.core.script.function.general.Finance.SydScriptFunctionExecutor.execute(Object[], IScriptFunctionContext)" signature="([Ljava/lang/Object;Lorg/eclipse/birt/core/script/functionservice/IScriptFunctionContext;)Ljava/lang/Object;" type="org.eclipse.birt.core.script.function.general.Finance$SydScriptFunctionExecutor"/>
            <reference linenumber="615" member="execute" origin="org.eclipse.birt.core.script.function.general.Finance.PvScriptFunctionExecutor.execute(Object[], IScriptFunctionContext)" signature="([Ljava/lang/Object;Lorg/eclipse/birt/core/script/functionservice/IScriptFunctionContext;)Ljava/lang/Object;" type="org.eclipse.birt.core.script.function.general.Finance$PvScriptFunctionExecutor"/>
            <reference linenumber="153" member="execute" origin="org.eclipse.birt.core.script.function.general.Finance.SlnScriptFunctionExecutor.execute(Object[], IScriptFunctionContext)" signature="([Ljava/lang/Object;Lorg/eclipse/birt/core/script/functionservice/IScriptFunctionContext;)Ljava/lang/Object;" type="org.eclipse.birt.core.script.function.general.Finance$SlnScriptFunctionExecutor"/>
            <reference linenumber="414" member="execute" origin="org.eclipse.birt.core.script.function.general.Finance.IpmtScriptFunctionExecutor.execute(Object[], IScriptFunctionContext)" signature="([Ljava/lang/Object;Lorg/eclipse/birt/core/script/functionservice/IScriptFunctionContext;)Ljava/lang/Object;" type="org.eclipse.birt.core.script.function.general.Finance$IpmtScriptFunctionExecutor"/>
            <reference linenumber="1233" member="execute" origin="org.eclipse.birt.core.script.function.general.Finance.MirrScriptFunctionExecutor.execute(Object[], IScriptFunctionContext)" signature="([Ljava/lang/Object;Lorg/eclipse/birt/core/script/functionservice/IScriptFunctionContext;)Ljava/lang/Object;" type="org.eclipse.birt.core.script.function.general.Finance$MirrScriptFunctionExecutor"/>
            <reference linenumber="1299" member="getExecutor" origin="org.eclipse.birt.core.script.function.general.Finance.getExecutor(String)" signature="(Ljava/lang/String;)Lorg/eclipse/birt/core/script/functionservice/IScriptFunctionExecutor;" type="org.eclipse.birt.core.script.function.general.Finance"/>
            <reference linenumber="856" member="execute" origin="org.eclipse.birt.core.script.function.general.Finance.PercentScriptFunctionExecutor.execute(Object[], IScriptFunctionContext)" signature="([Ljava/lang/Object;Lorg/eclipse/birt/core/script/functionservice/IScriptFunctionContext;)Ljava/lang/Object;" type="org.eclipse.birt.core.script.function.general.Finance$PercentScriptFunctionExecutor"/>
        </reference_kind>
    </target>
    <target member="divide" name="org.eclipse.birt.core.script.MathUtil.divide(Object, Object)" signature="(Ljava/lang/Object;Ljava/lang/Object;)Ljava/lang/Number;" type="org.eclipse.birt.core.script.MathUtil">
        <reference_kind flags="0" kind="128" reference_kind_name="INVOKED_STATIC">
            <reference linenumber="170" member="getValue" origin="org.eclipse.birt.core.script.function.bre.BirtMath.Function_Divide.getValue(Object[])" signature="([Ljava/lang/Object;)Ljava/lang/Object;" type="org.eclipse.birt.core.script.function.bre.BirtMath$Function_Divide"/>
        </reference_kind>
    </target>
</references>
