<?xml version="1.0" encoding="UTF-8" standalone="no"?>
<references name="Types" origin="org.eclipse.birt.core.script.function (2.5.2.v20100205)" referee="org.eclipse.birt.core (2.5.2.v20100208)" reference_count="265" reference_visibility="1">
    <target name="org.eclipse.birt.core.script.functionservice.IScriptFunctionFactory" type="org.eclipse.birt.core.script.functionservice.IScriptFunctionFactory">
        <reference_kind flags="0" kind="2" reference_kind_name="IMPLEMENTS">
            <reference linenumber="-1" origin="org.eclipse.birt.core.script.function.bre.BirtCompFunctionFactory" type="org.eclipse.birt.core.script.function.bre.BirtCompFunctionFactory"/>
            <reference linenumber="-1" origin="org.eclipse.birt.core.script.function.bre.BirtDurationFunctionFactory" type="org.eclipse.birt.core.script.function.bre.BirtDurationFunctionFactory"/>
            <reference linenumber="-1" origin="org.eclipse.birt.core.script.function.bre.BirtMathFunctionFactory" type="org.eclipse.birt.core.script.function.bre.BirtMathFunctionFactory"/>
            <reference linenumber="-1" origin="org.eclipse.birt.core.script.function.bre.BirtStrFunctionFactory" type="org.eclipse.birt.core.script.function.bre.BirtStrFunctionFactory"/>
            <reference linenumber="-1" origin="org.eclipse.birt.core.script.function.bre.BirtDateTimeFunctionFactory" type="org.eclipse.birt.core.script.function.bre.BirtDateTimeFunctionFactory"/>
        <reference linenumber="-1" origin="org.eclipse.birt.core.script.function.general.BirtDateTimeSpanFunctionFactory" type="org.eclipse.birt.core.script.function.general.BirtDateTimeSpanFunctionFactory"/>
            <reference linenumber="-1" origin="org.eclipse.birt.core.script.function.general.BirtFinanceFunctionFactory" type="org.eclipse.birt.core.script.function.general.BirtFinanceFunctionFactory"/>
        </reference_kind>
    </target>
    <target name="org.eclipse.birt.core.script.functionservice.IScriptFunctionExecutor" type="org.eclipse.birt.core.script.functionservice.IScriptFunctionExecutor">
        <reference_kind flags="0" kind="8" reference_kind_name="RETURN_TYPE">
            <reference linenumber="-1" member="getFunctionExecutor" origin="org.eclipse.birt.core.script.function.bre.BirtDateTimeFunctionFactory.getFunctionExecutor(String)" signature="(Ljava/lang/String;)Lorg/eclipse/birt/core/script/functionservice/IScriptFunctionExecutor;" type="org.eclipse.birt.core.script.function.bre.BirtDateTimeFunctionFactory"/>
            <reference linenumber="-1" member="getFunctionExecutor" origin="org.eclipse.birt.core.script.function.bre.BirtDurationFunctionFactory.getFunctionExecutor(String)" signature="(Ljava/lang/String;)Lorg/eclipse/birt/core/script/functionservice/IScriptFunctionExecutor;" type="org.eclipse.birt.core.script.function.bre.BirtDurationFunctionFactory"/>
            <reference linenumber="-1" member="getFunctionExecutor" origin="org.eclipse.birt.core.script.function.bre.BirtStrFunctionFactory.getFunctionExecutor(String)" signature="(Ljava/lang/String;)Lorg/eclipse/birt/core/script/functionservice/IScriptFunctionExecutor;" type="org.eclipse.birt.core.script.function.bre.BirtStrFunctionFactory"/>
            <reference linenumber="-1" member="getFunctionExecutor" origin="org.eclipse.birt.core.script.function.bre.BirtMathFunctionFactory.getFunctionExecutor(String)" signature="(Ljava/lang/String;)Lorg/eclipse/birt/core/script/functionservice/IScriptFunctionExecutor;" type="org.eclipse.birt.core.script.function.bre.BirtMathFunctionFactory"/>
            <reference linenumber="-1" member="getFunctionExecutor" origin="org.eclipse.birt.core.script.function.bre.BirtCompFunctionFactory.getFunctionExecutor(String)" signature="(Ljava/lang/String;)Lorg/eclipse/birt/core/script/functionservice/IScriptFunctionExecutor;" type="org.eclipse.birt.core.script.function.bre.BirtCompFunctionFactory"/>
        <reference linenumber="-1" member="getExecutor" origin="org.eclipse.birt.core.script.function.general.Finance.getExecutor(String)" signature="(Ljava/lang/String;)Lorg/eclipse/birt/core/script/functionservice/IScriptFunctionExecutor;" type="org.eclipse.birt.core.script.function.general.Finance"/>
            <reference linenumber="-1" member="getFunctionExecutor" origin="org.eclipse.birt.core.script.function.general.BirtFinanceFunctionFactory.getFunctionExecutor(String)" signature="(Ljava/lang/String;)Lorg/eclipse/birt/core/script/functionservice/IScriptFunctionExecutor;" type="org.eclipse.birt.core.script.function.general.BirtFinanceFunctionFactory"/>
            <reference linenumber="-1" member="getFunctionExecutor" origin="org.eclipse.birt.core.script.function.general.BirtDateTimeSpanFunctionFactory.getFunctionExecutor(String)" signature="(Ljava/lang/String;)Lorg/eclipse/birt/core/script/functionservice/IScriptFunctionExecutor;" type="org.eclipse.birt.core.script.function.general.BirtDateTimeSpanFunctionFactory"/>
            <reference linenumber="-1" member="getExecutor" origin="org.eclipse.birt.core.script.function.general.DateTimeSpan.getExecutor(String)" signature="(Ljava/lang/String;)Lorg/eclipse/birt/core/script/functionservice/IScriptFunctionExecutor;" type="org.eclipse.birt.core.script.function.general.DateTimeSpan"/>
        </reference_kind>
        <reference_kind flags="0" kind="4" reference_kind_name="DECLARED_FIELD">
            <reference linenumber="-1" member="executor" origin="org.eclipse.birt.core.script.function.bre.BirtMath.executor" type="org.eclipse.birt.core.script.function.bre.BirtMath"/>
            <reference linenumber="-1" member="executor" origin="org.eclipse.birt.core.script.function.bre.BirtDateTime.executor" type="org.eclipse.birt.core.script.function.bre.BirtDateTime"/>
            <reference linenumber="-1" member="executor" origin="org.eclipse.birt.core.script.function.bre.BirtComp.executor" type="org.eclipse.birt.core.script.function.bre.BirtComp"/>
            <reference linenumber="-1" member="executor" origin="org.eclipse.birt.core.script.function.bre.BirtDuration.executor" type="org.eclipse.birt.core.script.function.bre.BirtDuration"/>
            <reference linenumber="-1" member="executor" origin="org.eclipse.birt.core.script.function.bre.BirtStr.executor" type="org.eclipse.birt.core.script.function.bre.BirtStr"/>
        </reference_kind>
        <reference_kind flags="0" kind="2" reference_kind_name="IMPLEMENTS">
            <reference linenumber="-1" origin="org.eclipse.birt.core.script.function.bre.BirtStr.Function_TrimRight" type="org.eclipse.birt.core.script.function.bre.BirtStr$Function_TrimRight"/>
            <reference linenumber="-1" origin="org.eclipse.birt.core.script.function.bre.BirtDuration" type="org.eclipse.birt.core.script.function.bre.BirtDuration"/>
            <reference linenumber="-1" origin="org.eclipse.birt.core.script.function.bre.BirtMath" type="org.eclipse.birt.core.script.function.bre.BirtMath"/>
            <reference linenumber="-1" origin="org.eclipse.birt.core.script.function.bre.BirtComp.Function_AnyOf" type="org.eclipse.birt.core.script.function.bre.BirtComp$Function_AnyOf"/>
            <reference linenumber="-1" origin="org.eclipse.birt.core.script.function.bre.BirtStr.Function_Right" type="org.eclipse.birt.core.script.function.bre.BirtStr$Function_Right"/>
            <reference linenumber="-1" origin="org.eclipse.birt.core.script.function.bre.Function_temp" type="org.eclipse.birt.core.script.function.bre.Function_temp"/>
            <reference linenumber="-1" origin="org.eclipse.birt.core.script.function.bre.BirtComp" type="org.eclipse.birt.core.script.function.bre.BirtComp"/>
            <reference linenumber="-1" origin="org.eclipse.birt.core.script.function.bre.BirtStr.Function_Concat" type="org.eclipse.birt.core.script.function.bre.BirtStr$Function_Concat"/>
            <reference linenumber="-1" origin="org.eclipse.birt.core.script.function.bre.BirtStr.Function_TrimLeft" type="org.eclipse.birt.core.script.function.bre.BirtStr$Function_TrimLeft"/>
            <reference linenumber="-1" origin="org.eclipse.birt.core.script.function.bre.BirtStr.Function_ToUpper" type="org.eclipse.birt.core.script.function.bre.BirtStr$Function_ToUpper"/>
            <reference linenumber="-1" origin="org.eclipse.birt.core.script.function.bre.BirtStr.Function_Left" type="org.eclipse.birt.core.script.function.bre.BirtStr$Function_Left"/>
            <reference linenumber="-1" origin="org.eclipse.birt.core.script.function.bre.BirtDateTime" type="org.eclipse.birt.core.script.function.bre.BirtDateTime"/>
            <reference linenumber="-1" origin="org.eclipse.birt.core.script.function.bre.BirtComp.Function_Between" type="org.eclipse.birt.core.script.function.bre.BirtComp$Function_Between"/>
            <reference linenumber="-1" origin="org.eclipse.birt.core.script.function.bre.BirtStr" type="org.eclipse.birt.core.script.function.bre.BirtStr"/>
            <reference linenumber="-1" origin="org.eclipse.birt.core.script.function.bre.BirtStr.Function_ToLower" type="org.eclipse.birt.core.script.function.bre.BirtStr$Function_ToLower"/>
            <reference linenumber="-1" origin="org.eclipse.birt.core.script.function.bre.BirtStr.Function_IndexOf" type="org.eclipse.birt.core.script.function.bre.BirtStr$Function_IndexOf"/>
            <reference linenumber="-1" origin="org.eclipse.birt.core.script.function.bre.BirtStr.Function_Trim" type="org.eclipse.birt.core.script.function.bre.BirtStr$Function_Trim"/>
            <reference linenumber="-1" origin="org.eclipse.birt.core.script.function.bre.BirtStr.Function_Search" type="org.eclipse.birt.core.script.function.bre.BirtStr$Function_Search"/>
            <reference linenumber="-1" origin="org.eclipse.birt.core.script.function.bre.BirtStr.Function_CharLength" type="org.eclipse.birt.core.script.function.bre.BirtStr$Function_CharLength"/>
            <reference linenumber="-1" origin="org.eclipse.birt.core.script.function.bre.BirtComp.Function_Compare" type="org.eclipse.birt.core.script.function.bre.BirtComp$Function_Compare"/>
        <reference linenumber="-1" origin="org.eclipse.birt.core.script.function.general.DateTimeSpan.MonthsScriptFunctionExecutor" type="org.eclipse.birt.core.script.function.general.DateTimeSpan$MonthsScriptFunctionExecutor"/>
            <reference linenumber="-1" origin="org.eclipse.birt.core.script.function.general.DateTimeSpan.DaysScriptFunctionExecutor" type="org.eclipse.birt.core.script.function.general.DateTimeSpan$DaysScriptFunctionExecutor"/>
            <reference linenumber="-1" origin="org.eclipse.birt.core.script.function.general.Finance.IpmtScriptFunctionExecutor" type="org.eclipse.birt.core.script.function.general.Finance$IpmtScriptFunctionExecutor"/>
            <reference linenumber="-1" origin="org.eclipse.birt.core.script.function.general.DateTimeSpan.SubDateScriptFunctionExecutor" type="org.eclipse.birt.core.script.function.general.DateTimeSpan$SubDateScriptFunctionExecutor"/>
            <reference linenumber="-1" origin="org.eclipse.birt.core.script.function.general.Finance.NpvScriptFunctionExecutor" type="org.eclipse.birt.core.script.function.general.Finance$NpvScriptFunctionExecutor"/>
            <reference linenumber="-1" origin="org.eclipse.birt.core.script.function.general.DateTimeSpan.YearsScriptFunctionExecutor" type="org.eclipse.birt.core.script.function.general.DateTimeSpan$YearsScriptFunctionExecutor"/>
            <reference linenumber="-1" origin="org.eclipse.birt.core.script.function.general.Finance.SydScriptFunctionExecutor" type="org.eclipse.birt.core.script.function.general.Finance$SydScriptFunctionExecutor"/>
            <reference linenumber="-1" origin="org.eclipse.birt.core.script.function.general.Finance.DdbScriptFunctionExecutor" type="org.eclipse.birt.core.script.function.general.Finance$DdbScriptFunctionExecutor"/>
            <reference linenumber="-1" origin="org.eclipse.birt.core.script.function.general.Finance.IrrScriptFunctionExecutor" type="org.eclipse.birt.core.script.function.general.Finance$IrrScriptFunctionExecutor"/>
            <reference linenumber="-1" origin="org.eclipse.birt.core.script.function.general.Finance.PercentScriptFunctionExecutor" type="org.eclipse.birt.core.script.function.general.Finance$PercentScriptFunctionExecutor"/>
            <reference linenumber="-1" origin="org.eclipse.birt.core.script.function.general.Finance.RateScriptFunctionExecutor" type="org.eclipse.birt.core.script.function.general.Finance$RateScriptFunctionExecutor"/>
            <reference linenumber="-1" origin="org.eclipse.birt.core.script.function.general.Finance.NperScriptFunctionExecutor" type="org.eclipse.birt.core.script.function.general.Finance$NperScriptFunctionExecutor"/>
            <reference linenumber="-1" origin="org.eclipse.birt.core.script.function.general.DateTimeSpan.AddDateScriptFunctionExecutor" type="org.eclipse.birt.core.script.function.general.DateTimeSpan$AddDateScriptFunctionExecutor"/>
            <reference linenumber="-1" origin="org.eclipse.birt.core.script.function.general.Finance.PmtScriptFunctionExecutor" type="org.eclipse.birt.core.script.function.general.Finance$PmtScriptFunctionExecutor"/>
            <reference linenumber="-1" origin="org.eclipse.birt.core.script.function.general.DateTimeSpan.SecondsScriptFunctionExecutor" type="org.eclipse.birt.core.script.function.general.DateTimeSpan$SecondsScriptFunctionExecutor"/>
            <reference linenumber="-1" origin="org.eclipse.birt.core.script.function.general.Finance.PpmtScriptFunctionExecutor" type="org.eclipse.birt.core.script.function.general.Finance$PpmtScriptFunctionExecutor"/>
            <reference linenumber="-1" origin="org.eclipse.birt.core.script.function.general.DateTimeSpan.SubTimeScriptFunctionExecutor" type="org.eclipse.birt.core.script.function.general.DateTimeSpan$SubTimeScriptFunctionExecutor"/>
            <reference linenumber="-1" origin="org.eclipse.birt.core.script.function.general.Finance.PvScriptFunctionExecutor" type="org.eclipse.birt.core.script.function.general.Finance$PvScriptFunctionExecutor"/>
            <reference linenumber="-1" origin="org.eclipse.birt.core.script.function.general.Finance.MirrScriptFunctionExecutor" type="org.eclipse.birt.core.script.function.general.Finance$MirrScriptFunctionExecutor"/>
            <reference linenumber="-1" origin="org.eclipse.birt.core.script.function.general.Finance.SlnScriptFunctionExecutor" type="org.eclipse.birt.core.script.function.general.Finance$SlnScriptFunctionExecutor"/>
            <reference linenumber="-1" origin="org.eclipse.birt.core.script.function.general.DateTimeSpan.HoursScriptFunctionExecutor" type="org.eclipse.birt.core.script.function.general.DateTimeSpan$HoursScriptFunctionExecutor"/>
            <reference linenumber="-1" origin="org.eclipse.birt.core.script.function.general.Finance.FvScriptFunctionExecutor" type="org.eclipse.birt.core.script.function.general.Finance$FvScriptFunctionExecutor"/>
            <reference linenumber="-1" origin="org.eclipse.birt.core.script.function.general.DateTimeSpan.AddTimeScriptFunctionExecutor" type="org.eclipse.birt.core.script.function.general.DateTimeSpan$AddTimeScriptFunctionExecutor"/>
            <reference linenumber="-1" origin="org.eclipse.birt.core.script.function.general.DateTimeSpan.MinutesScriptFunctionExecutor" type="org.eclipse.birt.core.script.function.general.DateTimeSpan$MinutesScriptFunctionExecutor"/>
        </reference_kind>
    </target>
    <target name="org.eclipse.birt.core.script.functionservice.IScriptFunctionContext" type="org.eclipse.birt.core.script.functionservice.IScriptFunctionContext">
        <reference_kind flags="0" kind="16" reference_kind_name="PARAMETER">
            <reference linenumber="-1" member="execute" origin="org.eclipse.birt.core.script.function.bre.BirtStr.Function_ToUpper.execute(Object[], IScriptFunctionContext)" signature="([Ljava/lang/Object;Lorg/eclipse/birt/core/script/functionservice/IScriptFunctionContext;)Ljava/lang/Object;" type="org.eclipse.birt.core.script.function.bre.BirtStr$Function_ToUpper"/>
            <reference linenumber="-1" member="execute" origin="org.eclipse.birt.core.script.function.bre.BirtComp.execute(Object[], IScriptFunctionContext)" signature="([Ljava/lang/Object;Lorg/eclipse/birt/core/script/functionservice/IScriptFunctionContext;)Ljava/lang/Object;" type="org.eclipse.birt.core.script.function.bre.BirtComp"/>
            <reference linenumber="-1" member="execute" origin="org.eclipse.birt.core.script.function.bre.BirtComp.Function_Between.execute(Object[], IScriptFunctionContext)" signature="([Ljava/lang/Object;Lorg/eclipse/birt/core/script/functionservice/IScriptFunctionContext;)Ljava/lang/Object;" type="org.eclipse.birt.core.script.function.bre.BirtComp$Function_Between"/>
            <reference linenumber="-1" member="execute" origin="org.eclipse.birt.core.script.function.bre.BirtStr.Function_IndexOf.execute(Object[], IScriptFunctionContext)" signature="([Ljava/lang/Object;Lorg/eclipse/birt/core/script/functionservice/IScriptFunctionContext;)Ljava/lang/Object;" type="org.eclipse.birt.core.script.function.bre.BirtStr$Function_IndexOf"/>
            <reference linenumber="-1" member="execute" origin="org.eclipse.birt.core.script.function.bre.BirtStr.Function_Search.execute(Object[], IScriptFunctionContext)" signature="([Ljava/lang/Object;Lorg/eclipse/birt/core/script/functionservice/IScriptFunctionContext;)Ljava/lang/Object;" type="org.eclipse.birt.core.script.function.bre.BirtStr$Function_Search"/>
            <reference linenumber="-1" member="execute" origin="org.eclipse.birt.core.script.function.bre.BirtComp.Function_AnyOf.execute(Object[], IScriptFunctionContext)" signature="([Ljava/lang/Object;Lorg/eclipse/birt/core/script/functionservice/IScriptFunctionContext;)Ljava/lang/Object;" type="org.eclipse.birt.core.script.function.bre.BirtComp$Function_AnyOf"/>
            <reference linenumber="-1" member="execute" origin="org.eclipse.birt.core.script.function.bre.BirtDuration.execute(Object[], IScriptFunctionContext)" signature="([Ljava/lang/Object;Lorg/eclipse/birt/core/script/functionservice/IScriptFunctionContext;)Ljava/lang/Object;" type="org.eclipse.birt.core.script.function.bre.BirtDuration"/>
            <reference linenumber="-1" member="execute" origin="org.eclipse.birt.core.script.function.bre.BirtStr.execute(Object[], IScriptFunctionContext)" signature="([Ljava/lang/Object;Lorg/eclipse/birt/core/script/functionservice/IScriptFunctionContext;)Ljava/lang/Object;" type="org.eclipse.birt.core.script.function.bre.BirtStr"/>
            <reference linenumber="-1" member="execute" origin="org.eclipse.birt.core.script.function.bre.BirtStr.Function_TrimRight.execute(Object[], IScriptFunctionContext)" signature="([Ljava/lang/Object;Lorg/eclipse/birt/core/script/functionservice/IScriptFunctionContext;)Ljava/lang/Object;" type="org.eclipse.birt.core.script.function.bre.BirtStr$Function_TrimRight"/>
            <reference linenumber="-1" member="execute" origin="org.eclipse.birt.core.script.function.bre.BirtStr.Function_ToLower.execute(Object[], IScriptFunctionContext)" signature="([Ljava/lang/Object;Lorg/eclipse/birt/core/script/functionservice/IScriptFunctionContext;)Ljava/lang/Object;" type="org.eclipse.birt.core.script.function.bre.BirtStr$Function_ToLower"/>
            <reference linenumber="-1" member="execute" origin="org.eclipse.birt.core.script.function.bre.BirtStr.Function_Left.execute(Object[], IScriptFunctionContext)" signature="([Ljava/lang/Object;Lorg/eclipse/birt/core/script/functionservice/IScriptFunctionContext;)Ljava/lang/Object;" type="org.eclipse.birt.core.script.function.bre.BirtStr$Function_Left"/>
            <reference linenumber="-1" member="execute" origin="org.eclipse.birt.core.script.function.bre.BirtMath.execute(Object[], IScriptFunctionContext)" signature="([Ljava/lang/Object;Lorg/eclipse/birt/core/script/functionservice/IScriptFunctionContext;)Ljava/lang/Object;" type="org.eclipse.birt.core.script.function.bre.BirtMath"/>
            <reference linenumber="-1" member="execute" origin="org.eclipse.birt.core.script.function.bre.BirtStr.Function_CharLength.execute(Object[], IScriptFunctionContext)" signature="([Ljava/lang/Object;Lorg/eclipse/birt/core/script/functionservice/IScriptFunctionContext;)Ljava/lang/Object;" type="org.eclipse.birt.core.script.function.bre.BirtStr$Function_CharLength"/>
            <reference linenumber="-1" member="execute" origin="org.eclipse.birt.core.script.function.bre.BirtStr.Function_Right.execute(Object[], IScriptFunctionContext)" signature="([Ljava/lang/Object;Lorg/eclipse/birt/core/script/functionservice/IScriptFunctionContext;)Ljava/lang/Object;" type="org.eclipse.birt.core.script.function.bre.BirtStr$Function_Right"/>
            <reference linenumber="-1" member="execute" origin="org.eclipse.birt.core.script.function.bre.BirtStr.Function_TrimLeft.execute(Object[], IScriptFunctionContext)" signature="([Ljava/lang/Object;Lorg/eclipse/birt/core/script/functionservice/IScriptFunctionContext;)Ljava/lang/Object;" type="org.eclipse.birt.core.script.function.bre.BirtStr$Function_TrimLeft"/>
            <reference linenumber="-1" member="execute" origin="org.eclipse.birt.core.script.function.bre.BirtStr.Function_Trim.execute(Object[], IScriptFunctionContext)" signature="([Ljava/lang/Object;Lorg/eclipse/birt/core/script/functionservice/IScriptFunctionContext;)Ljava/lang/Object;" type="org.eclipse.birt.core.script.function.bre.BirtStr$Function_Trim"/>
            <reference linenumber="-1" member="execute" origin="org.eclipse.birt.core.script.function.bre.BirtStr.Function_Concat.execute(Object[], IScriptFunctionContext)" signature="([Ljava/lang/Object;Lorg/eclipse/birt/core/script/functionservice/IScriptFunctionContext;)Ljava/lang/Object;" type="org.eclipse.birt.core.script.function.bre.BirtStr$Function_Concat"/>
            <reference linenumber="-1" member="execute" origin="org.eclipse.birt.core.script.function.bre.BirtComp.Function_Compare.execute(Object[], IScriptFunctionContext)" signature="([Ljava/lang/Object;Lorg/eclipse/birt/core/script/functionservice/IScriptFunctionContext;)Ljava/lang/Object;" type="org.eclipse.birt.core.script.function.bre.BirtComp$Function_Compare"/>
            <reference linenumber="-1" member="execute" origin="org.eclipse.birt.core.script.function.bre.Function_temp.execute(Object[], IScriptFunctionContext)" signature="([Ljava/lang/Object;Lorg/eclipse/birt/core/script/functionservice/IScriptFunctionContext;)Ljava/lang/Object;" type="org.eclipse.birt.core.script.function.bre.Function_temp"/>
            <reference linenumber="-1" member="execute" origin="org.eclipse.birt.core.script.function.bre.BirtDateTime.execute(Object[], IScriptFunctionContext)" signature="([Ljava/lang/Object;Lorg/eclipse/birt/core/script/functionservice/IScriptFunctionContext;)Ljava/lang/Object;" type="org.eclipse.birt.core.script.function.bre.BirtDateTime"/>
        <reference linenumber="-1" member="execute" origin="org.eclipse.birt.core.script.function.general.Finance.SlnScriptFunctionExecutor.execute(Object[], IScriptFunctionContext)" signature="([Ljava/lang/Object;Lorg/eclipse/birt/core/script/functionservice/IScriptFunctionContext;)Ljava/lang/Object;" type="org.eclipse.birt.core.script.function.general.Finance$SlnScriptFunctionExecutor"/>
            <reference linenumber="-1" member="execute" origin="org.eclipse.birt.core.script.function.general.Finance.PercentScriptFunctionExecutor.execute(Object[], IScriptFunctionContext)" signature="([Ljava/lang/Object;Lorg/eclipse/birt/core/script/functionservice/IScriptFunctionContext;)Ljava/lang/Object;" type="org.eclipse.birt.core.script.function.general.Finance$PercentScriptFunctionExecutor"/>
            <reference linenumber="-1" member="execute" origin="org.eclipse.birt.core.script.function.general.Finance.PpmtScriptFunctionExecutor.execute(Object[], IScriptFunctionContext)" signature="([Ljava/lang/Object;Lorg/eclipse/birt/core/script/functionservice/IScriptFunctionContext;)Ljava/lang/Object;" type="org.eclipse.birt.core.script.function.general.Finance$PpmtScriptFunctionExecutor"/>
            <reference linenumber="-1" member="execute" origin="org.eclipse.birt.core.script.function.general.DateTimeSpan.DaysScriptFunctionExecutor.execute(Object[], IScriptFunctionContext)" signature="([Ljava/lang/Object;Lorg/eclipse/birt/core/script/functionservice/IScriptFunctionContext;)Ljava/lang/Object;" type="org.eclipse.birt.core.script.function.general.DateTimeSpan$DaysScriptFunctionExecutor"/>
            <reference linenumber="-1" member="execute" origin="org.eclipse.birt.core.script.function.general.Finance.SydScriptFunctionExecutor.execute(Object[], IScriptFunctionContext)" signature="([Ljava/lang/Object;Lorg/eclipse/birt/core/script/functionservice/IScriptFunctionContext;)Ljava/lang/Object;" type="org.eclipse.birt.core.script.function.general.Finance$SydScriptFunctionExecutor"/>
            <reference linenumber="-1" member="execute" origin="org.eclipse.birt.core.script.function.general.Finance.DdbScriptFunctionExecutor.execute(Object[], IScriptFunctionContext)" signature="([Ljava/lang/Object;Lorg/eclipse/birt/core/script/functionservice/IScriptFunctionContext;)Ljava/lang/Object;" type="org.eclipse.birt.core.script.function.general.Finance$DdbScriptFunctionExecutor"/>
            <reference linenumber="-1" member="execute" origin="org.eclipse.birt.core.script.function.general.DateTimeSpan.MinutesScriptFunctionExecutor.execute(Object[], IScriptFunctionContext)" signature="([Ljava/lang/Object;Lorg/eclipse/birt/core/script/functionservice/IScriptFunctionContext;)Ljava/lang/Object;" type="org.eclipse.birt.core.script.function.general.DateTimeSpan$MinutesScriptFunctionExecutor"/>
            <reference linenumber="-1" member="execute" origin="org.eclipse.birt.core.script.function.general.Finance.MirrScriptFunctionExecutor.execute(Object[], IScriptFunctionContext)" signature="([Ljava/lang/Object;Lorg/eclipse/birt/core/script/functionservice/IScriptFunctionContext;)Ljava/lang/Object;" type="org.eclipse.birt.core.script.function.general.Finance$MirrScriptFunctionExecutor"/>
            <reference linenumber="-1" member="execute" origin="org.eclipse.birt.core.script.function.general.Finance.IrrScriptFunctionExecutor.execute(Object[], IScriptFunctionContext)" signature="([Ljava/lang/Object;Lorg/eclipse/birt/core/script/functionservice/IScriptFunctionContext;)Ljava/lang/Object;" type="org.eclipse.birt.core.script.function.general.Finance$IrrScriptFunctionExecutor"/>
            <reference linenumber="-1" member="execute" origin="org.eclipse.birt.core.script.function.general.Finance.RateScriptFunctionExecutor.execute(Object[], IScriptFunctionContext)" signature="([Ljava/lang/Object;Lorg/eclipse/birt/core/script/functionservice/IScriptFunctionContext;)Ljava/lang/Object;" type="org.eclipse.birt.core.script.function.general.Finance$RateScriptFunctionExecutor"/>
            <reference linenumber="-1" member="execute" origin="org.eclipse.birt.core.script.function.general.Finance.PmtScriptFunctionExecutor.execute(Object[], IScriptFunctionContext)" signature="([Ljava/lang/Object;Lorg/eclipse/birt/core/script/functionservice/IScriptFunctionContext;)Ljava/lang/Object;" type="org.eclipse.birt.core.script.function.general.Finance$PmtScriptFunctionExecutor"/>
            <reference linenumber="-1" member="execute" origin="org.eclipse.birt.core.script.function.general.DateTimeSpan.AddTimeScriptFunctionExecutor.execute(Object[], IScriptFunctionContext)" signature="([Ljava/lang/Object;Lorg/eclipse/birt/core/script/functionservice/IScriptFunctionContext;)Ljava/lang/Object;" type="org.eclipse.birt.core.script.function.general.DateTimeSpan$AddTimeScriptFunctionExecutor"/>
            <reference linenumber="-1" member="execute" origin="org.eclipse.birt.core.script.function.general.DateTimeSpan.MonthsScriptFunctionExecutor.execute(Object[], IScriptFunctionContext)" signature="([Ljava/lang/Object;Lorg/eclipse/birt/core/script/functionservice/IScriptFunctionContext;)Ljava/lang/Object;" type="org.eclipse.birt.core.script.function.general.DateTimeSpan$MonthsScriptFunctionExecutor"/>
            <reference linenumber="-1" member="execute" origin="org.eclipse.birt.core.script.function.general.DateTimeSpan.YearsScriptFunctionExecutor.execute(Object[], IScriptFunctionContext)" signature="([Ljava/lang/Object;Lorg/eclipse/birt/core/script/functionservice/IScriptFunctionContext;)Ljava/lang/Object;" type="org.eclipse.birt.core.script.function.general.DateTimeSpan$YearsScriptFunctionExecutor"/>
            <reference linenumber="-1" member="execute" origin="org.eclipse.birt.core.script.function.general.Finance.NperScriptFunctionExecutor.execute(Object[], IScriptFunctionContext)" signature="([Ljava/lang/Object;Lorg/eclipse/birt/core/script/functionservice/IScriptFunctionContext;)Ljava/lang/Object;" type="org.eclipse.birt.core.script.function.general.Finance$NperScriptFunctionExecutor"/>
            <reference linenumber="-1" member="execute" origin="org.eclipse.birt.core.script.function.general.DateTimeSpan.SubTimeScriptFunctionExecutor.execute(Object[], IScriptFunctionContext)" signature="([Ljava/lang/Object;Lorg/eclipse/birt/core/script/functionservice/IScriptFunctionContext;)Ljava/lang/Object;" type="org.eclipse.birt.core.script.function.general.DateTimeSpan$SubTimeScriptFunctionExecutor"/>
            <reference linenumber="-1" member="execute" origin="org.eclipse.birt.core.script.function.general.DateTimeSpan.SubDateScriptFunctionExecutor.execute(Object[], IScriptFunctionContext)" signature="([Ljava/lang/Object;Lorg/eclipse/birt/core/script/functionservice/IScriptFunctionContext;)Ljava/lang/Object;" type="org.eclipse.birt.core.script.function.general.DateTimeSpan$SubDateScriptFunctionExecutor"/>
            <reference linenumber="-1" member="execute" origin="org.eclipse.birt.core.script.function.general.DateTimeSpan.HoursScriptFunctionExecutor.execute(Object[], IScriptFunctionContext)" signature="([Ljava/lang/Object;Lorg/eclipse/birt/core/script/functionservice/IScriptFunctionContext;)Ljava/lang/Object;" type="org.eclipse.birt.core.script.function.general.DateTimeSpan$HoursScriptFunctionExecutor"/>
            <reference linenumber="-1" member="execute" origin="org.eclipse.birt.core.script.function.general.DateTimeSpan.SecondsScriptFunctionExecutor.execute(Object[], IScriptFunctionContext)" signature="([Ljava/lang/Object;Lorg/eclipse/birt/core/script/functionservice/IScriptFunctionContext;)Ljava/lang/Object;" type="org.eclipse.birt.core.script.function.general.DateTimeSpan$SecondsScriptFunctionExecutor"/>
            <reference linenumber="-1" member="execute" origin="org.eclipse.birt.core.script.function.general.Finance.FvScriptFunctionExecutor.execute(Object[], IScriptFunctionContext)" signature="([Ljava/lang/Object;Lorg/eclipse/birt/core/script/functionservice/IScriptFunctionContext;)Ljava/lang/Object;" type="org.eclipse.birt.core.script.function.general.Finance$FvScriptFunctionExecutor"/>
            <reference linenumber="-1" member="execute" origin="org.eclipse.birt.core.script.function.general.Finance.NpvScriptFunctionExecutor.execute(Object[], IScriptFunctionContext)" signature="([Ljava/lang/Object;Lorg/eclipse/birt/core/script/functionservice/IScriptFunctionContext;)Ljava/lang/Object;" type="org.eclipse.birt.core.script.function.general.Finance$NpvScriptFunctionExecutor"/>
            <reference linenumber="-1" member="execute" origin="org.eclipse.birt.core.script.function.general.Finance.IpmtScriptFunctionExecutor.execute(Object[], IScriptFunctionContext)" signature="([Ljava/lang/Object;Lorg/eclipse/birt/core/script/functionservice/IScriptFunctionContext;)Ljava/lang/Object;" type="org.eclipse.birt.core.script.function.general.Finance$IpmtScriptFunctionExecutor"/>
            <reference linenumber="-1" member="execute" origin="org.eclipse.birt.core.script.function.general.Finance.PvScriptFunctionExecutor.execute(Object[], IScriptFunctionContext)" signature="([Ljava/lang/Object;Lorg/eclipse/birt/core/script/functionservice/IScriptFunctionContext;)Ljava/lang/Object;" type="org.eclipse.birt.core.script.function.general.Finance$PvScriptFunctionExecutor"/>
            <reference linenumber="-1" member="execute" origin="org.eclipse.birt.core.script.function.general.DateTimeSpan.AddDateScriptFunctionExecutor.execute(Object[], IScriptFunctionContext)" signature="([Ljava/lang/Object;Lorg/eclipse/birt/core/script/functionservice/IScriptFunctionContext;)Ljava/lang/Object;" type="org.eclipse.birt.core.script.function.general.DateTimeSpan$AddDateScriptFunctionExecutor"/>
        </reference_kind>
        <reference_kind flags="0" kind="4" reference_kind_name="DECLARED_FIELD">
            <reference linenumber="-1" member="scriptContext" origin="org.eclipse.birt.core.script.function.bre.BirtDateTime.scriptContext" type="org.eclipse.birt.core.script.function.bre.BirtDateTime"/>
        </reference_kind>
    </target>
    <target name="org.eclipse.birt.core.exception.BirtException" type="org.eclipse.birt.core.exception.BirtException">
        <reference_kind flags="0" kind="32" reference_kind_name="THROWS">
            <reference linenumber="-1" member="getValue" origin="org.eclipse.birt.core.script.function.bre.BirtDuration.Function_Seconds.getValue(Object[])" signature="([Ljava/lang/Object;)Ljava/lang/Object;" type="org.eclipse.birt.core.script.function.bre.BirtDuration$Function_Seconds"/>
            <reference linenumber="-1" member="execute" origin="org.eclipse.birt.core.script.function.bre.BirtComp.Function_Between.execute(Object[], IScriptFunctionContext)" signature="([Ljava/lang/Object;Lorg/eclipse/birt/core/script/functionservice/IScriptFunctionContext;)Ljava/lang/Object;" type="org.eclipse.birt.core.script.function.bre.BirtComp$Function_Between"/>
            <reference linenumber="-1" member="execute" origin="org.eclipse.birt.core.script.function.bre.BirtStr.Function_ToUpper.execute(Object[], IScriptFunctionContext)" signature="([Ljava/lang/Object;Lorg/eclipse/birt/core/script/functionservice/IScriptFunctionContext;)Ljava/lang/Object;" type="org.eclipse.birt.core.script.function.bre.BirtStr$Function_ToUpper"/>
            <reference linenumber="-1" member="getValue" origin="org.eclipse.birt.core.script.function.bre.BirtDuration.Function_Longer.getValue(Object[])" signature="([Ljava/lang/Object;)Ljava/lang/Object;" type="org.eclipse.birt.core.script.function.bre.BirtDuration$Function_Longer"/>
            <reference linenumber="-1" member="&lt;init&gt;" origin="org.eclipse.birt.core.script.function.bre.BirtMath.BirtMath(String)" signature="(Ljava/lang/String;)V" type="org.eclipse.birt.core.script.function.bre.BirtMath"/>
            <reference linenumber="-1" member="execute" origin="org.eclipse.birt.core.script.function.bre.BirtStr.Function_Concat.execute(Object[], IScriptFunctionContext)" signature="([Ljava/lang/Object;Lorg/eclipse/birt/core/script/functionservice/IScriptFunctionContext;)Ljava/lang/Object;" type="org.eclipse.birt.core.script.function.bre.BirtStr$Function_Concat"/>
            <reference linenumber="-1" member="getValue" origin="org.eclipse.birt.core.script.function.bre.BirtDateTime.Function_Year.getValue(Object[])" signature="([Ljava/lang/Object;)Ljava/lang/Object;" type="org.eclipse.birt.core.script.function.bre.BirtDateTime$Function_Year"/>
            <reference linenumber="-1" member="getValue" origin="org.eclipse.birt.core.script.function.bre.BirtMath.Function_Mod.getValue(Object[])" signature="([Ljava/lang/Object;)Ljava/lang/Object;" type="org.eclipse.birt.core.script.function.bre.BirtMath$Function_Mod"/>
            <reference linenumber="-1" member="getValue" origin="org.eclipse.birt.core.script.function.bre.BirtDuration.Function_Subtract.getValue(Object[])" signature="([Ljava/lang/Object;)Ljava/lang/Object;" type="org.eclipse.birt.core.script.function.bre.BirtDuration$Function_Subtract"/>
            <reference linenumber="-1" member="execute" origin="org.eclipse.birt.core.script.function.bre.BirtStr.Function_Trim.execute(Object[], IScriptFunctionContext)" signature="([Ljava/lang/Object;Lorg/eclipse/birt/core/script/functionservice/IScriptFunctionContext;)Ljava/lang/Object;" type="org.eclipse.birt.core.script.function.bre.BirtStr$Function_Trim"/>
            <reference linenumber="-1" member="getValue" origin="org.eclipse.birt.core.script.function.bre.BirtDuration.Function_Hours.getValue(Object[])" signature="([Ljava/lang/Object;)Ljava/lang/Object;" type="org.eclipse.birt.core.script.function.bre.BirtDuration$Function_Hours"/>
            <reference linenumber="-1" member="getValue" origin="org.eclipse.birt.core.script.function.bre.BirtDuration.Function_Multiply.getValue(Object[])" signature="([Ljava/lang/Object;)Ljava/lang/Object;" type="org.eclipse.birt.core.script.function.bre.BirtDuration$Function_Multiply"/>
            <reference linenumber="-1" member="getValue" origin="org.eclipse.birt.core.script.function.bre.BirtDateTime.Function_Week.getValue(Object[])" signature="([Ljava/lang/Object;)Ljava/lang/Object;" type="org.eclipse.birt.core.script.function.bre.BirtDateTime$Function_Week"/>
            <reference linenumber="-1" member="getFunctionExecutor" origin="org.eclipse.birt.core.script.function.bre.BirtCompFunctionFactory.getFunctionExecutor(String)" signature="(Ljava/lang/String;)Lorg/eclipse/birt/core/script/functionservice/IScriptFunctionExecutor;" type="org.eclipse.birt.core.script.function.bre.BirtCompFunctionFactory"/>
            <reference linenumber="-1" member="execute" origin="org.eclipse.birt.core.script.function.bre.BirtStr.Function_ToLower.execute(Object[], IScriptFunctionContext)" signature="([Ljava/lang/Object;Lorg/eclipse/birt/core/script/functionservice/IScriptFunctionContext;)Ljava/lang/Object;" type="org.eclipse.birt.core.script.function.bre.BirtStr$Function_ToLower"/>
            <reference linenumber="-1" member="execute" origin="org.eclipse.birt.core.script.function.bre.BirtComp.Function_Compare.execute(Object[], IScriptFunctionContext)" signature="([Ljava/lang/Object;Lorg/eclipse/birt/core/script/functionservice/IScriptFunctionContext;)Ljava/lang/Object;" type="org.eclipse.birt.core.script.function.bre.BirtComp$Function_Compare"/>
            <reference linenumber="-1" member="getValue" origin="org.eclipse.birt.core.script.function.bre.BirtDateTime.Function_DiffMinute.getValue(Object[])" signature="([Ljava/lang/Object;)Ljava/lang/Object;" type="org.eclipse.birt.core.script.function.bre.BirtDateTime$Function_DiffMinute"/>
            <reference linenumber="-1" member="getFunctionExecutor" origin="org.eclipse.birt.core.script.function.bre.BirtMathFunctionFactory.getFunctionExecutor(String)" signature="(Ljava/lang/String;)Lorg/eclipse/birt/core/script/functionservice/IScriptFunctionExecutor;" type="org.eclipse.birt.core.script.function.bre.BirtMathFunctionFactory"/>
            <reference linenumber="-1" member="getValue" origin="org.eclipse.birt.core.script.function.bre.BirtMath.Function_Multiple.getValue(Object[])" signature="([Ljava/lang/Object;)Ljava/lang/Object;" type="org.eclipse.birt.core.script.function.bre.BirtMath$Function_Multiple"/>
            <reference linenumber="-1" member="getValue" origin="org.eclipse.birt.core.script.function.bre.BirtDateTime.Function_Day.getValue(Object[])" signature="([Ljava/lang/Object;)Ljava/lang/Object;" type="org.eclipse.birt.core.script.function.bre.BirtDateTime$Function_Day"/>
            <reference linenumber="-1" member="execute" origin="org.eclipse.birt.core.script.function.bre.BirtComp.Function_AnyOf.execute(Object[], IScriptFunctionContext)" signature="([Ljava/lang/Object;Lorg/eclipse/birt/core/script/functionservice/IScriptFunctionContext;)Ljava/lang/Object;" type="org.eclipse.birt.core.script.function.bre.BirtComp$Function_AnyOf"/>
            <reference linenumber="-1" member="getValue" origin="org.eclipse.birt.core.script.function.bre.BirtDateTime.Function_DiffMonth.getValue(Object[])" signature="([Ljava/lang/Object;)Ljava/lang/Object;" type="org.eclipse.birt.core.script.function.bre.BirtDateTime$Function_DiffMonth"/>
            <reference linenumber="-1" member="execute" origin="org.eclipse.birt.core.script.function.bre.BirtStr.Function_Left.execute(Object[], IScriptFunctionContext)" signature="([Ljava/lang/Object;Lorg/eclipse/birt/core/script/functionservice/IScriptFunctionContext;)Ljava/lang/Object;" type="org.eclipse.birt.core.script.function.bre.BirtStr$Function_Left"/>
            <reference linenumber="-1" member="getValue" origin="org.eclipse.birt.core.script.function.bre.BirtDuration.Function_AddTo.getValue(Object[])" signature="([Ljava/lang/Object;)Ljava/lang/Object;" type="org.eclipse.birt.core.script.function.bre.BirtDuration$Function_AddTo"/>
            <reference linenumber="-1" member="getValue" origin="org.eclipse.birt.core.script.function.bre.BirtDateTime.Function_WeekDay.getValue(Object[])" signature="([Ljava/lang/Object;)Ljava/lang/Object;" type="org.eclipse.birt.core.script.function.bre.BirtDateTime$Function_WeekDay"/>
            <reference linenumber="-1" member="execute" origin="org.eclipse.birt.core.script.function.bre.BirtStr.Function_TrimLeft.execute(Object[], IScriptFunctionContext)" signature="([Ljava/lang/Object;Lorg/eclipse/birt/core/script/functionservice/IScriptFunctionContext;)Ljava/lang/Object;" type="org.eclipse.birt.core.script.function.bre.BirtStr$Function_TrimLeft"/>
            <reference linenumber="-1" member="getValue" origin="org.eclipse.birt.core.script.function.bre.BirtDateTime.Function_AddYear.getValue(Object[])" signature="([Ljava/lang/Object;)Ljava/lang/Object;" type="org.eclipse.birt.core.script.function.bre.BirtDateTime$Function_AddYear"/>
            <reference linenumber="-1" member="getValue" origin="org.eclipse.birt.core.script.function.bre.BirtMath.Function_RoundDown.getValue(Object[])" signature="([Ljava/lang/Object;)Ljava/lang/Object;" type="org.eclipse.birt.core.script.function.bre.BirtMath$Function_RoundDown"/>
            <reference linenumber="-1" member="getValue" origin="org.eclipse.birt.core.script.function.bre.BirtDateTime.Function_Month.getValue(Object[])" signature="([Ljava/lang/Object;)Ljava/lang/Object;" type="org.eclipse.birt.core.script.function.bre.BirtDateTime$Function_Month"/>
            <reference linenumber="-1" member="execute" origin="org.eclipse.birt.core.script.function.bre.BirtStr.Function_TrimRight.execute(Object[], IScriptFunctionContext)" signature="([Ljava/lang/Object;Lorg/eclipse/birt/core/script/functionservice/IScriptFunctionContext;)Ljava/lang/Object;" type="org.eclipse.birt.core.script.function.bre.BirtStr$Function_TrimRight"/>
            <reference linenumber="-1" member="getValue" origin="org.eclipse.birt.core.script.function.bre.BirtDateTime.Function_AddDay.getValue(Object[])" signature="([Ljava/lang/Object;)Ljava/lang/Object;" type="org.eclipse.birt.core.script.function.bre.BirtDateTime$Function_AddDay"/>
            <reference linenumber="-1" member="&lt;init&gt;" origin="org.eclipse.birt.core.script.function.bre.BirtComp.BirtComp(String)" signature="(Ljava/lang/String;)V" type="org.eclipse.birt.core.script.function.bre.BirtComp"/>
            <reference linenumber="-1" member="&lt;init&gt;" origin="org.eclipse.birt.core.script.function.bre.BirtDateTime.BirtDateTime(String)" signature="(Ljava/lang/String;)V" type="org.eclipse.birt.core.script.function.bre.BirtDateTime"/>
            <reference linenumber="-1" member="getFunctionExecutor" origin="org.eclipse.birt.core.script.function.bre.BirtDateTimeFunctionFactory.getFunctionExecutor(String)" signature="(Ljava/lang/String;)Lorg/eclipse/birt/core/script/functionservice/IScriptFunctionExecutor;" type="org.eclipse.birt.core.script.function.bre.BirtDateTimeFunctionFactory"/>
            <reference linenumber="-1" member="getValue" origin="org.eclipse.birt.core.script.function.bre.BirtMath.Function_Round.getValue(Object[])" signature="([Ljava/lang/Object;)Ljava/lang/Object;" type="org.eclipse.birt.core.script.function.bre.BirtMath$Function_Round"/>
            <reference linenumber="-1" member="getValue" origin="org.eclipse.birt.core.script.function.bre.BirtDuration.Function_Year.getValue(Object[])" signature="([Ljava/lang/Object;)Ljava/lang/Object;" type="org.eclipse.birt.core.script.function.bre.BirtDuration$Function_Year"/>
            <reference linenumber="-1" member="execute" origin="org.eclipse.birt.core.script.function.bre.BirtStr.Function_Search.execute(Object[], IScriptFunctionContext)" signature="([Ljava/lang/Object;Lorg/eclipse/birt/core/script/functionservice/IScriptFunctionContext;)Ljava/lang/Object;" type="org.eclipse.birt.core.script.function.bre.BirtStr$Function_Search"/>
            <reference linenumber="-1" member="getValue" origin="org.eclipse.birt.core.script.function.bre.BirtDateTime.Function_Quarter.getValue(Object[])" signature="([Ljava/lang/Object;)Ljava/lang/Object;" type="org.eclipse.birt.core.script.function.bre.BirtDateTime$Function_Quarter"/>
            <reference linenumber="-1" member="getValue" origin="org.eclipse.birt.core.script.function.bre.BirtDateTime.Function_DiffWeek.getValue(Object[])" signature="([Ljava/lang/Object;)Ljava/lang/Object;" type="org.eclipse.birt.core.script.function.bre.BirtDateTime$Function_DiffWeek"/>
            <reference linenumber="-1" member="getFunctionExecutor" origin="org.eclipse.birt.core.script.function.bre.BirtStrFunctionFactory.getFunctionExecutor(String)" signature="(Ljava/lang/String;)Lorg/eclipse/birt/core/script/functionservice/IScriptFunctionExecutor;" type="org.eclipse.birt.core.script.function.bre.BirtStrFunctionFactory"/>
            <reference linenumber="-1" member="execute" origin="org.eclipse.birt.core.script.function.bre.BirtStr.Function_IndexOf.execute(Object[], IScriptFunctionContext)" signature="([Ljava/lang/Object;Lorg/eclipse/birt/core/script/functionservice/IScriptFunctionContext;)Ljava/lang/Object;" type="org.eclipse.birt.core.script.function.bre.BirtStr$Function_IndexOf"/>
            <reference linenumber="-1" member="getValue" origin="org.eclipse.birt.core.script.function.bre.BirtDuration.Function_Add.getValue(Object[])" signature="([Ljava/lang/Object;)Ljava/lang/Object;" type="org.eclipse.birt.core.script.function.bre.BirtDuration$Function_Add"/>
            <reference linenumber="-1" member="&lt;init&gt;" origin="org.eclipse.birt.core.script.function.bre.BirtDuration.BirtDuration(String)" signature="(Ljava/lang/String;)V" type="org.eclipse.birt.core.script.function.bre.BirtDuration"/>
            <reference linenumber="-1" member="getValue" origin="org.eclipse.birt.core.script.function.bre.BirtDateTime.Function_Now.getValue(Object[])" signature="([Ljava/lang/Object;)Ljava/lang/Object;" type="org.eclipse.birt.core.script.function.bre.BirtDateTime$Function_Now"/>
            <reference linenumber="-1" member="getValue" origin="org.eclipse.birt.core.script.function.bre.BirtDuration.Function_TimeInMills.getValue(Object[])" signature="([Ljava/lang/Object;)Ljava/lang/Object;" type="org.eclipse.birt.core.script.function.bre.BirtDuration$Function_TimeInMills"/>
            <reference linenumber="-1" member="getValue" origin="org.eclipse.birt.core.script.function.bre.Function_temp.getValue(Object[])" signature="([Ljava/lang/Object;)Ljava/lang/Object;" type="org.eclipse.birt.core.script.function.bre.Function_temp"/>
            <reference linenumber="-1" member="getValue" origin="org.eclipse.birt.core.script.function.bre.BirtDuration.Function_Minutes.getValue(Object[])" signature="([Ljava/lang/Object;)Ljava/lang/Object;" type="org.eclipse.birt.core.script.function.bre.BirtDuration$Function_Minutes"/>
            <reference linenumber="-1" member="getValue" origin="org.eclipse.birt.core.script.function.bre.BirtDateTime.Function_DiffQuarter.getValue(Object[])" signature="([Ljava/lang/Object;)Ljava/lang/Object;" type="org.eclipse.birt.core.script.function.bre.BirtDateTime$Function_DiffQuarter"/>
            <reference linenumber="-1" member="getValue" origin="org.eclipse.birt.core.script.function.bre.BirtDateTime.Function_AddMinute.getValue(Object[])" signature="([Ljava/lang/Object;)Ljava/lang/Object;" type="org.eclipse.birt.core.script.function.bre.BirtDateTime$Function_AddMinute"/>
            <reference linenumber="-1" member="execute" origin="org.eclipse.birt.core.script.function.bre.BirtStr.execute(Object[], IScriptFunctionContext)" signature="([Ljava/lang/Object;Lorg/eclipse/birt/core/script/functionservice/IScriptFunctionContext;)Ljava/lang/Object;" type="org.eclipse.birt.core.script.function.bre.BirtStr"/>
            <reference linenumber="-1" member="getValue" origin="org.eclipse.birt.core.script.function.bre.BirtDuration.Function_GetSign.getValue(Object[])" signature="([Ljava/lang/Object;)Ljava/lang/Object;" type="org.eclipse.birt.core.script.function.bre.BirtDuration$Function_GetSign"/>
            <reference linenumber="-1" member="getValue" origin="org.eclipse.birt.core.script.function.bre.BirtDuration.Function_Shorter.getValue(Object[])" signature="([Ljava/lang/Object;)Ljava/lang/Object;" type="org.eclipse.birt.core.script.function.bre.BirtDuration$Function_Shorter"/>
            <reference linenumber="-1" member="getValue" origin="org.eclipse.birt.core.script.function.bre.BirtMath.Function_Ceiling.getValue(Object[])" signature="([Ljava/lang/Object;)Ljava/lang/Object;" type="org.eclipse.birt.core.script.function.bre.BirtMath$Function_Ceiling"/>
            <reference linenumber="-1" member="getValue" origin="org.eclipse.birt.core.script.function.bre.BirtMath.Function_SafeDivide.getValue(Object[])" signature="([Ljava/lang/Object;)Ljava/lang/Object;" type="org.eclipse.birt.core.script.function.bre.BirtMath$Function_SafeDivide"/>
            <reference linenumber="-1" member="getValue" origin="org.eclipse.birt.core.script.function.bre.BirtDuration.Function_Compare.getValue(Object[])" signature="([Ljava/lang/Object;)Ljava/lang/Object;" type="org.eclipse.birt.core.script.function.bre.BirtDuration$Function_Compare"/>
            <reference linenumber="-1" member="execute" origin="org.eclipse.birt.core.script.function.bre.BirtMath.execute(Object[], IScriptFunctionContext)" signature="([Ljava/lang/Object;Lorg/eclipse/birt/core/script/functionservice/IScriptFunctionContext;)Ljava/lang/Object;" type="org.eclipse.birt.core.script.function.bre.BirtMath"/>
            <reference linenumber="-1" member="execute" origin="org.eclipse.birt.core.script.function.bre.BirtStr.Function_CharLength.execute(Object[], IScriptFunctionContext)" signature="([Ljava/lang/Object;Lorg/eclipse/birt/core/script/functionservice/IScriptFunctionContext;)Ljava/lang/Object;" type="org.eclipse.birt.core.script.function.bre.BirtStr$Function_CharLength"/>
            <reference linenumber="-1" member="getValue" origin="org.eclipse.birt.core.script.function.bre.BirtDateTime.Function_AddQuarter.getValue(Object[])" signature="([Ljava/lang/Object;)Ljava/lang/Object;" type="org.eclipse.birt.core.script.function.bre.BirtDateTime$Function_AddQuarter"/>
            <reference linenumber="-1" member="getValue" origin="org.eclipse.birt.core.script.function.bre.BirtDuration.Function_Day.getValue(Object[])" signature="([Ljava/lang/Object;)Ljava/lang/Object;" type="org.eclipse.birt.core.script.function.bre.BirtDuration$Function_Day"/>
            <reference linenumber="-1" member="getValue" origin="org.eclipse.birt.core.script.function.bre.BirtDateTime.Function_DiffHour.getValue(Object[])" signature="([Ljava/lang/Object;)Ljava/lang/Object;" type="org.eclipse.birt.core.script.function.bre.BirtDateTime$Function_DiffHour"/>
            <reference linenumber="-1" member="execute" origin="org.eclipse.birt.core.script.function.bre.BirtDateTime.execute(Object[], IScriptFunctionContext)" signature="([Ljava/lang/Object;Lorg/eclipse/birt/core/script/functionservice/IScriptFunctionContext;)Ljava/lang/Object;" type="org.eclipse.birt.core.script.function.bre.BirtDateTime"/>
            <reference linenumber="-1" member="execute" origin="org.eclipse.birt.core.script.function.bre.BirtStr.Function_Right.execute(Object[], IScriptFunctionContext)" signature="([Ljava/lang/Object;Lorg/eclipse/birt/core/script/functionservice/IScriptFunctionContext;)Ljava/lang/Object;" type="org.eclipse.birt.core.script.function.bre.BirtStr$Function_Right"/>
            <reference linenumber="-1" member="getFunctionExecutor" origin="org.eclipse.birt.core.script.function.bre.BirtDurationFunctionFactory.getFunctionExecutor(String)" signature="(Ljava/lang/String;)Lorg/eclipse/birt/core/script/functionservice/IScriptFunctionExecutor;" type="org.eclipse.birt.core.script.function.bre.BirtDurationFunctionFactory"/>
            <reference linenumber="-1" member="getValue" origin="org.eclipse.birt.core.script.function.bre.BirtMath.Function_RoundUp.getValue(Object[])" signature="([Ljava/lang/Object;)Ljava/lang/Object;" type="org.eclipse.birt.core.script.function.bre.BirtMath$Function_RoundUp"/>
            <reference linenumber="-1" member="getValue" origin="org.eclipse.birt.core.script.function.bre.BirtMath.Function_Divide.getValue(Object[])" signature="([Ljava/lang/Object;)Ljava/lang/Object;" type="org.eclipse.birt.core.script.function.bre.BirtMath$Function_Divide"/>
            <reference linenumber="-1" member="getValue" origin="org.eclipse.birt.core.script.function.bre.BirtMath.Function_Subtract.getValue(Object[])" signature="([Ljava/lang/Object;)Ljava/lang/Object;" type="org.eclipse.birt.core.script.function.bre.BirtMath$Function_Subtract"/>
            <reference linenumber="-1" member="getValue" origin="org.eclipse.birt.core.script.function.bre.BirtDuration.Function_Negate.getValue(Object[])" signature="([Ljava/lang/Object;)Ljava/lang/Object;" type="org.eclipse.birt.core.script.function.bre.BirtDuration$Function_Negate"/>
            <reference linenumber="-1" member="getValue" origin="org.eclipse.birt.core.script.function.bre.BirtDateTime.Function_DiffSecond.getValue(Object[])" signature="([Ljava/lang/Object;)Ljava/lang/Object;" type="org.eclipse.birt.core.script.function.bre.BirtDateTime$Function_DiffSecond"/>
            <reference linenumber="-1" member="getValue" origin="org.eclipse.birt.core.script.function.bre.BirtDateTime.Function_AddMonth.getValue(Object[])" signature="([Ljava/lang/Object;)Ljava/lang/Object;" type="org.eclipse.birt.core.script.function.bre.BirtDateTime$Function_AddMonth"/>
            <reference linenumber="-1" member="getValue" origin="org.eclipse.birt.core.script.function.bre.BirtDateTime.Function_Today.getValue(Object[])" signature="([Ljava/lang/Object;)Ljava/lang/Object;" type="org.eclipse.birt.core.script.function.bre.BirtDateTime$Function_Today"/>
            <reference linenumber="-1" member="execute" origin="org.eclipse.birt.core.script.function.bre.BirtComp.execute(Object[], IScriptFunctionContext)" signature="([Ljava/lang/Object;Lorg/eclipse/birt/core/script/functionservice/IScriptFunctionContext;)Ljava/lang/Object;" type="org.eclipse.birt.core.script.function.bre.BirtComp"/>
            <reference linenumber="-1" member="compare" origin="org.eclipse.birt.core.script.function.bre.BirtComp.compare(Object, Object)" signature="(Ljava/lang/Object;Ljava/lang/Object;)I" type="org.eclipse.birt.core.script.function.bre.BirtComp"/>
            <reference linenumber="-1" member="getValue" origin="org.eclipse.birt.core.script.function.bre.BirtDateTime.Function_DiffDay.getValue(Object[])" signature="([Ljava/lang/Object;)Ljava/lang/Object;" type="org.eclipse.birt.core.script.function.bre.BirtDateTime$Function_DiffDay"/>
            <reference linenumber="-1" member="getValue" origin="org.eclipse.birt.core.script.function.bre.BirtDateTime.Function_AddSecond.getValue(Object[])" signature="([Ljava/lang/Object;)Ljava/lang/Object;" type="org.eclipse.birt.core.script.function.bre.BirtDateTime$Function_AddSecond"/>
            <reference linenumber="-1" member="execute" origin="org.eclipse.birt.core.script.function.bre.BirtDuration.execute(Object[], IScriptFunctionContext)" signature="([Ljava/lang/Object;Lorg/eclipse/birt/core/script/functionservice/IScriptFunctionContext;)Ljava/lang/Object;" type="org.eclipse.birt.core.script.function.bre.BirtDuration"/>
            <reference linenumber="-1" member="getValue" origin="org.eclipse.birt.core.script.function.bre.BirtMath.Function_Add.getValue(Object[])" signature="([Ljava/lang/Object;)Ljava/lang/Object;" type="org.eclipse.birt.core.script.function.bre.BirtMath$Function_Add"/>
            <reference linenumber="-1" member="getValue" origin="org.eclipse.birt.core.script.function.bre.BirtDateTime.Function_DiffYear.getValue(Object[])" signature="([Ljava/lang/Object;)Ljava/lang/Object;" type="org.eclipse.birt.core.script.function.bre.BirtDateTime$Function_DiffYear"/>
            <reference linenumber="-1" member="getValue" origin="org.eclipse.birt.core.script.function.bre.BirtDateTime.Function_AddWeek.getValue(Object[])" signature="([Ljava/lang/Object;)Ljava/lang/Object;" type="org.eclipse.birt.core.script.function.bre.BirtDateTime$Function_AddWeek"/>
            <reference linenumber="-1" member="compareString" origin="org.eclipse.birt.core.script.function.bre.BirtComp.compareString(Object, Object, boolean, boolean)" signature="(Ljava/lang/Object;Ljava/lang/Object;ZZ)I" type="org.eclipse.birt.core.script.function.bre.BirtComp"/>
            <reference linenumber="-1" member="&lt;init&gt;" origin="org.eclipse.birt.core.script.function.bre.BirtStr.BirtStr(String)" signature="(Ljava/lang/String;)V" type="org.eclipse.birt.core.script.function.bre.BirtStr"/>
            <reference linenumber="-1" member="match" origin="org.eclipse.birt.core.script.function.bre.BirtComp.match(Object, Object)" signature="(Ljava/lang/Object;Ljava/lang/Object;)Z" type="org.eclipse.birt.core.script.function.bre.BirtComp"/>
            <reference linenumber="-1" member="getValue" origin="org.eclipse.birt.core.script.function.bre.BirtDuration.Function_Month.getValue(Object[])" signature="([Ljava/lang/Object;)Ljava/lang/Object;" type="org.eclipse.birt.core.script.function.bre.BirtDuration$Function_Month"/>
            <reference linenumber="-1" member="getValue" origin="org.eclipse.birt.core.script.function.bre.BirtDateTime.Function_AddHour.getValue(Object[])" signature="([Ljava/lang/Object;)Ljava/lang/Object;" type="org.eclipse.birt.core.script.function.bre.BirtDateTime$Function_AddHour"/>
        <reference linenumber="-1" member="execute" origin="org.eclipse.birt.core.script.function.general.DateTimeSpan.AddDateScriptFunctionExecutor.execute(Object[], IScriptFunctionContext)" signature="([Ljava/lang/Object;Lorg/eclipse/birt/core/script/functionservice/IScriptFunctionContext;)Ljava/lang/Object;" type="org.eclipse.birt.core.script.function.general.DateTimeSpan$AddDateScriptFunctionExecutor"/>
            <reference linenumber="-1" member="execute" origin="org.eclipse.birt.core.script.function.general.Finance.NperScriptFunctionExecutor.execute(Object[], IScriptFunctionContext)" signature="([Ljava/lang/Object;Lorg/eclipse/birt/core/script/functionservice/IScriptFunctionContext;)Ljava/lang/Object;" type="org.eclipse.birt.core.script.function.general.Finance$NperScriptFunctionExecutor"/>
            <reference linenumber="-1" member="getFunctionExecutor" origin="org.eclipse.birt.core.script.function.general.BirtDateTimeSpanFunctionFactory.getFunctionExecutor(String)" signature="(Ljava/lang/String;)Lorg/eclipse/birt/core/script/functionservice/IScriptFunctionExecutor;" type="org.eclipse.birt.core.script.function.general.BirtDateTimeSpanFunctionFactory"/>
            <reference linenumber="-1" member="execute" origin="org.eclipse.birt.core.script.function.general.Finance.PmtScriptFunctionExecutor.execute(Object[], IScriptFunctionContext)" signature="([Ljava/lang/Object;Lorg/eclipse/birt/core/script/functionservice/IScriptFunctionContext;)Ljava/lang/Object;" type="org.eclipse.birt.core.script.function.general.Finance$PmtScriptFunctionExecutor"/>
            <reference linenumber="-1" member="execute" origin="org.eclipse.birt.core.script.function.general.DateTimeSpan.MinutesScriptFunctionExecutor.execute(Object[], IScriptFunctionContext)" signature="([Ljava/lang/Object;Lorg/eclipse/birt/core/script/functionservice/IScriptFunctionContext;)Ljava/lang/Object;" type="org.eclipse.birt.core.script.function.general.DateTimeSpan$MinutesScriptFunctionExecutor"/>
            <reference linenumber="-1" member="execute" origin="org.eclipse.birt.core.script.function.general.DateTimeSpan.SubTimeScriptFunctionExecutor.execute(Object[], IScriptFunctionContext)" signature="([Ljava/lang/Object;Lorg/eclipse/birt/core/script/functionservice/IScriptFunctionContext;)Ljava/lang/Object;" type="org.eclipse.birt.core.script.function.general.DateTimeSpan$SubTimeScriptFunctionExecutor"/>
            <reference linenumber="-1" member="execute" origin="org.eclipse.birt.core.script.function.general.Finance.IrrScriptFunctionExecutor.execute(Object[], IScriptFunctionContext)" signature="([Ljava/lang/Object;Lorg/eclipse/birt/core/script/functionservice/IScriptFunctionContext;)Ljava/lang/Object;" type="org.eclipse.birt.core.script.function.general.Finance$IrrScriptFunctionExecutor"/>
            <reference linenumber="-1" member="execute" origin="org.eclipse.birt.core.script.function.general.Finance.DdbScriptFunctionExecutor.execute(Object[], IScriptFunctionContext)" signature="([Ljava/lang/Object;Lorg/eclipse/birt/core/script/functionservice/IScriptFunctionContext;)Ljava/lang/Object;" type="org.eclipse.birt.core.script.function.general.Finance$DdbScriptFunctionExecutor"/>
            <reference linenumber="-1" member="getInteger" origin="org.eclipse.birt.core.script.function.general.Finance.getInteger(Object)" signature="(Ljava/lang/Object;)I" type="org.eclipse.birt.core.script.function.general.Finance"/>
            <reference linenumber="-1" member="execute" origin="org.eclipse.birt.core.script.function.general.DateTimeSpan.AddTimeScriptFunctionExecutor.execute(Object[], IScriptFunctionContext)" signature="([Ljava/lang/Object;Lorg/eclipse/birt/core/script/functionservice/IScriptFunctionContext;)Ljava/lang/Object;" type="org.eclipse.birt.core.script.function.general.DateTimeSpan$AddTimeScriptFunctionExecutor"/>
            <reference linenumber="-1" member="execute" origin="org.eclipse.birt.core.script.function.general.Finance.IpmtScriptFunctionExecutor.execute(Object[], IScriptFunctionContext)" signature="([Ljava/lang/Object;Lorg/eclipse/birt/core/script/functionservice/IScriptFunctionContext;)Ljava/lang/Object;" type="org.eclipse.birt.core.script.function.general.Finance$IpmtScriptFunctionExecutor"/>
            <reference linenumber="-1" member="execute" origin="org.eclipse.birt.core.script.function.general.Finance.SlnScriptFunctionExecutor.execute(Object[], IScriptFunctionContext)" signature="([Ljava/lang/Object;Lorg/eclipse/birt/core/script/functionservice/IScriptFunctionContext;)Ljava/lang/Object;" type="org.eclipse.birt.core.script.function.general.Finance$SlnScriptFunctionExecutor"/>
            <reference linenumber="-1" member="execute" origin="org.eclipse.birt.core.script.function.general.Finance.MirrScriptFunctionExecutor.execute(Object[], IScriptFunctionContext)" signature="([Ljava/lang/Object;Lorg/eclipse/birt/core/script/functionservice/IScriptFunctionContext;)Ljava/lang/Object;" type="org.eclipse.birt.core.script.function.general.Finance$MirrScriptFunctionExecutor"/>
            <reference linenumber="-1" member="execute" origin="org.eclipse.birt.core.script.function.general.DateTimeSpan.SubDateScriptFunctionExecutor.execute(Object[], IScriptFunctionContext)" signature="([Ljava/lang/Object;Lorg/eclipse/birt/core/script/functionservice/IScriptFunctionContext;)Ljava/lang/Object;" type="org.eclipse.birt.core.script.function.general.DateTimeSpan$SubDateScriptFunctionExecutor"/>
            <reference linenumber="-1" member="getExecutor" origin="org.eclipse.birt.core.script.function.general.Finance.getExecutor(String)" signature="(Ljava/lang/String;)Lorg/eclipse/birt/core/script/functionservice/IScriptFunctionExecutor;" type="org.eclipse.birt.core.script.function.general.Finance"/>
            <reference linenumber="-1" member="execute" origin="org.eclipse.birt.core.script.function.general.DateTimeSpan.SecondsScriptFunctionExecutor.execute(Object[], IScriptFunctionContext)" signature="([Ljava/lang/Object;Lorg/eclipse/birt/core/script/functionservice/IScriptFunctionContext;)Ljava/lang/Object;" type="org.eclipse.birt.core.script.function.general.DateTimeSpan$SecondsScriptFunctionExecutor"/>
            <reference linenumber="-1" member="execute" origin="org.eclipse.birt.core.script.function.general.DateTimeSpan.HoursScriptFunctionExecutor.execute(Object[], IScriptFunctionContext)" signature="([Ljava/lang/Object;Lorg/eclipse/birt/core/script/functionservice/IScriptFunctionContext;)Ljava/lang/Object;" type="org.eclipse.birt.core.script.function.general.DateTimeSpan$HoursScriptFunctionExecutor"/>
            <reference linenumber="-1" member="execute" origin="org.eclipse.birt.core.script.function.general.DateTimeSpan.DaysScriptFunctionExecutor.execute(Object[], IScriptFunctionContext)" signature="([Ljava/lang/Object;Lorg/eclipse/birt/core/script/functionservice/IScriptFunctionContext;)Ljava/lang/Object;" type="org.eclipse.birt.core.script.function.general.DateTimeSpan$DaysScriptFunctionExecutor"/>
            <reference linenumber="-1" member="execute" origin="org.eclipse.birt.core.script.function.general.Finance.RateScriptFunctionExecutor.execute(Object[], IScriptFunctionContext)" signature="([Ljava/lang/Object;Lorg/eclipse/birt/core/script/functionservice/IScriptFunctionContext;)Ljava/lang/Object;" type="org.eclipse.birt.core.script.function.general.Finance$RateScriptFunctionExecutor"/>
            <reference linenumber="-1" member="execute" origin="org.eclipse.birt.core.script.function.general.DateTimeSpan.MonthsScriptFunctionExecutor.execute(Object[], IScriptFunctionContext)" signature="([Ljava/lang/Object;Lorg/eclipse/birt/core/script/functionservice/IScriptFunctionContext;)Ljava/lang/Object;" type="org.eclipse.birt.core.script.function.general.DateTimeSpan$MonthsScriptFunctionExecutor"/>
            <reference linenumber="-1" member="execute" origin="org.eclipse.birt.core.script.function.general.DateTimeSpan.YearsScriptFunctionExecutor.execute(Object[], IScriptFunctionContext)" signature="([Ljava/lang/Object;Lorg/eclipse/birt/core/script/functionservice/IScriptFunctionContext;)Ljava/lang/Object;" type="org.eclipse.birt.core.script.function.general.DateTimeSpan$YearsScriptFunctionExecutor"/>
            <reference linenumber="-1" member="execute" origin="org.eclipse.birt.core.script.function.general.Finance.PvScriptFunctionExecutor.execute(Object[], IScriptFunctionContext)" signature="([Ljava/lang/Object;Lorg/eclipse/birt/core/script/functionservice/IScriptFunctionContext;)Ljava/lang/Object;" type="org.eclipse.birt.core.script.function.general.Finance$PvScriptFunctionExecutor"/>
            <reference linenumber="-1" member="execute" origin="org.eclipse.birt.core.script.function.general.Finance.PpmtScriptFunctionExecutor.execute(Object[], IScriptFunctionContext)" signature="([Ljava/lang/Object;Lorg/eclipse/birt/core/script/functionservice/IScriptFunctionContext;)Ljava/lang/Object;" type="org.eclipse.birt.core.script.function.general.Finance$PpmtScriptFunctionExecutor"/>
            <reference linenumber="-1" member="getExecutor" origin="org.eclipse.birt.core.script.function.general.DateTimeSpan.getExecutor(String)" signature="(Ljava/lang/String;)Lorg/eclipse/birt/core/script/functionservice/IScriptFunctionExecutor;" type="org.eclipse.birt.core.script.function.general.DateTimeSpan"/>
            <reference linenumber="-1" member="getDouble" origin="org.eclipse.birt.core.script.function.general.Finance.getDouble(Object)" signature="(Ljava/lang/Object;)D" type="org.eclipse.birt.core.script.function.general.Finance"/>
            <reference linenumber="-1" member="execute" origin="org.eclipse.birt.core.script.function.general.Finance.SydScriptFunctionExecutor.execute(Object[], IScriptFunctionContext)" signature="([Ljava/lang/Object;Lorg/eclipse/birt/core/script/functionservice/IScriptFunctionContext;)Ljava/lang/Object;" type="org.eclipse.birt.core.script.function.general.Finance$SydScriptFunctionExecutor"/>
            <reference linenumber="-1" member="getFunctionExecutor" origin="org.eclipse.birt.core.script.function.general.BirtFinanceFunctionFactory.getFunctionExecutor(String)" signature="(Ljava/lang/String;)Lorg/eclipse/birt/core/script/functionservice/IScriptFunctionExecutor;" type="org.eclipse.birt.core.script.function.general.BirtFinanceFunctionFactory"/>
            <reference linenumber="-1" member="execute" origin="org.eclipse.birt.core.script.function.general.Finance.FvScriptFunctionExecutor.execute(Object[], IScriptFunctionContext)" signature="([Ljava/lang/Object;Lorg/eclipse/birt/core/script/functionservice/IScriptFunctionContext;)Ljava/lang/Object;" type="org.eclipse.birt.core.script.function.general.Finance$FvScriptFunctionExecutor"/>
            <reference linenumber="-1" member="execute" origin="org.eclipse.birt.core.script.function.general.Finance.PercentScriptFunctionExecutor.execute(Object[], IScriptFunctionContext)" signature="([Ljava/lang/Object;Lorg/eclipse/birt/core/script/functionservice/IScriptFunctionContext;)Ljava/lang/Object;" type="org.eclipse.birt.core.script.function.general.Finance$PercentScriptFunctionExecutor"/>
            <reference linenumber="-1" member="execute" origin="org.eclipse.birt.core.script.function.general.Finance.NpvScriptFunctionExecutor.execute(Object[], IScriptFunctionContext)" signature="([Ljava/lang/Object;Lorg/eclipse/birt/core/script/functionservice/IScriptFunctionContext;)Ljava/lang/Object;" type="org.eclipse.birt.core.script.function.general.Finance$NpvScriptFunctionExecutor"/>
        </reference_kind>
        <reference_kind flags="0" kind="131072" reference_kind_name="CATCHES_EXCEPTION">
            <reference linenumber="52" member="execute" origin="org.eclipse.birt.core.script.function.bre.Function_temp.execute(Object[], IScriptFunctionContext)" signature="([Ljava/lang/Object;Lorg/eclipse/birt/core/script/functionservice/IScriptFunctionContext;)Ljava/lang/Object;" type="org.eclipse.birt.core.script.function.bre.Function_temp"/>
            <reference linenumber="667" member="execute" origin="org.eclipse.birt.core.script.function.bre.BirtComp.Function_Compare.execute(Object[], IScriptFunctionContext)" signature="([Ljava/lang/Object;Lorg/eclipse/birt/core/script/functionservice/IScriptFunctionContext;)Ljava/lang/Object;" type="org.eclipse.birt.core.script.function.bre.BirtComp$Function_Compare"/>
            <reference linenumber="524" member="execute" origin="org.eclipse.birt.core.script.function.bre.BirtComp.Function_Between.execute(Object[], IScriptFunctionContext)" signature="([Ljava/lang/Object;Lorg/eclipse/birt/core/script/functionservice/IScriptFunctionContext;)Ljava/lang/Object;" type="org.eclipse.birt.core.script.function.bre.BirtComp$Function_Between"/>
        </reference_kind>
        <reference_kind flags="0" kind="33554432" reference_kind_name="LOCAL_VAR_DECLARED">
            <reference linenumber="667" member="execute" origin="org.eclipse.birt.core.script.function.bre.BirtComp.Function_Compare.execute(Object[], IScriptFunctionContext)" signature="([Ljava/lang/Object;Lorg/eclipse/birt/core/script/functionservice/IScriptFunctionContext;)Ljava/lang/Object;" type="org.eclipse.birt.core.script.function.bre.BirtComp$Function_Compare"/>
            <reference linenumber="524" member="execute" origin="org.eclipse.birt.core.script.function.bre.BirtComp.Function_Between.execute(Object[], IScriptFunctionContext)" signature="([Ljava/lang/Object;Lorg/eclipse/birt/core/script/functionservice/IScriptFunctionContext;)Ljava/lang/Object;" type="org.eclipse.birt.core.script.function.bre.BirtComp$Function_Between"/>
            <reference linenumber="52" member="execute" origin="org.eclipse.birt.core.script.function.bre.Function_temp.execute(Object[], IScriptFunctionContext)" signature="([Ljava/lang/Object;Lorg/eclipse/birt/core/script/functionservice/IScriptFunctionContext;)Ljava/lang/Object;" type="org.eclipse.birt.core.script.function.bre.Function_temp"/>
        </reference_kind>
        <reference_kind flags="0" kind="134217728" reference_kind_name="INSTANTIATION">
            <reference linenumber="56" member="&lt;init&gt;" origin="org.eclipse.birt.core.script.function.bre.BirtMath.BirtMath(String)" signature="(Ljava/lang/String;)V" type="org.eclipse.birt.core.script.function.bre.BirtMath"/>
            <reference linenumber="60" member="&lt;init&gt;" origin="org.eclipse.birt.core.script.function.bre.BirtStr.BirtStr(String)" signature="(Ljava/lang/String;)V" type="org.eclipse.birt.core.script.function.bre.BirtStr"/>
            <reference linenumber="150" member="&lt;init&gt;" origin="org.eclipse.birt.core.script.function.bre.BirtDateTime.BirtDateTime(String)" signature="(Ljava/lang/String;)V" type="org.eclipse.birt.core.script.function.bre.BirtDateTime"/>
            <reference linenumber="336" member="match" origin="org.eclipse.birt.core.script.function.bre.BirtComp.match(Object, Object)" signature="(Ljava/lang/Object;Ljava/lang/Object;)Z" type="org.eclipse.birt.core.script.function.bre.BirtComp"/>
            <reference linenumber="97" member="&lt;init&gt;" origin="org.eclipse.birt.core.script.function.bre.BirtComp.BirtComp(String)" signature="(Ljava/lang/String;)V" type="org.eclipse.birt.core.script.function.bre.BirtComp"/>
            <reference linenumber="320" member="match" origin="org.eclipse.birt.core.script.function.bre.BirtComp.match(Object, Object)" signature="(Ljava/lang/Object;Ljava/lang/Object;)Z" type="org.eclipse.birt.core.script.function.bre.BirtComp"/>
            <reference linenumber="67" member="&lt;init&gt;" origin="org.eclipse.birt.core.script.function.bre.BirtDuration.BirtDuration(String)" signature="(Ljava/lang/String;)V" type="org.eclipse.birt.core.script.function.bre.BirtDuration"/>
        <reference linenumber="269" member="execute" origin="org.eclipse.birt.core.script.function.general.DateTimeSpan.MinutesScriptFunctionExecutor.execute(Object[], IScriptFunctionContext)" signature="([Ljava/lang/Object;Lorg/eclipse/birt/core/script/functionservice/IScriptFunctionContext;)Ljava/lang/Object;" type="org.eclipse.birt.core.script.function.general.DateTimeSpan$MinutesScriptFunctionExecutor"/>
            <reference linenumber="305" member="execute" origin="org.eclipse.birt.core.script.function.general.DateTimeSpan.SecondsScriptFunctionExecutor.execute(Object[], IScriptFunctionContext)" signature="([Ljava/lang/Object;Lorg/eclipse/birt/core/script/functionservice/IScriptFunctionContext;)Ljava/lang/Object;" type="org.eclipse.birt.core.script.function.general.DateTimeSpan$SecondsScriptFunctionExecutor"/>
            <reference linenumber="234" member="execute" origin="org.eclipse.birt.core.script.function.general.DateTimeSpan.HoursScriptFunctionExecutor.execute(Object[], IScriptFunctionContext)" signature="([Ljava/lang/Object;Lorg/eclipse/birt/core/script/functionservice/IScriptFunctionContext;)Ljava/lang/Object;" type="org.eclipse.birt.core.script.function.general.DateTimeSpan$HoursScriptFunctionExecutor"/>
            <reference linenumber="153" member="execute" origin="org.eclipse.birt.core.script.function.general.Finance.SlnScriptFunctionExecutor.execute(Object[], IScriptFunctionContext)" signature="([Ljava/lang/Object;Lorg/eclipse/birt/core/script/functionservice/IScriptFunctionContext;)Ljava/lang/Object;" type="org.eclipse.birt.core.script.function.general.Finance$SlnScriptFunctionExecutor"/>
            <reference linenumber="856" member="execute" origin="org.eclipse.birt.core.script.function.general.Finance.PercentScriptFunctionExecutor.execute(Object[], IScriptFunctionContext)" signature="([Ljava/lang/Object;Lorg/eclipse/birt/core/script/functionservice/IScriptFunctionContext;)Ljava/lang/Object;" type="org.eclipse.birt.core.script.function.general.Finance$PercentScriptFunctionExecutor"/>
            <reference linenumber="122" member="execute" origin="org.eclipse.birt.core.script.function.general.Finance.DdbScriptFunctionExecutor.execute(Object[], IScriptFunctionContext)" signature="([Ljava/lang/Object;Lorg/eclipse/birt/core/script/functionservice/IScriptFunctionContext;)Ljava/lang/Object;" type="org.eclipse.birt.core.script.function.general.Finance$DdbScriptFunctionExecutor"/>
            <reference linenumber="189" member="execute" origin="org.eclipse.birt.core.script.function.general.Finance.SydScriptFunctionExecutor.execute(Object[], IScriptFunctionContext)" signature="([Ljava/lang/Object;Lorg/eclipse/birt/core/script/functionservice/IScriptFunctionContext;)Ljava/lang/Object;" type="org.eclipse.birt.core.script.function.general.Finance$SydScriptFunctionExecutor"/>
            <reference linenumber="451" member="execute" origin="org.eclipse.birt.core.script.function.general.DateTimeSpan.SubTimeScriptFunctionExecutor.execute(Object[], IScriptFunctionContext)" signature="([Ljava/lang/Object;Lorg/eclipse/birt/core/script/functionservice/IScriptFunctionContext;)Ljava/lang/Object;" type="org.eclipse.birt.core.script.function.general.DateTimeSpan$SubTimeScriptFunctionExecutor"/>
            <reference linenumber="918" member="execute" origin="org.eclipse.birt.core.script.function.general.Finance.NpvScriptFunctionExecutor.execute(Object[], IScriptFunctionContext)" signature="([Ljava/lang/Object;Lorg/eclipse/birt/core/script/functionservice/IScriptFunctionContext;)Ljava/lang/Object;" type="org.eclipse.birt.core.script.function.general.Finance$NpvScriptFunctionExecutor"/>
            <reference linenumber="419" member="execute" origin="org.eclipse.birt.core.script.function.general.DateTimeSpan.SubDateScriptFunctionExecutor.execute(Object[], IScriptFunctionContext)" signature="([Ljava/lang/Object;Lorg/eclipse/birt/core/script/functionservice/IScriptFunctionContext;)Ljava/lang/Object;" type="org.eclipse.birt.core.script.function.general.DateTimeSpan$SubDateScriptFunctionExecutor"/>
            <reference linenumber="615" member="execute" origin="org.eclipse.birt.core.script.function.general.Finance.PvScriptFunctionExecutor.execute(Object[], IScriptFunctionContext)" signature="([Ljava/lang/Object;Lorg/eclipse/birt/core/script/functionservice/IScriptFunctionContext;)Ljava/lang/Object;" type="org.eclipse.birt.core.script.function.general.Finance$PvScriptFunctionExecutor"/>
            <reference linenumber="414" member="execute" origin="org.eclipse.birt.core.script.function.general.Finance.IpmtScriptFunctionExecutor.execute(Object[], IScriptFunctionContext)" signature="([Ljava/lang/Object;Lorg/eclipse/birt/core/script/functionservice/IScriptFunctionContext;)Ljava/lang/Object;" type="org.eclipse.birt.core.script.function.general.Finance$IpmtScriptFunctionExecutor"/>
            <reference linenumber="932" member="execute" origin="org.eclipse.birt.core.script.function.general.Finance.NpvScriptFunctionExecutor.execute(Object[], IScriptFunctionContext)" signature="([Ljava/lang/Object;Lorg/eclipse/birt/core/script/functionservice/IScriptFunctionContext;)Ljava/lang/Object;" type="org.eclipse.birt.core.script.function.general.Finance$NpvScriptFunctionExecutor"/>
            <reference linenumber="495" member="getExecutor" origin="org.eclipse.birt.core.script.function.general.DateTimeSpan.getExecutor(String)" signature="(Ljava/lang/String;)Lorg/eclipse/birt/core/script/functionservice/IScriptFunctionExecutor;" type="org.eclipse.birt.core.script.function.general.DateTimeSpan"/>
            <reference linenumber="276" member="execute" origin="org.eclipse.birt.core.script.function.general.Finance.FvScriptFunctionExecutor.execute(Object[], IScriptFunctionContext)" signature="([Ljava/lang/Object;Lorg/eclipse/birt/core/script/functionservice/IScriptFunctionContext;)Ljava/lang/Object;" type="org.eclipse.birt.core.script.function.general.Finance$FvScriptFunctionExecutor"/>
            <reference linenumber="484" member="execute" origin="org.eclipse.birt.core.script.function.general.Finance.PpmtScriptFunctionExecutor.execute(Object[], IScriptFunctionContext)" signature="([Ljava/lang/Object;Lorg/eclipse/birt/core/script/functionservice/IScriptFunctionContext;)Ljava/lang/Object;" type="org.eclipse.birt.core.script.function.general.Finance$PpmtScriptFunctionExecutor"/>
            <reference linenumber="199" member="execute" origin="org.eclipse.birt.core.script.function.general.DateTimeSpan.DaysScriptFunctionExecutor.execute(Object[], IScriptFunctionContext)" signature="([Ljava/lang/Object;Lorg/eclipse/birt/core/script/functionservice/IScriptFunctionContext;)Ljava/lang/Object;" type="org.eclipse.birt.core.script.function.general.DateTimeSpan$DaysScriptFunctionExecutor"/>
            <reference linenumber="343" member="execute" origin="org.eclipse.birt.core.script.function.general.Finance.PmtScriptFunctionExecutor.execute(Object[], IScriptFunctionContext)" signature="([Ljava/lang/Object;Lorg/eclipse/birt/core/script/functionservice/IScriptFunctionContext;)Ljava/lang/Object;" type="org.eclipse.birt.core.script.function.general.Finance$PmtScriptFunctionExecutor"/>
            <reference linenumber="817" member="execute" origin="org.eclipse.birt.core.script.function.general.Finance.RateScriptFunctionExecutor.execute(Object[], IScriptFunctionContext)" signature="([Ljava/lang/Object;Lorg/eclipse/birt/core/script/functionservice/IScriptFunctionContext;)Ljava/lang/Object;" type="org.eclipse.birt.core.script.function.general.Finance$RateScriptFunctionExecutor"/>
            <reference linenumber="162" member="execute" origin="org.eclipse.birt.core.script.function.general.DateTimeSpan.MonthsScriptFunctionExecutor.execute(Object[], IScriptFunctionContext)" signature="([Ljava/lang/Object;Lorg/eclipse/birt/core/script/functionservice/IScriptFunctionContext;)Ljava/lang/Object;" type="org.eclipse.birt.core.script.function.general.DateTimeSpan$MonthsScriptFunctionExecutor"/>
            <reference linenumber="1233" member="execute" origin="org.eclipse.birt.core.script.function.general.Finance.MirrScriptFunctionExecutor.execute(Object[], IScriptFunctionContext)" signature="([Ljava/lang/Object;Lorg/eclipse/birt/core/script/functionservice/IScriptFunctionContext;)Ljava/lang/Object;" type="org.eclipse.birt.core.script.function.general.Finance$MirrScriptFunctionExecutor"/>
            <reference linenumber="1112" member="execute" origin="org.eclipse.birt.core.script.function.general.Finance.IrrScriptFunctionExecutor.execute(Object[], IScriptFunctionContext)" signature="([Ljava/lang/Object;Lorg/eclipse/birt/core/script/functionservice/IScriptFunctionContext;)Ljava/lang/Object;" type="org.eclipse.birt.core.script.function.general.Finance$IrrScriptFunctionExecutor"/>
            <reference linenumber="109" member="execute" origin="org.eclipse.birt.core.script.function.general.DateTimeSpan.YearsScriptFunctionExecutor.execute(Object[], IScriptFunctionContext)" signature="([Ljava/lang/Object;Lorg/eclipse/birt/core/script/functionservice/IScriptFunctionContext;)Ljava/lang/Object;" type="org.eclipse.birt.core.script.function.general.DateTimeSpan$YearsScriptFunctionExecutor"/>
            <reference linenumber="544" member="execute" origin="org.eclipse.birt.core.script.function.general.Finance.NperScriptFunctionExecutor.execute(Object[], IScriptFunctionContext)" signature="([Ljava/lang/Object;Lorg/eclipse/birt/core/script/functionservice/IScriptFunctionContext;)Ljava/lang/Object;" type="org.eclipse.birt.core.script.function.general.Finance$NperScriptFunctionExecutor"/>
            <reference linenumber="386" member="execute" origin="org.eclipse.birt.core.script.function.general.DateTimeSpan.AddTimeScriptFunctionExecutor.execute(Object[], IScriptFunctionContext)" signature="([Ljava/lang/Object;Lorg/eclipse/birt/core/script/functionservice/IScriptFunctionContext;)Ljava/lang/Object;" type="org.eclipse.birt.core.script.function.general.DateTimeSpan$AddTimeScriptFunctionExecutor"/>
            <reference linenumber="1261" member="execute" origin="org.eclipse.birt.core.script.function.general.Finance.MirrScriptFunctionExecutor.execute(Object[], IScriptFunctionContext)" signature="([Ljava/lang/Object;Lorg/eclipse/birt/core/script/functionservice/IScriptFunctionContext;)Ljava/lang/Object;" type="org.eclipse.birt.core.script.function.general.Finance$MirrScriptFunctionExecutor"/>
            <reference linenumber="1299" member="getExecutor" origin="org.eclipse.birt.core.script.function.general.Finance.getExecutor(String)" signature="(Ljava/lang/String;)Lorg/eclipse/birt/core/script/functionservice/IScriptFunctionExecutor;" type="org.eclipse.birt.core.script.function.general.Finance"/>
            <reference linenumber="344" member="execute" origin="org.eclipse.birt.core.script.function.general.DateTimeSpan.AddDateScriptFunctionExecutor.execute(Object[], IScriptFunctionContext)" signature="([Ljava/lang/Object;Lorg/eclipse/birt/core/script/functionservice/IScriptFunctionContext;)Ljava/lang/Object;" type="org.eclipse.birt.core.script.function.general.DateTimeSpan$AddDateScriptFunctionExecutor"/>
            <reference linenumber="1130" member="execute" origin="org.eclipse.birt.core.script.function.general.Finance.IrrScriptFunctionExecutor.execute(Object[], IScriptFunctionContext)" signature="([Ljava/lang/Object;Lorg/eclipse/birt/core/script/functionservice/IScriptFunctionContext;)Ljava/lang/Object;" type="org.eclipse.birt.core.script.function.general.Finance$IrrScriptFunctionExecutor"/>
        </reference_kind>
    </target>
</references>
