<?xml version="1.0" encoding="UTF-8" standalone="no"?>
<references name="Methods" origin="org.eclipse.actf.mediator (0.7.2.R201002031025)" referee="org.eclipse.actf.ui (0.7.2.R201002031025)" reference_count="6" reference_visibility="1">
    <target member="getActiveWindow" name="org.eclipse.actf.ui.util.PlatformUIUtil.getActiveWindow()" signature="()Lorg/eclipse/ui/IWorkbenchWindow;" type="org.eclipse.actf.ui.util.PlatformUIUtil">
        <reference_kind flags="0" kind="128" reference_kind_name="INVOKED_STATIC">
            <reference linenumber="-1" member="init" origin="org.eclipse.actf.mediator.Mediator.init()" signature="()V" type="org.eclipse.actf.mediator.Mediator"/>
        </reference_kind>
    </target>
    <target member="partClosed" name="org.eclipse.actf.ui.util.AbstractPartListener.partClosed(IWorkbenchPartReference)" signature="(Lorg/eclipse/ui/IWorkbenchPartReference;)V" type="org.eclipse.actf.ui.util.AbstractPartListener">
        <reference_kind flags="0" kind="268435456" reference_kind_name="OVERRIDE">
            <reference linenumber="-1" member="partClosed" origin="org.eclipse.actf.mediator.Mediator.1.partClosed(IWorkbenchPartReference)" signature="(Lorg/eclipse/ui/IWorkbenchPartReference;)V" type="org.eclipse.actf.mediator.Mediator$1"/>
        </reference_kind>
    </target>
    <target member="partInputChanged" name="org.eclipse.actf.ui.util.AbstractPartListener.partInputChanged(IWorkbenchPartReference)" signature="(Lorg/eclipse/ui/IWorkbenchPartReference;)V" type="org.eclipse.actf.ui.util.AbstractPartListener">
        <reference_kind flags="0" kind="268435456" reference_kind_name="OVERRIDE">
            <reference linenumber="-1" member="partInputChanged" origin="org.eclipse.actf.mediator.Mediator.1.partInputChanged(IWorkbenchPartReference)" signature="(Lorg/eclipse/ui/IWorkbenchPartReference;)V" type="org.eclipse.actf.mediator.Mediator$1"/>
        </reference_kind>
    </target>
    <target member="getActivePage" name="org.eclipse.actf.ui.util.PlatformUIUtil.getActivePage()" signature="()Lorg/eclipse/ui/IWorkbenchPage;" type="org.eclipse.actf.ui.util.PlatformUIUtil">
        <reference_kind flags="0" kind="128" reference_kind_name="INVOKED_STATIC">
            <reference linenumber="-1" member="init" origin="org.eclipse.actf.mediator.Mediator.init()" signature="()V" type="org.eclipse.actf.mediator.Mediator"/>
        </reference_kind>
    </target>
    <target member="&lt;init&gt;" name="org.eclipse.actf.ui.util.AbstractPartListener.AbstractPartListener()" signature="()V" type="org.eclipse.actf.ui.util.AbstractPartListener">
        <reference_kind flags="0" kind="536870912" reference_kind_name="SUPER_CONSTRUCTORMETHOD">
            <reference linenumber="-1" member="&lt;init&gt;" origin="org.eclipse.actf.mediator.Mediator.1.1(Mediator)" signature="(Lorg/eclipse/actf/mediator/Mediator;)V" type="org.eclipse.actf.mediator.Mediator$1"/>
        </reference_kind>
    </target>
    <target member="partOpened" name="org.eclipse.actf.ui.util.AbstractPartListener.partOpened(IWorkbenchPartReference)" signature="(Lorg/eclipse/ui/IWorkbenchPartReference;)V" type="org.eclipse.actf.ui.util.AbstractPartListener">
        <reference_kind flags="0" kind="268435456" reference_kind_name="OVERRIDE">
            <reference linenumber="-1" member="partOpened" origin="org.eclipse.actf.mediator.Mediator.1.partOpened(IWorkbenchPartReference)" signature="(Lorg/eclipse/ui/IWorkbenchPartReference;)V" type="org.eclipse.actf.mediator.Mediator$1"/>
        </reference_kind>
    </target>
</references>
