<?xml version="1.0" encoding="UTF-8" standalone="no"?>
<references name="Methods" origin="org.eclipse.birt.report.data.oda.jdbc (2.5.2.v20100205)" referee="org.eclipse.birt.core (2.5.2.v20100208)" reference_count="8" reference_visibility="1">
    <target member="&lt;init&gt;" name="org.eclipse.birt.core.framework.URLClassLoader.URLClassLoader(URL[], ClassLoader)" signature="([Ljava/net/URL;Ljava/lang/ClassLoader;)V" type="org.eclipse.birt.core.framework.URLClassLoader">
        <reference_kind flags="0" kind="536870912" reference_kind_name="SUPER_CONSTRUCTORMETHOD">
            <reference linenumber="955" member="&lt;init&gt;" origin="org.eclipse.birt.report.data.oda.jdbc.JDBCDriverManager.DriverClassLoader.DriverClassLoader(Collection)" signature="(Ljava/util/Collection;)V" type="org.eclipse.birt.report.data.oda.jdbc.JDBCDriverManager$DriverClassLoader"/>
        </reference_kind>
    </target>
    <target member="addURL" name="org.eclipse.birt.core.framework.URLClassLoader.addURL(URL)" signature="(Ljava/net/URL;)V" type="org.eclipse.birt.core.framework.URLClassLoader">
        <reference_kind flags="0" kind="256" reference_kind_name="VIRTUAL_METHOD">
            <reference linenumber="1095" member="addNewURL" origin="org.eclipse.birt.report.data.oda.jdbc.JDBCDriverManager.DriverClassLoader.addNewURL(String)" signature="(Ljava/lang/String;)Z" type="org.eclipse.birt.report.data.oda.jdbc.JDBCDriverManager$DriverClassLoader"/>
            <reference linenumber="1006" member="refreshFileURLsUnderSpecifiedDIR" origin="org.eclipse.birt.report.data.oda.jdbc.JDBCDriverManager.DriverClassLoader.refreshFileURLsUnderSpecifiedDIR()" signature="()Z" type="org.eclipse.birt.report.data.oda.jdbc.JDBCDriverManager$DriverClassLoader"/>
            <reference linenumber="1031" member="refreshFileURLsUnderSpecifiedDIR" origin="org.eclipse.birt.report.data.oda.jdbc.JDBCDriverManager.DriverClassLoader.refreshFileURLsUnderSpecifiedDIR()" signature="()Z" type="org.eclipse.birt.report.data.oda.jdbc.JDBCDriverManager$DriverClassLoader"/>
            <reference linenumber="1096" member="addNewURL" origin="org.eclipse.birt.report.data.oda.jdbc.JDBCDriverManager.DriverClassLoader.addNewURL(String)" signature="(Ljava/lang/String;)Z" type="org.eclipse.birt.report.data.oda.jdbc.JDBCDriverManager$DriverClassLoader"/>
        </reference_kind>
    </target>
    <target member="getURLs" name="org.eclipse.birt.core.framework.URLClassLoader.getURLs()" signature="()[Ljava/net/URL;" type="org.eclipse.birt.core.framework.URLClassLoader">
        <reference_kind flags="0" kind="256" reference_kind_name="VIRTUAL_METHOD">
            <reference linenumber="928" member="loadExtraDriver" origin="org.eclipse.birt.report.data.oda.jdbc.JDBCDriverManager.loadExtraDriver(String, boolean, boolean, Collection)" signature="(Ljava/lang/String;ZZLjava/util/Collection;)Ljava/lang/Class;" type="org.eclipse.birt.report.data.oda.jdbc.JDBCDriverManager"/>
        </reference_kind>
    </target>
    <target member="close" name="org.eclipse.birt.core.framework.URLClassLoader.close()" signature="()V" type="org.eclipse.birt.core.framework.URLClassLoader">
        <reference_kind flags="0" kind="256" reference_kind_name="VIRTUAL_METHOD">
            <reference linenumber="913" member="loadExtraDriver" origin="org.eclipse.birt.report.data.oda.jdbc.JDBCDriverManager.loadExtraDriver(String, boolean, boolean, Collection)" signature="(Ljava/lang/String;ZZLjava/util/Collection;)Ljava/lang/Class;" type="org.eclipse.birt.report.data.oda.jdbc.JDBCDriverManager"/>
            <reference linenumber="135" member="close" origin="org.eclipse.birt.report.data.oda.jdbc.JDBCDriverManager.close()" signature="()V" type="org.eclipse.birt.report.data.oda.jdbc.JDBCDriverManager"/>
        </reference_kind>
    </target>
</references>
