<?xml version="1.0" encoding="UTF-8" standalone="no"?>
<references name="Types" origin="org.eclipse.birt.chart.reportitem.ui (2.5.2.v20100210)" referee="org.eclipse.birt.data (2.5.2.v20100209)" reference_count="95" reference_visibility="1">
    <target name="org.eclipse.birt.data.engine.api.IPreparedQuery" type="org.eclipse.birt.data.engine.api.IPreparedQuery">
        <reference_kind flags="0" kind="33554432" reference_kind_name="LOCAL_VAR_DECLARED">
            <reference linenumber="182" member="executeQuery" origin="org.eclipse.birt.chart.reportitem.ui.DteAdapter.executeQuery(DataRequestSession, IQueryDefinition)" signature="(Lorg/eclipse/birt/report/data/adapter/api/DataRequestSession;Lorg/eclipse/birt/data/engine/api/IQueryDefinition;)Lorg/eclipse/birt/data/engine/api/IQueryResults;" type="org.eclipse.birt.chart.reportitem.ui.DteAdapter"/>
        </reference_kind>
    </target>
    <target name="org.eclipse.birt.data.engine.api.IBinding" type="org.eclipse.birt.data.engine.api.IBinding">
        <reference_kind flags="0" kind="33554432" reference_kind_name="LOCAL_VAR_DECLARED">
            <reference linenumber="2996" member="generateShareBindingsWithTable" origin="org.eclipse.birt.chart.reportitem.ui.ReportDataServiceProvider.ShareBindingQueryHelper.generateShareBindingsWithTable(ColumnBindingInfo[], QueryDefinition, DataRequestSession, Map)" signature="([Lorg/eclipse/birt/chart/ui/swt/ColumnBindingInfo;Lorg/eclipse/birt/data/engine/api/querydefn/QueryDefinition;Lorg/eclipse/birt/report/data/adapter/api/DataRequestSession;Ljava/util/Map;)Ljava/util/List;" type="org.eclipse.birt.chart.reportitem.ui.ReportDataServiceProvider$ShareBindingQueryHelper"/>
            <reference linenumber="2978" member="generateShareBindingsWithTable" origin="org.eclipse.birt.chart.reportitem.ui.ReportDataServiceProvider.ShareBindingQueryHelper.generateShareBindingsWithTable(ColumnBindingInfo[], QueryDefinition, DataRequestSession, Map)" signature="([Lorg/eclipse/birt/chart/ui/swt/ColumnBindingInfo;Lorg/eclipse/birt/data/engine/api/querydefn/QueryDefinition;Lorg/eclipse/birt/report/data/adapter/api/DataRequestSession;Ljava/util/Map;)Ljava/util/List;" type="org.eclipse.birt.chart.reportitem.ui.ReportDataServiceProvider$ShareBindingQueryHelper"/>
            <reference linenumber="1681" member="setQueryDefinitionWithDataSet" origin="org.eclipse.birt.chart.reportitem.ui.ReportDataServiceProvider.setQueryDefinitionWithDataSet(ExtendedItemHandle, QueryDefinition)" signature="(Lorg/eclipse/birt/report/model/api/ExtendedItemHandle;Lorg/eclipse/birt/data/engine/api/querydefn/QueryDefinition;)V" type="org.eclipse.birt.chart.reportitem.ui.ReportDataServiceProvider"/>
        </reference_kind>
    </target>
    <target name="org.eclipse.birt.data.engine.olap.api.query.IBaseCubeQueryDefinition" type="org.eclipse.birt.data.engine.olap.api.query.IBaseCubeQueryDefinition">
        <reference_kind flags="0" kind="33554432" reference_kind_name="LOCAL_VAR_DECLARED">
            <reference linenumber="1881" member="createCubeEvaluator" origin="org.eclipse.birt.chart.reportitem.ui.ReportDataServiceProvider.createCubeEvaluator(CubeHandle, Chart)" signature="(Lorg/eclipse/birt/report/model/api/olap/CubeHandle;Lorg/eclipse/birt/chart/model/Chart;)Lorg/eclipse/birt/chart/factory/IDataRowExpressionEvaluator;" type="org.eclipse.birt.chart.reportitem.ui.ReportDataServiceProvider"/>
        <reference linenumber="1941" member="getSelectValueList" origin="org.eclipse.birt.chart.reportitem.ui.dialogs.ChartCubeFilterConditionBuilder.getSelectValueList()" signature="()Ljava/util/List;" type="org.eclipse.birt.chart.reportitem.ui.dialogs.ChartCubeFilterConditionBuilder"/>
        </reference_kind>
    </target>
    <target name="org.eclipse.birt.data.engine.api.querydefn.QueryDefinition" type="org.eclipse.birt.data.engine.api.querydefn.QueryDefinition">
        <reference_kind flags="0" kind="16" reference_kind_name="PARAMETER">
            <reference linenumber="-1" member="processQueryDefinition" origin="org.eclipse.birt.chart.reportitem.ui.ReportDataServiceProvider.processQueryDefinition(QueryDefinition)" signature="(Lorg/eclipse/birt/data/engine/api/querydefn/QueryDefinition;)V" type="org.eclipse.birt.chart.reportitem.ui.ReportDataServiceProvider"/>
            <reference linenumber="-1" member="generateShareBindingsWithTable" origin="org.eclipse.birt.chart.reportitem.ui.ReportDataServiceProvider.ShareBindingQueryHelper.generateShareBindingsWithTable(ColumnBindingInfo[], QueryDefinition, DataRequestSession, Map)" signature="([Lorg/eclipse/birt/chart/ui/swt/ColumnBindingInfo;Lorg/eclipse/birt/data/engine/api/querydefn/QueryDefinition;Lorg/eclipse/birt/report/data/adapter/api/DataRequestSession;Ljava/util/Map;)Ljava/util/List;" type="org.eclipse.birt.chart.reportitem.ui.ReportDataServiceProvider$ShareBindingQueryHelper"/>
            <reference linenumber="-1" member="executeDataSetQuery" origin="org.eclipse.birt.chart.reportitem.ui.ReportDataServiceProvider.executeDataSetQuery(QueryDefinition)" signature="(Lorg/eclipse/birt/data/engine/api/querydefn/QueryDefinition;)Lorg/eclipse/birt/data/engine/api/IQueryResults;" type="org.eclipse.birt.chart.reportitem.ui.ReportDataServiceProvider"/>
            <reference linenumber="-1" member="resetParametersForDataPreview" origin="org.eclipse.birt.chart.reportitem.ui.ReportDataServiceProvider.resetParametersForDataPreview(DataSetHandle, QueryDefinition)" signature="(Lorg/eclipse/birt/report/model/api/DataSetHandle;Lorg/eclipse/birt/data/engine/api/querydefn/QueryDefinition;)Lorg/eclipse/birt/data/engine/api/querydefn/QueryDefinition;" type="org.eclipse.birt.chart.reportitem.ui.ReportDataServiceProvider"/>
            <reference linenumber="-1" member="executeSharedQuery" origin="org.eclipse.birt.chart.reportitem.ui.ReportDataServiceProvider.ShareBindingQueryHelper.executeSharedQuery(QueryDefinition)" signature="(Lorg/eclipse/birt/data/engine/api/querydefn/QueryDefinition;)Lorg/eclipse/birt/data/engine/api/IQueryResults;" type="org.eclipse.birt.chart.reportitem.ui.ReportDataServiceProvider$ShareBindingQueryHelper"/>
            <reference linenumber="-1" member="handleGroup" origin="org.eclipse.birt.chart.reportitem.ui.ReportDataServiceProvider.handleGroup(QueryDefinition, ExtendedItemHandle, IModelAdapter)" signature="(Lorg/eclipse/birt/data/engine/api/querydefn/QueryDefinition;Lorg/eclipse/birt/report/model/api/ExtendedItemHandle;Lorg/eclipse/birt/report/data/adapter/api/IModelAdapter;)V" type="org.eclipse.birt.chart.reportitem.ui.ReportDataServiceProvider"/>
            <reference linenumber="-1" member="setQueryDefinitionWithDataSet" origin="org.eclipse.birt.chart.reportitem.ui.ReportDataServiceProvider.setQueryDefinitionWithDataSet(ExtendedItemHandle, QueryDefinition)" signature="(Lorg/eclipse/birt/report/model/api/ExtendedItemHandle;Lorg/eclipse/birt/data/engine/api/querydefn/QueryDefinition;)V" type="org.eclipse.birt.chart.reportitem.ui.ReportDataServiceProvider"/>
            <reference linenumber="-1" member="addCustomExpressions" origin="org.eclipse.birt.chart.reportitem.ui.ReportDataServiceProvider.ShareBindingQueryHelper.addCustomExpressions(QueryDefinition, Chart, List, Map)" signature="(Lorg/eclipse/birt/data/engine/api/querydefn/QueryDefinition;Lorg/eclipse/birt/chart/model/Chart;Ljava/util/List;Ljava/util/Map;)V" type="org.eclipse.birt.chart.reportitem.ui.ReportDataServiceProvider$ShareBindingQueryHelper"/>
        </reference_kind>
        <reference_kind flags="0" kind="33554432" reference_kind_name="LOCAL_VAR_DECLARED">
            <reference linenumber="1603" member="createBaseEvaluator" origin="org.eclipse.birt.chart.reportitem.ui.ReportDataServiceProvider.createBaseEvaluator(ExtendedItemHandle, Chart, List)" signature="(Lorg/eclipse/birt/report/model/api/ExtendedItemHandle;Lorg/eclipse/birt/chart/model/Chart;Ljava/util/List;)Lorg/eclipse/birt/chart/factory/IDataRowExpressionEvaluator;" type="org.eclipse.birt.chart.reportitem.ui.ReportDataServiceProvider"/>
            <reference linenumber="612" member="getPreviewRowData" origin="org.eclipse.birt.chart.reportitem.ui.ReportDataServiceProvider.getPreviewRowData(String[], int, boolean)" signature="([Ljava/lang/String;IZ)Ljava/util/List;" type="org.eclipse.birt.chart.reportitem.ui.ReportDataServiceProvider"/>
            <reference linenumber="2528" member="createShareBindingEvaluator" origin="org.eclipse.birt.chart.reportitem.ui.ReportDataServiceProvider.ShareBindingQueryHelper.createShareBindingEvaluator(Chart, List)" signature="(Lorg/eclipse/birt/chart/model/Chart;Ljava/util/List;)Lorg/eclipse/birt/chart/factory/IDataRowExpressionEvaluator;" type="org.eclipse.birt.chart.reportitem.ui.ReportDataServiceProvider$ShareBindingQueryHelper"/>
            <reference linenumber="2042" member="createBaseQuery" origin="org.eclipse.birt.chart.reportitem.ui.ReportDataServiceProvider.BaseQueryHelper.createBaseQuery(List)" signature="(Ljava/util/List;)Lorg/eclipse/birt/data/engine/api/IDataQueryDefinition;" type="org.eclipse.birt.chart.reportitem.ui.ReportDataServiceProvider$BaseQueryHelper"/>
            <reference linenumber="2874" member="getPreviewRowData" origin="org.eclipse.birt.chart.reportitem.ui.ReportDataServiceProvider.ShareBindingQueryHelper.getPreviewRowData(ColumnBindingInfo[], int, boolean)" signature="([Lorg/eclipse/birt/chart/ui/swt/ColumnBindingInfo;IZ)Ljava/util/List;" type="org.eclipse.birt.chart.reportitem.ui.ReportDataServiceProvider$ShareBindingQueryHelper"/>
        </reference_kind>
        <reference_kind flags="0" kind="8" reference_kind_name="RETURN_TYPE">
            <reference linenumber="-1" member="resetParametersForDataPreview" origin="org.eclipse.birt.chart.reportitem.ui.ReportDataServiceProvider.resetParametersForDataPreview(DataSetHandle, QueryDefinition)" signature="(Lorg/eclipse/birt/report/model/api/DataSetHandle;Lorg/eclipse/birt/data/engine/api/querydefn/QueryDefinition;)Lorg/eclipse/birt/data/engine/api/querydefn/QueryDefinition;" type="org.eclipse.birt.chart.reportitem.ui.ReportDataServiceProvider"/>
        </reference_kind>
        <reference_kind flags="0" kind="262144" reference_kind_name="CASTS">
            <reference linenumber="1603" member="createBaseEvaluator" origin="org.eclipse.birt.chart.reportitem.ui.ReportDataServiceProvider.createBaseEvaluator(ExtendedItemHandle, Chart, List)" signature="(Lorg/eclipse/birt/report/model/api/ExtendedItemHandle;Lorg/eclipse/birt/chart/model/Chart;Ljava/util/List;)Lorg/eclipse/birt/chart/factory/IDataRowExpressionEvaluator;" type="org.eclipse.birt.chart.reportitem.ui.ReportDataServiceProvider"/>
        </reference_kind>
        <reference_kind flags="0" kind="134217728" reference_kind_name="INSTANTIATION">
            <reference linenumber="2528" member="createShareBindingEvaluator" origin="org.eclipse.birt.chart.reportitem.ui.ReportDataServiceProvider.ShareBindingQueryHelper.createShareBindingEvaluator(Chart, List)" signature="(Lorg/eclipse/birt/chart/model/Chart;Ljava/util/List;)Lorg/eclipse/birt/chart/factory/IDataRowExpressionEvaluator;" type="org.eclipse.birt.chart.reportitem.ui.ReportDataServiceProvider$ShareBindingQueryHelper"/>
            <reference linenumber="2042" member="createBaseQuery" origin="org.eclipse.birt.chart.reportitem.ui.ReportDataServiceProvider.BaseQueryHelper.createBaseQuery(List)" signature="(Ljava/util/List;)Lorg/eclipse/birt/data/engine/api/IDataQueryDefinition;" type="org.eclipse.birt.chart.reportitem.ui.ReportDataServiceProvider$BaseQueryHelper"/>
            <reference linenumber="612" member="getPreviewRowData" origin="org.eclipse.birt.chart.reportitem.ui.ReportDataServiceProvider.getPreviewRowData(String[], int, boolean)" signature="([Ljava/lang/String;IZ)Ljava/util/List;" type="org.eclipse.birt.chart.reportitem.ui.ReportDataServiceProvider"/>
            <reference linenumber="2874" member="getPreviewRowData" origin="org.eclipse.birt.chart.reportitem.ui.ReportDataServiceProvider.ShareBindingQueryHelper.getPreviewRowData(ColumnBindingInfo[], int, boolean)" signature="([Lorg/eclipse/birt/chart/ui/swt/ColumnBindingInfo;IZ)Ljava/util/List;" type="org.eclipse.birt.chart.reportitem.ui.ReportDataServiceProvider$ShareBindingQueryHelper"/>
        </reference_kind>
    </target>
    <target name="org.eclipse.birt.data.engine.api.querydefn.Binding" type="org.eclipse.birt.data.engine.api.querydefn.Binding">
        <reference_kind flags="0" kind="134217728" reference_kind_name="INSTANTIATION">
            <reference linenumber="2996" member="generateShareBindingsWithTable" origin="org.eclipse.birt.chart.reportitem.ui.ReportDataServiceProvider.ShareBindingQueryHelper.generateShareBindingsWithTable(ColumnBindingInfo[], QueryDefinition, DataRequestSession, Map)" signature="([Lorg/eclipse/birt/chart/ui/swt/ColumnBindingInfo;Lorg/eclipse/birt/data/engine/api/querydefn/QueryDefinition;Lorg/eclipse/birt/report/data/adapter/api/DataRequestSession;Ljava/util/Map;)Ljava/util/List;" type="org.eclipse.birt.chart.reportitem.ui.ReportDataServiceProvider$ShareBindingQueryHelper"/>
            <reference linenumber="2058" member="createBaseQuery" origin="org.eclipse.birt.chart.reportitem.ui.ReportDataServiceProvider.BaseQueryHelper.createBaseQuery(List)" signature="(Ljava/util/List;)Lorg/eclipse/birt/data/engine/api/IDataQueryDefinition;" type="org.eclipse.birt.chart.reportitem.ui.ReportDataServiceProvider$BaseQueryHelper"/>
            <reference linenumber="2662" member="addCustomExpressions" origin="org.eclipse.birt.chart.reportitem.ui.ReportDataServiceProvider.ShareBindingQueryHelper.addCustomExpressions(QueryDefinition, Chart, List, Map)" signature="(Lorg/eclipse/birt/data/engine/api/querydefn/QueryDefinition;Lorg/eclipse/birt/chart/model/Chart;Ljava/util/List;Ljava/util/Map;)V" type="org.eclipse.birt.chart.reportitem.ui.ReportDataServiceProvider$ShareBindingQueryHelper"/>
            <reference linenumber="2139" member="addValueSeriesAggregateBindingForGrouping" origin="org.eclipse.birt.chart.reportitem.ui.ReportDataServiceProvider.BaseQueryHelper.addValueSeriesAggregateBindingForGrouping(BaseQueryDefinition, EList, GroupDefinition, Map, SeriesDefinition)" signature="(Lorg/eclipse/birt/data/engine/api/querydefn/BaseQueryDefinition;Lorg/eclipse/emf/common/util/EList;Lorg/eclipse/birt/data/engine/api/querydefn/GroupDefinition;Ljava/util/Map;Lorg/eclipse/birt/chart/model/data/SeriesDefinition;)V" type="org.eclipse.birt.chart.reportitem.ui.ReportDataServiceProvider$BaseQueryHelper"/>
        </reference_kind>
        <reference_kind flags="0" kind="33554432" reference_kind_name="LOCAL_VAR_DECLARED">
            <reference linenumber="2139" member="addValueSeriesAggregateBindingForGrouping" origin="org.eclipse.birt.chart.reportitem.ui.ReportDataServiceProvider.BaseQueryHelper.addValueSeriesAggregateBindingForGrouping(BaseQueryDefinition, EList, GroupDefinition, Map, SeriesDefinition)" signature="(Lorg/eclipse/birt/data/engine/api/querydefn/BaseQueryDefinition;Lorg/eclipse/emf/common/util/EList;Lorg/eclipse/birt/data/engine/api/querydefn/GroupDefinition;Ljava/util/Map;Lorg/eclipse/birt/chart/model/data/SeriesDefinition;)V" type="org.eclipse.birt.chart.reportitem.ui.ReportDataServiceProvider$BaseQueryHelper"/>
            <reference linenumber="2058" member="createBaseQuery" origin="org.eclipse.birt.chart.reportitem.ui.ReportDataServiceProvider.BaseQueryHelper.createBaseQuery(List)" signature="(Ljava/util/List;)Lorg/eclipse/birt/data/engine/api/IDataQueryDefinition;" type="org.eclipse.birt.chart.reportitem.ui.ReportDataServiceProvider$BaseQueryHelper"/>
        </reference_kind>
    </target>
    <target name="org.eclipse.birt.data.engine.api.querydefn.BaseQueryDefinition" type="org.eclipse.birt.data.engine.api.querydefn.BaseQueryDefinition">
        <reference_kind flags="0" kind="16" reference_kind_name="PARAMETER">
            <reference linenumber="-1" member="addValueSeriesAggregateBindingForGrouping" origin="org.eclipse.birt.chart.reportitem.ui.ReportDataServiceProvider.BaseQueryHelper.addValueSeriesAggregateBindingForGrouping(BaseQueryDefinition, EList, GroupDefinition, Map, SeriesDefinition)" signature="(Lorg/eclipse/birt/data/engine/api/querydefn/BaseQueryDefinition;Lorg/eclipse/emf/common/util/EList;Lorg/eclipse/birt/data/engine/api/querydefn/GroupDefinition;Ljava/util/Map;Lorg/eclipse/birt/chart/model/data/SeriesDefinition;)V" type="org.eclipse.birt.chart.reportitem.ui.ReportDataServiceProvider$BaseQueryHelper"/>
        </reference_kind>
    </target>
    <target name="org.eclipse.birt.data.engine.api.querydefn.GroupDefinition" type="org.eclipse.birt.data.engine.api.querydefn.GroupDefinition">
        <reference_kind flags="0" kind="33554432" reference_kind_name="LOCAL_VAR_DECLARED">
            <reference linenumber="2990" member="generateShareBindingsWithTable" origin="org.eclipse.birt.chart.reportitem.ui.ReportDataServiceProvider.ShareBindingQueryHelper.generateShareBindingsWithTable(ColumnBindingInfo[], QueryDefinition, DataRequestSession, Map)" signature="([Lorg/eclipse/birt/chart/ui/swt/ColumnBindingInfo;Lorg/eclipse/birt/data/engine/api/querydefn/QueryDefinition;Lorg/eclipse/birt/report/data/adapter/api/DataRequestSession;Ljava/util/Map;)Ljava/util/List;" type="org.eclipse.birt.chart.reportitem.ui.ReportDataServiceProvider$ShareBindingQueryHelper"/>
        </reference_kind>
        <reference_kind flags="0" kind="16" reference_kind_name="PARAMETER">
            <reference linenumber="-1" member="addValueSeriesAggregateBindingForGrouping" origin="org.eclipse.birt.chart.reportitem.ui.ReportDataServiceProvider.BaseQueryHelper.addValueSeriesAggregateBindingForGrouping(BaseQueryDefinition, EList, GroupDefinition, Map, SeriesDefinition)" signature="(Lorg/eclipse/birt/data/engine/api/querydefn/BaseQueryDefinition;Lorg/eclipse/emf/common/util/EList;Lorg/eclipse/birt/data/engine/api/querydefn/GroupDefinition;Ljava/util/Map;Lorg/eclipse/birt/chart/model/data/SeriesDefinition;)V" type="org.eclipse.birt.chart.reportitem.ui.ReportDataServiceProvider$BaseQueryHelper"/>
        </reference_kind>
    </target>
    <target name="org.eclipse.birt.data.engine.api.querydefn.BaseDataSetDesign" type="org.eclipse.birt.data.engine.api.querydefn.BaseDataSetDesign">
        <reference_kind flags="0" kind="33554432" reference_kind_name="LOCAL_VAR_DECLARED">
            <reference linenumber="105" member="defineDataSet" origin="org.eclipse.birt.chart.reportitem.ui.DteAdapter.defineDataSet(DataSetHandle, DataRequestSession, boolean, boolean)" signature="(Lorg/eclipse/birt/report/model/api/DataSetHandle;Lorg/eclipse/birt/report/data/adapter/api/DataRequestSession;ZZ)V" type="org.eclipse.birt.chart.reportitem.ui.DteAdapter"/>
        </reference_kind>
    </target>
    <target name="org.eclipse.birt.data.engine.api.IDataQueryDefinition" type="org.eclipse.birt.data.engine.api.IDataQueryDefinition">
        <reference_kind flags="0" kind="8" reference_kind_name="RETURN_TYPE">
            <reference linenumber="-1" member="createBaseQuery" origin="org.eclipse.birt.chart.reportitem.ui.ReportDataServiceProvider.BaseQueryHelper.createBaseQuery(IDataQueryDefinition)" signature="(Lorg/eclipse/birt/data/engine/api/IDataQueryDefinition;)Lorg/eclipse/birt/data/engine/api/IDataQueryDefinition;" type="org.eclipse.birt.chart.reportitem.ui.ReportDataServiceProvider$BaseQueryHelper"/>
            <reference linenumber="-1" member="createBaseQuery" origin="org.eclipse.birt.chart.reportitem.ui.ReportDataServiceProvider.BaseQueryHelper.createBaseQuery(List)" signature="(Ljava/util/List;)Lorg/eclipse/birt/data/engine/api/IDataQueryDefinition;" type="org.eclipse.birt.chart.reportitem.ui.ReportDataServiceProvider$BaseQueryHelper"/>
        </reference_kind>
        <reference_kind flags="0" kind="16" reference_kind_name="PARAMETER">
            <reference linenumber="-1" member="createBaseQuery" origin="org.eclipse.birt.chart.reportitem.ui.ReportDataServiceProvider.BaseQueryHelper.createBaseQuery(IDataQueryDefinition)" signature="(Lorg/eclipse/birt/data/engine/api/IDataQueryDefinition;)Lorg/eclipse/birt/data/engine/api/IDataQueryDefinition;" type="org.eclipse.birt.chart.reportitem.ui.ReportDataServiceProvider$BaseQueryHelper"/>
        </reference_kind>
    </target>
    <target name="org.eclipse.birt.data.engine.api.IComputedColumn" type="org.eclipse.birt.data.engine.api.IComputedColumn">
        <reference_kind flags="0" kind="262144" reference_kind_name="CASTS">
            <reference linenumber="126" member="defineDataSet" origin="org.eclipse.birt.chart.reportitem.ui.DteAdapter.defineDataSet(DataSetHandle, DataRequestSession, boolean, boolean)" signature="(Lorg/eclipse/birt/report/model/api/DataSetHandle;Lorg/eclipse/birt/report/data/adapter/api/DataRequestSession;ZZ)V" type="org.eclipse.birt.chart.reportitem.ui.DteAdapter"/>
        </reference_kind>
        <reference_kind flags="0" kind="33554432" reference_kind_name="LOCAL_VAR_DECLARED">
            <reference linenumber="126" member="defineDataSet" origin="org.eclipse.birt.chart.reportitem.ui.DteAdapter.defineDataSet(DataSetHandle, DataRequestSession, boolean, boolean)" signature="(Lorg/eclipse/birt/report/model/api/DataSetHandle;Lorg/eclipse/birt/report/data/adapter/api/DataRequestSession;ZZ)V" type="org.eclipse.birt.chart.reportitem.ui.DteAdapter"/>
        </reference_kind>
    </target>
    <target name="org.eclipse.birt.data.engine.olap.api.query.ICubeQueryDefinition" type="org.eclipse.birt.data.engine.olap.api.query.ICubeQueryDefinition">
        <reference_kind flags="0" kind="262144" reference_kind_name="CASTS">
            <reference linenumber="1915" member="createCubeEvaluator" origin="org.eclipse.birt.chart.reportitem.ui.ReportDataServiceProvider.createCubeEvaluator(CubeHandle, Chart)" signature="(Lorg/eclipse/birt/report/model/api/olap/CubeHandle;Lorg/eclipse/birt/chart/model/Chart;)Lorg/eclipse/birt/chart/factory/IDataRowExpressionEvaluator;" type="org.eclipse.birt.chart.reportitem.ui.ReportDataServiceProvider"/>
        <reference linenumber="1975" member="getSelectValueList" origin="org.eclipse.birt.chart.reportitem.ui.dialogs.ChartCubeFilterConditionBuilder.getSelectValueList()" signature="()Ljava/util/List;" type="org.eclipse.birt.chart.reportitem.ui.dialogs.ChartCubeFilterConditionBuilder"/>
        </reference_kind>
        <reference_kind flags="0" kind="16" reference_kind_name="PARAMETER">
            <reference linenumber="-1" member="executeQuery" origin="org.eclipse.birt.chart.reportitem.ui.DteAdapter.executeQuery(DataRequestSession, ICubeQueryDefinition)" signature="(Lorg/eclipse/birt/report/data/adapter/api/DataRequestSession;Lorg/eclipse/birt/data/engine/olap/api/query/ICubeQueryDefinition;)Lorg/eclipse/birt/data/engine/olap/api/ICubeQueryResults;" type="org.eclipse.birt.chart.reportitem.ui.DteAdapter"/>
        </reference_kind>
    </target>
    <target name="org.eclipse.birt.data.engine.api.IQueryResults" type="org.eclipse.birt.data.engine.api.IQueryResults">
        <reference_kind flags="0" kind="33554432" reference_kind_name="LOCAL_VAR_DECLARED">
            <reference linenumber="2565" member="createShareBindingEvaluator" origin="org.eclipse.birt.chart.reportitem.ui.ReportDataServiceProvider.ShareBindingQueryHelper.createShareBindingEvaluator(Chart, List)" signature="(Lorg/eclipse/birt/chart/model/Chart;Ljava/util/List;)Lorg/eclipse/birt/chart/factory/IDataRowExpressionEvaluator;" type="org.eclipse.birt.chart.reportitem.ui.ReportDataServiceProvider$ShareBindingQueryHelper"/>
            <reference linenumber="1611" member="createBaseEvaluator" origin="org.eclipse.birt.chart.reportitem.ui.ReportDataServiceProvider.createBaseEvaluator(ExtendedItemHandle, Chart, List)" signature="(Lorg/eclipse/birt/report/model/api/ExtendedItemHandle;Lorg/eclipse/birt/chart/model/Chart;Ljava/util/List;)Lorg/eclipse/birt/chart/factory/IDataRowExpressionEvaluator;" type="org.eclipse.birt.chart.reportitem.ui.ReportDataServiceProvider"/>
            <reference linenumber="2621" member="executeSharedQuery" origin="org.eclipse.birt.chart.reportitem.ui.ReportDataServiceProvider.ShareBindingQueryHelper.executeSharedQuery(QueryDefinition)" signature="(Lorg/eclipse/birt/data/engine/api/querydefn/QueryDefinition;)Lorg/eclipse/birt/data/engine/api/IQueryResults;" type="org.eclipse.birt.chart.reportitem.ui.ReportDataServiceProvider$ShareBindingQueryHelper"/>
            <reference linenumber="1656" member="executeDataSetQuery" origin="org.eclipse.birt.chart.reportitem.ui.ReportDataServiceProvider.executeDataSetQuery(QueryDefinition)" signature="(Lorg/eclipse/birt/data/engine/api/querydefn/QueryDefinition;)Lorg/eclipse/birt/data/engine/api/IQueryResults;" type="org.eclipse.birt.chart.reportitem.ui.ReportDataServiceProvider"/>
            <reference linenumber="618" member="getPreviewRowData" origin="org.eclipse.birt.chart.reportitem.ui.ReportDataServiceProvider.getPreviewRowData(String[], int, boolean)" signature="([Ljava/lang/String;IZ)Ljava/util/List;" type="org.eclipse.birt.chart.reportitem.ui.ReportDataServiceProvider"/>
            <reference linenumber="2895" member="getPreviewRowData" origin="org.eclipse.birt.chart.reportitem.ui.ReportDataServiceProvider.ShareBindingQueryHelper.getPreviewRowData(ColumnBindingInfo[], int, boolean)" signature="([Lorg/eclipse/birt/chart/ui/swt/ColumnBindingInfo;IZ)Ljava/util/List;" type="org.eclipse.birt.chart.reportitem.ui.ReportDataServiceProvider$ShareBindingQueryHelper"/>
        </reference_kind>
        <reference_kind flags="0" kind="262144" reference_kind_name="CASTS">
            <reference linenumber="183" member="executeQuery" origin="org.eclipse.birt.chart.reportitem.ui.DteAdapter.executeQuery(DataRequestSession, IQueryDefinition)" signature="(Lorg/eclipse/birt/report/data/adapter/api/DataRequestSession;Lorg/eclipse/birt/data/engine/api/IQueryDefinition;)Lorg/eclipse/birt/data/engine/api/IQueryResults;" type="org.eclipse.birt.chart.reportitem.ui.DteAdapter"/>
        </reference_kind>
        <reference_kind flags="0" kind="8" reference_kind_name="RETURN_TYPE">
            <reference linenumber="-1" member="executeQuery" origin="org.eclipse.birt.chart.reportitem.ui.DteAdapter.executeQuery(DataRequestSession, IQueryDefinition)" signature="(Lorg/eclipse/birt/report/data/adapter/api/DataRequestSession;Lorg/eclipse/birt/data/engine/api/IQueryDefinition;)Lorg/eclipse/birt/data/engine/api/IQueryResults;" type="org.eclipse.birt.chart.reportitem.ui.DteAdapter"/>
            <reference linenumber="-1" member="executeSharedQuery" origin="org.eclipse.birt.chart.reportitem.ui.ReportDataServiceProvider.ShareBindingQueryHelper.executeSharedQuery(QueryDefinition)" signature="(Lorg/eclipse/birt/data/engine/api/querydefn/QueryDefinition;)Lorg/eclipse/birt/data/engine/api/IQueryResults;" type="org.eclipse.birt.chart.reportitem.ui.ReportDataServiceProvider$ShareBindingQueryHelper"/>
            <reference linenumber="-1" member="executeDataSetQuery" origin="org.eclipse.birt.chart.reportitem.ui.ReportDataServiceProvider.executeDataSetQuery(QueryDefinition)" signature="(Lorg/eclipse/birt/data/engine/api/querydefn/QueryDefinition;)Lorg/eclipse/birt/data/engine/api/IQueryResults;" type="org.eclipse.birt.chart.reportitem.ui.ReportDataServiceProvider"/>
        </reference_kind>
        <reference_kind flags="0" kind="16" reference_kind_name="PARAMETER">
            <reference linenumber="-1" member="createSimpleExpressionEvaluator" origin="org.eclipse.birt.chart.reportitem.ui.ReportDataServiceProvider.createSimpleExpressionEvaluator(IQueryResults)" signature="(Lorg/eclipse/birt/data/engine/api/IQueryResults;)Lorg/eclipse/birt/chart/factory/IDataRowExpressionEvaluator;" type="org.eclipse.birt.chart.reportitem.ui.ReportDataServiceProvider"/>
        </reference_kind>
    </target>
    <target name="org.eclipse.birt.data.engine.api.querydefn.ScriptExpression" type="org.eclipse.birt.data.engine.api.querydefn.ScriptExpression">
        <reference_kind flags="0" kind="262144" reference_kind_name="CASTS">
            <reference linenumber="3003" member="generateShareBindingsWithTable" origin="org.eclipse.birt.chart.reportitem.ui.ReportDataServiceProvider.ShareBindingQueryHelper.generateShareBindingsWithTable(ColumnBindingInfo[], QueryDefinition, DataRequestSession, Map)" signature="([Lorg/eclipse/birt/chart/ui/swt/ColumnBindingInfo;Lorg/eclipse/birt/data/engine/api/querydefn/QueryDefinition;Lorg/eclipse/birt/report/data/adapter/api/DataRequestSession;Ljava/util/Map;)Ljava/util/List;" type="org.eclipse.birt.chart.reportitem.ui.ReportDataServiceProvider$ShareBindingQueryHelper"/>
        </reference_kind>
        <reference_kind flags="0" kind="33554432" reference_kind_name="LOCAL_VAR_DECLARED">
            <reference linenumber="735" member="resetParametersForDataPreview" origin="org.eclipse.birt.chart.reportitem.ui.ReportDataServiceProvider.resetParametersForDataPreview(DataSetHandle, QueryDefinition)" signature="(Lorg/eclipse/birt/report/model/api/DataSetHandle;Lorg/eclipse/birt/data/engine/api/querydefn/QueryDefinition;)Lorg/eclipse/birt/data/engine/api/querydefn/QueryDefinition;" type="org.eclipse.birt.chart.reportitem.ui.ReportDataServiceProvider"/>
        </reference_kind>
        <reference_kind flags="0" kind="134217728" reference_kind_name="INSTANTIATION">
            <reference linenumber="748" member="resetParametersForDataPreview" origin="org.eclipse.birt.chart.reportitem.ui.ReportDataServiceProvider.resetParametersForDataPreview(DataSetHandle, QueryDefinition)" signature="(Lorg/eclipse/birt/report/model/api/DataSetHandle;Lorg/eclipse/birt/data/engine/api/querydefn/QueryDefinition;)Lorg/eclipse/birt/data/engine/api/querydefn/QueryDefinition;" type="org.eclipse.birt.chart.reportitem.ui.ReportDataServiceProvider"/>
            <reference linenumber="2190" member="addValueSeriesAggregateBindingForGrouping" origin="org.eclipse.birt.chart.reportitem.ui.ReportDataServiceProvider.BaseQueryHelper.addValueSeriesAggregateBindingForGrouping(BaseQueryDefinition, EList, GroupDefinition, Map, SeriesDefinition)" signature="(Lorg/eclipse/birt/data/engine/api/querydefn/BaseQueryDefinition;Lorg/eclipse/emf/common/util/EList;Lorg/eclipse/birt/data/engine/api/querydefn/GroupDefinition;Ljava/util/Map;Lorg/eclipse/birt/chart/model/data/SeriesDefinition;)V" type="org.eclipse.birt.chart.reportitem.ui.ReportDataServiceProvider$BaseQueryHelper"/>
            <reference linenumber="744" member="resetParametersForDataPreview" origin="org.eclipse.birt.chart.reportitem.ui.ReportDataServiceProvider.resetParametersForDataPreview(DataSetHandle, QueryDefinition)" signature="(Lorg/eclipse/birt/report/model/api/DataSetHandle;Lorg/eclipse/birt/data/engine/api/querydefn/QueryDefinition;)Lorg/eclipse/birt/data/engine/api/querydefn/QueryDefinition;" type="org.eclipse.birt.chart.reportitem.ui.ReportDataServiceProvider"/>
        </reference_kind>
    </target>
    <target name="org.eclipse.birt.data.engine.api.IBaseDataSourceDesign" type="org.eclipse.birt.data.engine.api.IBaseDataSourceDesign">
        <reference_kind flags="0" kind="33554432" reference_kind_name="LOCAL_VAR_DECLARED">
            <reference linenumber="76" member="defineDataSet" origin="org.eclipse.birt.chart.reportitem.ui.DteAdapter.defineDataSet(DataSetHandle, DataRequestSession, boolean, boolean)" signature="(Lorg/eclipse/birt/report/model/api/DataSetHandle;Lorg/eclipse/birt/report/data/adapter/api/DataRequestSession;ZZ)V" type="org.eclipse.birt.chart.reportitem.ui.DteAdapter"/>
        </reference_kind>
    </target>
    <target name="org.eclipse.birt.data.engine.core.DataException" type="org.eclipse.birt.data.engine.core.DataException">
        <reference_kind flags="0" kind="33554432" reference_kind_name="LOCAL_VAR_DECLARED">
            <reference linenumber="2167" member="addValueSeriesAggregateBindingForGrouping" origin="org.eclipse.birt.chart.reportitem.ui.ReportDataServiceProvider.BaseQueryHelper.addValueSeriesAggregateBindingForGrouping(BaseQueryDefinition, EList, GroupDefinition, Map, SeriesDefinition)" signature="(Lorg/eclipse/birt/data/engine/api/querydefn/BaseQueryDefinition;Lorg/eclipse/emf/common/util/EList;Lorg/eclipse/birt/data/engine/api/querydefn/GroupDefinition;Ljava/util/Map;Lorg/eclipse/birt/chart/model/data/SeriesDefinition;)V" type="org.eclipse.birt.chart.reportitem.ui.ReportDataServiceProvider$BaseQueryHelper"/>
            <reference linenumber="2154" member="addValueSeriesAggregateBindingForGrouping" origin="org.eclipse.birt.chart.reportitem.ui.ReportDataServiceProvider.BaseQueryHelper.addValueSeriesAggregateBindingForGrouping(BaseQueryDefinition, EList, GroupDefinition, Map, SeriesDefinition)" signature="(Lorg/eclipse/birt/data/engine/api/querydefn/BaseQueryDefinition;Lorg/eclipse/emf/common/util/EList;Lorg/eclipse/birt/data/engine/api/querydefn/GroupDefinition;Ljava/util/Map;Lorg/eclipse/birt/chart/model/data/SeriesDefinition;)V" type="org.eclipse.birt.chart.reportitem.ui.ReportDataServiceProvider$BaseQueryHelper"/>
            <reference linenumber="2209" member="addValueSeriesAggregateBindingForGrouping" origin="org.eclipse.birt.chart.reportitem.ui.ReportDataServiceProvider.BaseQueryHelper.addValueSeriesAggregateBindingForGrouping(BaseQueryDefinition, EList, GroupDefinition, Map, SeriesDefinition)" signature="(Lorg/eclipse/birt/data/engine/api/querydefn/BaseQueryDefinition;Lorg/eclipse/emf/common/util/EList;Lorg/eclipse/birt/data/engine/api/querydefn/GroupDefinition;Ljava/util/Map;Lorg/eclipse/birt/chart/model/data/SeriesDefinition;)V" type="org.eclipse.birt.chart.reportitem.ui.ReportDataServiceProvider$BaseQueryHelper"/>
            <reference linenumber="2067" member="createBaseQuery" origin="org.eclipse.birt.chart.reportitem.ui.ReportDataServiceProvider.BaseQueryHelper.createBaseQuery(List)" signature="(Ljava/util/List;)Lorg/eclipse/birt/data/engine/api/IDataQueryDefinition;" type="org.eclipse.birt.chart.reportitem.ui.ReportDataServiceProvider$BaseQueryHelper"/>
        </reference_kind>
        <reference_kind flags="0" kind="32" reference_kind_name="THROWS">
            <reference linenumber="-1" member="setQueryDefinitionWithDataSet" origin="org.eclipse.birt.chart.reportitem.ui.ReportDataServiceProvider.setQueryDefinitionWithDataSet(ExtendedItemHandle, QueryDefinition)" signature="(Lorg/eclipse/birt/report/model/api/ExtendedItemHandle;Lorg/eclipse/birt/data/engine/api/querydefn/QueryDefinition;)V" type="org.eclipse.birt.chart.reportitem.ui.ReportDataServiceProvider"/>
        </reference_kind>
        <reference_kind flags="0" kind="131072" reference_kind_name="CATCHES_EXCEPTION">
            <reference linenumber="2154" member="addValueSeriesAggregateBindingForGrouping" origin="org.eclipse.birt.chart.reportitem.ui.ReportDataServiceProvider.BaseQueryHelper.addValueSeriesAggregateBindingForGrouping(BaseQueryDefinition, EList, GroupDefinition, Map, SeriesDefinition)" signature="(Lorg/eclipse/birt/data/engine/api/querydefn/BaseQueryDefinition;Lorg/eclipse/emf/common/util/EList;Lorg/eclipse/birt/data/engine/api/querydefn/GroupDefinition;Ljava/util/Map;Lorg/eclipse/birt/chart/model/data/SeriesDefinition;)V" type="org.eclipse.birt.chart.reportitem.ui.ReportDataServiceProvider$BaseQueryHelper"/>
            <reference linenumber="2167" member="addValueSeriesAggregateBindingForGrouping" origin="org.eclipse.birt.chart.reportitem.ui.ReportDataServiceProvider.BaseQueryHelper.addValueSeriesAggregateBindingForGrouping(BaseQueryDefinition, EList, GroupDefinition, Map, SeriesDefinition)" signature="(Lorg/eclipse/birt/data/engine/api/querydefn/BaseQueryDefinition;Lorg/eclipse/emf/common/util/EList;Lorg/eclipse/birt/data/engine/api/querydefn/GroupDefinition;Ljava/util/Map;Lorg/eclipse/birt/chart/model/data/SeriesDefinition;)V" type="org.eclipse.birt.chart.reportitem.ui.ReportDataServiceProvider$BaseQueryHelper"/>
            <reference linenumber="2209" member="addValueSeriesAggregateBindingForGrouping" origin="org.eclipse.birt.chart.reportitem.ui.ReportDataServiceProvider.BaseQueryHelper.addValueSeriesAggregateBindingForGrouping(BaseQueryDefinition, EList, GroupDefinition, Map, SeriesDefinition)" signature="(Lorg/eclipse/birt/data/engine/api/querydefn/BaseQueryDefinition;Lorg/eclipse/emf/common/util/EList;Lorg/eclipse/birt/data/engine/api/querydefn/GroupDefinition;Ljava/util/Map;Lorg/eclipse/birt/chart/model/data/SeriesDefinition;)V" type="org.eclipse.birt.chart.reportitem.ui.ReportDataServiceProvider$BaseQueryHelper"/>
            <reference linenumber="2067" member="createBaseQuery" origin="org.eclipse.birt.chart.reportitem.ui.ReportDataServiceProvider.BaseQueryHelper.createBaseQuery(List)" signature="(Ljava/util/List;)Lorg/eclipse/birt/data/engine/api/IDataQueryDefinition;" type="org.eclipse.birt.chart.reportitem.ui.ReportDataServiceProvider$BaseQueryHelper"/>
        </reference_kind>
    </target>
    <target name="org.eclipse.birt.data.engine.api.IResultIterator" type="org.eclipse.birt.data.engine.api.IResultIterator">
        <reference_kind flags="0" kind="33554432" reference_kind_name="LOCAL_VAR_DECLARED">
            <reference linenumber="623" member="getPreviewRowData" origin="org.eclipse.birt.chart.reportitem.ui.ReportDataServiceProvider.getPreviewRowData(String[], int, boolean)" signature="([Ljava/lang/String;IZ)Ljava/util/List;" type="org.eclipse.birt.chart.reportitem.ui.ReportDataServiceProvider"/>
            <reference linenumber="2900" member="getPreviewRowData" origin="org.eclipse.birt.chart.reportitem.ui.ReportDataServiceProvider.ShareBindingQueryHelper.getPreviewRowData(ColumnBindingInfo[], int, boolean)" signature="([Lorg/eclipse/birt/chart/ui/swt/ColumnBindingInfo;IZ)Ljava/util/List;" type="org.eclipse.birt.chart.reportitem.ui.ReportDataServiceProvider$ShareBindingQueryHelper"/>
            <reference linenumber="1714" member="createSimpleExpressionEvaluator" origin="org.eclipse.birt.chart.reportitem.ui.ReportDataServiceProvider.createSimpleExpressionEvaluator(IQueryResults)" signature="(Lorg/eclipse/birt/data/engine/api/IQueryResults;)Lorg/eclipse/birt/chart/factory/IDataRowExpressionEvaluator;" type="org.eclipse.birt.chart.reportitem.ui.ReportDataServiceProvider"/>
        </reference_kind>
        <reference_kind flags="0" kind="16" reference_kind_name="PARAMETER">
            <reference linenumber="-1" member="&lt;init&gt;" origin="org.eclipse.birt.chart.reportitem.ui.ReportDataServiceProvider.ShareBindingQueryHelper.1.1(ReportDataServiceProviderShareBindingQueryHelper, IResultIterator, boolean, Chart, Map)" signature="(Lorg/eclipse/birt/chart/reportitem/ui/ReportDataServiceProvider$ShareBindingQueryHelper;Lorg/eclipse/birt/data/engine/api/IResultIterator;ZLorg/eclipse/birt/chart/model/Chart;Ljava/util/Map;)V" type="org.eclipse.birt.chart.reportitem.ui.ReportDataServiceProvider$ShareBindingQueryHelper$1"/>
            <reference linenumber="-1" member="&lt;init&gt;" origin="org.eclipse.birt.chart.reportitem.ui.ReportDataServiceProvider.2.2(ReportDataServiceProvider, IResultIterator)" signature="(Lorg/eclipse/birt/chart/reportitem/ui/ReportDataServiceProvider;Lorg/eclipse/birt/data/engine/api/IResultIterator;)V" type="org.eclipse.birt.chart.reportitem.ui.ReportDataServiceProvider$2"/>
        </reference_kind>
        <reference_kind flags="0" kind="4" reference_kind_name="DECLARED_FIELD">
            <reference linenumber="-1" member="val$resultIterator" origin="org.eclipse.birt.chart.reportitem.ui.ReportDataServiceProvider.2.val$resultIterator" type="org.eclipse.birt.chart.reportitem.ui.ReportDataServiceProvider$2"/>
        </reference_kind>
    </target>
    <target name="org.eclipse.birt.data.engine.api.IFilterDefinition" type="org.eclipse.birt.data.engine.api.IFilterDefinition">
        <reference_kind flags="0" kind="33554432" reference_kind_name="LOCAL_VAR_DECLARED">
            <reference linenumber="2559" member="createShareBindingEvaluator" origin="org.eclipse.birt.chart.reportitem.ui.ReportDataServiceProvider.ShareBindingQueryHelper.createShareBindingEvaluator(Chart, List)" signature="(Lorg/eclipse/birt/chart/model/Chart;Ljava/util/List;)Lorg/eclipse/birt/chart/factory/IDataRowExpressionEvaluator;" type="org.eclipse.birt.chart.reportitem.ui.ReportDataServiceProvider$ShareBindingQueryHelper"/>
            <reference linenumber="1694" member="setQueryDefinitionWithDataSet" origin="org.eclipse.birt.chart.reportitem.ui.ReportDataServiceProvider.setQueryDefinitionWithDataSet(ExtendedItemHandle, QueryDefinition)" signature="(Lorg/eclipse/birt/report/model/api/ExtendedItemHandle;Lorg/eclipse/birt/data/engine/api/querydefn/QueryDefinition;)V" type="org.eclipse.birt.chart.reportitem.ui.ReportDataServiceProvider"/>
            <reference linenumber="2889" member="getPreviewRowData" origin="org.eclipse.birt.chart.reportitem.ui.ReportDataServiceProvider.ShareBindingQueryHelper.getPreviewRowData(ColumnBindingInfo[], int, boolean)" signature="([Lorg/eclipse/birt/chart/ui/swt/ColumnBindingInfo;IZ)Ljava/util/List;" type="org.eclipse.birt.chart.reportitem.ui.ReportDataServiceProvider$ShareBindingQueryHelper"/>
        </reference_kind>
    </target>
    <target name="org.eclipse.birt.data.engine.api.IQueryDefinition" type="org.eclipse.birt.data.engine.api.IQueryDefinition">
        <reference_kind flags="0" kind="16" reference_kind_name="PARAMETER">
            <reference linenumber="-1" member="executeQuery" origin="org.eclipse.birt.chart.reportitem.ui.DteAdapter.executeQuery(DataRequestSession, IQueryDefinition)" signature="(Lorg/eclipse/birt/report/data/adapter/api/DataRequestSession;Lorg/eclipse/birt/data/engine/api/IQueryDefinition;)Lorg/eclipse/birt/data/engine/api/IQueryResults;" type="org.eclipse.birt.chart.reportitem.ui.DteAdapter"/>
        </reference_kind>
    </target>
    <target name="org.eclipse.birt.data.engine.api.querydefn.ComputedColumn" type="org.eclipse.birt.data.engine.api.querydefn.ComputedColumn">
        <reference_kind flags="0" kind="134217728" reference_kind_name="INSTANTIATION">
            <reference linenumber="130" member="defineDataSet" origin="org.eclipse.birt.chart.reportitem.ui.DteAdapter.defineDataSet(DataSetHandle, DataRequestSession, boolean, boolean)" signature="(Lorg/eclipse/birt/report/model/api/DataSetHandle;Lorg/eclipse/birt/report/data/adapter/api/DataRequestSession;ZZ)V" type="org.eclipse.birt.chart.reportitem.ui.DteAdapter"/>
        </reference_kind>
    </target>
    <target name="org.eclipse.birt.data.engine.olap.api.ICubeQueryResults" type="org.eclipse.birt.data.engine.olap.api.ICubeQueryResults">
        <reference_kind flags="0" kind="33554432" reference_kind_name="LOCAL_VAR_DECLARED">
            <reference linenumber="1914" member="createCubeEvaluator" origin="org.eclipse.birt.chart.reportitem.ui.ReportDataServiceProvider.createCubeEvaluator(CubeHandle, Chart)" signature="(Lorg/eclipse/birt/report/model/api/olap/CubeHandle;Lorg/eclipse/birt/chart/model/Chart;)Lorg/eclipse/birt/chart/factory/IDataRowExpressionEvaluator;" type="org.eclipse.birt.chart.reportitem.ui.ReportDataServiceProvider"/>
        </reference_kind>
        <reference_kind flags="0" kind="262144" reference_kind_name="CASTS">
            <reference linenumber="197" member="executeQuery" origin="org.eclipse.birt.chart.reportitem.ui.DteAdapter.executeQuery(DataRequestSession, ICubeQueryDefinition)" signature="(Lorg/eclipse/birt/report/data/adapter/api/DataRequestSession;Lorg/eclipse/birt/data/engine/olap/api/query/ICubeQueryDefinition;)Lorg/eclipse/birt/data/engine/olap/api/ICubeQueryResults;" type="org.eclipse.birt.chart.reportitem.ui.DteAdapter"/>
        </reference_kind>
        <reference_kind flags="0" kind="8" reference_kind_name="RETURN_TYPE">
            <reference linenumber="-1" member="executeQuery" origin="org.eclipse.birt.chart.reportitem.ui.DteAdapter.executeQuery(DataRequestSession, ICubeQueryDefinition)" signature="(Lorg/eclipse/birt/report/data/adapter/api/DataRequestSession;Lorg/eclipse/birt/data/engine/olap/api/query/ICubeQueryDefinition;)Lorg/eclipse/birt/data/engine/olap/api/ICubeQueryResults;" type="org.eclipse.birt.chart.reportitem.ui.DteAdapter"/>
        </reference_kind>
    </target>
    <target name="org.eclipse.birt.data.engine.api.querydefn.InputParameterBinding" type="org.eclipse.birt.data.engine.api.querydefn.InputParameterBinding">
        <reference_kind flags="0" kind="33554432" reference_kind_name="LOCAL_VAR_DECLARED">
            <reference linenumber="751" member="resetParametersForDataPreview" origin="org.eclipse.birt.chart.reportitem.ui.ReportDataServiceProvider.resetParametersForDataPreview(DataSetHandle, QueryDefinition)" signature="(Lorg/eclipse/birt/report/model/api/DataSetHandle;Lorg/eclipse/birt/data/engine/api/querydefn/QueryDefinition;)Lorg/eclipse/birt/data/engine/api/querydefn/QueryDefinition;" type="org.eclipse.birt.chart.reportitem.ui.ReportDataServiceProvider"/>
        </reference_kind>
        <reference_kind flags="0" kind="134217728" reference_kind_name="INSTANTIATION">
            <reference linenumber="751" member="resetParametersForDataPreview" origin="org.eclipse.birt.chart.reportitem.ui.ReportDataServiceProvider.resetParametersForDataPreview(DataSetHandle, QueryDefinition)" signature="(Lorg/eclipse/birt/report/model/api/DataSetHandle;Lorg/eclipse/birt/data/engine/api/querydefn/QueryDefinition;)Lorg/eclipse/birt/data/engine/api/querydefn/QueryDefinition;" type="org.eclipse.birt.chart.reportitem.ui.ReportDataServiceProvider"/>
        </reference_kind>
    </target>
    <target name="org.eclipse.birt.data.engine.olap.api.IPreparedCubeQuery" type="org.eclipse.birt.data.engine.olap.api.IPreparedCubeQuery">
        <reference_kind flags="0" kind="33554432" reference_kind_name="LOCAL_VAR_DECLARED">
            <reference linenumber="196" member="executeQuery" origin="org.eclipse.birt.chart.reportitem.ui.DteAdapter.executeQuery(DataRequestSession, ICubeQueryDefinition)" signature="(Lorg/eclipse/birt/report/data/adapter/api/DataRequestSession;Lorg/eclipse/birt/data/engine/olap/api/query/ICubeQueryDefinition;)Lorg/eclipse/birt/data/engine/olap/api/ICubeQueryResults;" type="org.eclipse.birt.chart.reportitem.ui.DteAdapter"/>
        </reference_kind>
    </target>
<target name="org.eclipse.birt.data.engine.api.aggregation.IParameterDefn" type="org.eclipse.birt.data.engine.api.aggregation.IParameterDefn">
        <reference_kind flags="0" kind="33554432" reference_kind_name="LOCAL_VAR_DECLARED">
            <reference linenumber="813" member="validate" origin="org.eclipse.birt.chart.reportitem.ui.dialogs.ChartCubeBindingDialogHelper.validate()" signature="()V" type="org.eclipse.birt.chart.reportitem.ui.dialogs.ChartCubeBindingDialogHelper"/>
            <reference linenumber="662" member="handleFunctionSelectEvent" origin="org.eclipse.birt.chart.reportitem.ui.dialogs.ChartCubeBindingDialogHelper.handleFunctionSelectEvent()" signature="()V" type="org.eclipse.birt.chart.reportitem.ui.dialogs.ChartCubeBindingDialogHelper"/>
        </reference_kind>
    </target>
    <target name="org.eclipse.birt.data.engine.api.aggregation.IAggrFunction" type="org.eclipse.birt.data.engine.api.aggregation.IAggrFunction">
        <reference_kind flags="0" kind="33554432" reference_kind_name="LOCAL_VAR_DECLARED">
            <reference linenumber="653" member="handleFunctionSelectEvent" origin="org.eclipse.birt.chart.reportitem.ui.dialogs.ChartCubeBindingDialogHelper.handleFunctionSelectEvent()" signature="()V" type="org.eclipse.birt.chart.reportitem.ui.dialogs.ChartCubeBindingDialogHelper"/>
            <reference linenumber="807" member="validate" origin="org.eclipse.birt.chart.reportitem.ui.dialogs.ChartCubeBindingDialogHelper.validate()" signature="()V" type="org.eclipse.birt.chart.reportitem.ui.dialogs.ChartCubeBindingDialogHelper"/>
        </reference_kind>
        <reference_kind flags="0" kind="32768" reference_kind_name="ALLOCATES_ARRAY">
            <reference linenumber="476" member="getFunctions" origin="org.eclipse.birt.chart.reportitem.ui.dialogs.ChartCubeBindingDialogHelper.getFunctions()" signature="()[Lorg/eclipse/birt/data/engine/api/aggregation/IAggrFunction;" type="org.eclipse.birt.chart.reportitem.ui.dialogs.ChartCubeBindingDialogHelper"/>
            <reference linenumber="481" member="getFunctions" origin="org.eclipse.birt.chart.reportitem.ui.dialogs.ChartCubeBindingDialogHelper.getFunctions()" signature="()[Lorg/eclipse/birt/data/engine/api/aggregation/IAggrFunction;" type="org.eclipse.birt.chart.reportitem.ui.dialogs.ChartCubeBindingDialogHelper"/>
        </reference_kind>
        <reference_kind flags="0" kind="8" reference_kind_name="RETURN_TYPE">
            <reference linenumber="-1" member="getFunctionByDisplayName" origin="org.eclipse.birt.chart.reportitem.ui.dialogs.ChartCubeBindingDialogHelper.getFunctionByDisplayName(String)" signature="(Ljava/lang/String;)Lorg/eclipse/birt/data/engine/api/aggregation/IAggrFunction;" type="org.eclipse.birt.chart.reportitem.ui.dialogs.ChartCubeBindingDialogHelper"/>
            <reference linenumber="-1" member="getFunctions" origin="org.eclipse.birt.chart.reportitem.ui.dialogs.ChartCubeBindingDialogHelper.getFunctions()" signature="()[Lorg/eclipse/birt/data/engine/api/aggregation/IAggrFunction;" type="org.eclipse.birt.chart.reportitem.ui.dialogs.ChartCubeBindingDialogHelper"/>
        </reference_kind>
        <reference_kind flags="0" kind="262144" reference_kind_name="CASTS">
            <reference linenumber="476" member="getFunctions" origin="org.eclipse.birt.chart.reportitem.ui.dialogs.ChartCubeBindingDialogHelper.getFunctions()" signature="()[Lorg/eclipse/birt/data/engine/api/aggregation/IAggrFunction;" type="org.eclipse.birt.chart.reportitem.ui.dialogs.ChartCubeBindingDialogHelper"/>
        </reference_kind>
    </target>
</references>
