<?xml version="1.0" encoding="UTF-8" standalone="no"?>
<references name="Methods" origin="org.eclipse.ant.ui (3.4.2.v20091204_r352)" referee="org.eclipse.ant.core (3.2.101.v20091110_r352)" reference_count="37" reference_visibility="8">
    <target member="processMinusDProperties" name="org.eclipse.ant.internal.core.AntCoreUtil.processMinusDProperties(List, Map)" signature="(Ljava/util/List;Ljava/util/Map;)V" type="org.eclipse.ant.internal.core.AntCoreUtil">
        <reference_kind flags="0" kind="128" reference_kind_name="INVOKED_STATIC">
            <reference linenumber="264" member="getAllProperties" origin="org.eclipse.ant.internal.ui.AntUtil.getAllProperties(ILaunchConfiguration)" signature="(Lorg/eclipse/debug/core/ILaunchConfiguration;)Ljava/util/Map;" type="org.eclipse.ant.internal.ui.AntUtil"/>
        </reference_kind>
    </target>
<target member="getURI" name="org.eclipse.ant.internal.core.AntObject.getURI()" signature="()Ljava/lang/String;" type="org.eclipse.ant.internal.core.AntObject">
        <reference_kind flags="0" kind="256" reference_kind_name="VIRTUAL_METHOD">
            <reference linenumber="520" member="appendTaskAndTypes" origin="org.eclipse.ant.internal.ui.launchConfigurations.AntLaunchDelegate.appendTaskAndTypes(AntCorePreferences, StringBuffer)" signature="(Lorg/eclipse/ant/core/AntCorePreferences;Ljava/lang/StringBuffer;)V" type="org.eclipse.ant.internal.ui.launchConfigurations.AntLaunchDelegate"/>
            <reference linenumber="509" member="appendTaskAndTypes" origin="org.eclipse.ant.internal.ui.launchConfigurations.AntLaunchDelegate.appendTaskAndTypes(AntCorePreferences, StringBuffer)" signature="(Lorg/eclipse/ant/core/AntCorePreferences;Ljava/lang/StringBuffer;)V" type="org.eclipse.ant.internal.ui.launchConfigurations.AntLaunchDelegate"/>
        </reference_kind>
    </target>
    <target member="getClassName" name="org.eclipse.ant.internal.core.AntObject.getClassName()" signature="()Ljava/lang/String;" type="org.eclipse.ant.internal.core.AntObject">
        <reference_kind flags="0" kind="256" reference_kind_name="VIRTUAL_METHOD">
            <reference linenumber="523" member="appendTaskAndTypes" origin="org.eclipse.ant.internal.ui.launchConfigurations.AntLaunchDelegate.appendTaskAndTypes(AntCorePreferences, StringBuffer)" signature="(Lorg/eclipse/ant/core/AntCorePreferences;Ljava/lang/StringBuffer;)V" type="org.eclipse.ant.internal.ui.launchConfigurations.AntLaunchDelegate"/>
            <reference linenumber="512" member="appendTaskAndTypes" origin="org.eclipse.ant.internal.ui.launchConfigurations.AntLaunchDelegate.appendTaskAndTypes(AntCorePreferences, StringBuffer)" signature="(Lorg/eclipse/ant/core/AntCorePreferences;Ljava/lang/StringBuffer;)V" type="org.eclipse.ant.internal.ui.launchConfigurations.AntLaunchDelegate"/>
        <reference linenumber="384" member="setTasks" origin="org.eclipse.ant.internal.ui.model.AntModel.setTasks(Project, ClassLoader)" signature="(Lorg/apache/tools/ant/Project;Ljava/lang/ClassLoader;)V" type="org.eclipse.ant.internal.ui.model.AntModel"/>
            <reference linenumber="398" member="setTypes" origin="org.eclipse.ant.internal.ui.model.AntModel.setTypes(Project, ClassLoader)" signature="(Lorg/apache/tools/ant/Project;Ljava/lang/ClassLoader;)V" type="org.eclipse.ant.internal.ui.model.AntModel"/>
        <reference linenumber="92" member="edit" origin="org.eclipse.ant.internal.ui.preferences.AntTypesPage.edit(IStructuredSelection)" signature="(Lorg/eclipse/jface/viewers/IStructuredSelection;)V" type="org.eclipse.ant.internal.ui.preferences.AntTypesPage"/>
            <reference linenumber="79" member="getColumnText" origin="org.eclipse.ant.internal.ui.preferences.AntObjectLabelProvider.getColumnText(Object, int)" signature="(Ljava/lang/Object;I)Ljava/lang/String;" type="org.eclipse.ant.internal.ui.preferences.AntObjectLabelProvider"/>
            <reference linenumber="106" member="edit" origin="org.eclipse.ant.internal.ui.preferences.AntTasksPage.edit(IStructuredSelection)" signature="(Lorg/eclipse/jface/viewers/IStructuredSelection;)V" type="org.eclipse.ant.internal.ui.preferences.AntTasksPage"/>
        </reference_kind>
    </target>
<target member="&lt;init&gt;" name="org.eclipse.ant.internal.core.AntSecurityManager.AntSecurityManager(SecurityManager, Thread, boolean)" signature="(Ljava/lang/SecurityManager;Ljava/lang/Thread;Z)V" type="org.eclipse.ant.internal.core.AntSecurityManager">
        <reference_kind flags="0" kind="64" reference_kind_name="CONSTRUCTOR_METHOD">
            <reference linenumber="330" member="parseDocument" origin="org.eclipse.ant.internal.ui.model.AntModel.parseDocument(IDocument)" signature="(Lorg/eclipse/jface/text/IDocument;)V" type="org.eclipse.ant.internal.ui.model.AntModel"/>
        </reference_kind>
    </target>
    <target member="loadPropertyFiles" name="org.eclipse.ant.internal.core.AntCoreUtil.loadPropertyFiles(List, String, String)" signature="(Ljava/util/List;Ljava/lang/String;Ljava/lang/String;)Ljava/util/List;" type="org.eclipse.ant.internal.core.AntCoreUtil">
        <reference_kind flags="0" kind="128" reference_kind_name="INVOKED_STATIC">
            <reference linenumber="450" member="loadPropertyFiles" origin="org.eclipse.ant.internal.ui.model.AntModel.loadPropertyFiles(Project)" signature="(Lorg/apache/tools/ant/Project;)V" type="org.eclipse.ant.internal.ui.model.AntModel"/>
            <reference linenumber="436" member="loadExtraPropertyFiles" origin="org.eclipse.ant.internal.ui.model.AntModel.loadExtraPropertyFiles(Project)" signature="(Lorg/apache/tools/ant/Project;)V" type="org.eclipse.ant.internal.ui.model.AntModel"/>
        </reference_kind>
    </target>
    <target member="setPluginContextClassloader" name="org.eclipse.ant.internal.core.AntClassLoader.setPluginContextClassloader(ClassLoader)" signature="(Ljava/lang/ClassLoader;)V" type="org.eclipse.ant.internal.core.AntClassLoader">
        <reference_kind flags="0" kind="256" reference_kind_name="VIRTUAL_METHOD">
            <reference linenumber="1353" member="getClassLoader" origin="org.eclipse.ant.internal.ui.model.AntModel.getClassLoader(ClassLoader)" signature="(Ljava/lang/ClassLoader;)Ljava/lang/ClassLoader;" type="org.eclipse.ant.internal.ui.model.AntModel"/>
            <reference linenumber="1346" member="getClassLoader" origin="org.eclipse.ant.internal.ui.model.AntModel.getClassLoader(ClassLoader)" signature="(Ljava/lang/ClassLoader;)Ljava/lang/ClassLoader;" type="org.eclipse.ant.internal.ui.model.AntModel"/>
        </reference_kind>
    </target>
<target member="getLibraryEntry" name="org.eclipse.ant.internal.core.AntObject.getLibraryEntry()" signature="()Lorg/eclipse/ant/core/IAntClasspathEntry;" type="org.eclipse.ant.internal.core.AntObject">
        <reference_kind flags="0" kind="256" reference_kind_name="VIRTUAL_METHOD">
            <reference linenumber="81" member="getColumnText" origin="org.eclipse.ant.internal.ui.preferences.AntObjectLabelProvider.getColumnText(Object, int)" signature="(Ljava/lang/Object;I)Ljava/lang/String;" type="org.eclipse.ant.internal.ui.preferences.AntObjectLabelProvider"/>
            <reference linenumber="94" member="edit" origin="org.eclipse.ant.internal.ui.preferences.AntTypesPage.edit(IStructuredSelection)" signature="(Lorg/eclipse/jface/viewers/IStructuredSelection;)V" type="org.eclipse.ant.internal.ui.preferences.AntTypesPage"/>
            <reference linenumber="108" member="edit" origin="org.eclipse.ant.internal.ui.preferences.AntTasksPage.edit(IStructuredSelection)" signature="(Lorg/eclipse/jface/viewers/IStructuredSelection;)V" type="org.eclipse.ant.internal.ui.preferences.AntTasksPage"/>
            <reference linenumber="326" member="getContents" origin="org.eclipse.ant.internal.ui.preferences.AntPage.getContents(boolean)" signature="(Z)Ljava/util/List;" type="org.eclipse.ant.internal.ui.preferences.AntPage"/>
            <reference linenumber="323" member="getContents" origin="org.eclipse.ant.internal.ui.preferences.AntPage.getContents(boolean)" signature="(Z)Ljava/util/List;" type="org.eclipse.ant.internal.ui.preferences.AntPage"/>
        </reference_kind>
    </target>
    <target member="setClassName" name="org.eclipse.ant.internal.core.AntObject.setClassName(String)" signature="(Ljava/lang/String;)V" type="org.eclipse.ant.internal.core.AntObject">
        <reference_kind flags="0" kind="256" reference_kind_name="VIRTUAL_METHOD">
            <reference linenumber="100" member="edit" origin="org.eclipse.ant.internal.ui.preferences.AntTypesPage.edit(IStructuredSelection)" signature="(Lorg/eclipse/jface/viewers/IStructuredSelection;)V" type="org.eclipse.ant.internal.ui.preferences.AntTypesPage"/>
            <reference linenumber="63" member="add" origin="org.eclipse.ant.internal.ui.preferences.AntTypesPage.add()" signature="()V" type="org.eclipse.ant.internal.ui.preferences.AntTypesPage"/>
            <reference linenumber="114" member="edit" origin="org.eclipse.ant.internal.ui.preferences.AntTasksPage.edit(IStructuredSelection)" signature="(Lorg/eclipse/jface/viewers/IStructuredSelection;)V" type="org.eclipse.ant.internal.ui.preferences.AntTasksPage"/>
            <reference linenumber="63" member="add" origin="org.eclipse.ant.internal.ui.preferences.AntTasksPage.add()" signature="()V" type="org.eclipse.ant.internal.ui.preferences.AntTasksPage"/>
        </reference_kind>
    </target>
    <target member="toString" name="org.eclipse.ant.internal.core.AntObject.toString()" signature="()Ljava/lang/String;" type="org.eclipse.ant.internal.core.AntObject">
        <reference_kind flags="0" kind="256" reference_kind_name="VIRTUAL_METHOD">
            <reference linenumber="77" member="getColumnText" origin="org.eclipse.ant.internal.ui.preferences.AntObjectLabelProvider.getColumnText(Object, int)" signature="(Ljava/lang/Object;I)Ljava/lang/String;" type="org.eclipse.ant.internal.ui.preferences.AntObjectLabelProvider"/>
        </reference_kind>
    </target>
    <target member="getPluginLabel" name="org.eclipse.ant.internal.core.AntObject.getPluginLabel()" signature="()Ljava/lang/String;" type="org.eclipse.ant.internal.core.AntObject">
        <reference_kind flags="0" kind="256" reference_kind_name="VIRTUAL_METHOD">
            <reference linenumber="83" member="getColumnText" origin="org.eclipse.ant.internal.ui.preferences.AntObjectLabelProvider.getColumnText(Object, int)" signature="(Ljava/lang/Object;I)Ljava/lang/String;" type="org.eclipse.ant.internal.ui.preferences.AntObjectLabelProvider"/>
        </reference_kind>
    </target>
    <target member="isDefault" name="org.eclipse.ant.internal.core.AntObject.isDefault()" signature="()Z" type="org.eclipse.ant.internal.core.AntObject">
        <reference_kind flags="0" kind="256" reference_kind_name="VIRTUAL_METHOD">
            <reference linenumber="323" member="getContents" origin="org.eclipse.ant.internal.ui.preferences.AntPage.getContents(boolean)" signature="(Z)Ljava/util/List;" type="org.eclipse.ant.internal.ui.preferences.AntPage"/>
            <reference linenumber="326" member="getContents" origin="org.eclipse.ant.internal.ui.preferences.AntPage.getContents(boolean)" signature="(Z)Ljava/util/List;" type="org.eclipse.ant.internal.ui.preferences.AntPage"/>
            <reference linenumber="56" member="getColumnImage" origin="org.eclipse.ant.internal.ui.preferences.AntObjectLabelProvider.getColumnImage(Object, int)" signature="(Ljava/lang/Object;I)Lorg/eclipse/swt/graphics/Image;" type="org.eclipse.ant.internal.ui.preferences.AntObjectLabelProvider"/>
            <reference linenumber="128" member="getBackground" origin="org.eclipse.ant.internal.ui.preferences.AntObjectLabelProvider.getBackground(Object)" signature="(Ljava/lang/Object;)Lorg/eclipse/swt/graphics/Color;" type="org.eclipse.ant.internal.ui.preferences.AntObjectLabelProvider"/>
            <reference linenumber="432" member="tableSelectionChanged" origin="org.eclipse.ant.internal.ui.preferences.AntPage.tableSelectionChanged(IStructuredSelection)" signature="(Lorg/eclipse/jface/viewers/IStructuredSelection;)V" type="org.eclipse.ant.internal.ui.preferences.AntPage"/>
        </reference_kind>
    </target>
    <target member="&lt;init&gt;" name="org.eclipse.ant.internal.core.AntClasspathEntry.AntClasspathEntry(URL)" signature="(Ljava/net/URL;)V" type="org.eclipse.ant.internal.core.AntClasspathEntry">
        <reference_kind flags="0" kind="64" reference_kind_name="CONSTRUCTOR_METHOD">
            <reference linenumber="133" member="getDefaultAdditionalEntries" origin="org.eclipse.ant.internal.ui.preferences.AntClasspathPage.getDefaultAdditionalEntries()" signature="()Ljava/util/List;" type="org.eclipse.ant.internal.ui.preferences.AntClasspathPage"/>
        </reference_kind>
    </target>
    <target member="setLibraryEntry" name="org.eclipse.ant.internal.core.AntObject.setLibraryEntry(IAntClasspathEntry)" signature="(Lorg/eclipse/ant/core/IAntClasspathEntry;)V" type="org.eclipse.ant.internal.core.AntObject">
        <reference_kind flags="0" kind="256" reference_kind_name="VIRTUAL_METHOD">
            <reference linenumber="64" member="add" origin="org.eclipse.ant.internal.ui.preferences.AntTypesPage.add()" signature="()V" type="org.eclipse.ant.internal.ui.preferences.AntTypesPage"/>
            <reference linenumber="115" member="edit" origin="org.eclipse.ant.internal.ui.preferences.AntTasksPage.edit(IStructuredSelection)" signature="(Lorg/eclipse/jface/viewers/IStructuredSelection;)V" type="org.eclipse.ant.internal.ui.preferences.AntTasksPage"/>
            <reference linenumber="101" member="edit" origin="org.eclipse.ant.internal.ui.preferences.AntTypesPage.edit(IStructuredSelection)" signature="(Lorg/eclipse/jface/viewers/IStructuredSelection;)V" type="org.eclipse.ant.internal.ui.preferences.AntTypesPage"/>
            <reference linenumber="64" member="add" origin="org.eclipse.ant.internal.ui.preferences.AntTasksPage.add()" signature="()V" type="org.eclipse.ant.internal.ui.preferences.AntTasksPage"/>
        </reference_kind>
    </target>
    <target member="isEclipseRuntimeRequired" name="org.eclipse.ant.internal.core.AntObject.isEclipseRuntimeRequired()" signature="()Z" type="org.eclipse.ant.internal.core.AntObject">
        <reference_kind flags="0" kind="256" reference_kind_name="VIRTUAL_METHOD">
            <reference linenumber="56" member="getColumnImage" origin="org.eclipse.ant.internal.ui.preferences.AntObjectLabelProvider.getColumnImage(Object, int)" signature="(Ljava/lang/Object;I)Lorg/eclipse/swt/graphics/Image;" type="org.eclipse.ant.internal.ui.preferences.AntObjectLabelProvider"/>
        </reference_kind>
    </target>
</references>
