<?xml version="1.0" encoding="UTF-8" standalone="no"?>
<references name="Methods" origin="org.eclipse.actf.visualization.blind.html (0.7.2.R201002031025)" referee="org.eclipse.actf.visualization.engines.blind.html (0.7.2.R201002031025)" reference_count="32" reference_visibility="1">
    <target member="setDocument" name="org.eclipse.actf.visualization.engines.blind.html.VisualizeEngine.setDocument(Document)" signature="(Lorg/w3c/dom/Document;)V" type="org.eclipse.actf.visualization.engines.blind.html.VisualizeEngine">
        <reference_kind flags="0" kind="256" reference_kind_name="VIRTUAL_METHOD">
            <reference linenumber="-1" member="visualize" origin="org.eclipse.actf.visualization.blind.html.BlindVisualizerHtml.visualize()" signature="()I" type="org.eclipse.actf.visualization.blind.html.BlindVisualizerHtml"/>
        <reference linenumber="-1" member="visualize" origin="org.eclipse.actf.visualization.blind.html.BlindVisualizerHtml.visualize()" signature="()I" type="org.eclipse.actf.visualization.blind.html.BlindVisualizerHtml"/>
        </reference_kind>
    </target>
    <target member="getOrig2idMap" name="org.eclipse.actf.visualization.engines.blind.html.IVisualizeMapData.getOrig2idMap()" signature="()Ljava/util/Map;" type="org.eclipse.actf.visualization.engines.blind.html.IVisualizeMapData">
        <reference_kind flags="0" kind="512" reference_kind_name="INTERFACE_METHOD">
            <reference linenumber="-1" member="visualize" origin="org.eclipse.actf.visualization.blind.html.BlindVisualizerHtml.visualize()" signature="()I" type="org.eclipse.actf.visualization.blind.html.BlindVisualizerHtml"/>
        <reference linenumber="-1" member="visualize" origin="org.eclipse.actf.visualization.blind.html.BlindVisualizerHtml.visualize()" signature="()I" type="org.eclipse.actf.visualization.blind.html.BlindVisualizerHtml"/>
        </reference_kind>
    </target>
    <target member="setBaseUrl" name="org.eclipse.actf.visualization.engines.blind.html.VisualizeEngine.setBaseUrl(String)" signature="(Ljava/lang/String;)V" type="org.eclipse.actf.visualization.engines.blind.html.VisualizeEngine">
        <reference_kind flags="0" kind="256" reference_kind_name="VIRTUAL_METHOD">
            <reference linenumber="-1" member="visualize" origin="org.eclipse.actf.visualization.blind.html.BlindVisualizerHtml.visualize()" signature="()I" type="org.eclipse.actf.visualization.blind.html.BlindVisualizerHtml"/>
        <reference linenumber="-1" member="visualize" origin="org.eclipse.actf.visualization.blind.html.BlindVisualizerHtml.visualize()" signature="()I" type="org.eclipse.actf.visualization.blind.html.BlindVisualizerHtml"/>
        </reference_kind>
    </target>
    <target member="setTargetUrl" name="org.eclipse.actf.visualization.engines.blind.html.VisualizeEngine.setTargetUrl(String)" signature="(Ljava/lang/String;)V" type="org.eclipse.actf.visualization.engines.blind.html.VisualizeEngine">
        <reference_kind flags="0" kind="256" reference_kind_name="VIRTUAL_METHOD">
            <reference linenumber="-1" member="visualize" origin="org.eclipse.actf.visualization.blind.html.BlindVisualizerHtml.visualize()" signature="()I" type="org.eclipse.actf.visualization.blind.html.BlindVisualizerHtml"/>
        <reference linenumber="-1" member="visualize" origin="org.eclipse.actf.visualization.blind.html.BlindVisualizerHtml.visualize()" signature="()I" type="org.eclipse.actf.visualization.blind.html.BlindVisualizerHtml"/>
        </reference_kind>
    </target>
    <target member="getHtmlProblemVector" name="org.eclipse.actf.visualization.engines.blind.html.util.HtmlErrorLogListener.getHtmlProblemVector()" signature="()Ljava/util/Vector;" type="org.eclipse.actf.visualization.engines.blind.html.util.HtmlErrorLogListener">
        <reference_kind flags="0" kind="256" reference_kind_name="VIRTUAL_METHOD">
            <reference linenumber="-1" member="visualize" origin="org.eclipse.actf.visualization.blind.html.BlindVisualizerHtml.visualize()" signature="()I" type="org.eclipse.actf.visualization.blind.html.BlindVisualizerHtml"/>
        <reference linenumber="-1" member="visualize" origin="org.eclipse.actf.visualization.blind.html.BlindVisualizerHtml.visualize()" signature="()I" type="org.eclipse.actf.visualization.blind.html.BlindVisualizerHtml"/>
        </reference_kind>
    </target>
    <target member="visualize" name="org.eclipse.actf.visualization.engines.blind.html.VisualizeEngine.visualize()" signature="()V" type="org.eclipse.actf.visualization.engines.blind.html.VisualizeEngine">
        <reference_kind flags="0" kind="256" reference_kind_name="VIRTUAL_METHOD">
            <reference linenumber="-1" member="visualize" origin="org.eclipse.actf.visualization.blind.html.BlindVisualizerHtml.visualize()" signature="()I" type="org.eclipse.actf.visualization.blind.html.BlindVisualizerHtml"/>
        <reference linenumber="-1" member="visualize" origin="org.eclipse.actf.visualization.blind.html.BlindVisualizerHtml.visualize()" signature="()I" type="org.eclipse.actf.visualization.blind.html.BlindVisualizerHtml"/>
        </reference_kind>
    </target>
    <target member="setHtml2viewMapV" name="org.eclipse.actf.visualization.engines.blind.html.VisualizeEngine.setHtml2viewMapV(Vector)" signature="(Ljava/util/Vector;)V" type="org.eclipse.actf.visualization.engines.blind.html.VisualizeEngine">
        <reference_kind flags="0" kind="256" reference_kind_name="VIRTUAL_METHOD">
            <reference linenumber="-1" member="visualize" origin="org.eclipse.actf.visualization.blind.html.BlindVisualizerHtml.visualize()" signature="()I" type="org.eclipse.actf.visualization.blind.html.BlindVisualizerHtml"/>
        <reference linenumber="-1" member="visualize" origin="org.eclipse.actf.visualization.blind.html.BlindVisualizerHtml.visualize()" signature="()I" type="org.eclipse.actf.visualization.blind.html.BlindVisualizerHtml"/>
        </reference_kind>
    </target>
    <target member="&lt;init&gt;" name="org.eclipse.actf.visualization.engines.blind.html.util.HtmlErrorLogListener.HtmlErrorLogListener()" signature="()V" type="org.eclipse.actf.visualization.engines.blind.html.util.HtmlErrorLogListener">
        <reference_kind flags="0" kind="64" reference_kind_name="CONSTRUCTOR_METHOD">
            <reference linenumber="-1" member="visualize" origin="org.eclipse.actf.visualization.blind.html.BlindVisualizerHtml.visualize()" signature="()I" type="org.eclipse.actf.visualization.blind.html.BlindVisualizerHtml"/>
        <reference linenumber="-1" member="visualize" origin="org.eclipse.actf.visualization.blind.html.BlindVisualizerHtml.visualize()" signature="()I" type="org.eclipse.actf.visualization.blind.html.BlindVisualizerHtml"/>
        </reference_kind>
    </target>
    <target member="getVisualizeMapData" name="org.eclipse.actf.visualization.engines.blind.html.VisualizeEngine.getVisualizeMapData()" signature="()Lorg/eclipse/actf/visualization/engines/blind/html/IVisualizeMapData;" type="org.eclipse.actf.visualization.engines.blind.html.VisualizeEngine">
        <reference_kind flags="0" kind="256" reference_kind_name="VIRTUAL_METHOD">
            <reference linenumber="-1" member="visualize" origin="org.eclipse.actf.visualization.blind.html.BlindVisualizerHtml.visualize()" signature="()I" type="org.eclipse.actf.visualization.blind.html.BlindVisualizerHtml"/>
        <reference linenumber="-1" member="visualize" origin="org.eclipse.actf.visualization.blind.html.BlindVisualizerHtml.visualize()" signature="()I" type="org.eclipse.actf.visualization.blind.html.BlindVisualizerHtml"/>
        </reference_kind>
    </target>
    <target member="setInvisibleIdSet" name="org.eclipse.actf.visualization.engines.blind.html.VisualizeEngine.setInvisibleIdSet(Set)" signature="(Ljava/util/Set;)V" type="org.eclipse.actf.visualization.engines.blind.html.VisualizeEngine">
        <reference_kind flags="0" kind="256" reference_kind_name="VIRTUAL_METHOD">
            <reference linenumber="-1" member="visualize" origin="org.eclipse.actf.visualization.blind.html.BlindVisualizerHtml.visualize()" signature="()I" type="org.eclipse.actf.visualization.blind.html.BlindVisualizerHtml"/>
        <reference linenumber="-1" member="visualize" origin="org.eclipse.actf.visualization.blind.html.BlindVisualizerHtml.visualize()" signature="()I" type="org.eclipse.actf.visualization.blind.html.BlindVisualizerHtml"/>
        </reference_kind>
    </target>
    <target member="getResult" name="org.eclipse.actf.visualization.engines.blind.html.VisualizeEngine.getResult()" signature="()Lorg/w3c/dom/Document;" type="org.eclipse.actf.visualization.engines.blind.html.VisualizeEngine">
        <reference_kind flags="0" kind="256" reference_kind_name="VIRTUAL_METHOD">
            <reference linenumber="-1" member="visualize" origin="org.eclipse.actf.visualization.blind.html.BlindVisualizerHtml.visualize()" signature="()I" type="org.eclipse.actf.visualization.blind.html.BlindVisualizerHtml"/>
        <reference linenumber="-1" member="visualize" origin="org.eclipse.actf.visualization.blind.html.BlindVisualizerHtml.visualize()" signature="()I" type="org.eclipse.actf.visualization.blind.html.BlindVisualizerHtml"/>
        </reference_kind>
    </target>
    <target member="setPageData" name="org.eclipse.actf.visualization.engines.blind.html.VisualizeEngine.setPageData(PageData)" signature="(Lorg/eclipse/actf/visualization/eval/html/statistics/PageData;)V" type="org.eclipse.actf.visualization.engines.blind.html.VisualizeEngine">
        <reference_kind flags="0" kind="256" reference_kind_name="VIRTUAL_METHOD">
            <reference linenumber="-1" member="visualize" origin="org.eclipse.actf.visualization.blind.html.BlindVisualizerHtml.visualize()" signature="()I" type="org.eclipse.actf.visualization.blind.html.BlindVisualizerHtml"/>
        <reference linenumber="-1" member="visualize" origin="org.eclipse.actf.visualization.blind.html.BlindVisualizerHtml.visualize()" signature="()I" type="org.eclipse.actf.visualization.blind.html.BlindVisualizerHtml"/>
        </reference_kind>
    </target>
    <target member="&lt;init&gt;" name="org.eclipse.actf.visualization.engines.blind.html.VisualizeEngine.VisualizeEngine()" signature="()V" type="org.eclipse.actf.visualization.engines.blind.html.VisualizeEngine">
        <reference_kind flags="0" kind="64" reference_kind_name="CONSTRUCTOR_METHOD">
            <reference linenumber="-1" member="visualize" origin="org.eclipse.actf.visualization.blind.html.BlindVisualizerHtml.visualize()" signature="()I" type="org.eclipse.actf.visualization.blind.html.BlindVisualizerHtml"/>
        <reference linenumber="-1" member="visualize" origin="org.eclipse.actf.visualization.blind.html.BlindVisualizerHtml.visualize()" signature="()I" type="org.eclipse.actf.visualization.blind.html.BlindVisualizerHtml"/>
        </reference_kind>
    </target>
    <target member="getMaxTime" name="org.eclipse.actf.visualization.engines.blind.html.VisualizeEngine.getMaxTime()" signature="()I" type="org.eclipse.actf.visualization.engines.blind.html.VisualizeEngine">
        <reference_kind flags="0" kind="256" reference_kind_name="VIRTUAL_METHOD">
            <reference linenumber="-1" member="visualize" origin="org.eclipse.actf.visualization.blind.html.BlindVisualizerHtml.visualize()" signature="()I" type="org.eclipse.actf.visualization.blind.html.BlindVisualizerHtml"/>
        <reference linenumber="-1" member="visualize" origin="org.eclipse.actf.visualization.blind.html.BlindVisualizerHtml.visualize()" signature="()I" type="org.eclipse.actf.visualization.blind.html.BlindVisualizerHtml"/>
        </reference_kind>
    </target>
    <target member="getProbelems" name="org.eclipse.actf.visualization.engines.blind.html.VisualizeEngine.getProbelems()" signature="()Ljava/util/List;" type="org.eclipse.actf.visualization.engines.blind.html.VisualizeEngine">
        <reference_kind flags="0" kind="256" reference_kind_name="VIRTUAL_METHOD">
            <reference linenumber="-1" member="visualize" origin="org.eclipse.actf.visualization.blind.html.BlindVisualizerHtml.visualize()" signature="()I" type="org.eclipse.actf.visualization.blind.html.BlindVisualizerHtml"/>
        <reference linenumber="-1" member="visualize" origin="org.eclipse.actf.visualization.blind.html.BlindVisualizerHtml.visualize()" signature="()I" type="org.eclipse.actf.visualization.blind.html.BlindVisualizerHtml"/>
        </reference_kind>
    </target>
    <target member="getVariantFile" name="org.eclipse.actf.visualization.engines.blind.html.VisualizeEngine.getVariantFile()" signature="()Ljava/io/File;" type="org.eclipse.actf.visualization.engines.blind.html.VisualizeEngine">
        <reference_kind flags="0" kind="256" reference_kind_name="VIRTUAL_METHOD">
            <reference linenumber="-1" member="visualize" origin="org.eclipse.actf.visualization.blind.html.BlindVisualizerHtml.visualize()" signature="()I" type="org.eclipse.actf.visualization.blind.html.BlindVisualizerHtml"/>
        <reference linenumber="-1" member="visualize" origin="org.eclipse.actf.visualization.blind.html.BlindVisualizerHtml.visualize()" signature="()I" type="org.eclipse.actf.visualization.blind.html.BlindVisualizerHtml"/>
        </reference_kind>
    </target>
</references>
