<?xml version="1.0" encoding="UTF-8" standalone="no"?>
<references name="Types" origin="org.eclipse.actf.visualization.blind.html (0.7.2.R201002031025)" referee="org.eclipse.actf.visualization.engines.blind.html (0.7.2.R201002031025)" reference_count="4" reference_visibility="1">
    <target name="org.eclipse.actf.visualization.engines.blind.html.util.HtmlErrorLogListener" type="org.eclipse.actf.visualization.engines.blind.html.util.HtmlErrorLogListener">
        <reference_kind flags="0" kind="134217728" reference_kind_name="INSTANTIATION">
            <reference linenumber="-1" member="visualize" origin="org.eclipse.actf.visualization.blind.html.BlindVisualizerHtml.visualize()" signature="()I" type="org.eclipse.actf.visualization.blind.html.BlindVisualizerHtml"/>
        <reference linenumber="-1" member="visualize" origin="org.eclipse.actf.visualization.blind.html.BlindVisualizerHtml.visualize()" signature="()I" type="org.eclipse.actf.visualization.blind.html.BlindVisualizerHtml"/>
        </reference_kind>
    </target>
    <target name="org.eclipse.actf.visualization.engines.blind.html.VisualizeEngine" type="org.eclipse.actf.visualization.engines.blind.html.VisualizeEngine">
        <reference_kind flags="0" kind="134217728" reference_kind_name="INSTANTIATION">
            <reference linenumber="-1" member="visualize" origin="org.eclipse.actf.visualization.blind.html.BlindVisualizerHtml.visualize()" signature="()I" type="org.eclipse.actf.visualization.blind.html.BlindVisualizerHtml"/>
        <reference linenumber="-1" member="visualize" origin="org.eclipse.actf.visualization.blind.html.BlindVisualizerHtml.visualize()" signature="()I" type="org.eclipse.actf.visualization.blind.html.BlindVisualizerHtml"/>
        </reference_kind>
    </target>
</references>
