<?xml version="1.0" encoding="UTF-8" standalone="no"?>
<references name="Methods" origin="org.eclipse.birt.report.debug.core (2.5.2.v20100127)" referee="org.eclipse.birt.core (2.5.2.v20100208)" reference_count="12" reference_visibility="1">
    <target member="toBoolean" name="org.eclipse.birt.core.data.DataTypeUtil.toBoolean(Object)" signature="(Ljava/lang/Object;)Ljava/lang/Boolean;" type="org.eclipse.birt.core.data.DataTypeUtil">
        <reference_kind flags="0" kind="128" reference_kind_name="INVOKED_STATIC">
            <reference linenumber="359" member="convert" origin="org.eclipse.birt.report.debug.internal.core.launcher.ReportLauncher.convert(Object, String)" signature="(Ljava/lang/Object;Ljava/lang/String;)Ljava/lang/Object;" type="org.eclipse.birt.report.debug.internal.core.launcher.ReportLauncher"/>
        </reference_kind>
    </target>
    <target member="toDate" name="org.eclipse.birt.core.data.DataTypeUtil.toDate(Object)" signature="(Ljava/lang/Object;)Ljava/util/Date;" type="org.eclipse.birt.core.data.DataTypeUtil">
        <reference_kind flags="0" kind="128" reference_kind_name="INVOKED_STATIC">
            <reference linenumber="363" member="convert" origin="org.eclipse.birt.report.debug.internal.core.launcher.ReportLauncher.convert(Object, String)" signature="(Ljava/lang/Object;Ljava/lang/String;)Ljava/lang/Object;" type="org.eclipse.birt.report.debug.internal.core.launcher.ReportLauncher"/>
        </reference_kind>
    </target>
    <target member="toInteger" name="org.eclipse.birt.core.data.DataTypeUtil.toInteger(Object)" signature="(Ljava/lang/Object;)Ljava/lang/Integer;" type="org.eclipse.birt.core.data.DataTypeUtil">
        <reference_kind flags="0" kind="128" reference_kind_name="INVOKED_STATIC">
            <reference linenumber="387" member="convert" origin="org.eclipse.birt.report.debug.internal.core.launcher.ReportLauncher.convert(Object, String)" signature="(Ljava/lang/Object;Ljava/lang/String;)Ljava/lang/Object;" type="org.eclipse.birt.report.debug.internal.core.launcher.ReportLauncher"/>
        </reference_kind>
    </target>
    <target member="toSqlTime" name="org.eclipse.birt.core.data.DataTypeUtil.toSqlTime(Object)" signature="(Ljava/lang/Object;)Ljava/sql/Time;" type="org.eclipse.birt.core.data.DataTypeUtil">
        <reference_kind flags="0" kind="128" reference_kind_name="INVOKED_STATIC">
            <reference linenumber="371" member="convert" origin="org.eclipse.birt.report.debug.internal.core.launcher.ReportLauncher.convert(Object, String)" signature="(Ljava/lang/Object;Ljava/lang/String;)Ljava/lang/Object;" type="org.eclipse.birt.report.debug.internal.core.launcher.ReportLauncher"/>
        </reference_kind>
    </target>
    <target member="shutdown" name="org.eclipse.birt.core.framework.Platform.shutdown()" signature="()V" type="org.eclipse.birt.core.framework.Platform">
        <reference_kind flags="0" kind="128" reference_kind_name="INVOKED_STATIC">
            <reference linenumber="737" member="dispose" origin="org.eclipse.birt.report.debug.internal.core.launcher.ReportLauncher.dispose()" signature="()V" type="org.eclipse.birt.report.debug.internal.core.launcher.ReportLauncher"/>
        </reference_kind>
    </target>
    <target member="toString" name="org.eclipse.birt.core.data.DataTypeUtil.toString(Object)" signature="(Ljava/lang/Object;)Ljava/lang/String;" type="org.eclipse.birt.core.data.DataTypeUtil">
        <reference_kind flags="0" kind="128" reference_kind_name="INVOKED_STATIC">
            <reference linenumber="383" member="convert" origin="org.eclipse.birt.report.debug.internal.core.launcher.ReportLauncher.convert(Object, String)" signature="(Ljava/lang/Object;Ljava/lang/String;)Ljava/lang/Object;" type="org.eclipse.birt.report.debug.internal.core.launcher.ReportLauncher"/>
        </reference_kind>
    </target>
    <target member="createFactoryObject" name="org.eclipse.birt.core.framework.Platform.createFactoryObject(String)" signature="(Ljava/lang/String;)Ljava/lang/Object;" type="org.eclipse.birt.core.framework.Platform">
        <reference_kind flags="0" kind="128" reference_kind_name="INVOKED_STATIC">
            <reference linenumber="494" member="init" origin="org.eclipse.birt.report.debug.internal.core.launcher.ReportLauncher.init()" signature="()V" type="org.eclipse.birt.report.debug.internal.core.launcher.ReportLauncher"/>
        </reference_kind>
    </target>
    <target member="&lt;init&gt;" name="org.eclipse.birt.core.archive.FileArchiveWriter.FileArchiveWriter(String)" signature="(Ljava/lang/String;)V" type="org.eclipse.birt.core.archive.FileArchiveWriter">
        <reference_kind flags="0" kind="64" reference_kind_name="CONSTRUCTOR_METHOD">
            <reference linenumber="616" member="createReportDocument" origin="org.eclipse.birt.report.debug.internal.core.launcher.ReportLauncher.createReportDocument(String, String, Map)" signature="(Ljava/lang/String;Ljava/lang/String;Ljava/util/Map;)Ljava/lang/String;" type="org.eclipse.birt.report.debug.internal.core.launcher.ReportLauncher"/>
        </reference_kind>
    </target>
    <target member="toDouble" name="org.eclipse.birt.core.data.DataTypeUtil.toDouble(Object)" signature="(Ljava/lang/Object;)Ljava/lang/Double;" type="org.eclipse.birt.core.data.DataTypeUtil">
        <reference_kind flags="0" kind="128" reference_kind_name="INVOKED_STATIC">
            <reference linenumber="379" member="convert" origin="org.eclipse.birt.report.debug.internal.core.launcher.ReportLauncher.convert(Object, String)" signature="(Ljava/lang/Object;Ljava/lang/String;)Ljava/lang/Object;" type="org.eclipse.birt.report.debug.internal.core.launcher.ReportLauncher"/>
        </reference_kind>
    </target>
    <target member="toSqlDate" name="org.eclipse.birt.core.data.DataTypeUtil.toSqlDate(Object)" signature="(Ljava/lang/Object;)Ljava/sql/Date;" type="org.eclipse.birt.core.data.DataTypeUtil">
        <reference_kind flags="0" kind="128" reference_kind_name="INVOKED_STATIC">
            <reference linenumber="367" member="convert" origin="org.eclipse.birt.report.debug.internal.core.launcher.ReportLauncher.convert(Object, String)" signature="(Ljava/lang/Object;Ljava/lang/String;)Ljava/lang/Object;" type="org.eclipse.birt.report.debug.internal.core.launcher.ReportLauncher"/>
        </reference_kind>
    </target>
    <target member="toBigDecimal" name="org.eclipse.birt.core.data.DataTypeUtil.toBigDecimal(Object)" signature="(Ljava/lang/Object;)Ljava/math/BigDecimal;" type="org.eclipse.birt.core.data.DataTypeUtil">
        <reference_kind flags="0" kind="128" reference_kind_name="INVOKED_STATIC">
            <reference linenumber="375" member="convert" origin="org.eclipse.birt.report.debug.internal.core.launcher.ReportLauncher.convert(Object, String)" signature="(Ljava/lang/Object;Ljava/lang/String;)Ljava/lang/Object;" type="org.eclipse.birt.report.debug.internal.core.launcher.ReportLauncher"/>
        </reference_kind>
    </target>
    <target member="startup" name="org.eclipse.birt.core.framework.Platform.startup(PlatformConfig)" signature="(Lorg/eclipse/birt/core/framework/PlatformConfig;)V" type="org.eclipse.birt.core.framework.Platform">
        <reference_kind flags="0" kind="128" reference_kind_name="INVOKED_STATIC">
            <reference linenumber="487" member="init" origin="org.eclipse.birt.report.debug.internal.core.launcher.ReportLauncher.init()" signature="()V" type="org.eclipse.birt.report.debug.internal.core.launcher.ReportLauncher"/>
        </reference_kind>
    </target>
</references>
