<?xml version="1.0" encoding="UTF-8" standalone="no"?>
<references name="Types" origin="org.eclipse.birt.report.debug.core (2.5.2.v20100127)" referee="org.eclipse.birt.core (2.5.2.v20100208)" reference_count="8" reference_visibility="1">
    <target name="org.eclipse.birt.core.archive.IDocArchiveWriter" type="org.eclipse.birt.core.archive.IDocArchiveWriter">
        <reference_kind flags="0" kind="33554432" reference_kind_name="LOCAL_VAR_DECLARED">
            <reference linenumber="616" member="createReportDocument" origin="org.eclipse.birt.report.debug.internal.core.launcher.ReportLauncher.createReportDocument(String, String, Map)" signature="(Ljava/lang/String;Ljava/lang/String;Ljava/util/Map;)Ljava/lang/String;" type="org.eclipse.birt.report.debug.internal.core.launcher.ReportLauncher"/>
        </reference_kind>
    </target>
    <target name="org.eclipse.birt.core.archive.FileArchiveWriter" type="org.eclipse.birt.core.archive.FileArchiveWriter">
        <reference_kind flags="0" kind="134217728" reference_kind_name="INSTANTIATION">
            <reference linenumber="616" member="createReportDocument" origin="org.eclipse.birt.report.debug.internal.core.launcher.ReportLauncher.createReportDocument(String, String, Map)" signature="(Ljava/lang/String;Ljava/lang/String;Ljava/util/Map;)Ljava/lang/String;" type="org.eclipse.birt.report.debug.internal.core.launcher.ReportLauncher"/>
        </reference_kind>
    </target>
    <target name="org.eclipse.birt.core.exception.BirtException" type="org.eclipse.birt.core.exception.BirtException">
        <reference_kind flags="0" kind="131072" reference_kind_name="CATCHES_EXCEPTION">
            <reference linenumber="338" member="getParameterObject" origin="org.eclipse.birt.report.debug.internal.core.launcher.ReportLauncher.getParameterObject(String, String)" signature="(Ljava/lang/String;Ljava/lang/String;)Ljava/lang/Object;" type="org.eclipse.birt.report.debug.internal.core.launcher.ReportLauncher"/>
            <reference linenumber="229" member="doValidateDateTimeByPattern" origin="org.eclipse.birt.report.debug.internal.core.launcher.ReportLauncher.doValidateDateTimeByPattern(String, String)" signature="(Ljava/lang/String;Ljava/lang/String;)Ljava/util/Date;" type="org.eclipse.birt.report.debug.internal.core.launcher.ReportLauncher"/>
            <reference linenumber="257" member="doValidateSqlDateTimeByPattern" origin="org.eclipse.birt.report.debug.internal.core.launcher.ReportLauncher.doValidateSqlDateTimeByPattern(String, String)" signature="(Ljava/lang/String;Ljava/lang/String;)Ljava/sql/Date;" type="org.eclipse.birt.report.debug.internal.core.launcher.ReportLauncher"/>
            <reference linenumber="285" member="doValidateTimeDateTimeByPattern" origin="org.eclipse.birt.report.debug.internal.core.launcher.ReportLauncher.doValidateTimeDateTimeByPattern(String, String)" signature="(Ljava/lang/String;Ljava/lang/String;)Ljava/sql/Time;" type="org.eclipse.birt.report.debug.internal.core.launcher.ReportLauncher"/>
            <reference linenumber="489" member="init" origin="org.eclipse.birt.report.debug.internal.core.launcher.ReportLauncher.init()" signature="()V" type="org.eclipse.birt.report.debug.internal.core.launcher.ReportLauncher"/>
        </reference_kind>
        <reference_kind flags="0" kind="32" reference_kind_name="THROWS">
            <reference linenumber="-1" member="convert" origin="org.eclipse.birt.report.debug.internal.core.launcher.ReportLauncher.convert(Object, String)" signature="(Ljava/lang/Object;Ljava/lang/String;)Ljava/lang/Object;" type="org.eclipse.birt.report.debug.internal.core.launcher.ReportLauncher"/>
        </reference_kind>
    </target>
</references>
