<?xml version="1.0" encoding="UTF-8" standalone="no"?>
<references name="Methods" origin="org.eclipse.actf.visualization.flash (0.7.2.R201002031025)" referee="org.eclipse.actf.util.win32 (0.7.2.R201002031025)" reference_count="4" reference_visibility="1">
    <target member="createVariantFromIDispatchAddress" name="org.eclipse.actf.util.win32.VariantUtil.createVariantFromIDispatchAddress(int)" signature="(I)Lorg/eclipse/swt/ole/win32/Variant;" type="org.eclipse.actf.util.win32.VariantUtil">
        <reference_kind flags="0" kind="128" reference_kind_name="INVOKED_STATIC">
            <reference linenumber="-1" member="reCalculateRect" origin="org.eclipse.actf.visualization.flash.ui.actions.FlashRectFinder.reCalculateRect()" signature="()V" type="org.eclipse.actf.visualization.flash.ui.actions.FlashRectFinder"/>
        <reference linenumber="-1" member="reCalculateRect" origin="org.eclipse.actf.visualization.flash.ui.actions.FlashRectFinder.reCalculateRect()" signature="()V" type="org.eclipse.actf.visualization.flash.ui.actions.FlashRectFinder"/>
        </reference_kind>
    </target>
<target member="getPtr" name="org.eclipse.actf.util.win32.FlashMSAAObject.getPtr()" signature="()I" type="org.eclipse.actf.util.win32.FlashMSAAObject">
        <reference_kind flags="0" kind="256" reference_kind_name="VIRTUAL_METHOD">
            <reference linenumber="-1" member="run" origin="org.eclipse.actf.visualization.flash.ui.views.FlashDOMView.2.run()" signature="()V" type="org.eclipse.actf.visualization.flash.ui.views.FlashDOMView$2"/>
        <reference linenumber="-1" member="run" origin="org.eclipse.actf.visualization.flash.ui.views.FlashDOMView.2.run()" signature="()V" type="org.eclipse.actf.visualization.flash.ui.views.FlashDOMView$2"/>
        </reference_kind>
    </target>
</references>
