<?xml version="1.0" encoding="UTF-8" standalone="no"?>
<references name="Methods" origin="org.eclipse.actf.model.dom.odf (0.7.2.R201002031025)" referee="org.eclipse.actf.core (0.7.2.R201002031025)" reference_count="32" reference_visibility="1">
    <target member="saveToFile" name="org.eclipse.actf.util.FileUtils.saveToFile(InputStream, String, boolean)" signature="(Ljava/io/InputStream;Ljava/lang/String;Z)Z" type="org.eclipse.actf.util.FileUtils">
        <reference_kind flags="0" kind="128" reference_kind_name="INVOKED_STATIC">
            <reference linenumber="-1" member="copyFile" origin="org.eclipse.actf.model.dom.odf.ODFParser.copyFile(String, String, String)" signature="(Ljava/lang/String;Ljava/lang/String;Ljava/lang/String;)V" type="org.eclipse.actf.model.dom.odf.ODFParser"/>
        </reference_kind>
    </target>
<target member="evalForNodeList" name="org.eclipse.actf.util.xpath.XPathService.evalForNodeList(Object, Node)" signature="(Ljava/lang/Object;Lorg/w3c/dom/Node;)Lorg/w3c/dom/NodeList;" type="org.eclipse.actf.util.xpath.XPathService">
        <reference_kind flags="0" kind="256" reference_kind_name="VIRTUAL_METHOD">
            <reference linenumber="-1" member="getSVGTitleElement" origin="org.eclipse.actf.model.dom.odf.base.impl.DrawingObjectElementImpl.getSVGTitleElement()" signature="()Lorg/eclipse/actf/model/dom/odf/svg/TitleElement;" type="org.eclipse.actf.model.dom.odf.base.impl.DrawingObjectElementImpl"/>
            <reference linenumber="-1" member="getSVGDescElement" origin="org.eclipse.actf.model.dom.odf.base.impl.DrawingObjectElementImpl.getSVGDescElement()" signature="()Lorg/eclipse/actf/model/dom/odf/svg/DescElement;" type="org.eclipse.actf.model.dom.odf.base.impl.DrawingObjectElementImpl"/>
            <reference linenumber="-1" member="getTextSequenceElement" origin="org.eclipse.actf.model.dom.odf.base.impl.EmbedDrawingObjectElementImpl.getTextSequenceElement()" signature="()Lorg/eclipse/actf/model/dom/odf/text/SequenceElement;" type="org.eclipse.actf.model.dom.odf.base.impl.EmbedDrawingObjectElementImpl"/>
        <reference linenumber="-1" member="getPageIndex" origin="org.eclipse.actf.model.dom.odf.draw.impl.PageElementImpl.getPageIndex()" signature="()I" type="org.eclipse.actf.model.dom.odf.draw.impl.PageElementImpl"/>
            <reference linenumber="-1" member="getDrawingObjectElements" origin="org.eclipse.actf.model.dom.odf.draw.impl.PageElementImpl.getDrawingObjectElements()" signature="()Lorg/w3c/dom/NodeList;" type="org.eclipse.actf.model.dom.odf.draw.impl.PageElementImpl"/>
            <reference linenumber="-1" member="getAreaElements" origin="org.eclipse.actf.model.dom.odf.draw.impl.ImageMapElementImpl.getAreaElements()" signature="()Lorg/w3c/dom/NodeList;" type="org.eclipse.actf.model.dom.odf.draw.impl.ImageMapElementImpl"/>
            <reference linenumber="-1" member="getPresentationNotesElement" origin="org.eclipse.actf.model.dom.odf.draw.impl.PageElementImpl.getPresentationNotesElement()" signature="()Lorg/eclipse/actf/model/dom/odf/presentation/NotesElement;" type="org.eclipse.actf.model.dom.odf.draw.impl.PageElementImpl"/>
            <reference linenumber="-1" member="getImageElements" origin="org.eclipse.actf.model.dom.odf.draw.impl.ImageMapElementImpl.getImageElements()" signature="()Lorg/eclipse/actf/model/dom/odf/draw/ImageElement;" type="org.eclipse.actf.model.dom.odf.draw.impl.ImageMapElementImpl"/>
        <reference linenumber="-1" member="getPageSize" origin="org.eclipse.actf.model.dom.odf.office.impl.DrawingElementImpl.getPageSize()" signature="()J" type="org.eclipse.actf.model.dom.odf.office.impl.DrawingElementImpl"/>
            <reference linenumber="-1" member="getBodyElement" origin="org.eclipse.actf.model.dom.odf.office.impl.DocumentContentElementImpl.getBodyElement()" signature="()Lorg/eclipse/actf/model/dom/odf/office/BodyElement;" type="org.eclipse.actf.model.dom.odf.office.impl.DocumentContentElementImpl"/>
            <reference linenumber="-1" member="getPage" origin="org.eclipse.actf.model.dom.odf.office.impl.DrawingElementImpl.getPage(long)" signature="(J)Lorg/eclipse/actf/model/dom/odf/draw/PageElement;" type="org.eclipse.actf.model.dom.odf.office.impl.DrawingElementImpl"/>
        <reference linenumber="-1" member="getTableHeaderColumns" origin="org.eclipse.actf.model.dom.odf.table.impl.TableElementImpl.getTableHeaderColumns()" signature="()Lorg/w3c/dom/NodeList;" type="org.eclipse.actf.model.dom.odf.table.impl.TableElementImpl"/>
            <reference linenumber="-1" member="getTableHeaderRows" origin="org.eclipse.actf.model.dom.odf.table.impl.TableElementImpl.getTableHeaderRows()" signature="()Lorg/w3c/dom/NodeList;" type="org.eclipse.actf.model.dom.odf.table.impl.TableElementImpl"/>
            <reference linenumber="-1" member="getTextSequenceElement" origin="org.eclipse.actf.model.dom.odf.table.impl.TableElementImpl.getTextSequenceElement()" signature="()Lorg/eclipse/actf/model/dom/odf/text/SequenceElement;" type="org.eclipse.actf.model.dom.odf.table.impl.TableElementImpl"/>
        <reference linenumber="-1" member="getSize" origin="org.eclipse.actf.model.dom.odf.text.impl.ListElementImpl.getSize()" signature="()J" type="org.eclipse.actf.model.dom.odf.text.impl.ListElementImpl"/>
            <reference linenumber="-1" member="getHrefElement" origin="org.eclipse.actf.model.dom.odf.text.impl.AElementImpl.getHrefElement()" signature="()Lorg/eclipse/actf/model/dom/odf/base/ODFElement;" type="org.eclipse.actf.model.dom.odf.text.impl.AElementImpl"/>
        <reference linenumber="-1" member="getInvisibleSectionName" origin="org.eclipse.actf.model.dom.odf.util.accessibility.AccessibilityFixEngine.getInvisibleSectionName(ODFElement)" signature="(Lorg/eclipse/actf/model/dom/odf/base/ODFElement;)Ljava/lang/String;" type="org.eclipse.actf.model.dom.odf.util.accessibility.AccessibilityFixEngine"/>
            <reference linenumber="-1" member="isInvisibleElement" origin="org.eclipse.actf.model.dom.odf.util.accessibility.AccessibilityFixEngine.isInvisibleElement(ODFElement)" signature="(Lorg/eclipse/actf/model/dom/odf/base/ODFElement;)Z" type="org.eclipse.actf.model.dom.odf.util.accessibility.AccessibilityFixEngine"/>
            <reference linenumber="-1" member="isProtectedElement" origin="org.eclipse.actf.model.dom.odf.util.accessibility.AccessibilityFixEngine.isProtectedElement(ODFElement)" signature="(Lorg/eclipse/actf/model/dom/odf/base/ODFElement;)Z" type="org.eclipse.actf.model.dom.odf.util.accessibility.AccessibilityFixEngine"/>
        <reference linenumber="-1" member="writeCssByListStyleElement" origin="org.eclipse.actf.model.dom.odf.util.converter.impl.HTMLConverter.writeCssByListStyleElement(PrintWriter, ODFDocument)" signature="(Ljava/io/PrintWriter;Lorg/eclipse/actf/model/dom/odf/base/ODFDocument;)V" type="org.eclipse.actf.model.dom.odf.util.converter.impl.HTMLConverter"/>
            <reference linenumber="-1" member="writeCssByStyleStyleElement" origin="org.eclipse.actf.model.dom.odf.util.converter.impl.HTMLConverter.writeCssByStyleStyleElement(PrintWriter, ODFDocument)" signature="(Ljava/io/PrintWriter;Lorg/eclipse/actf/model/dom/odf/base/ODFDocument;)V" type="org.eclipse.actf.model.dom.odf.util.converter.impl.HTMLConverter"/>
            <reference linenumber="-1" member="writeCssByStyleDefaultStyleElement" origin="org.eclipse.actf.model.dom.odf.util.converter.impl.HTMLConverter.writeCssByStyleDefaultStyleElement(PrintWriter, ODFDocument)" signature="(Ljava/io/PrintWriter;Lorg/eclipse/actf/model/dom/odf/base/ODFDocument;)V" type="org.eclipse.actf.model.dom.odf.util.converter.impl.HTMLConverter"/>
        </reference_kind>
    </target>
    <target member="newService" name="org.eclipse.actf.util.xpath.XPathServiceFactory.newService()" signature="()Lorg/eclipse/actf/util/xpath/XPathService;" type="org.eclipse.actf.util.xpath.XPathServiceFactory">
        <reference_kind flags="0" kind="128" reference_kind_name="INVOKED_STATIC">
            <reference linenumber="-1" member="findElementByAttrValue" origin="org.eclipse.actf.model.dom.odf.base.impl.ODFElementImpl.findElementByAttrValue(String, String, String, String, String)" signature="(Ljava/lang/String;Ljava/lang/String;Ljava/lang/String;Ljava/lang/String;Ljava/lang/String;)Lorg/eclipse/actf/model/dom/odf/base/ODFElement;" type="org.eclipse.actf.model.dom.odf.base.impl.ODFElementImpl"/>
        <reference linenumber="-1" member="getFormControlElement" origin="org.eclipse.actf.model.dom.odf.draw.impl.ControlElementImpl.getFormControlElement()" signature="()Lorg/eclipse/actf/model/dom/odf/form/FormControlElement;" type="org.eclipse.actf.model.dom.odf.draw.impl.ControlElementImpl"/>
            <reference linenumber="-1" member="getPageIndex" origin="org.eclipse.actf.model.dom.odf.draw.impl.PageElementImpl.getPageIndex()" signature="()I" type="org.eclipse.actf.model.dom.odf.draw.impl.PageElementImpl"/>
            <reference linenumber="-1" member="getFormLabelFixedTextElement" origin="org.eclipse.actf.model.dom.odf.draw.impl.ControlElementImpl.getFormLabelFixedTextElement()" signature="()Lorg/eclipse/actf/model/dom/odf/form/FixedTextElement;" type="org.eclipse.actf.model.dom.odf.draw.impl.ControlElementImpl"/>
        </reference_kind>
    </target>
    <target member="evalPathForNodeList" name="org.eclipse.actf.util.xpath.XPathService.evalPathForNodeList(String, Node)" signature="(Ljava/lang/String;Lorg/w3c/dom/Node;)Lorg/w3c/dom/NodeList;" type="org.eclipse.actf.util.xpath.XPathService">
        <reference_kind flags="0" kind="256" reference_kind_name="VIRTUAL_METHOD">
            <reference linenumber="-1" member="findElementByAttrValue" origin="org.eclipse.actf.model.dom.odf.base.impl.ODFElementImpl.findElementByAttrValue(String, String, String, String, String)" signature="(Ljava/lang/String;Ljava/lang/String;Ljava/lang/String;Ljava/lang/String;Ljava/lang/String;)Lorg/eclipse/actf/model/dom/odf/base/ODFElement;" type="org.eclipse.actf.model.dom.odf.base.impl.ODFElementImpl"/>
        <reference linenumber="-1" member="getFormLabelFixedTextElement" origin="org.eclipse.actf.model.dom.odf.draw.impl.ControlElementImpl.getFormLabelFixedTextElement()" signature="()Lorg/eclipse/actf/model/dom/odf/form/FixedTextElement;" type="org.eclipse.actf.model.dom.odf.draw.impl.ControlElementImpl"/>
            <reference linenumber="-1" member="getFormControlElement" origin="org.eclipse.actf.model.dom.odf.draw.impl.ControlElementImpl.getFormControlElement()" signature="()Lorg/eclipse/actf/model/dom/odf/form/FormControlElement;" type="org.eclipse.actf.model.dom.odf.draw.impl.ControlElementImpl"/>
        <reference linenumber="-1" member="getItem" origin="org.eclipse.actf.model.dom.odf.text.impl.ListElementImpl.getItem(long)" signature="(J)Lorg/eclipse/actf/model/dom/odf/text/ListItemElement;" type="org.eclipse.actf.model.dom.odf.text.impl.ListElementImpl"/>
            <reference linenumber="-1" member="getHrefElement" origin="org.eclipse.actf.model.dom.odf.text.impl.AElementImpl.getHrefElement()" signature="()Lorg/eclipse/actf/model/dom/odf/base/ODFElement;" type="org.eclipse.actf.model.dom.odf.text.impl.AElementImpl"/>
        </reference_kind>
    </target>
</references>
