<?xml version="1.0" encoding="UTF-8" standalone="no"?>
<references name="Types" origin="org.eclipse.actf.model.dom.odf (0.7.2.R201002031025)" referee="org.eclipse.actf.core (0.7.2.R201002031025)" reference_count="11" reference_visibility="1">
    <target name="org.eclipse.actf.util.xpath.XPathService" type="org.eclipse.actf.util.xpath.XPathService">
        <reference_kind flags="0" kind="4" reference_kind_name="DECLARED_FIELD">
            <reference linenumber="-1" member="xpathService" origin="org.eclipse.actf.model.dom.odf.base.impl.DrawingObjectElementImpl.xpathService" type="org.eclipse.actf.model.dom.odf.base.impl.DrawingObjectElementImpl"/>
            <reference linenumber="-1" member="xpathService" origin="org.eclipse.actf.model.dom.odf.base.impl.EmbedDrawingObjectElementImpl.xpathService" type="org.eclipse.actf.model.dom.odf.base.impl.EmbedDrawingObjectElementImpl"/>
        <reference linenumber="-1" member="xpathService" origin="org.eclipse.actf.model.dom.odf.draw.impl.ImageMapElementImpl.xpathService" type="org.eclipse.actf.model.dom.odf.draw.impl.ImageMapElementImpl"/>
            <reference linenumber="-1" member="xpathService" origin="org.eclipse.actf.model.dom.odf.draw.impl.PageElementImpl.xpathService" type="org.eclipse.actf.model.dom.odf.draw.impl.PageElementImpl"/>
        <reference linenumber="-1" member="xpathService" origin="org.eclipse.actf.model.dom.odf.office.impl.DrawingElementImpl.xpathService" type="org.eclipse.actf.model.dom.odf.office.impl.DrawingElementImpl"/>
            <reference linenumber="-1" member="xpathService" origin="org.eclipse.actf.model.dom.odf.office.impl.DocumentContentElementImpl.xpathService" type="org.eclipse.actf.model.dom.odf.office.impl.DocumentContentElementImpl"/>
        <reference linenumber="-1" member="xpathService" origin="org.eclipse.actf.model.dom.odf.table.impl.TableElementImpl.xpathService" type="org.eclipse.actf.model.dom.odf.table.impl.TableElementImpl"/>
        <reference linenumber="-1" member="xpathService" origin="org.eclipse.actf.model.dom.odf.text.impl.AElementImpl.xpathService" type="org.eclipse.actf.model.dom.odf.text.impl.AElementImpl"/>
            <reference linenumber="-1" member="xpathService" origin="org.eclipse.actf.model.dom.odf.text.impl.ListElementImpl.xpathService" type="org.eclipse.actf.model.dom.odf.text.impl.ListElementImpl"/>
        <reference linenumber="-1" member="xpathService" origin="org.eclipse.actf.model.dom.odf.util.accessibility.AccessibilityFixEngine.xpathService" type="org.eclipse.actf.model.dom.odf.util.accessibility.AccessibilityFixEngine"/>
        <reference linenumber="-1" member="xpathService" origin="org.eclipse.actf.model.dom.odf.util.converter.impl.HTMLConverter.xpathService" type="org.eclipse.actf.model.dom.odf.util.converter.impl.HTMLConverter"/>
        </reference_kind>
    </target>
</references>
