<?xml version="1.0" encoding="UTF-8" standalone="no"?>
<references name="Methods" origin="org.eclipse.birt.report.engine.emitter.prototype.excel (2.5.2.v20100201)" referee="org.eclipse.birt.core (2.5.2.v20100208)" reference_count="16" reference_visibility="1">
    <target member="getPattern" name="org.eclipse.birt.core.format.NumberFormatter.getPattern()" signature="()Ljava/lang/String;" type="org.eclipse.birt.core.format.NumberFormatter">
        <reference_kind flags="0" kind="256" reference_kind_name="VIRTUAL_METHOD">
            <reference linenumber="476" member="getPattern" origin="org.eclipse.birt.report.engine.emitter.excel.ExcelUtil.getPattern(Object, String)" signature="(Ljava/lang/Object;Ljava/lang/String;)Ljava/lang/String;" type="org.eclipse.birt.report.engine.emitter.excel.ExcelUtil"/>
        </reference_kind>
    </target>
    <target member="&lt;init&gt;" name="org.eclipse.birt.core.format.DateFormatter.DateFormatter(String, ULocale)" signature="(Ljava/lang/String;Lcom/ibm/icu/util/ULocale;)V" type="org.eclipse.birt.core.format.DateFormatter">
        <reference_kind flags="0" kind="64" reference_kind_name="CONSTRUCTOR_METHOD">
            <reference linenumber="785" member="parse" origin="org.eclipse.birt.report.engine.emitter.excel.ExcelUtil.parse(Object, String, ULocale)" signature="(Ljava/lang/Object;Ljava/lang/String;Lcom/ibm/icu/util/ULocale;)Ljava/lang/String;" type="org.eclipse.birt.report.engine.emitter.excel.ExcelUtil"/>
        </reference_kind>
    </target>
    <target member="applyPattern" name="org.eclipse.birt.core.format.DateFormatter.applyPattern(String)" signature="(Ljava/lang/String;)V" type="org.eclipse.birt.core.format.DateFormatter">
        <reference_kind flags="0" kind="256" reference_kind_name="VIRTUAL_METHOD">
            <reference linenumber="778" member="parse" origin="org.eclipse.birt.report.engine.emitter.excel.ExcelUtil.parse(Object, String, ULocale)" signature="(Ljava/lang/Object;Ljava/lang/String;Lcom/ibm/icu/util/ULocale;)Ljava/lang/String;" type="org.eclipse.birt.report.engine.emitter.excel.ExcelUtil"/>
            <reference linenumber="774" member="parse" origin="org.eclipse.birt.report.engine.emitter.excel.ExcelUtil.parse(Object, String, ULocale)" signature="(Ljava/lang/Object;Ljava/lang/String;Lcom/ibm/icu/util/ULocale;)Ljava/lang/String;" type="org.eclipse.birt.report.engine.emitter.excel.ExcelUtil"/>
            <reference linenumber="770" member="parse" origin="org.eclipse.birt.report.engine.emitter.excel.ExcelUtil.parse(Object, String, ULocale)" signature="(Ljava/lang/Object;Ljava/lang/String;Lcom/ibm/icu/util/ULocale;)Ljava/lang/String;" type="org.eclipse.birt.report.engine.emitter.excel.ExcelUtil"/>
        </reference_kind>
    </target>
    <target member="&lt;init&gt;" name="org.eclipse.birt.core.format.StringFormatter.StringFormatter(String)" signature="(Ljava/lang/String;)V" type="org.eclipse.birt.core.format.StringFormatter">
        <reference_kind flags="0" kind="64" reference_kind_name="CONSTRUCTOR_METHOD">
            <reference linenumber="480" member="getPattern" origin="org.eclipse.birt.report.engine.emitter.excel.ExcelUtil.getPattern(Object, String)" signature="(Ljava/lang/Object;Ljava/lang/String;)Ljava/lang/String;" type="org.eclipse.birt.report.engine.emitter.excel.ExcelUtil"/>
        </reference_kind>
    </target>
    <target member="getPattern" name="org.eclipse.birt.core.format.StringFormatter.getPattern()" signature="()Ljava/lang/String;" type="org.eclipse.birt.core.format.StringFormatter">
        <reference_kind flags="0" kind="256" reference_kind_name="VIRTUAL_METHOD">
            <reference linenumber="480" member="getPattern" origin="org.eclipse.birt.report.engine.emitter.excel.ExcelUtil.getPattern(Object, String)" signature="(Ljava/lang/Object;Ljava/lang/String;)Ljava/lang/String;" type="org.eclipse.birt.report.engine.emitter.excel.ExcelUtil"/>
        </reference_kind>
    </target>
    <target member="getLocalizedFormatCode" name="org.eclipse.birt.core.format.DateFormatter.getLocalizedFormatCode()" signature="()Ljava/lang/String;" type="org.eclipse.birt.core.format.DateFormatter">
        <reference_kind flags="0" kind="256" reference_kind_name="VIRTUAL_METHOD">
            <reference linenumber="780" member="parse" origin="org.eclipse.birt.report.engine.emitter.excel.ExcelUtil.parse(Object, String, ULocale)" signature="(Ljava/lang/Object;Ljava/lang/String;Lcom/ibm/icu/util/ULocale;)Ljava/lang/String;" type="org.eclipse.birt.report.engine.emitter.excel.ExcelUtil"/>
            <reference linenumber="786" member="parse" origin="org.eclipse.birt.report.engine.emitter.excel.ExcelUtil.parse(Object, String, ULocale)" signature="(Ljava/lang/Object;Ljava/lang/String;Lcom/ibm/icu/util/ULocale;)Ljava/lang/String;" type="org.eclipse.birt.report.engine.emitter.excel.ExcelUtil"/>
        </reference_kind>
    </target>
    <target member="&lt;init&gt;" name="org.eclipse.birt.core.format.NumberFormatter.NumberFormatter(String)" signature="(Ljava/lang/String;)V" type="org.eclipse.birt.core.format.NumberFormatter">
        <reference_kind flags="0" kind="64" reference_kind_name="CONSTRUCTOR_METHOD">
            <reference linenumber="476" member="getPattern" origin="org.eclipse.birt.report.engine.emitter.excel.ExcelUtil.getPattern(Object, String)" signature="(Ljava/lang/Object;Ljava/lang/String;)Ljava/lang/String;" type="org.eclipse.birt.report.engine.emitter.excel.ExcelUtil"/>
        </reference_kind>
    </target>
    <target member="&lt;init&gt;" name="org.eclipse.birt.core.format.DateFormatter.DateFormatter(ULocale)" signature="(Lcom/ibm/icu/util/ULocale;)V" type="org.eclipse.birt.core.format.DateFormatter">
        <reference_kind flags="0" kind="64" reference_kind_name="CONSTRUCTOR_METHOD">
            <reference linenumber="767" member="parse" origin="org.eclipse.birt.report.engine.emitter.excel.ExcelUtil.parse(Object, String, ULocale)" signature="(Ljava/lang/Object;Ljava/lang/String;Lcom/ibm/icu/util/ULocale;)Ljava/lang/String;" type="org.eclipse.birt.report.engine.emitter.excel.ExcelUtil"/>
        </reference_kind>
    </target>
<target member="getMessage" name="org.eclipse.birt.core.i18n.ResourceHandle.getMessage(String)" signature="(Ljava/lang/String;)Ljava/lang/String;" type="org.eclipse.birt.core.i18n.ResourceHandle">
        <reference_kind flags="0" kind="256" reference_kind_name="VIRTUAL_METHOD">
            <reference linenumber="117" member="&lt;init&gt;" origin="org.eclipse.birt.report.engine.emitter.excel.layout.ExcelLayoutEngine.ExcelLayoutEngine(ExcelContext, ExcelEmitter)" signature="(Lorg/eclipse/birt/report/engine/emitter/excel/layout/ExcelContext;Lorg/eclipse/birt/report/engine/emitter/excel/ExcelEmitter;)V" type="org.eclipse.birt.report.engine.emitter.excel.layout.ExcelLayoutEngine"/>
        </reference_kind>
    </target>
<target member="start" name="org.eclipse.birt.core.plugin.BIRTPlugin.start(BundleContext)" signature="(Lorg/osgi/framework/BundleContext;)V" type="org.eclipse.birt.core.plugin.BIRTPlugin">
        <reference_kind flags="0" kind="268435456" reference_kind_name="OVERRIDE">
            <reference linenumber="-1" member="start" origin="org.eclipse.birt.report.engine.emitter.excel.plugin.ExcelemitterPlugin.start(BundleContext)" signature="(Lorg/osgi/framework/BundleContext;)V" type="org.eclipse.birt.report.engine.emitter.excel.plugin.ExcelemitterPlugin"/>
        </reference_kind>
        <reference_kind flags="0" kind="1048576" reference_kind_name="INVOKED_SPECIAL">
            <reference linenumber="9" member="start" origin="org.eclipse.birt.report.engine.emitter.excel.plugin.ExcelemitterPlugin.start(BundleContext)" signature="(Lorg/osgi/framework/BundleContext;)V" type="org.eclipse.birt.report.engine.emitter.excel.plugin.ExcelemitterPlugin"/>
        </reference_kind>
    </target>
    <target member="&lt;init&gt;" name="org.eclipse.birt.core.plugin.BIRTPlugin.BIRTPlugin()" signature="()V" type="org.eclipse.birt.core.plugin.BIRTPlugin">
        <reference_kind flags="0" kind="268435456" reference_kind_name="OVERRIDE">
            <reference linenumber="-1" member="&lt;init&gt;" origin="org.eclipse.birt.report.engine.emitter.excel.plugin.ExcelemitterPlugin.ExcelemitterPlugin()" signature="()V" type="org.eclipse.birt.report.engine.emitter.excel.plugin.ExcelemitterPlugin"/>
        </reference_kind>
        <reference_kind flags="0" kind="536870912" reference_kind_name="SUPER_CONSTRUCTORMETHOD">
            <reference linenumber="4" member="&lt;init&gt;" origin="org.eclipse.birt.report.engine.emitter.excel.plugin.ExcelemitterPlugin.ExcelemitterPlugin()" signature="()V" type="org.eclipse.birt.report.engine.emitter.excel.plugin.ExcelemitterPlugin"/>
        </reference_kind>
    </target>
</references>
