<?xml version="1.0" encoding="UTF-8" standalone="no"?>
<references name="Types" origin="org.eclipse.birt.report.engine.emitter.prototype.excel (2.5.2.v20100201)" referee="org.eclipse.birt.core (2.5.2.v20100208)" reference_count="8" reference_visibility="1">
    <target name="org.eclipse.birt.core.format.DateFormatter" type="org.eclipse.birt.core.format.DateFormatter">
        <reference_kind flags="0" kind="134217728" reference_kind_name="INSTANTIATION">
            <reference linenumber="785" member="parse" origin="org.eclipse.birt.report.engine.emitter.excel.ExcelUtil.parse(Object, String, ULocale)" signature="(Ljava/lang/Object;Ljava/lang/String;Lcom/ibm/icu/util/ULocale;)Ljava/lang/String;" type="org.eclipse.birt.report.engine.emitter.excel.ExcelUtil"/>
            <reference linenumber="767" member="parse" origin="org.eclipse.birt.report.engine.emitter.excel.ExcelUtil.parse(Object, String, ULocale)" signature="(Ljava/lang/Object;Ljava/lang/String;Lcom/ibm/icu/util/ULocale;)Ljava/lang/String;" type="org.eclipse.birt.report.engine.emitter.excel.ExcelUtil"/>
        </reference_kind>
    </target>
    <target name="org.eclipse.birt.core.format.NumberFormatter" type="org.eclipse.birt.core.format.NumberFormatter">
        <reference_kind flags="0" kind="134217728" reference_kind_name="INSTANTIATION">
            <reference linenumber="476" member="getPattern" origin="org.eclipse.birt.report.engine.emitter.excel.ExcelUtil.getPattern(Object, String)" signature="(Ljava/lang/Object;Ljava/lang/String;)Ljava/lang/String;" type="org.eclipse.birt.report.engine.emitter.excel.ExcelUtil"/>
        </reference_kind>
    </target>
    <target name="org.eclipse.birt.core.format.StringFormatter" type="org.eclipse.birt.core.format.StringFormatter">
        <reference_kind flags="0" kind="134217728" reference_kind_name="INSTANTIATION">
            <reference linenumber="480" member="getPattern" origin="org.eclipse.birt.report.engine.emitter.excel.ExcelUtil.getPattern(Object, String)" signature="(Ljava/lang/Object;Ljava/lang/String;)Ljava/lang/String;" type="org.eclipse.birt.report.engine.emitter.excel.ExcelUtil"/>
        </reference_kind>
    </target>
    <target name="org.eclipse.birt.core.exception.BirtException" type="org.eclipse.birt.core.exception.BirtException">
        <reference_kind flags="0" kind="32" reference_kind_name="THROWS">
            <reference linenumber="-1" member="endPage" origin="org.eclipse.birt.report.engine.emitter.excel.ExcelEmitter.endPage(IPageContent)" signature="(Lorg/eclipse/birt/report/engine/content/IPageContent;)V" type="org.eclipse.birt.report.engine.emitter.excel.ExcelEmitter"/>
            <reference linenumber="-1" member="startPage" origin="org.eclipse.birt.report.engine.emitter.excel.ExcelEmitter.startPage(IPageContent)" signature="(Lorg/eclipse/birt/report/engine/content/IPageContent;)V" type="org.eclipse.birt.report.engine.emitter.excel.ExcelEmitter"/>
            <reference linenumber="-1" member="startForeign" origin="org.eclipse.birt.report.engine.emitter.excel.ExcelEmitter.startForeign(IForeignContent)" signature="(Lorg/eclipse/birt/report/engine/content/IForeignContent;)V" type="org.eclipse.birt.report.engine.emitter.excel.ExcelEmitter"/>
        </reference_kind>
    </target>
<target name="org.eclipse.birt.core.plugin.BIRTPlugin" type="org.eclipse.birt.core.plugin.BIRTPlugin">
        <reference_kind flags="0" kind="1" reference_kind_name="EXTENDS">
            <reference linenumber="-1" origin="org.eclipse.birt.report.engine.emitter.excel.plugin.ExcelemitterPlugin" type="org.eclipse.birt.report.engine.emitter.excel.plugin.ExcelemitterPlugin"/>
        </reference_kind>
    </target>
</references>
