<?xml version="1.0" encoding="UTF-8" standalone="no"?>
<references name="Methods" origin="org.eclipse.actf.visualization.lowvision (0.7.2.R201002031025)" referee="org.eclipse.actf.ui (0.7.2.R201002031025)" reference_count="7" reference_visibility="1">
    <target member="addTarget" name="org.eclipse.actf.ui.util.HighlightStringListener.addTarget(String, Color, int)" signature="(Ljava/lang/String;Lorg/eclipse/swt/graphics/Color;I)V" type="org.eclipse.actf.ui.util.HighlightStringListener">
        <reference_kind flags="0" kind="256" reference_kind_name="VIRTUAL_METHOD">
            <reference linenumber="-1" member="getHighLightStringListener" origin="org.eclipse.actf.visualization.lowvision.eval.SummaryEvaluationLV.getHighLightStringListener()" signature="()Lorg/eclipse/actf/ui/util/HighlightStringListener;" type="org.eclipse.actf.visualization.lowvision.eval.SummaryEvaluationLV"/>
        </reference_kind>
    </target>
    <target member="&lt;init&gt;" name="org.eclipse.actf.ui.util.HighlightStringListener.HighlightStringListener()" signature="()V" type="org.eclipse.actf.ui.util.HighlightStringListener">
        <reference_kind flags="0" kind="64" reference_kind_name="CONSTRUCTOR_METHOD">
            <reference linenumber="-1" member="getHighLightStringListener" origin="org.eclipse.actf.visualization.lowvision.eval.SummaryEvaluationLV.getHighLightStringListener()" signature="()Lorg/eclipse/actf/ui/util/HighlightStringListener;" type="org.eclipse.actf.visualization.lowvision.eval.SummaryEvaluationLV"/>
        </reference_kind>
    </target>
    <target member="open" name="org.eclipse.actf.ui.util.DialogSave.open(Shell, int, String, String)" signature="(Lorg/eclipse/swt/widgets/Shell;ILjava/lang/String;Ljava/lang/String;)Ljava/lang/String;" type="org.eclipse.actf.ui.util.DialogSave">
        <reference_kind flags="0" kind="128" reference_kind_name="INVOKED_STATIC">
            <reference linenumber="-1" member="doSave" origin="org.eclipse.actf.visualization.lowvision.eval.SaveReportLowVision.doSave(String, List, File, File)" signature="(Ljava/lang/String;Ljava/util/List;Ljava/io/File;Ljava/io/File;)V" type="org.eclipse.actf.visualization.lowvision.eval.SaveReportLowVision"/>
        </reference_kind>
    </target>
<target member="openPreferenceDialog" name="org.eclipse.actf.ui.util.PreferenceUtils.openPreferenceDialog(String)" signature="(Ljava/lang/String;)V" type="org.eclipse.actf.ui.util.PreferenceUtils">
        <reference_kind flags="0" kind="128" reference_kind_name="INVOKED_STATIC">
            <reference linenumber="-1" member="run" origin="org.eclipse.actf.visualization.lowvision.ui.actions.LowVisionSettingsAction.run()" signature="()V" type="org.eclipse.actf.visualization.lowvision.ui.actions.LowVisionSettingsAction"/>
        </reference_kind>
    </target>
<target member="getActivePage" name="org.eclipse.actf.ui.util.PlatformUIUtil.getActivePage()" signature="()Lorg/eclipse/ui/IWorkbenchPage;" type="org.eclipse.actf.ui.util.PlatformUIUtil">
        <reference_kind flags="0" kind="128" reference_kind_name="INVOKED_STATIC">
            <reference linenumber="-1" member="doSimulate" origin="org.eclipse.actf.visualization.lowvision.ui.internal.PartControlLowVision.doSimulate()" signature="()V" type="org.eclipse.actf.visualization.lowvision.ui.internal.PartControlLowVision"/>
        </reference_kind>
    </target>
    <target member="&lt;init&gt;" name="org.eclipse.actf.ui.util.timer.WaitExecSyncEventListener.WaitExecSyncEventListener(WaitExecSyncEventHandler)" signature="(Lorg/eclipse/actf/ui/util/timer/WaitExecSyncEventHandler;)V" type="org.eclipse.actf.ui.util.timer.WaitExecSyncEventListener">
        <reference_kind flags="0" kind="64" reference_kind_name="CONSTRUCTOR_METHOD">
            <reference linenumber="-1" member="doSimulate" origin="org.eclipse.actf.visualization.lowvision.ui.internal.PartControlLowVision.doSimulate()" signature="()V" type="org.eclipse.actf.visualization.lowvision.ui.internal.PartControlLowVision"/>
        </reference_kind>
    </target>
    <target member="showView" name="org.eclipse.actf.ui.util.PlatformUIUtil.showView(String)" signature="(Ljava/lang/String;)Lorg/eclipse/ui/IViewPart;" type="org.eclipse.actf.ui.util.PlatformUIUtil">
        <reference_kind flags="0" kind="128" reference_kind_name="INVOKED_STATIC">
            <reference linenumber="-1" member="run" origin="org.eclipse.actf.visualization.lowvision.ui.internal.PartControlLowVision.WaitExtractThread.1.run()" signature="()V" type="org.eclipse.actf.visualization.lowvision.ui.internal.PartControlLowVision$WaitExtractThread$1"/>
        </reference_kind>
    </target>
</references>
