<?xml version="1.0" encoding="UTF-8" standalone="no"?>
<references name="Types" origin="org.eclipse.actf.visualization.lowvision (0.7.2.R201002031025)" referee="org.eclipse.actf.ui (0.7.2.R201002031025)" reference_count="4" reference_visibility="1">
    <target name="org.eclipse.actf.ui.util.HighlightStringListener" type="org.eclipse.actf.ui.util.HighlightStringListener">
        <reference_kind flags="0" kind="134217728" reference_kind_name="INSTANTIATION">
            <reference linenumber="-1" member="getHighLightStringListener" origin="org.eclipse.actf.visualization.lowvision.eval.SummaryEvaluationLV.getHighLightStringListener()" signature="()Lorg/eclipse/actf/ui/util/HighlightStringListener;" type="org.eclipse.actf.visualization.lowvision.eval.SummaryEvaluationLV"/>
        </reference_kind>
        <reference_kind flags="0" kind="8" reference_kind_name="RETURN_TYPE">
            <reference linenumber="-1" member="getHighLightStringListener" origin="org.eclipse.actf.visualization.lowvision.eval.SummaryEvaluationLV.getHighLightStringListener()" signature="()Lorg/eclipse/actf/ui/util/HighlightStringListener;" type="org.eclipse.actf.visualization.lowvision.eval.SummaryEvaluationLV"/>
        </reference_kind>
    </target>
<target name="org.eclipse.actf.ui.util.timer.WaitExecSyncEventListener" type="org.eclipse.actf.ui.util.timer.WaitExecSyncEventListener">
        <reference_kind flags="0" kind="134217728" reference_kind_name="INSTANTIATION">
            <reference linenumber="-1" member="doSimulate" origin="org.eclipse.actf.visualization.lowvision.ui.internal.PartControlLowVision.doSimulate()" signature="()V" type="org.eclipse.actf.visualization.lowvision.ui.internal.PartControlLowVision"/>
        </reference_kind>
        <reference_kind flags="0" kind="4194304" reference_kind_name="DECLARED_PARAMETERIZED_FIELD">
            <reference linenumber="-1" member="eventhandlerHolder" origin="org.eclipse.actf.visualization.lowvision.ui.internal.PartControlLowVision.eventhandlerHolder" type="org.eclipse.actf.visualization.lowvision.ui.internal.PartControlLowVision"/>
        </reference_kind>
    </target>
</references>
