<?xml version="1.0" encoding="UTF-8" standalone="no"?>
<references name="Types" origin="org.eclipse.actf.visualization.engines.blind.html (0.7.2.R201002031025)" referee="org.eclipse.actf.visualization (0.7.2.R201002031025)" reference_count="9" reference_visibility="1">
    <target name="org.eclipse.actf.visualization.util.html2view.Html2ViewMapData" type="org.eclipse.actf.visualization.util.html2view.Html2ViewMapData">
        <reference_kind flags="0" kind="8388608" reference_kind_name="DECLARED_PARAMETERIZED_METHOD">
            <reference linenumber="-1" member="setHtml2viewMapV" origin="org.eclipse.actf.visualization.engines.blind.html.VisualizeEngine.setHtml2viewMapV(Vector)" signature="(Ljava/util/Vector;)V" type="org.eclipse.actf.visualization.engines.blind.html.VisualizeEngine"/>
        <reference linenumber="-1" member="&lt;init&gt;" origin="org.eclipse.actf.visualization.engines.blind.html.util.Id2LineViaActfId.Id2LineViaActfId(Map, Vector)" signature="(Ljava/util/Map;Ljava/util/Vector;)V" type="org.eclipse.actf.visualization.engines.blind.html.util.Id2LineViaActfId"/>
            <reference linenumber="-1" member="&lt;init&gt;" origin="org.eclipse.actf.visualization.engines.blind.html.util.Id2LineViaActfId.Id2LineViaActfId(Map, Vector, boolean)" signature="(Ljava/util/Map;Ljava/util/Vector;Z)V" type="org.eclipse.actf.visualization.engines.blind.html.util.Id2LineViaActfId"/>
        </reference_kind>
        <reference_kind flags="0" kind="4194304" reference_kind_name="DECLARED_PARAMETERIZED_FIELD">
            <reference linenumber="-1" member="html2viewMapV" origin="org.eclipse.actf.visualization.engines.blind.html.VisualizeEngine.html2viewMapV" type="org.eclipse.actf.visualization.engines.blind.html.VisualizeEngine"/>
        <reference linenumber="-1" member="html2ViewMapDataV" origin="org.eclipse.actf.visualization.engines.blind.html.util.Id2LineViaActfId.html2ViewMapDataV" type="org.eclipse.actf.visualization.engines.blind.html.util.Id2LineViaActfId"/>
        </reference_kind>
    <reference_kind flags="0" kind="8" reference_kind_name="RETURN_TYPE">
            <reference linenumber="-1" member="getViewMapData" origin="org.eclipse.actf.visualization.engines.blind.html.util.Id2LineViaActfId.getViewMapData(int)" signature="(I)Lorg/eclipse/actf/visualization/util/html2view/Html2ViewMapData;" type="org.eclipse.actf.visualization.engines.blind.html.util.Id2LineViaActfId"/>
            <reference linenumber="-1" member="getViewMapData" origin="org.eclipse.actf.visualization.engines.blind.html.util.Id2LineViaActfId.getViewMapData(Integer)" signature="(Ljava/lang/Integer;)Lorg/eclipse/actf/visualization/util/html2view/Html2ViewMapData;" type="org.eclipse.actf.visualization.engines.blind.html.util.Id2LineViaActfId"/>
        </reference_kind>
        <reference_kind flags="0" kind="262144" reference_kind_name="CASTS">
            <reference linenumber="-1" member="getLine" origin="org.eclipse.actf.visualization.engines.blind.html.util.Id2LineViaActfId.getLine(int)" signature="(I)I" type="org.eclipse.actf.visualization.engines.blind.html.util.Id2LineViaActfId"/>
            <reference linenumber="-1" member="getViewMapData" origin="org.eclipse.actf.visualization.engines.blind.html.util.Id2LineViaActfId.getViewMapData(Integer)" signature="(Ljava/lang/Integer;)Lorg/eclipse/actf/visualization/util/html2view/Html2ViewMapData;" type="org.eclipse.actf.visualization.engines.blind.html.util.Id2LineViaActfId"/>
        </reference_kind>
    </target>
</references>
