<?xml version="1.0" encoding="UTF-8" standalone="no"?>
<references name="Types" origin="org.eclipse.actf.visualization.ui.pdt (0.7.2.R201002031025)" referee="org.eclipse.actf.model.ui (0.7.2.R201002031025)" reference_count="4" reference_visibility="1">
    <target name="org.eclipse.actf.model.ui.editor.browser.WaitForBrowserReadyHandler" type="org.eclipse.actf.model.ui.editor.browser.WaitForBrowserReadyHandler">
        <reference_kind flags="0" kind="134217728" reference_kind_name="INSTANTIATION">
            <reference linenumber="-1" member="waitAndVisualize" origin="org.eclipse.actf.visualization.internal.ui.pdt.AbstructVisualizationActionForPdt.waitAndVisualize()" signature="()V" type="org.eclipse.actf.visualization.internal.ui.pdt.AbstructVisualizationActionForPdt"/>
        </reference_kind>
    </target>
    <target name="org.eclipse.actf.model.ui.IModelServiceHolder" type="org.eclipse.actf.model.ui.IModelServiceHolder">
        <reference_kind flags="0" kind="4" reference_kind_name="DECLARED_FIELD">
            <reference linenumber="-1" member="browserHolder" origin="org.eclipse.actf.visualization.internal.ui.pdt.AbstructVisualizationActionForPdt.browserHolder" type="org.eclipse.actf.visualization.internal.ui.pdt.AbstructVisualizationActionForPdt"/>
        </reference_kind>
    </target>
    <target name="org.eclipse.actf.model.ui.editor.browser.IWebBrowserACTF" type="org.eclipse.actf.model.ui.editor.browser.IWebBrowserACTF">
        <reference_kind flags="0" kind="4" reference_kind_name="DECLARED_FIELD">
            <reference linenumber="-1" member="browser" origin="org.eclipse.actf.visualization.internal.ui.pdt.AbstructVisualizationActionForPdt.browser" type="org.eclipse.actf.visualization.internal.ui.pdt.AbstructVisualizationActionForPdt"/>
        </reference_kind>
        <reference_kind flags="0" kind="262144" reference_kind_name="CASTS">
            <reference linenumber="-1" member="run" origin="org.eclipse.actf.visualization.internal.ui.pdt.AbstructVisualizationActionForPdt.run(IAction)" signature="(Lorg/eclipse/jface/action/IAction;)V" type="org.eclipse.actf.visualization.internal.ui.pdt.AbstructVisualizationActionForPdt"/>
        </reference_kind>
    </target>
</references>
