<?xml version="1.0" encoding="UTF-8" standalone="no"?>
<references name="Fields" origin="org.eclipse.actf.visualization.flash (0.7.2.R201002031025)" referee="org.eclipse.actf.visualization.gui (0.7.2.R201002031025)" reference_count="12" reference_visibility="5">
    <target member="msaa_expand" name="org.eclipse.actf.visualization.gui.internal.util.Messages.msaa_expand" type="org.eclipse.actf.visualization.gui.internal.util.Messages">
        <reference_kind flags="0" kind="2048" reference_kind_name="GETS_STATIC_FIELD">
            <reference linenumber="-1" member="makeActions" origin="org.eclipse.actf.visualization.flash.ui.views.FlashDOMView.makeActions()" signature="()V" type="org.eclipse.actf.visualization.flash.ui.views.FlashDOMView"/>
        <reference linenumber="-1" member="makeActions" origin="org.eclipse.actf.visualization.flash.ui.views.FlashDOMView.makeActions()" signature="()V" type="org.eclipse.actf.visualization.flash.ui.views.FlashDOMView"/>
        </reference_kind>
    </target>
    <target member="msaa_expand_all" name="org.eclipse.actf.visualization.gui.internal.util.Messages.msaa_expand_all" type="org.eclipse.actf.visualization.gui.internal.util.Messages">
        <reference_kind flags="0" kind="2048" reference_kind_name="GETS_STATIC_FIELD">
            <reference linenumber="-1" member="makeActions" origin="org.eclipse.actf.visualization.flash.ui.views.FlashDOMView.makeActions()" signature="()V" type="org.eclipse.actf.visualization.flash.ui.views.FlashDOMView"/>
        <reference linenumber="-1" member="makeActions" origin="org.eclipse.actf.visualization.flash.ui.views.FlashDOMView.makeActions()" signature="()V" type="org.eclipse.actf.visualization.flash.ui.views.FlashDOMView"/>
        </reference_kind>
    </target>
    <target member="msaa_NAMELESS" name="org.eclipse.actf.visualization.gui.internal.util.Messages.msaa_NAMELESS" type="org.eclipse.actf.visualization.gui.internal.util.Messages">
        <reference_kind flags="0" kind="2048" reference_kind_name="GETS_STATIC_FIELD">
            <reference linenumber="-1" member="getNodeText" origin="org.eclipse.actf.visualization.flash.ui.views.FlashDOMView.getNodeText(Object)" signature="(Ljava/lang/Object;)Ljava/lang/String;" type="org.eclipse.actf.visualization.flash.ui.views.FlashDOMView"/>
        <reference linenumber="-1" member="getNodeText" origin="org.eclipse.actf.visualization.flash.ui.views.FlashDOMView.getNodeText(Object)" signature="(Ljava/lang/Object;)Ljava/lang/String;" type="org.eclipse.actf.visualization.flash.ui.views.FlashDOMView"/>
        </reference_kind>
    </target>
    <target member="msaa_collapse_all" name="org.eclipse.actf.visualization.gui.internal.util.Messages.msaa_collapse_all" type="org.eclipse.actf.visualization.gui.internal.util.Messages">
        <reference_kind flags="0" kind="2048" reference_kind_name="GETS_STATIC_FIELD">
            <reference linenumber="-1" member="makeActions" origin="org.eclipse.actf.visualization.flash.ui.views.FlashDOMView.makeActions()" signature="()V" type="org.eclipse.actf.visualization.flash.ui.views.FlashDOMView"/>
        <reference linenumber="-1" member="makeActions" origin="org.eclipse.actf.visualization.flash.ui.views.FlashDOMView.makeActions()" signature="()V" type="org.eclipse.actf.visualization.flash.ui.views.FlashDOMView"/>
        </reference_kind>
    </target>
    <target member="IMAGE_COLLAPSE_ALL" name="org.eclipse.actf.visualization.gui.internal.util.GuiImages.IMAGE_COLLAPSE_ALL" type="org.eclipse.actf.visualization.gui.internal.util.GuiImages">
        <reference_kind flags="0" kind="2048" reference_kind_name="GETS_STATIC_FIELD">
            <reference linenumber="-1" member="makeActions" origin="org.eclipse.actf.visualization.flash.ui.views.FlashDOMView.makeActions()" signature="()V" type="org.eclipse.actf.visualization.flash.ui.views.FlashDOMView"/>
        <reference linenumber="-1" member="makeActions" origin="org.eclipse.actf.visualization.flash.ui.views.FlashDOMView.makeActions()" signature="()V" type="org.eclipse.actf.visualization.flash.ui.views.FlashDOMView"/>
        </reference_kind>
    </target>
    <target member="IMAGE_EXPAND_ALL" name="org.eclipse.actf.visualization.gui.internal.util.GuiImages.IMAGE_EXPAND_ALL" type="org.eclipse.actf.visualization.gui.internal.util.GuiImages">
        <reference_kind flags="0" kind="2048" reference_kind_name="GETS_STATIC_FIELD">
            <reference linenumber="-1" member="makeActions" origin="org.eclipse.actf.visualization.flash.ui.views.FlashDOMView.makeActions()" signature="()V" type="org.eclipse.actf.visualization.flash.ui.views.FlashDOMView"/>
        <reference linenumber="-1" member="makeActions" origin="org.eclipse.actf.visualization.flash.ui.views.FlashDOMView.makeActions()" signature="()V" type="org.eclipse.actf.visualization.flash.ui.views.FlashDOMView"/>
        </reference_kind>
    </target>
</references>
