<?xml version="1.0" encoding="UTF-8" standalone="no"?>
<references name="Methods" origin="org.eclipse.birt.chart.device.svg (2.5.2.v20100204)" referee="org.eclipse.birt.chart.device.extension (2.5.2.v20100204)" reference_count="73" reference_visibility="1">
    <target member="drawImage" name="org.eclipse.birt.chart.device.swing.SwingRendererImpl.drawImage(ImageRenderEvent)" signature="(Lorg/eclipse/birt/chart/event/ImageRenderEvent;)V" type="org.eclipse.birt.chart.device.swing.SwingRendererImpl">
        <reference_kind flags="0" kind="1048576" reference_kind_name="INVOKED_SPECIAL">
            <reference linenumber="644" member="drawImage" origin="org.eclipse.birt.chart.device.svg.SVGRendererImpl.drawImage(ImageRenderEvent)" signature="(Lorg/eclipse/birt/chart/event/ImageRenderEvent;)V" type="org.eclipse.birt.chart.device.svg.SVGRendererImpl"/>
        </reference_kind>
        <reference_kind flags="0" kind="268435456" reference_kind_name="OVERRIDE">
            <reference linenumber="-1" member="drawImage" origin="org.eclipse.birt.chart.device.svg.SVGRendererImpl.drawImage(ImageRenderEvent)" signature="(Lorg/eclipse/birt/chart/event/ImageRenderEvent;)V" type="org.eclipse.birt.chart.device.svg.SVGRendererImpl"/>
        </reference_kind>
    </target>
    <target member="getScriptValueJS" name="org.eclipse.birt.chart.device.image.MultiActionValuesScriptGenerator.getScriptValueJS(StringBuilder, int, ScriptValue)" signature="(Ljava/lang/StringBuilder;ILorg/eclipse/birt/chart/model/attribute/ScriptValue;)Ljava/lang/StringBuilder;" type="org.eclipse.birt.chart.device.image.MultiActionValuesScriptGenerator">
        <reference_kind flags="0" kind="128" reference_kind_name="INVOKED_STATIC">
            <reference linenumber="934" member="getMultiActionsCallbackContent" origin="org.eclipse.birt.chart.device.svg.SVGInteractiveRenderer.getMultiActionsCallbackContent(MultipleActions)" signature="(Lorg/eclipse/birt/chart/model/data/MultipleActions;)Ljava/lang/String;" type="org.eclipse.birt.chart.device.svg.SVGInteractiveRenderer"/>
        </reference_kind>
    </target>
    <target member="getCachedStroke" name="org.eclipse.birt.chart.device.swing.SwingRendererImpl.getCachedStroke(LineAttributes)" signature="(Lorg/eclipse/birt/chart/model/attribute/LineAttributes;)Ljava/awt/Stroke;" type="org.eclipse.birt.chart.device.swing.SwingRendererImpl">
        <reference_kind flags="0" kind="256" reference_kind_name="VIRTUAL_METHOD">
            <reference linenumber="72" member="renderOutline" origin="org.eclipse.birt.chart.device.svg.SVGTextRenderer.renderOutline(IPrimitiveRenderer, LineAttributes, Rectangle2DDouble)" signature="(Lorg/eclipse/birt/chart/device/IPrimitiveRenderer;Lorg/eclipse/birt/chart/model/attribute/LineAttributes;Ljava/awt/geom/Rectangle2D$Double;)V" type="org.eclipse.birt.chart.device.svg.SVGTextRenderer"/>
        </reference_kind>
    </target>
    <target member="createImage" name="org.eclipse.birt.chart.device.swing.SwingRendererImpl.createImage(byte[])" signature="([B)Ljava/awt/Image;" type="org.eclipse.birt.chart.device.swing.SwingRendererImpl">
        <reference_kind flags="0" kind="268435456" reference_kind_name="OVERRIDE">
            <reference linenumber="-1" member="createImage" origin="org.eclipse.birt.chart.device.svg.SVGRendererImpl.createImage(byte[])" signature="([B)Ljava/awt/Image;" type="org.eclipse.birt.chart.device.svg.SVGRendererImpl"/>
        </reference_kind>
        <reference_kind flags="0" kind="1048576" reference_kind_name="INVOKED_SPECIAL">
            <reference linenumber="650" member="createImage" origin="org.eclipse.birt.chart.device.svg.SVGRendererImpl.createImage(byte[])" signature="([B)Ljava/awt/Image;" type="org.eclipse.birt.chart.device.svg.SVGRendererImpl"/>
        </reference_kind>
    </target>
    <target member="fillOval" name="org.eclipse.birt.chart.device.swing.SwingRendererImpl.fillOval(OvalRenderEvent)" signature="(Lorg/eclipse/birt/chart/event/OvalRenderEvent;)V" type="org.eclipse.birt.chart.device.swing.SwingRendererImpl">
        <reference_kind flags="0" kind="1048576" reference_kind_name="INVOKED_SPECIAL">
            <reference linenumber="698" member="fillOval" origin="org.eclipse.birt.chart.device.svg.SVGRendererImpl.fillOval(OvalRenderEvent)" signature="(Lorg/eclipse/birt/chart/event/OvalRenderEvent;)V" type="org.eclipse.birt.chart.device.svg.SVGRendererImpl"/>
        </reference_kind>
        <reference_kind flags="0" kind="268435456" reference_kind_name="OVERRIDE">
            <reference linenumber="-1" member="fillOval" origin="org.eclipse.birt.chart.device.svg.SVGRendererImpl.fillOval(OvalRenderEvent)" signature="(Lorg/eclipse/birt/chart/event/OvalRenderEvent;)V" type="org.eclipse.birt.chart.device.svg.SVGRendererImpl"/>
        </reference_kind>
    </target>
    <target member="drawPolygon" name="org.eclipse.birt.chart.device.swing.SwingRendererImpl.drawPolygon(PolygonRenderEvent)" signature="(Lorg/eclipse/birt/chart/event/PolygonRenderEvent;)V" type="org.eclipse.birt.chart.device.swing.SwingRendererImpl">
        <reference_kind flags="0" kind="1048576" reference_kind_name="INVOKED_SPECIAL">
            <reference linenumber="670" member="drawPolygon" origin="org.eclipse.birt.chart.device.svg.SVGRendererImpl.drawPolygon(PolygonRenderEvent)" signature="(Lorg/eclipse/birt/chart/event/PolygonRenderEvent;)V" type="org.eclipse.birt.chart.device.svg.SVGRendererImpl"/>
        </reference_kind>
        <reference_kind flags="0" kind="268435456" reference_kind_name="OVERRIDE">
            <reference linenumber="-1" member="drawPolygon" origin="org.eclipse.birt.chart.device.svg.SVGRendererImpl.drawPolygon(PolygonRenderEvent)" signature="(Lorg/eclipse/birt/chart/event/PolygonRenderEvent;)V" type="org.eclipse.birt.chart.device.svg.SVGRendererImpl"/>
        </reference_kind>
    </target>
    <target member="init" name="org.eclipse.birt.chart.device.swing.SwingRendererImpl.init()" signature="()V" type="org.eclipse.birt.chart.device.swing.SwingRendererImpl">
        <reference_kind flags="0" kind="268435456" reference_kind_name="OVERRIDE">
            <reference linenumber="-1" member="init" origin="org.eclipse.birt.chart.device.svg.SVGRendererImpl.init()" signature="()V" type="org.eclipse.birt.chart.device.svg.SVGRendererImpl"/>
        </reference_kind>
    </target>
    <target member="containsRedirection" name="org.eclipse.birt.chart.device.image.MultiActionValuesScriptGenerator.containsRedirection(Action)" signature="(Lorg/eclipse/birt/chart/model/data/Action;)Z" type="org.eclipse.birt.chart.device.image.MultiActionValuesScriptGenerator">
        <reference_kind flags="0" kind="128" reference_kind_name="INVOKED_STATIC">
            <reference linenumber="524" member="addEventHandling" origin="org.eclipse.birt.chart.device.svg.SVGInteractiveRenderer.addEventHandling(Element, StructureSource, Trigger[], Cursor)" signature="(Lorg/w3c/dom/Element;Lorg/eclipse/birt/chart/event/StructureSource;[Lorg/eclipse/birt/chart/model/data/Trigger;Lorg/eclipse/birt/chart/model/attribute/Cursor;)V" type="org.eclipse.birt.chart.device.svg.SVGInteractiveRenderer"/>
        </reference_kind>
    </target>
    <target member="drawOval" name="org.eclipse.birt.chart.device.swing.SwingRendererImpl.drawOval(OvalRenderEvent)" signature="(Lorg/eclipse/birt/chart/event/OvalRenderEvent;)V" type="org.eclipse.birt.chart.device.swing.SwingRendererImpl">
        <reference_kind flags="0" kind="1048576" reference_kind_name="INVOKED_SPECIAL">
            <reference linenumber="663" member="drawOval" origin="org.eclipse.birt.chart.device.svg.SVGRendererImpl.drawOval(OvalRenderEvent)" signature="(Lorg/eclipse/birt/chart/event/OvalRenderEvent;)V" type="org.eclipse.birt.chart.device.svg.SVGRendererImpl"/>
        </reference_kind>
        <reference_kind flags="0" kind="268435456" reference_kind_name="OVERRIDE">
            <reference linenumber="-1" member="drawOval" origin="org.eclipse.birt.chart.device.svg.SVGRendererImpl.drawOval(OvalRenderEvent)" signature="(Lorg/eclipse/birt/chart/event/OvalRenderEvent;)V" type="org.eclipse.birt.chart.device.svg.SVGRendererImpl"/>
        </reference_kind>
    </target>
    <target member="getVisualJS" name="org.eclipse.birt.chart.device.image.MultiActionValuesScriptGenerator.getVisualJS(StringBuilder, int, ActionValue, String)" signature="(Ljava/lang/StringBuilder;ILorg/eclipse/birt/chart/model/attribute/ActionValue;Ljava/lang/String;)Ljava/lang/StringBuilder;" type="org.eclipse.birt.chart.device.image.MultiActionValuesScriptGenerator">
        <reference_kind flags="0" kind="128" reference_kind_name="INVOKED_STATIC">
            <reference linenumber="943" member="getMultiActionsCallbackContent" origin="org.eclipse.birt.chart.device.svg.SVGInteractiveRenderer.getMultiActionsCallbackContent(MultipleActions)" signature="(Lorg/eclipse/birt/chart/model/data/MultipleActions;)Ljava/lang/String;" type="org.eclipse.birt.chart.device.svg.SVGInteractiveRenderer"/>
            <reference linenumber="937" member="getMultiActionsCallbackContent" origin="org.eclipse.birt.chart.device.svg.SVGInteractiveRenderer.getMultiActionsCallbackContent(MultipleActions)" signature="(Lorg/eclipse/birt/chart/model/data/MultipleActions;)Ljava/lang/String;" type="org.eclipse.birt.chart.device.svg.SVGInteractiveRenderer"/>
            <reference linenumber="940" member="getMultiActionsCallbackContent" origin="org.eclipse.birt.chart.device.svg.SVGInteractiveRenderer.getMultiActionsCallbackContent(MultipleActions)" signature="(Lorg/eclipse/birt/chart/model/data/MultipleActions;)Ljava/lang/String;" type="org.eclipse.birt.chart.device.svg.SVGInteractiveRenderer"/>
        </reference_kind>
    </target>
    <target member="drawLine" name="org.eclipse.birt.chart.device.swing.SwingRendererImpl.drawLine(LineRenderEvent)" signature="(Lorg/eclipse/birt/chart/event/LineRenderEvent;)V" type="org.eclipse.birt.chart.device.swing.SwingRendererImpl">
        <reference_kind flags="0" kind="268435456" reference_kind_name="OVERRIDE">
            <reference linenumber="-1" member="drawLine" origin="org.eclipse.birt.chart.device.svg.SVGRendererImpl.drawLine(LineRenderEvent)" signature="(Lorg/eclipse/birt/chart/event/LineRenderEvent;)V" type="org.eclipse.birt.chart.device.svg.SVGRendererImpl"/>
        </reference_kind>
        <reference_kind flags="0" kind="1048576" reference_kind_name="INVOKED_SPECIAL">
            <reference linenumber="656" member="drawLine" origin="org.eclipse.birt.chart.device.svg.SVGRendererImpl.drawLine(LineRenderEvent)" signature="(Lorg/eclipse/birt/chart/event/LineRenderEvent;)V" type="org.eclipse.birt.chart.device.svg.SVGRendererImpl"/>
        </reference_kind>
    </target>
    <target member="convertFont" name="org.eclipse.birt.chart.device.swing.SwingRendererImpl.convertFont(String)" signature="(Ljava/lang/String;)Ljava/lang/String;" type="org.eclipse.birt.chart.device.swing.SwingRendererImpl">
        <reference_kind flags="0" kind="268435456" reference_kind_name="OVERRIDE">
            <reference linenumber="-1" member="convertFont" origin="org.eclipse.birt.chart.device.svg.SVGRendererImpl.convertFont(String)" signature="(Ljava/lang/String;)Ljava/lang/String;" type="org.eclipse.birt.chart.device.svg.SVGRendererImpl"/>
        </reference_kind>
    </target>
    <target member="&lt;init&gt;" name="org.eclipse.birt.chart.device.swing.SwingDisplayServer.SwingDisplayServer()" signature="()V" type="org.eclipse.birt.chart.device.swing.SwingDisplayServer">
        <reference_kind flags="0" kind="268435456" reference_kind_name="OVERRIDE">
            <reference linenumber="-1" member="&lt;init&gt;" origin="org.eclipse.birt.chart.device.svg.SVGDisplayServer.SVGDisplayServer()" signature="()V" type="org.eclipse.birt.chart.device.svg.SVGDisplayServer"/>
        </reference_kind>
        <reference_kind flags="0" kind="536870912" reference_kind_name="SUPER_CONSTRUCTORMETHOD">
            <reference linenumber="26" member="&lt;init&gt;" origin="org.eclipse.birt.chart.device.svg.SVGDisplayServer.SVGDisplayServer()" signature="()V" type="org.eclipse.birt.chart.device.svg.SVGDisplayServer"/>
        </reference_kind>
    </target>
    <target member="&lt;init&gt;" name="org.eclipse.birt.chart.device.util.ChartTextMetrics.ChartTextMetrics(IDisplayServer, Label, boolean)" signature="(Lorg/eclipse/birt/chart/device/IDisplayServer;Lorg/eclipse/birt/chart/model/component/Label;Z)V" type="org.eclipse.birt.chart.device.util.ChartTextMetrics">
        <reference_kind flags="0" kind="64" reference_kind_name="CONSTRUCTOR_METHOD">
            <reference linenumber="43" member="getTextMetrics" origin="org.eclipse.birt.chart.device.svg.SVGDisplayServer.getTextMetrics(Label, boolean)" signature="(Lorg/eclipse/birt/chart/model/component/Label;Z)Lorg/eclipse/birt/chart/device/ITextMetrics;" type="org.eclipse.birt.chart.device.svg.SVGDisplayServer"/>
        </reference_kind>
    </target>
    <target member="drawArea" name="org.eclipse.birt.chart.device.swing.SwingRendererImpl.drawArea(AreaRenderEvent)" signature="(Lorg/eclipse/birt/chart/event/AreaRenderEvent;)V" type="org.eclipse.birt.chart.device.swing.SwingRendererImpl">
        <reference_kind flags="0" kind="1048576" reference_kind_name="INVOKED_SPECIAL">
            <reference linenumber="637" member="drawArea" origin="org.eclipse.birt.chart.device.svg.SVGRendererImpl.drawArea(AreaRenderEvent)" signature="(Lorg/eclipse/birt/chart/event/AreaRenderEvent;)V" type="org.eclipse.birt.chart.device.svg.SVGRendererImpl"/>
        </reference_kind>
        <reference_kind flags="0" kind="268435456" reference_kind_name="OVERRIDE">
            <reference linenumber="-1" member="drawArea" origin="org.eclipse.birt.chart.device.svg.SVGRendererImpl.drawArea(AreaRenderEvent)" signature="(Lorg/eclipse/birt/chart/event/AreaRenderEvent;)V" type="org.eclipse.birt.chart.device.svg.SVGRendererImpl"/>
        </reference_kind>
    </target>
    <target member="getString" name="org.eclipse.birt.chart.device.extension.i18n.Messages.getString(String, ULocale)" signature="(Ljava/lang/String;Lcom/ibm/icu/util/ULocale;)Ljava/lang/String;" type="org.eclipse.birt.chart.device.extension.i18n.Messages">
        <reference_kind flags="0" kind="128" reference_kind_name="INVOKED_STATIC">
            <reference linenumber="465" member="enableInteraction" origin="org.eclipse.birt.chart.device.svg.SVGRendererImpl.enableInteraction(InteractionEvent)" signature="(Lorg/eclipse/birt/chart/event/InteractionEvent;)V" type="org.eclipse.birt.chart.device.svg.SVGRendererImpl"/>
        </reference_kind>
    </target>
    <target member="after" name="org.eclipse.birt.chart.device.swing.SwingRendererImpl.after()" signature="()V" type="org.eclipse.birt.chart.device.swing.SwingRendererImpl">
        <reference_kind flags="0" kind="268435456" reference_kind_name="OVERRIDE">
            <reference linenumber="-1" member="after" origin="org.eclipse.birt.chart.device.svg.SVGRendererImpl.after()" signature="()V" type="org.eclipse.birt.chart.device.svg.SVGRendererImpl"/>
        </reference_kind>
        <reference_kind flags="0" kind="1048576" reference_kind_name="INVOKED_SPECIAL">
            <reference linenumber="229" member="after" origin="org.eclipse.birt.chart.device.svg.SVGRendererImpl.after()" signature="()V" type="org.eclipse.birt.chart.device.svg.SVGRendererImpl"/>
        </reference_kind>
    </target>
    <target member="getStylingHyphenFormat" name="org.eclipse.birt.chart.device.util.CSSHelper.getStylingHyphenFormat(String)" signature="(Ljava/lang/String;)Ljava/lang/String;" type="org.eclipse.birt.chart.device.util.CSSHelper">
        <reference_kind flags="0" kind="128" reference_kind_name="INVOKED_STATIC">
            <reference linenumber="895" member="getPropertiesJS" origin="org.eclipse.birt.chart.device.svg.SVGInteractiveRenderer.getPropertiesJS(EMap)" signature="(Lorg/eclipse/emf/common/util/EMap;)Ljava/lang/StringBuilder;" type="org.eclipse.birt.chart.device.svg.SVGInteractiveRenderer"/>
            <reference linenumber="891" member="getPropertiesJS" origin="org.eclipse.birt.chart.device.svg.SVGInteractiveRenderer.getPropertiesJS(EMap)" signature="(Lorg/eclipse/emf/common/util/EMap;)Ljava/lang/StringBuilder;" type="org.eclipse.birt.chart.device.svg.SVGInteractiveRenderer"/>
            <reference linenumber="903" member="getPropertiesJS" origin="org.eclipse.birt.chart.device.svg.SVGInteractiveRenderer.getPropertiesJS(EMap)" signature="(Lorg/eclipse/emf/common/util/EMap;)Ljava/lang/StringBuilder;" type="org.eclipse.birt.chart.device.svg.SVGInteractiveRenderer"/>
            <reference linenumber="899" member="getPropertiesJS" origin="org.eclipse.birt.chart.device.svg.SVGInteractiveRenderer.getPropertiesJS(EMap)" signature="(Lorg/eclipse/emf/common/util/EMap;)Ljava/lang/StringBuilder;" type="org.eclipse.birt.chart.device.svg.SVGInteractiveRenderer"/>
        </reference_kind>
    </target>
    <target member="fillPolygon" name="org.eclipse.birt.chart.device.swing.SwingRendererImpl.fillPolygon(PolygonRenderEvent)" signature="(Lorg/eclipse/birt/chart/event/PolygonRenderEvent;)V" type="org.eclipse.birt.chart.device.swing.SwingRendererImpl">
        <reference_kind flags="0" kind="1048576" reference_kind_name="INVOKED_SPECIAL">
            <reference linenumber="705" member="fillPolygon" origin="org.eclipse.birt.chart.device.svg.SVGRendererImpl.fillPolygon(PolygonRenderEvent)" signature="(Lorg/eclipse/birt/chart/event/PolygonRenderEvent;)V" type="org.eclipse.birt.chart.device.svg.SVGRendererImpl"/>
        </reference_kind>
        <reference_kind flags="0" kind="268435456" reference_kind_name="OVERRIDE">
            <reference linenumber="-1" member="fillPolygon" origin="org.eclipse.birt.chart.device.svg.SVGRendererImpl.fillPolygon(PolygonRenderEvent)" signature="(Lorg/eclipse/birt/chart/event/PolygonRenderEvent;)V" type="org.eclipse.birt.chart.device.svg.SVGRendererImpl"/>
        </reference_kind>
    </target>
    <target member="drawText" name="org.eclipse.birt.chart.device.swing.SwingRendererImpl.drawText(TextRenderEvent)" signature="(Lorg/eclipse/birt/chart/event/TextRenderEvent;)V" type="org.eclipse.birt.chart.device.swing.SwingRendererImpl">
        <reference_kind flags="0" kind="268435456" reference_kind_name="OVERRIDE">
            <reference linenumber="-1" member="drawText" origin="org.eclipse.birt.chart.device.svg.SVGRendererImpl.drawText(TextRenderEvent)" signature="(Lorg/eclipse/birt/chart/event/TextRenderEvent;)V" type="org.eclipse.birt.chart.device.svg.SVGRendererImpl"/>
        </reference_kind>
    </target>
    <target member="drawRectangle" name="org.eclipse.birt.chart.device.swing.SwingRendererImpl.drawRectangle(RectangleRenderEvent)" signature="(Lorg/eclipse/birt/chart/event/RectangleRenderEvent;)V" type="org.eclipse.birt.chart.device.swing.SwingRendererImpl">
        <reference_kind flags="0" kind="1048576" reference_kind_name="INVOKED_SPECIAL">
            <reference linenumber="677" member="drawRectangle" origin="org.eclipse.birt.chart.device.svg.SVGRendererImpl.drawRectangle(RectangleRenderEvent)" signature="(Lorg/eclipse/birt/chart/event/RectangleRenderEvent;)V" type="org.eclipse.birt.chart.device.svg.SVGRendererImpl"/>
        </reference_kind>
        <reference_kind flags="0" kind="268435456" reference_kind_name="OVERRIDE">
            <reference linenumber="-1" member="drawRectangle" origin="org.eclipse.birt.chart.device.svg.SVGRendererImpl.drawRectangle(RectangleRenderEvent)" signature="(Lorg/eclipse/birt/chart/event/RectangleRenderEvent;)V" type="org.eclipse.birt.chart.device.svg.SVGRendererImpl"/>
        </reference_kind>
    </target>
    <target member="loadImage" name="org.eclipse.birt.chart.device.swing.SwingDisplayServer.loadImage(URL)" signature="(Ljava/net/URL;)Ljava/lang/Object;" type="org.eclipse.birt.chart.device.swing.SwingDisplayServer">
        <reference_kind flags="0" kind="268435456" reference_kind_name="OVERRIDE">
            <reference linenumber="-1" member="loadImage" origin="org.eclipse.birt.chart.device.svg.SVGDisplayServer.loadImage(URL)" signature="(Ljava/net/URL;)Ljava/lang/Object;" type="org.eclipse.birt.chart.device.svg.SVGDisplayServer"/>
        </reference_kind>
        <reference_kind flags="0" kind="1048576" reference_kind_name="INVOKED_SPECIAL">
            <reference linenumber="37" member="loadImage" origin="org.eclipse.birt.chart.device.svg.SVGDisplayServer.loadImage(URL)" signature="(Ljava/net/URL;)Ljava/lang/Object;" type="org.eclipse.birt.chart.device.svg.SVGDisplayServer"/>
        </reference_kind>
    </target>
    <target member="getURLValueJS" name="org.eclipse.birt.chart.device.image.MultiActionValuesScriptGenerator.getURLValueJS(StringBuilder, int, URLValue)" signature="(Ljava/lang/StringBuilder;ILorg/eclipse/birt/chart/model/attribute/URLValue;)Ljava/lang/StringBuilder;" type="org.eclipse.birt.chart.device.image.MultiActionValuesScriptGenerator">
        <reference_kind flags="0" kind="128" reference_kind_name="INVOKED_STATIC">
            <reference linenumber="931" member="getMultiActionsCallbackContent" origin="org.eclipse.birt.chart.device.svg.SVGInteractiveRenderer.getMultiActionsCallbackContent(MultipleActions)" signature="(Lorg/eclipse/birt/chart/model/data/MultipleActions;)Ljava/lang/String;" type="org.eclipse.birt.chart.device.svg.SVGInteractiveRenderer"/>
            <reference linenumber="976" member="setMultiURLValuesAttributes" origin="org.eclipse.birt.chart.device.svg.SVGInteractiveRenderer.setMultiURLValuesAttributes(MultiURLValues, Element, StructureSource, String, boolean)" signature="(Lorg/eclipse/birt/chart/model/attribute/MultiURLValues;Lorg/w3c/dom/Element;Lorg/eclipse/birt/chart/event/StructureSource;Ljava/lang/String;Z)V" type="org.eclipse.birt.chart.device.svg.SVGInteractiveRenderer"/>
        </reference_kind>
    </target>
    <target member="fillShadow" name="org.eclipse.birt.chart.device.util.ChartTextRenderer.fillShadow(Graphics2D, Shape)" signature="(Ljava/awt/Graphics2D;Ljava/awt/Shape;)V" type="org.eclipse.birt.chart.device.util.ChartTextRenderer">
        <reference_kind flags="0" kind="268435456" reference_kind_name="OVERRIDE">
            <reference linenumber="-1" member="fillShadow" origin="org.eclipse.birt.chart.device.svg.SVGTextRenderer.fillShadow(Graphics2D, Shape)" signature="(Ljava/awt/Graphics2D;Ljava/awt/Shape;)V" type="org.eclipse.birt.chart.device.svg.SVGTextRenderer"/>
        </reference_kind>
    </target>
    <target member="getValidURLValues" name="org.eclipse.birt.chart.device.image.MultiActionValuesScriptGenerator.getValidURLValues(MultiURLValues)" signature="(Lorg/eclipse/birt/chart/model/attribute/MultiURLValues;)Ljava/util/List;" type="org.eclipse.birt.chart.device.image.MultiActionValuesScriptGenerator">
        <reference_kind flags="0" kind="128" reference_kind_name="INVOKED_STATIC">
            <reference linenumber="853" member="addURLRedirectJSCode" origin="org.eclipse.birt.chart.device.svg.SVGInteractiveRenderer.addURLRedirectJSCode(Element, StructureSource, String, boolean, Action)" signature="(Lorg/w3c/dom/Element;Lorg/eclipse/birt/chart/event/StructureSource;Ljava/lang/String;ZLorg/eclipse/birt/chart/model/data/Action;)V" type="org.eclipse.birt.chart.device.svg.SVGInteractiveRenderer"/>
            <reference linenumber="974" member="setMultiURLValuesAttributes" origin="org.eclipse.birt.chart.device.svg.SVGInteractiveRenderer.setMultiURLValuesAttributes(MultiURLValues, Element, StructureSource, String, boolean)" signature="(Lorg/eclipse/birt/chart/model/attribute/MultiURLValues;Lorg/w3c/dom/Element;Lorg/eclipse/birt/chart/event/StructureSource;Ljava/lang/String;Z)V" type="org.eclipse.birt.chart.device.svg.SVGInteractiveRenderer"/>
        </reference_kind>
    </target>
    <target member="fillRectangle" name="org.eclipse.birt.chart.device.swing.SwingRendererImpl.fillRectangle(RectangleRenderEvent)" signature="(Lorg/eclipse/birt/chart/event/RectangleRenderEvent;)V" type="org.eclipse.birt.chart.device.swing.SwingRendererImpl">
        <reference_kind flags="0" kind="268435456" reference_kind_name="OVERRIDE">
            <reference linenumber="-1" member="fillRectangle" origin="org.eclipse.birt.chart.device.svg.SVGRendererImpl.fillRectangle(RectangleRenderEvent)" signature="(Lorg/eclipse/birt/chart/event/RectangleRenderEvent;)V" type="org.eclipse.birt.chart.device.svg.SVGRendererImpl"/>
        </reference_kind>
        <reference_kind flags="0" kind="1048576" reference_kind_name="INVOKED_SPECIAL">
            <reference linenumber="712" member="fillRectangle" origin="org.eclipse.birt.chart.device.svg.SVGRendererImpl.fillRectangle(RectangleRenderEvent)" signature="(Lorg/eclipse/birt/chart/event/RectangleRenderEvent;)V" type="org.eclipse.birt.chart.device.svg.SVGRendererImpl"/>
        </reference_kind>
    </target>
    <target member="setProperty" name="org.eclipse.birt.chart.device.swing.SwingRendererImpl.setProperty(String, Object)" signature="(Ljava/lang/String;Ljava/lang/Object;)V" type="org.eclipse.birt.chart.device.swing.SwingRendererImpl">
        <reference_kind flags="0" kind="1048576" reference_kind_name="INVOKED_SPECIAL">
            <reference linenumber="173" member="setProperty" origin="org.eclipse.birt.chart.device.svg.SVGRendererImpl.setProperty(String, Object)" signature="(Ljava/lang/String;Ljava/lang/Object;)V" type="org.eclipse.birt.chart.device.svg.SVGRendererImpl"/>
            <reference linenumber="156" member="setProperty" origin="org.eclipse.birt.chart.device.svg.SVGRendererImpl.setProperty(String, Object)" signature="(Ljava/lang/String;Ljava/lang/Object;)V" type="org.eclipse.birt.chart.device.svg.SVGRendererImpl"/>
        </reference_kind>
        <reference_kind flags="0" kind="268435456" reference_kind_name="OVERRIDE">
            <reference linenumber="-1" member="setProperty" origin="org.eclipse.birt.chart.device.svg.SVGRendererImpl.setProperty(String, Object)" signature="(Ljava/lang/String;Ljava/lang/Object;)V" type="org.eclipse.birt.chart.device.svg.SVGRendererImpl"/>
        </reference_kind>
    </target>
    <target member="getResourceBundle" name="org.eclipse.birt.chart.device.extension.i18n.Messages.getResourceBundle(ULocale)" signature="(Lcom/ibm/icu/util/ULocale;)Ljava/util/ResourceBundle;" type="org.eclipse.birt.chart.device.extension.i18n.Messages">
        <reference_kind flags="0" kind="128" reference_kind_name="INVOKED_STATIC">
            <reference linenumber="740" member="drawText" origin="org.eclipse.birt.chart.device.svg.SVGRendererImpl.drawText(TextRenderEvent)" signature="(Lorg/eclipse/birt/chart/event/TextRenderEvent;)V" type="org.eclipse.birt.chart.device.svg.SVGRendererImpl"/>
            <reference linenumber="1216" member="findDesignTimeSeries" origin="org.eclipse.birt.chart.device.svg.SVGInteractiveRenderer.findDesignTimeSeries(Series)" signature="(Lorg/eclipse/birt/chart/model/component/Series;)Lorg/eclipse/birt/chart/model/component/Series;" type="org.eclipse.birt.chart.device.svg.SVGInteractiveRenderer"/>
            <reference linenumber="1303" member="findDesignTimeSeries" origin="org.eclipse.birt.chart.device.svg.SVGInteractiveRenderer.findDesignTimeSeries(Series)" signature="(Lorg/eclipse/birt/chart/model/component/Series;)Lorg/eclipse/birt/chart/model/component/Series;" type="org.eclipse.birt.chart.device.svg.SVGInteractiveRenderer"/>
        </reference_kind>
    </target>
    <target member="enableInteraction" name="org.eclipse.birt.chart.device.swing.SwingRendererImpl.enableInteraction(InteractionEvent)" signature="(Lorg/eclipse/birt/chart/event/InteractionEvent;)V" type="org.eclipse.birt.chart.device.swing.SwingRendererImpl">
        <reference_kind flags="0" kind="268435456" reference_kind_name="OVERRIDE">
            <reference linenumber="-1" member="enableInteraction" origin="org.eclipse.birt.chart.device.svg.SVGRendererImpl.enableInteraction(InteractionEvent)" signature="(Lorg/eclipse/birt/chart/event/InteractionEvent;)V" type="org.eclipse.birt.chart.device.svg.SVGRendererImpl"/>
        </reference_kind>
    </target>
    <target member="fillArc" name="org.eclipse.birt.chart.device.swing.SwingRendererImpl.fillArc(ArcRenderEvent)" signature="(Lorg/eclipse/birt/chart/event/ArcRenderEvent;)V" type="org.eclipse.birt.chart.device.swing.SwingRendererImpl">
        <reference_kind flags="0" kind="268435456" reference_kind_name="OVERRIDE">
            <reference linenumber="-1" member="fillArc" origin="org.eclipse.birt.chart.device.svg.SVGRendererImpl.fillArc(ArcRenderEvent)" signature="(Lorg/eclipse/birt/chart/event/ArcRenderEvent;)V" type="org.eclipse.birt.chart.device.svg.SVGRendererImpl"/>
        </reference_kind>
        <reference_kind flags="0" kind="1048576" reference_kind_name="INVOKED_SPECIAL">
            <reference linenumber="684" member="fillArc" origin="org.eclipse.birt.chart.device.svg.SVGRendererImpl.fillArc(ArcRenderEvent)" signature="(Lorg/eclipse/birt/chart/event/ArcRenderEvent;)V" type="org.eclipse.birt.chart.device.svg.SVGRendererImpl"/>
        </reference_kind>
    </target>
    <target member="fill" name="org.eclipse.birt.chart.device.util.ChartGraphics2D.fill(Shape, boolean)" signature="(Ljava/awt/Shape;Z)V" type="org.eclipse.birt.chart.device.util.ChartGraphics2D">
        <reference_kind flags="0" kind="268435456" reference_kind_name="OVERRIDE">
            <reference linenumber="-1" member="fill" origin="org.eclipse.birt.chart.device.svg.SVGGraphics2D.fill(Shape, boolean)" signature="(Ljava/awt/Shape;Z)V" type="org.eclipse.birt.chart.device.svg.SVGGraphics2D"/>
        </reference_kind>
    </target>
    <target member="getCSSCursorValue" name="org.eclipse.birt.chart.device.util.CSSHelper.getCSSCursorValue(Cursor)" signature="(Lorg/eclipse/birt/chart/model/attribute/Cursor;)Ljava/lang/String;" type="org.eclipse.birt.chart.device.util.CSSHelper">
        <reference_kind flags="0" kind="128" reference_kind_name="INVOKED_STATIC">
            <reference linenumber="1775" member="setCursorAttribute" origin="org.eclipse.birt.chart.device.svg.SVGInteractiveRenderer.setCursorAttribute(Element, Cursor, String)" signature="(Lorg/w3c/dom/Element;Lorg/eclipse/birt/chart/model/attribute/Cursor;Ljava/lang/String;)V" type="org.eclipse.birt.chart.device.svg.SVGInteractiveRenderer"/>
        </reference_kind>
    </target>
    <target member="&lt;init&gt;" name="org.eclipse.birt.chart.device.util.ChartGraphics2D.ChartGraphics2D()" signature="()V" type="org.eclipse.birt.chart.device.util.ChartGraphics2D">
        <reference_kind flags="0" kind="536870912" reference_kind_name="SUPER_CONSTRUCTORMETHOD">
            <reference linenumber="101" member="&lt;init&gt;" origin="org.eclipse.birt.chart.device.svg.SVGGraphics2D.SVGGraphics2D(Document, boolean)" signature="(Lorg/w3c/dom/Document;Z)V" type="org.eclipse.birt.chart.device.svg.SVGGraphics2D"/>
        </reference_kind>
    </target>
    <target member="appendInteractivityVariables" name="org.eclipse.birt.chart.device.image.MultiActionValuesScriptGenerator.appendInteractivityVariables(StringBuilder)" signature="(Ljava/lang/StringBuilder;)Ljava/lang/StringBuilder;" type="org.eclipse.birt.chart.device.image.MultiActionValuesScriptGenerator">
        <reference_kind flags="0" kind="128" reference_kind_name="INVOKED_STATIC">
            <reference linenumber="949" member="getMultiActionsCallbackContent" origin="org.eclipse.birt.chart.device.svg.SVGInteractiveRenderer.getMultiActionsCallbackContent(MultipleActions)" signature="(Lorg/eclipse/birt/chart/model/data/MultipleActions;)Ljava/lang/String;" type="org.eclipse.birt.chart.device.svg.SVGInteractiveRenderer"/>
            <reference linenumber="979" member="setMultiURLValuesAttributes" origin="org.eclipse.birt.chart.device.svg.SVGInteractiveRenderer.setMultiURLValuesAttributes(MultiURLValues, Element, StructureSource, String, boolean)" signature="(Lorg/eclipse/birt/chart/model/attribute/MultiURLValues;Lorg/w3c/dom/Element;Lorg/eclipse/birt/chart/event/StructureSource;Ljava/lang/String;Z)V" type="org.eclipse.birt.chart.device.svg.SVGInteractiveRenderer"/>
        </reference_kind>
    </target>
    <target member="getValidActions" name="org.eclipse.birt.chart.device.image.MultiActionValuesScriptGenerator.getValidActions(MultipleActions)" signature="(Lorg/eclipse/birt/chart/model/data/MultipleActions;)Ljava/util/List;" type="org.eclipse.birt.chart.device.image.MultiActionValuesScriptGenerator">
        <reference_kind flags="0" kind="128" reference_kind_name="INVOKED_STATIC">
            <reference linenumber="925" member="getMultiActionsCallbackContent" origin="org.eclipse.birt.chart.device.svg.SVGInteractiveRenderer.getMultiActionsCallbackContent(MultipleActions)" signature="(Lorg/eclipse/birt/chart/model/data/MultipleActions;)Ljava/lang/String;" type="org.eclipse.birt.chart.device.svg.SVGInteractiveRenderer"/>
            <reference linenumber="645" member="addMultiActionsJSCode" origin="org.eclipse.birt.chart.device.svg.SVGInteractiveRenderer.addMultiActionsJSCode(Element, StructureSource, Trigger, String, boolean, MultipleActions)" signature="(Lorg/w3c/dom/Element;Lorg/eclipse/birt/chart/event/StructureSource;Lorg/eclipse/birt/chart/model/data/Trigger;Ljava/lang/String;ZLorg/eclipse/birt/chart/model/data/MultipleActions;)V" type="org.eclipse.birt.chart.device.svg.SVGInteractiveRenderer"/>
        </reference_kind>
    </target>
    <target member="script" name="org.eclipse.birt.chart.device.util.ScriptUtil.script(StringBuffer, DataPointHints, LegendItemHints, String)" signature="(Ljava/lang/StringBuffer;Lorg/eclipse/birt/chart/computation/DataPointHints;Lorg/eclipse/birt/chart/computation/LegendItemHints;Ljava/lang/String;)V" type="org.eclipse.birt.chart.device.util.ScriptUtil">
        <reference_kind flags="0" kind="128" reference_kind_name="INVOKED_STATIC">
            <reference linenumber="1819" member="addCallBackScript" origin="org.eclipse.birt.chart.device.svg.SVGInteractiveRenderer.addCallBackScript(StructureSource, StringBuffer, boolean)" signature="(Lorg/eclipse/birt/chart/event/StructureSource;Ljava/lang/StringBuffer;Z)V" type="org.eclipse.birt.chart.device.svg.SVGInteractiveRenderer"/>
        </reference_kind>
    </target>
    <target member="getTextMetrics" name="org.eclipse.birt.chart.device.swing.SwingDisplayServer.getTextMetrics(Label, boolean)" signature="(Lorg/eclipse/birt/chart/model/component/Label;Z)Lorg/eclipse/birt/chart/device/ITextMetrics;" type="org.eclipse.birt.chart.device.swing.SwingDisplayServer">
        <reference_kind flags="0" kind="268435456" reference_kind_name="OVERRIDE">
            <reference linenumber="-1" member="getTextMetrics" origin="org.eclipse.birt.chart.device.svg.SVGDisplayServer.getTextMetrics(Label, boolean)" signature="(Lorg/eclipse/birt/chart/model/component/Label;Z)Lorg/eclipse/birt/chart/device/ITextMetrics;" type="org.eclipse.birt.chart.device.svg.SVGDisplayServer"/>
        </reference_kind>
    </target>
    <target member="drawArc" name="org.eclipse.birt.chart.device.swing.SwingRendererImpl.drawArc(ArcRenderEvent)" signature="(Lorg/eclipse/birt/chart/event/ArcRenderEvent;)V" type="org.eclipse.birt.chart.device.swing.SwingRendererImpl">
        <reference_kind flags="0" kind="268435456" reference_kind_name="OVERRIDE">
            <reference linenumber="-1" member="drawArc" origin="org.eclipse.birt.chart.device.svg.SVGRendererImpl.drawArc(ArcRenderEvent)" signature="(Lorg/eclipse/birt/chart/event/ArcRenderEvent;)V" type="org.eclipse.birt.chart.device.svg.SVGRendererImpl"/>
        </reference_kind>
        <reference_kind flags="0" kind="1048576" reference_kind_name="INVOKED_SPECIAL">
            <reference linenumber="630" member="drawArc" origin="org.eclipse.birt.chart.device.svg.SVGRendererImpl.drawArc(ArcRenderEvent)" signature="(Lorg/eclipse/birt/chart/event/ArcRenderEvent;)V" type="org.eclipse.birt.chart.device.svg.SVGRendererImpl"/>
        </reference_kind>
    </target>
    <target member="fillArea" name="org.eclipse.birt.chart.device.swing.SwingRendererImpl.fillArea(AreaRenderEvent)" signature="(Lorg/eclipse/birt/chart/event/AreaRenderEvent;)V" type="org.eclipse.birt.chart.device.swing.SwingRendererImpl">
        <reference_kind flags="0" kind="1048576" reference_kind_name="INVOKED_SPECIAL">
            <reference linenumber="691" member="fillArea" origin="org.eclipse.birt.chart.device.svg.SVGRendererImpl.fillArea(AreaRenderEvent)" signature="(Lorg/eclipse/birt/chart/event/AreaRenderEvent;)V" type="org.eclipse.birt.chart.device.svg.SVGRendererImpl"/>
        </reference_kind>
        <reference_kind flags="0" kind="268435456" reference_kind_name="OVERRIDE">
            <reference linenumber="-1" member="fillArea" origin="org.eclipse.birt.chart.device.svg.SVGRendererImpl.fillArea(AreaRenderEvent)" signature="(Lorg/eclipse/birt/chart/event/AreaRenderEvent;)V" type="org.eclipse.birt.chart.device.svg.SVGRendererImpl"/>
        </reference_kind>
    </target>
    <target member="&lt;init&gt;" name="org.eclipse.birt.chart.device.util.ChartTextRenderer.ChartTextRenderer(IDisplayServer)" signature="(Lorg/eclipse/birt/chart/device/IDisplayServer;)V" type="org.eclipse.birt.chart.device.util.ChartTextRenderer">
        <reference_kind flags="0" kind="268435456" reference_kind_name="OVERRIDE">
            <reference linenumber="-1" member="&lt;init&gt;" origin="org.eclipse.birt.chart.device.svg.SVGTextRenderer.SVGTextRenderer(IDisplayServer)" signature="(Lorg/eclipse/birt/chart/device/IDisplayServer;)V" type="org.eclipse.birt.chart.device.svg.SVGTextRenderer"/>
        </reference_kind>
        <reference_kind flags="0" kind="536870912" reference_kind_name="SUPER_CONSTRUCTORMETHOD">
            <reference linenumber="36" member="&lt;init&gt;" origin="org.eclipse.birt.chart.device.svg.SVGTextRenderer.SVGTextRenderer(IDisplayServer)" signature="(Lorg/eclipse/birt/chart/device/IDisplayServer;)V" type="org.eclipse.birt.chart.device.svg.SVGTextRenderer"/>
        </reference_kind>
    </target>
    <target member="renderOutline" name="org.eclipse.birt.chart.device.util.ChartTextRenderer.renderOutline(IPrimitiveRenderer, LineAttributes, Rectangle2DDouble)" signature="(Lorg/eclipse/birt/chart/device/IPrimitiveRenderer;Lorg/eclipse/birt/chart/model/attribute/LineAttributes;Ljava/awt/geom/Rectangle2D$Double;)V" type="org.eclipse.birt.chart.device.util.ChartTextRenderer">
        <reference_kind flags="0" kind="268435456" reference_kind_name="OVERRIDE">
            <reference linenumber="-1" member="renderOutline" origin="org.eclipse.birt.chart.device.svg.SVGTextRenderer.renderOutline(IPrimitiveRenderer, LineAttributes, Rectangle2DDouble)" signature="(Lorg/eclipse/birt/chart/device/IPrimitiveRenderer;Lorg/eclipse/birt/chart/model/attribute/LineAttributes;Ljava/awt/geom/Rectangle2D$Double;)V" type="org.eclipse.birt.chart.device.svg.SVGTextRenderer"/>
        </reference_kind>
    </target>
    <target member="&lt;init&gt;" name="org.eclipse.birt.chart.device.swing.SwingRendererImpl.SwingRendererImpl()" signature="()V" type="org.eclipse.birt.chart.device.swing.SwingRendererImpl">
        <reference_kind flags="0" kind="536870912" reference_kind_name="SUPER_CONSTRUCTORMETHOD">
            <reference linenumber="73" member="&lt;init&gt;" origin="org.eclipse.birt.chart.device.svg.SVGRendererImpl.SVGRendererImpl()" signature="()V" type="org.eclipse.birt.chart.device.svg.SVGRendererImpl"/>
        </reference_kind>
        <reference_kind flags="0" kind="268435456" reference_kind_name="OVERRIDE">
            <reference linenumber="-1" member="&lt;init&gt;" origin="org.eclipse.birt.chart.device.svg.SVGRendererImpl.SVGRendererImpl()" signature="()V" type="org.eclipse.birt.chart.device.svg.SVGRendererImpl"/>
        </reference_kind>
    </target>
</references>
