<?xml version="1.0" encoding="UTF-8" standalone="no"?>
<references name="Fields" origin="org.eclipse.birt.chart.ui.extension (2.5.2.v20100210)" referee="org.eclipse.birt.chart.ui (2.5.2.v20100209)" reference_count="31" reference_visibility="1">
    <target member="FONT_AUTO" name="org.eclipse.birt.chart.ui.util.ChartUIUtil.FONT_AUTO" type="org.eclipse.birt.chart.ui.util.ChartUIUtil">
        <reference_kind flags="0" kind="2048" reference_kind_name="GETS_STATIC_FIELD">
            <reference linenumber="854" member="handleFontSize" origin="org.eclipse.birt.chart.ui.swt.composites.FontDefinitionDialog.handleFontSize()" signature="()V" type="org.eclipse.birt.chart.ui.swt.composites.FontDefinitionDialog"/>
            <reference linenumber="377" member="paintControl" origin="org.eclipse.birt.chart.ui.swt.composites.FontCanvas.paintControl(PaintEvent)" signature="(Lorg/eclipse/swt/events/PaintEvent;)V" type="org.eclipse.birt.chart.ui.swt.composites.FontCanvas"/>
            <reference linenumber="699" member="widgetSelected" origin="org.eclipse.birt.chart.ui.swt.composites.FontDefinitionDialog.widgetSelected(SelectionEvent)" signature="(Lorg/eclipse/swt/events/SelectionEvent;)V" type="org.eclipse.birt.chart.ui.swt.composites.FontDefinitionDialog"/>
            <reference linenumber="186" member="createDialogArea" origin="org.eclipse.birt.chart.ui.swt.composites.FontDefinitionDialog.createDialogArea(Composite)" signature="(Lorg/eclipse/swt/widgets/Composite;)Lorg/eclipse/swt/widgets/Control;" type="org.eclipse.birt.chart.ui.swt.composites.FontDefinitionDialog"/>
            <reference linenumber="528" member="populateLists" origin="org.eclipse.birt.chart.ui.swt.composites.FontDefinitionDialog.populateLists()" signature="()V" type="org.eclipse.birt.chart.ui.swt.composites.FontDefinitionDialog"/>
            <reference linenumber="529" member="populateLists" origin="org.eclipse.birt.chart.ui.swt.composites.FontDefinitionDialog.populateLists()" signature="()V" type="org.eclipse.birt.chart.ui.swt.composites.FontDefinitionDialog"/>
            <reference linenumber="828" member="handleFontSize" origin="org.eclipse.birt.chart.ui.swt.composites.FontDefinitionDialog.handleFontSize()" signature="()V" type="org.eclipse.birt.chart.ui.swt.composites.FontDefinitionDialog"/>
        </reference_kind>
    </target>
<target member="EXPRESS_BUTTON_CREATE" name="org.eclipse.birt.chart.ui.swt.interfaces.IUIServiceProvider.Command.EXPRESS_BUTTON_CREATE" type="org.eclipse.birt.chart.ui.swt.interfaces.IUIServiceProvider$Command">
        <reference_kind flags="0" kind="2048" reference_kind_name="GETS_STATIC_FIELD">
            <reference linenumber="247" member="createSortArea" origin="org.eclipse.birt.chart.ui.swt.composites.GroupSortingDialog.createSortArea(Composite)" signature="(Lorg/eclipse/swt/widgets/Composite;)V" type="org.eclipse.birt.chart.ui.swt.composites.GroupSortingDialog"/>
        <reference linenumber="413" member="placeComponents" origin="org.eclipse.birt.chart.ui.swt.composites.TriggerDataComposite.placeComponents()" signature="()V" type="org.eclipse.birt.chart.ui.swt.composites.TriggerDataComposite"/>
            <reference linenumber="539" member="placeComponents" origin="org.eclipse.birt.chart.ui.swt.composites.TriggerDataComposite.placeComponents()" signature="()V" type="org.eclipse.birt.chart.ui.swt.composites.TriggerDataComposite"/>
        <reference linenumber="325" member="createArea" origin="org.eclipse.birt.chart.ui.swt.wizard.data.BaseDataDefinitionComponent.createArea(Composite)" signature="(Lorg/eclipse/swt/widgets/Composite;)Lorg/eclipse/swt/widgets/Composite;" type="org.eclipse.birt.chart.ui.swt.wizard.data.BaseDataDefinitionComponent"/>
        </reference_kind>
    </target>
<target member="chartTitle" name="org.eclipse.birt.chart.ui.swt.DefaultChartTypeImpl.chartTitle" type="org.eclipse.birt.chart.ui.swt.DefaultChartTypeImpl">
        <reference_kind flags="0" kind="16384" reference_kind_name="PUT_FIELD">
            <reference linenumber="104" member="&lt;init&gt;" origin="org.eclipse.birt.chart.ui.swt.type.AreaChart.AreaChart()" signature="()V" type="org.eclipse.birt.chart.ui.swt.type.AreaChart"/>
            <reference linenumber="84" member="&lt;init&gt;" origin="org.eclipse.birt.chart.ui.swt.type.LineChart.LineChart()" signature="()V" type="org.eclipse.birt.chart.ui.swt.type.LineChart"/>
            <reference linenumber="74" member="&lt;init&gt;" origin="org.eclipse.birt.chart.ui.swt.type.BubbleChart.BubbleChart()" signature="()V" type="org.eclipse.birt.chart.ui.swt.type.BubbleChart"/>
            <reference linenumber="75" member="&lt;init&gt;" origin="org.eclipse.birt.chart.ui.swt.type.GanttChart.GanttChart()" signature="()V" type="org.eclipse.birt.chart.ui.swt.type.GanttChart"/>
            <reference linenumber="78" member="&lt;init&gt;" origin="org.eclipse.birt.chart.ui.swt.type.DifferenceChart.DifferenceChart()" signature="()V" type="org.eclipse.birt.chart.ui.swt.type.DifferenceChart"/>
            <reference linenumber="106" member="&lt;init&gt;" origin="org.eclipse.birt.chart.ui.swt.type.AbstractBarChart.AbstractBarChart(String, String, RiserType)" signature="(Ljava/lang/String;Ljava/lang/String;Lorg/eclipse/birt/chart/model/attribute/RiserType;)V" type="org.eclipse.birt.chart.ui.swt.type.AbstractBarChart"/>
        <reference linenumber="70" member="&lt;init&gt;" origin="org.eclipse.birt.chart.ui.swt.type.PieChart.PieChart()" signature="()V" type="org.eclipse.birt.chart.ui.swt.type.PieChart"/>
            <reference linenumber="79" member="&lt;init&gt;" origin="org.eclipse.birt.chart.ui.swt.type.ScatterChart.ScatterChart()" signature="()V" type="org.eclipse.birt.chart.ui.swt.type.ScatterChart"/>
            <reference linenumber="93" member="&lt;init&gt;" origin="org.eclipse.birt.chart.ui.swt.type.StockChart.StockChart()" signature="()V" type="org.eclipse.birt.chart.ui.swt.type.StockChart"/>
            <reference linenumber="85" member="&lt;init&gt;" origin="org.eclipse.birt.chart.ui.swt.type.MeterChart.MeterChart()" signature="()V" type="org.eclipse.birt.chart.ui.swt.type.MeterChart"/>
        </reference_kind>
    </target>
<target member="TWO_DIMENSION_TYPE" name="org.eclipse.birt.chart.ui.swt.interfaces.IChartType.TWO_DIMENSION_TYPE" type="org.eclipse.birt.chart.ui.swt.interfaces.IChartType">
        <reference_kind flags="0" kind="2048" reference_kind_name="GETS_STATIC_FIELD">
            <reference linenumber="642" member="translateDimensionString" origin="org.eclipse.birt.chart.ui.swt.wizard.TaskSelectType.translateDimensionString(String)" signature="(Ljava/lang/String;)Ljava/lang/String;" type="org.eclipse.birt.chart.ui.swt.wizard.TaskSelectType"/>
        </reference_kind>
    </target>
    <target member="TWO_DIMENSION_WITH_DEPTH_TYPE" name="org.eclipse.birt.chart.ui.swt.interfaces.IChartType.TWO_DIMENSION_WITH_DEPTH_TYPE" type="org.eclipse.birt.chart.ui.swt.interfaces.IChartType">
        <reference_kind flags="0" kind="2048" reference_kind_name="GETS_STATIC_FIELD">
            <reference linenumber="966" member="updateDimensionCombo" origin="org.eclipse.birt.chart.ui.swt.wizard.TaskSelectType.updateDimensionCombo(String)" signature="(Ljava/lang/String;)Z" type="org.eclipse.birt.chart.ui.swt.wizard.TaskSelectType"/>
            <reference linenumber="646" member="translateDimensionString" origin="org.eclipse.birt.chart.ui.swt.wizard.TaskSelectType.translateDimensionString(String)" signature="(Ljava/lang/String;)Ljava/lang/String;" type="org.eclipse.birt.chart.ui.swt.wizard.TaskSelectType"/>
            <reference linenumber="1060" member="isMultiAxisSupported" origin="org.eclipse.birt.chart.ui.swt.wizard.TaskSelectType.isMultiAxisSupported()" signature="()Z" type="org.eclipse.birt.chart.ui.swt.wizard.TaskSelectType"/>
            <reference linenumber="611" member="populateSeriesTypes" origin="org.eclipse.birt.chart.ui.swt.wizard.TaskSelectType.populateSeriesTypes(Collection, Series, Orientation)" signature="(Ljava/util/Collection;Lorg/eclipse/birt/chart/model/component/Series;Lorg/eclipse/birt/chart/model/attribute/Orientation;)V" type="org.eclipse.birt.chart.ui.swt.wizard.TaskSelectType"/>
        </reference_kind>
    </target>
    <target member="THREE_DIMENSION_TYPE" name="org.eclipse.birt.chart.ui.swt.interfaces.IChartType.THREE_DIMENSION_TYPE" type="org.eclipse.birt.chart.ui.swt.interfaces.IChartType">
        <reference_kind flags="0" kind="2048" reference_kind_name="GETS_STATIC_FIELD">
            <reference linenumber="1054" member="is3D" origin="org.eclipse.birt.chart.ui.swt.wizard.TaskSelectType.is3D()" signature="()Z" type="org.eclipse.birt.chart.ui.swt.wizard.TaskSelectType"/>
            <reference linenumber="650" member="translateDimensionString" origin="org.eclipse.birt.chart.ui.swt.wizard.TaskSelectType.translateDimensionString(String)" signature="(Ljava/lang/String;)Ljava/lang/String;" type="org.eclipse.birt.chart.ui.swt.wizard.TaskSelectType"/>
        </reference_kind>
    </target>
<target member="POPUP_CLOSING_BY_USER" name="org.eclipse.birt.chart.ui.swt.wizard.ChartWizard.POPUP_CLOSING_BY_USER" type="org.eclipse.birt.chart.ui.swt.wizard.ChartWizard">
        <reference_kind flags="0" kind="4096" reference_kind_name="PUT_STATIC_FIELD">
            <reference linenumber="101" member="onHide" origin="org.eclipse.birt.chart.ui.swt.wizard.format.SubtaskSheetImpl.onHide()" signature="()Ljava/lang/Object;" type="org.eclipse.birt.chart.ui.swt.wizard.format.SubtaskSheetImpl"/>
            <reference linenumber="103" member="onHide" origin="org.eclipse.birt.chart.ui.swt.wizard.format.SubtaskSheetImpl.onHide()" signature="()Ljava/lang/Object;" type="org.eclipse.birt.chart.ui.swt.wizard.format.SubtaskSheetImpl"/>
        </reference_kind>
        <reference_kind flags="0" kind="2048" reference_kind_name="GETS_STATIC_FIELD">
            <reference linenumber="420" member="shellClosed" origin="org.eclipse.birt.chart.ui.swt.wizard.format.SubtaskSheetImpl.shellClosed(ShellEvent)" signature="(Lorg/eclipse/swt/events/ShellEvent;)V" type="org.eclipse.birt.chart.ui.swt.wizard.format.SubtaskSheetImpl"/>
        </reference_kind>
    </target>
</references>
