<?xml version="1.0" encoding="UTF-8" standalone="no"?>
<references name="Types" origin="org.eclipse.actf.visualization.lowvision (0.7.2.R201002031025)" referee="org.eclipse.actf.visualization.ui.report (0.7.2.R201002031025)" reference_count="3" reference_visibility="1">
    <target name="org.eclipse.actf.visualization.ui.report.table.ResultTableLabelProviderLV" type="org.eclipse.actf.visualization.ui.report.table.ResultTableLabelProviderLV">
        <reference_kind flags="0" kind="134217728" reference_kind_name="INSTANTIATION">
            <reference linenumber="-1" member="&lt;init&gt;" origin="org.eclipse.actf.visualization.lowvision.ui.views.LowVisionView.LowVisionView()" signature="()V" type="org.eclipse.actf.visualization.lowvision.ui.views.LowVisionView"/>
        </reference_kind>
    </target>
    <target name="org.eclipse.actf.visualization.ui.report.table.ResultTableSorterLV" type="org.eclipse.actf.visualization.ui.report.table.ResultTableSorterLV">
        <reference_kind flags="0" kind="4" reference_kind_name="DECLARED_FIELD">
            <reference linenumber="-1" member="viewerSorter" origin="org.eclipse.actf.visualization.lowvision.ui.views.LowVisionView.viewerSorter" type="org.eclipse.actf.visualization.lowvision.ui.views.LowVisionView"/>
        </reference_kind>
        <reference_kind flags="0" kind="134217728" reference_kind_name="INSTANTIATION">
            <reference linenumber="-1" member="&lt;init&gt;" origin="org.eclipse.actf.visualization.lowvision.ui.views.LowVisionView.LowVisionView()" signature="()V" type="org.eclipse.actf.visualization.lowvision.ui.views.LowVisionView"/>
        </reference_kind>
    </target>
</references>
