<?xml version="1.0" encoding="UTF-8" standalone="no"?>
<references name="Fields" origin="org.eclipse.birt.report.item.crosstab.core (2.5.2.v20100127)" referee="org.eclipse.birt.core (2.5.2.v20100208)" reference_count="4" reference_visibility="1">
    <target member="pluginId" name="org.eclipse.birt.core.exception.BirtException.pluginId" type="org.eclipse.birt.core.exception.BirtException">
        <reference_kind flags="0" kind="16384" reference_kind_name="PUT_FIELD">
            <reference linenumber="55" member="&lt;init&gt;" origin="org.eclipse.birt.report.item.crosstab.core.CrosstabException.CrosstabException(DesignElement, String)" signature="(Lorg/eclipse/birt/report/model/core/DesignElement;Ljava/lang/String;)V" type="org.eclipse.birt.report.item.crosstab.core.CrosstabException"/>
            <reference linenumber="68" member="&lt;init&gt;" origin="org.eclipse.birt.report.item.crosstab.core.CrosstabException.CrosstabException(DesignElement, String[], String, Throwable)" signature="(Lorg/eclipse/birt/report/model/core/DesignElement;[Ljava/lang/String;Ljava/lang/String;Ljava/lang/Throwable;)V" type="org.eclipse.birt.report.item.crosstab.core.CrosstabException"/>
            <reference linenumber="80" member="&lt;init&gt;" origin="org.eclipse.birt.report.item.crosstab.core.CrosstabException.CrosstabException(DesignElement, String[], String)" signature="(Lorg/eclipse/birt/report/model/core/DesignElement;[Ljava/lang/String;Ljava/lang/String;)V" type="org.eclipse.birt.report.item.crosstab.core.CrosstabException"/>
            <reference linenumber="45" member="&lt;init&gt;" origin="org.eclipse.birt.report.item.crosstab.core.CrosstabException.CrosstabException(DesignElement, String, Throwable)" signature="(Lorg/eclipse/birt/report/model/core/DesignElement;Ljava/lang/String;Ljava/lang/Throwable;)V" type="org.eclipse.birt.report.item.crosstab.core.CrosstabException"/>
        </reference_kind>
    </target>
</references>
