<?xml version="1.0" encoding="UTF-8" standalone="no"?>
<references name="Methods" origin="org.eclipse.mat.chart (0.8.0.200906170940)" referee="org.eclipse.birt.chart.engine (2.5.2.v20100209)" reference_count="100" reference_visibility="1">
    <target member="getSeries" name="org.eclipse.birt.chart.model.data.SeriesDefinition.getSeries()" signature="()Lorg/eclipse/emf/common/util/EList;" type="org.eclipse.birt.chart.model.data.SeriesDefinition">
        <reference_kind flags="0" kind="512" reference_kind_name="INTERFACE_METHOD">
            <reference linenumber="156" member="create" origin="org.eclipse.mat.impl.chart.ChartBuilder.create(IResultPie, boolean)" signature="(Lorg/eclipse/mat/query/IResultPie;Z)Lorg/eclipse/birt/chart/model/Chart;" type="org.eclipse.mat.impl.chart.ChartBuilder"/>
            <reference linenumber="118" member="create" origin="org.eclipse.mat.impl.chart.ChartBuilder.create(IResultPie, boolean)" signature="(Lorg/eclipse/mat/query/IResultPie;Z)Lorg/eclipse/birt/chart/model/Chart;" type="org.eclipse.mat.impl.chart.ChartBuilder"/>
        </reference_kind>
    </target>
    <target member="create" name="org.eclipse.birt.chart.model.attribute.impl.BoundsImpl.create(double, double, double, double)" signature="(DDDD)Lorg/eclipse/birt/chart/model/attribute/Bounds;" type="org.eclipse.birt.chart.model.attribute.impl.BoundsImpl">
        <reference_kind flags="0" kind="128" reference_kind_name="INVOKED_STATIC">
            <reference linenumber="52" member="embedd" origin="org.eclipse.mat.impl.chart.HtmlPieChartRenderer.embedd(IOutputterContext, IResult, Writer)" signature="(Lorg/eclipse/mat/report/IOutputter$Context;Lorg/eclipse/mat/query/IResult;Ljava/io/Writer;)V" type="org.eclipse.mat.impl.chart.HtmlPieChartRenderer"/>
        </reference_kind>
    </target>
    <target member="getLegend" name="org.eclipse.birt.chart.model.Chart.getLegend()" signature="()Lorg/eclipse/birt/chart/model/layout/Legend;" type="org.eclipse.birt.chart.model.Chart">
        <reference_kind flags="0" kind="512" reference_kind_name="INTERFACE_METHOD">
            <reference linenumber="105" member="create" origin="org.eclipse.mat.impl.chart.ChartBuilder.create(IResultPie, boolean)" signature="(Lorg/eclipse/mat/query/IResultPie;Z)Lorg/eclipse/birt/chart/model/Chart;" type="org.eclipse.mat.impl.chart.ChartBuilder"/>
            <reference linenumber="103" member="create" origin="org.eclipse.mat.impl.chart.ChartBuilder.create(IResultPie, boolean)" signature="(Lorg/eclipse/mat/query/IResultPie;Z)Lorg/eclipse/birt/chart/model/Chart;" type="org.eclipse.mat.impl.chart.ChartBuilder"/>
            <reference linenumber="104" member="create" origin="org.eclipse.mat.impl.chart.ChartBuilder.create(IResultPie, boolean)" signature="(Lorg/eclipse/mat/query/IResultPie;Z)Lorg/eclipse/birt/chart/model/Chart;" type="org.eclipse.mat.impl.chart.ChartBuilder"/>
            <reference linenumber="99" member="create" origin="org.eclipse.mat.impl.chart.ChartBuilder.create(IResultPie, boolean)" signature="(Lorg/eclipse/mat/query/IResultPie;Z)Lorg/eclipse/birt/chart/model/Chart;" type="org.eclipse.mat.impl.chart.ChartBuilder"/>
        </reference_kind>
    </target>
    <target member="setAnchor" name="org.eclipse.birt.chart.model.layout.Block.setAnchor(Anchor)" signature="(Lorg/eclipse/birt/chart/model/attribute/Anchor;)V" type="org.eclipse.birt.chart.model.layout.Block">
        <reference_kind flags="0" kind="512" reference_kind_name="INTERFACE_METHOD">
            <reference linenumber="93" member="create" origin="org.eclipse.mat.impl.chart.ChartBuilder.create(IResultPie, boolean)" signature="(Lorg/eclipse/mat/query/IResultPie;Z)Lorg/eclipse/birt/chart/model/Chart;" type="org.eclipse.mat.impl.chart.ChartBuilder"/>
        </reference_kind>
    </target>
    <target member="getEntries" name="org.eclipse.birt.chart.model.attribute.Palette.getEntries()" signature="()Lorg/eclipse/emf/common/util/EList;" type="org.eclipse.birt.chart.model.attribute.Palette">
        <reference_kind flags="0" kind="512" reference_kind_name="INTERFACE_METHOD">
            <reference linenumber="122" member="create" origin="org.eclipse.mat.impl.chart.ChartBuilder.create(IResultPie, boolean)" signature="(Lorg/eclipse/mat/query/IResultPie;Z)Lorg/eclipse/birt/chart/model/Chart;" type="org.eclipse.mat.impl.chart.ChartBuilder"/>
        </reference_kind>
    </target>
    <target member="getDevice" name="org.eclipse.birt.chart.util.PluginSettings.getDevice(String)" signature="(Ljava/lang/String;)Lorg/eclipse/birt/chart/device/IDeviceRenderer;" type="org.eclipse.birt.chart.util.PluginSettings">
        <reference_kind flags="0" kind="256" reference_kind_name="VIRTUAL_METHOD">
            <reference linenumber="49" member="embedd" origin="org.eclipse.mat.impl.chart.HtmlPieChartRenderer.embedd(IOutputterContext, IResult, Writer)" signature="(Lorg/eclipse/mat/report/IOutputter$Context;Lorg/eclipse/mat/query/IResult;Ljava/io/Writer;)V" type="org.eclipse.mat.impl.chart.HtmlPieChartRenderer"/>
        </reference_kind>
    </target>
    <target member="add" name="org.eclipse.birt.chart.model.layout.Block.add(Block)" signature="(Lorg/eclipse/birt/chart/model/layout/Block;)V" type="org.eclipse.birt.chart.model.layout.Block">
        <reference_kind flags="0" kind="512" reference_kind_name="INTERFACE_METHOD">
            <reference linenumber="94" member="create" origin="org.eclipse.mat.impl.chart.ChartBuilder.create(IResultPie, boolean)" signature="(Lorg/eclipse/mat/query/IResultPie;Z)Lorg/eclipse/birt/chart/model/Chart;" type="org.eclipse.mat.impl.chart.ChartBuilder"/>
        </reference_kind>
    </target>
    <target member="beforeDrawDataPointLabel" name="org.eclipse.birt.chart.script.ChartEventHandlerAdapter.beforeDrawDataPointLabel(DataPointHints, Label, IChartScriptContext)" signature="(Lorg/eclipse/birt/chart/computation/DataPointHints;Lorg/eclipse/birt/chart/model/component/Label;Lorg/eclipse/birt/chart/script/IChartScriptContext;)V" type="org.eclipse.birt.chart.script.ChartEventHandlerAdapter">
        <reference_kind flags="0" kind="268435456" reference_kind_name="OVERRIDE">
            <reference linenumber="-1" member="beforeDrawDataPointLabel" origin="org.eclipse.mat.impl.chart.LabelRenderScript.beforeDrawDataPointLabel(DataPointHints, Label, IChartScriptContext)" signature="(Lorg/eclipse/birt/chart/computation/DataPointHints;Lorg/eclipse/birt/chart/model/component/Label;Lorg/eclipse/birt/chart/script/IChartScriptContext;)V" type="org.eclipse.mat.impl.chart.LabelRenderScript"/>
            <reference linenumber="-1" member="beforeDrawDataPointLabel" origin="org.eclipse.mat.impl.chart.StorageUnitRenderScript.beforeDrawDataPointLabel(DataPointHints, Label, IChartScriptContext)" signature="(Lorg/eclipse/birt/chart/computation/DataPointHints;Lorg/eclipse/birt/chart/model/component/Label;Lorg/eclipse/birt/chart/script/IChartScriptContext;)V" type="org.eclipse.mat.impl.chart.StorageUnitRenderScript"/>
        </reference_kind>
    </target>
    <target member="setExplosion" name="org.eclipse.birt.chart.model.type.PieSeries.setExplosion(int)" signature="(I)V" type="org.eclipse.birt.chart.model.type.PieSeries">
        <reference_kind flags="0" kind="512" reference_kind_name="INTERFACE_METHOD">
            <reference linenumber="141" member="create" origin="org.eclipse.mat.impl.chart.ChartBuilder.create(IResultPie, boolean)" signature="(Lorg/eclipse/mat/query/IResultPie;Z)Lorg/eclipse/birt/chart/model/Chart;" type="org.eclipse.mat.impl.chart.ChartBuilder"/>
        </reference_kind>
    </target>
    <target member="getSeriesPalette" name="org.eclipse.birt.chart.model.data.SeriesDefinition.getSeriesPalette()" signature="()Lorg/eclipse/birt/chart/model/attribute/Palette;" type="org.eclipse.birt.chart.model.data.SeriesDefinition">
        <reference_kind flags="0" kind="512" reference_kind_name="INTERFACE_METHOD">
            <reference linenumber="122" member="create" origin="org.eclipse.mat.impl.chart.ChartBuilder.create(IResultPie, boolean)" signature="(Lorg/eclipse/mat/query/IResultPie;Z)Lorg/eclipse/birt/chart/model/Chart;" type="org.eclipse.mat.impl.chart.ChartBuilder"/>
        </reference_kind>
    </target>
    <target member="getTriggers" name="org.eclipse.birt.chart.model.component.Series.getTriggers()" signature="()Lorg/eclipse/emf/common/util/EList;" type="org.eclipse.birt.chart.model.component.Series">
        <reference_kind flags="0" kind="512" reference_kind_name="INTERFACE_METHOD">
            <reference linenumber="145" member="create" origin="org.eclipse.mat.impl.chart.ChartBuilder.create(IResultPie, boolean)" signature="(Lorg/eclipse/mat/query/IResultPie;Z)Lorg/eclipse/birt/chart/model/Chart;" type="org.eclipse.mat.impl.chart.ChartBuilder"/>
            <reference linenumber="149" member="create" origin="org.eclipse.mat.impl.chart.ChartBuilder.create(IResultPie, boolean)" signature="(Lorg/eclipse/mat/query/IResultPie;Z)Lorg/eclipse/birt/chart/model/Chart;" type="org.eclipse.mat.impl.chart.ChartBuilder"/>
        </reference_kind>
    </target>
    <target member="getTitle" name="org.eclipse.birt.chart.model.Chart.getTitle()" signature="()Lorg/eclipse/birt/chart/model/layout/TitleBlock;" type="org.eclipse.birt.chart.model.Chart">
        <reference_kind flags="0" kind="512" reference_kind_name="INTERFACE_METHOD">
            <reference linenumber="81" member="create" origin="org.eclipse.mat.impl.chart.ChartBuilder.create(IResultPie, boolean)" signature="(Lorg/eclipse/mat/query/IResultPie;Z)Lorg/eclipse/birt/chart/model/Chart;" type="org.eclipse.mat.impl.chart.ChartBuilder"/>
        </reference_kind>
    </target>
    <target member="setBackground" name="org.eclipse.birt.chart.model.component.Label.setBackground(Fill)" signature="(Lorg/eclipse/birt/chart/model/attribute/Fill;)V" type="org.eclipse.birt.chart.model.component.Label">
        <reference_kind flags="0" kind="512" reference_kind_name="INTERFACE_METHOD">
            <reference linenumber="27" member="beforeDrawDataPointLabel" origin="org.eclipse.mat.impl.chart.StorageUnitRenderScript.beforeDrawDataPointLabel(DataPointHints, Label, IChartScriptContext)" signature="(Lorg/eclipse/birt/chart/computation/DataPointHints;Lorg/eclipse/birt/chart/model/component/Label;Lorg/eclipse/birt/chart/script/IChartScriptContext;)V" type="org.eclipse.mat.impl.chart.StorageUnitRenderScript"/>
            <reference linenumber="29" member="beforeDrawDataPointLabel" origin="org.eclipse.mat.impl.chart.LabelRenderScript.beforeDrawDataPointLabel(DataPointHints, Label, IChartScriptContext)" signature="(Lorg/eclipse/birt/chart/computation/DataPointHints;Lorg/eclipse/birt/chart/model/component/Label;Lorg/eclipse/birt/chart/script/IChartScriptContext;)V" type="org.eclipse.mat.impl.chart.LabelRenderScript"/>
        </reference_kind>
    </target>
    <target member="setSize" name="org.eclipse.birt.chart.model.attribute.FontDefinition.setSize(float)" signature="(F)V" type="org.eclipse.birt.chart.model.attribute.FontDefinition">
        <reference_kind flags="0" kind="512" reference_kind_name="INTERFACE_METHOD">
            <reference linenumber="105" member="create" origin="org.eclipse.mat.impl.chart.ChartBuilder.create(IResultPie, boolean)" signature="(Lorg/eclipse/mat/query/IResultPie;Z)Lorg/eclipse/birt/chart/model/Chart;" type="org.eclipse.mat.impl.chart.ChartBuilder"/>
            <reference linenumber="140" member="create" origin="org.eclipse.mat.impl.chart.ChartBuilder.create(IResultPie, boolean)" signature="(Lorg/eclipse/mat/query/IResultPie;Z)Lorg/eclipse/birt/chart/model/Chart;" type="org.eclipse.mat.impl.chart.ChartBuilder"/>
            <reference linenumber="91" member="create" origin="org.eclipse.mat.impl.chart.ChartBuilder.create(IResultPie, boolean)" signature="(Lorg/eclipse/mat/query/IResultPie;Z)Lorg/eclipse/birt/chart/model/Chart;" type="org.eclipse.mat.impl.chart.ChartBuilder"/>
        </reference_kind>
    </target>
    <target member="create" name="org.eclipse.birt.chart.model.type.impl.PieSeriesImpl.create()" signature="()Lorg/eclipse/birt/chart/model/component/Series;" type="org.eclipse.birt.chart.model.type.impl.PieSeriesImpl">
        <reference_kind flags="0" kind="128" reference_kind_name="INVOKED_STATIC">
            <reference linenumber="137" member="create" origin="org.eclipse.mat.impl.chart.ChartBuilder.create(IResultPie, boolean)" signature="(Lorg/eclipse/mat/query/IResultPie;Z)Lorg/eclipse/birt/chart/model/Chart;" type="org.eclipse.mat.impl.chart.ChartBuilder"/>
        </reference_kind>
    </target>
    <target member="getBlock" name="org.eclipse.birt.chart.model.Chart.getBlock()" signature="()Lorg/eclipse/birt/chart/model/layout/Block;" type="org.eclipse.birt.chart.model.Chart">
        <reference_kind flags="0" kind="512" reference_kind_name="INTERFACE_METHOD">
            <reference linenumber="111" member="create" origin="org.eclipse.mat.impl.chart.ChartBuilder.create(IResultPie, boolean)" signature="(Lorg/eclipse/mat/query/IResultPie;Z)Lorg/eclipse/birt/chart/model/Chart;" type="org.eclipse.mat.impl.chart.ChartBuilder"/>
        </reference_kind>
    </target>
    <target member="getSeriesDefinitions" name="org.eclipse.birt.chart.model.ChartWithoutAxes.getSeriesDefinitions()" signature="()Lorg/eclipse/emf/common/util/EList;" type="org.eclipse.birt.chart.model.ChartWithoutAxes">
        <reference_kind flags="0" kind="512" reference_kind_name="INTERFACE_METHOD">
            <reference linenumber="120" member="create" origin="org.eclipse.mat.impl.chart.ChartBuilder.create(IResultPie, boolean)" signature="(Lorg/eclipse/mat/query/IResultPie;Z)Lorg/eclipse/birt/chart/model/Chart;" type="org.eclipse.mat.impl.chart.ChartBuilder"/>
        </reference_kind>
    </target>
    <target member="create" name="org.eclipse.birt.chart.model.data.impl.NumberDataSetImpl.create(Object)" signature="(Ljava/lang/Object;)Lorg/eclipse/birt/chart/model/data/NumberDataSet;" type="org.eclipse.birt.chart.model.data.impl.NumberDataSetImpl">
        <reference_kind flags="0" kind="128" reference_kind_name="INVOKED_STATIC">
            <reference linenumber="138" member="create" origin="org.eclipse.mat.impl.chart.ChartBuilder.create(IResultPie, boolean)" signature="(Lorg/eclipse/mat/query/IResultPie;Z)Lorg/eclipse/birt/chart/model/Chart;" type="org.eclipse.mat.impl.chart.ChartBuilder"/>
        </reference_kind>
    </target>
    <target member="create" name="org.eclipse.birt.chart.model.attribute.impl.ColorDefinitionImpl.create(int, int, int)" signature="(III)Lorg/eclipse/birt/chart/model/attribute/ColorDefinition;" type="org.eclipse.birt.chart.model.attribute.impl.ColorDefinitionImpl">
        <reference_kind flags="0" kind="128" reference_kind_name="INVOKED_STATIC">
            <reference linenumber="29" member="beforeDrawDataPointLabel" origin="org.eclipse.mat.impl.chart.LabelRenderScript.beforeDrawDataPointLabel(DataPointHints, Label, IChartScriptContext)" signature="(Lorg/eclipse/birt/chart/computation/DataPointHints;Lorg/eclipse/birt/chart/model/component/Label;Lorg/eclipse/birt/chart/script/IChartScriptContext;)V" type="org.eclipse.mat.impl.chart.LabelRenderScript"/>
            <reference linenumber="135" member="create" origin="org.eclipse.mat.impl.chart.ChartBuilder.create(IResultPie, boolean)" signature="(Lorg/eclipse/mat/query/IResultPie;Z)Lorg/eclipse/birt/chart/model/Chart;" type="org.eclipse.mat.impl.chart.ChartBuilder"/>
            <reference linenumber="27" member="beforeDrawDataPointLabel" origin="org.eclipse.mat.impl.chart.StorageUnitRenderScript.beforeDrawDataPointLabel(DataPointHints, Label, IChartScriptContext)" signature="(Lorg/eclipse/birt/chart/computation/DataPointHints;Lorg/eclipse/birt/chart/model/component/Label;Lorg/eclipse/birt/chart/script/IChartScriptContext;)V" type="org.eclipse.mat.impl.chart.StorageUnitRenderScript"/>
            <reference linenumber="128" member="create" origin="org.eclipse.mat.impl.chart.ChartBuilder.create(IResultPie, boolean)" signature="(Lorg/eclipse/mat/query/IResultPie;Z)Lorg/eclipse/birt/chart/model/Chart;" type="org.eclipse.mat.impl.chart.ChartBuilder"/>
        </reference_kind>
    </target>
    <target member="setScriptClassLoader" name="org.eclipse.birt.chart.factory.RunTimeContext.setScriptClassLoader(IScriptClassLoader)" signature="(Lorg/eclipse/birt/chart/script/IScriptClassLoader;)V" type="org.eclipse.birt.chart.factory.RunTimeContext">
        <reference_kind flags="0" kind="256" reference_kind_name="VIRTUAL_METHOD">
            <reference linenumber="57" member="embedd" origin="org.eclipse.mat.impl.chart.HtmlPieChartRenderer.embedd(IOutputterContext, IResult, Writer)" signature="(Lorg/eclipse/mat/report/IOutputter$Context;Lorg/eclipse/mat/query/IResult;Ljava/io/Writer;)V" type="org.eclipse.mat.impl.chart.HtmlPieChartRenderer"/>
        </reference_kind>
    </target>
    <target member="getClientArea" name="org.eclipse.birt.chart.model.layout.Plot.getClientArea()" signature="()Lorg/eclipse/birt/chart/model/layout/ClientArea;" type="org.eclipse.birt.chart.model.layout.Plot">
        <reference_kind flags="0" kind="512" reference_kind_name="INTERFACE_METHOD">
            <reference linenumber="110" member="create" origin="org.eclipse.mat.impl.chart.ChartBuilder.create(IResultPie, boolean)" signature="(Lorg/eclipse/mat/query/IResultPie;Z)Lorg/eclipse/birt/chart/model/Chart;" type="org.eclipse.mat.impl.chart.ChartBuilder"/>
        </reference_kind>
    </target>
    <target member="getOrthogonalValue" name="org.eclipse.birt.chart.computation.DataPointHints.getOrthogonalValue()" signature="()Ljava/lang/Object;" type="org.eclipse.birt.chart.computation.DataPointHints">
        <reference_kind flags="0" kind="256" reference_kind_name="VIRTUAL_METHOD">
            <reference linenumber="24" member="beforeDrawDataPointLabel" origin="org.eclipse.mat.impl.chart.StorageUnitRenderScript.beforeDrawDataPointLabel(DataPointHints, Label, IChartScriptContext)" signature="(Lorg/eclipse/birt/chart/computation/DataPointHints;Lorg/eclipse/birt/chart/model/component/Label;Lorg/eclipse/birt/chart/script/IChartScriptContext;)V" type="org.eclipse.mat.impl.chart.StorageUnitRenderScript"/>
            <reference linenumber="25" member="beforeDrawDataPointLabel" origin="org.eclipse.mat.impl.chart.LabelRenderScript.beforeDrawDataPointLabel(DataPointHints, Label, IChartScriptContext)" signature="(Lorg/eclipse/birt/chart/computation/DataPointHints;Lorg/eclipse/birt/chart/model/component/Label;Lorg/eclipse/birt/chart/script/IChartScriptContext;)V" type="org.eclipse.mat.impl.chart.LabelRenderScript"/>
        </reference_kind>
    </target>
    <target member="getSeriesDefinitions" name="org.eclipse.birt.chart.model.data.SeriesDefinition.getSeriesDefinitions()" signature="()Lorg/eclipse/emf/common/util/EList;" type="org.eclipse.birt.chart.model.data.SeriesDefinition">
        <reference_kind flags="0" kind="512" reference_kind_name="INTERFACE_METHOD">
            <reference linenumber="155" member="create" origin="org.eclipse.mat.impl.chart.ChartBuilder.create(IResultPie, boolean)" signature="(Lorg/eclipse/mat/query/IResultPie;Z)Lorg/eclipse/birt/chart/model/Chart;" type="org.eclipse.mat.impl.chart.ChartBuilder"/>
        </reference_kind>
    </target>
    <target member="create" name="org.eclipse.birt.chart.model.layout.impl.LabelBlockImpl.create()" signature="()Lorg/eclipse/birt/chart/model/layout/Block;" type="org.eclipse.birt.chart.model.layout.impl.LabelBlockImpl">
        <reference_kind flags="0" kind="128" reference_kind_name="INVOKED_STATIC">
            <reference linenumber="85" member="create" origin="org.eclipse.mat.impl.chart.ChartBuilder.create(IResultPie, boolean)" signature="(Lorg/eclipse/mat/query/IResultPie;Z)Lorg/eclipse/birt/chart/model/Chart;" type="org.eclipse.mat.impl.chart.ChartBuilder"/>
        </reference_kind>
    </target>
    <target member="getDpiResolution" name="org.eclipse.birt.chart.device.IDisplayServer.getDpiResolution()" signature="()I" type="org.eclipse.birt.chart.device.IDisplayServer">
        <reference_kind flags="0" kind="512" reference_kind_name="INTERFACE_METHOD">
            <reference linenumber="53" member="embedd" origin="org.eclipse.mat.impl.chart.HtmlPieChartRenderer.embedd(IOutputterContext, IResult, Writer)" signature="(Lorg/eclipse/mat/report/IOutputter$Context;Lorg/eclipse/mat/query/IResult;Ljava/io/Writer;)V" type="org.eclipse.mat.impl.chart.HtmlPieChartRenderer"/>
        </reference_kind>
    </target>
    <target member="scale" name="org.eclipse.birt.chart.model.attribute.Bounds.scale(double)" signature="(D)V" type="org.eclipse.birt.chart.model.attribute.Bounds">
        <reference_kind flags="0" kind="512" reference_kind_name="INTERFACE_METHOD">
            <reference linenumber="54" member="embedd" origin="org.eclipse.mat.impl.chart.HtmlPieChartRenderer.embedd(IOutputterContext, IResult, Writer)" signature="(Lorg/eclipse/mat/report/IOutputter$Context;Lorg/eclipse/mat/query/IResult;Ljava/io/Writer;)V" type="org.eclipse.mat.impl.chart.HtmlPieChartRenderer"/>
        </reference_kind>
    </target>
    <target member="instance" name="org.eclipse.birt.chart.factory.Generator.instance()" signature="()Lorg/eclipse/birt/chart/factory/Generator;" type="org.eclipse.birt.chart.factory.Generator">
        <reference_kind flags="0" kind="128" reference_kind_name="INVOKED_STATIC">
            <reference linenumber="65" member="embedd" origin="org.eclipse.mat.impl.chart.HtmlPieChartRenderer.embedd(IOutputterContext, IResult, Writer)" signature="(Lorg/eclipse/mat/report/IOutputter$Context;Lorg/eclipse/mat/query/IResult;Ljava/io/Writer;)V" type="org.eclipse.mat.impl.chart.HtmlPieChartRenderer"/>
        </reference_kind>
    </target>
    <target member="setBackground" name="org.eclipse.birt.chart.model.layout.Block.setBackground(Fill)" signature="(Lorg/eclipse/birt/chart/model/attribute/Fill;)V" type="org.eclipse.birt.chart.model.layout.Block">
        <reference_kind flags="0" kind="512" reference_kind_name="INTERFACE_METHOD">
            <reference linenumber="104" member="create" origin="org.eclipse.mat.impl.chart.ChartBuilder.create(IResultPie, boolean)" signature="(Lorg/eclipse/mat/query/IResultPie;Z)Lorg/eclipse/birt/chart/model/Chart;" type="org.eclipse.mat.impl.chart.ChartBuilder"/>
            <reference linenumber="109" member="create" origin="org.eclipse.mat.impl.chart.ChartBuilder.create(IResultPie, boolean)" signature="(Lorg/eclipse/mat/query/IResultPie;Z)Lorg/eclipse/birt/chart/model/Chart;" type="org.eclipse.mat.impl.chart.ChartBuilder"/>
            <reference linenumber="111" member="create" origin="org.eclipse.mat.impl.chart.ChartBuilder.create(IResultPie, boolean)" signature="(Lorg/eclipse/mat/query/IResultPie;Z)Lorg/eclipse/birt/chart/model/Chart;" type="org.eclipse.mat.impl.chart.ChartBuilder"/>
        </reference_kind>
    </target>
    <target member="create" name="org.eclipse.birt.chart.model.data.impl.ActionImpl.create(ActionType, ActionValue)" signature="(Lorg/eclipse/birt/chart/model/attribute/ActionType;Lorg/eclipse/birt/chart/model/attribute/ActionValue;)Lorg/eclipse/birt/chart/model/data/Action;" type="org.eclipse.birt.chart.model.data.impl.ActionImpl">
        <reference_kind flags="0" kind="128" reference_kind_name="INVOKED_STATIC">
            <reference linenumber="146" member="create" origin="org.eclipse.mat.impl.chart.ChartBuilder.create(IResultPie, boolean)" signature="(Lorg/eclipse/mat/query/IResultPie;Z)Lorg/eclipse/birt/chart/model/Chart;" type="org.eclipse.mat.impl.chart.ChartBuilder"/>
            <reference linenumber="150" member="create" origin="org.eclipse.mat.impl.chart.ChartBuilder.create(IResultPie, boolean)" signature="(Lorg/eclipse/mat/query/IResultPie;Z)Lorg/eclipse/birt/chart/model/Chart;" type="org.eclipse.mat.impl.chart.ChartBuilder"/>
        </reference_kind>
    </target>
    <target member="render" name="org.eclipse.birt.chart.factory.Generator.render(IDeviceRenderer, GeneratedChartState)" signature="(Lorg/eclipse/birt/chart/device/IDeviceRenderer;Lorg/eclipse/birt/chart/factory/GeneratedChartState;)V" type="org.eclipse.birt.chart.factory.Generator">
        <reference_kind flags="0" kind="256" reference_kind_name="VIRTUAL_METHOD">
            <reference linenumber="67" member="embedd" origin="org.eclipse.mat.impl.chart.HtmlPieChartRenderer.embedd(IOutputterContext, IResult, Writer)" signature="(Lorg/eclipse/mat/report/IOutputter$Context;Lorg/eclipse/mat/query/IResult;Ljava/io/Writer;)V" type="org.eclipse.mat.impl.chart.HtmlPieChartRenderer"/>
        </reference_kind>
    </target>
    <target member="setProperty" name="org.eclipse.birt.chart.device.IDeviceRenderer.setProperty(String, Object)" signature="(Ljava/lang/String;Ljava/lang/Object;)V" type="org.eclipse.birt.chart.device.IDeviceRenderer">
        <reference_kind flags="0" kind="512" reference_kind_name="INTERFACE_METHOD">
            <reference linenumber="50" member="embedd" origin="org.eclipse.mat.impl.chart.HtmlPieChartRenderer.embedd(IOutputterContext, IResult, Writer)" signature="(Lorg/eclipse/mat/report/IOutputter$Context;Lorg/eclipse/mat/query/IResult;Ljava/io/Writer;)V" type="org.eclipse.mat.impl.chart.HtmlPieChartRenderer"/>
        </reference_kind>
    </target>
    <target member="setBackground" name="org.eclipse.birt.chart.model.layout.ClientArea.setBackground(Fill)" signature="(Lorg/eclipse/birt/chart/model/attribute/Fill;)V" type="org.eclipse.birt.chart.model.layout.ClientArea">
        <reference_kind flags="0" kind="512" reference_kind_name="INTERFACE_METHOD">
            <reference linenumber="110" member="create" origin="org.eclipse.mat.impl.chart.ChartBuilder.create(IResultPie, boolean)" signature="(Lorg/eclipse/mat/query/IResultPie;Z)Lorg/eclipse/birt/chart/model/Chart;" type="org.eclipse.mat.impl.chart.ChartBuilder"/>
        </reference_kind>
    </target>
    <target member="setValue" name="org.eclipse.birt.chart.model.attribute.Text.setValue(String)" signature="(Ljava/lang/String;)V" type="org.eclipse.birt.chart.model.attribute.Text">
        <reference_kind flags="0" kind="512" reference_kind_name="INTERFACE_METHOD">
            <reference linenumber="26" member="beforeDrawDataPointLabel" origin="org.eclipse.mat.impl.chart.StorageUnitRenderScript.beforeDrawDataPointLabel(DataPointHints, Label, IChartScriptContext)" signature="(Lorg/eclipse/birt/chart/computation/DataPointHints;Lorg/eclipse/birt/chart/model/component/Label;Lorg/eclipse/birt/chart/script/IChartScriptContext;)V" type="org.eclipse.mat.impl.chart.StorageUnitRenderScript"/>
            <reference linenumber="28" member="beforeDrawDataPointLabel" origin="org.eclipse.mat.impl.chart.LabelRenderScript.beforeDrawDataPointLabel(DataPointHints, Label, IChartScriptContext)" signature="(Lorg/eclipse/birt/chart/computation/DataPointHints;Lorg/eclipse/birt/chart/model/component/Label;Lorg/eclipse/birt/chart/script/IChartScriptContext;)V" type="org.eclipse.mat.impl.chart.LabelRenderScript"/>
            <reference linenumber="86" member="create" origin="org.eclipse.mat.impl.chart.ChartBuilder.create(IResultPie, boolean)" signature="(Lorg/eclipse/mat/query/IResultPie;Z)Lorg/eclipse/birt/chart/model/Chart;" type="org.eclipse.mat.impl.chart.ChartBuilder"/>
        </reference_kind>
    </target>
    <target member="create" name="org.eclipse.birt.chart.model.data.impl.TextDataSetImpl.create(Object)" signature="(Ljava/lang/Object;)Lorg/eclipse/birt/chart/model/data/TextDataSet;" type="org.eclipse.birt.chart.model.data.impl.TextDataSetImpl">
        <reference_kind flags="0" kind="128" reference_kind_name="INVOKED_STATIC">
            <reference linenumber="114" member="create" origin="org.eclipse.mat.impl.chart.ChartBuilder.create(IResultPie, boolean)" signature="(Lorg/eclipse/mat/query/IResultPie;Z)Lorg/eclipse/birt/chart/model/Chart;" type="org.eclipse.mat.impl.chart.ChartBuilder"/>
        </reference_kind>
    </target>
    <target member="getIndex" name="org.eclipse.birt.chart.computation.DataPointHints.getIndex()" signature="()I" type="org.eclipse.birt.chart.computation.DataPointHints">
        <reference_kind flags="0" kind="256" reference_kind_name="VIRTUAL_METHOD">
            <reference linenumber="27" member="beforeDrawDataPointLabel" origin="org.eclipse.mat.impl.chart.LabelRenderScript.beforeDrawDataPointLabel(DataPointHints, Label, IChartScriptContext)" signature="(Lorg/eclipse/birt/chart/computation/DataPointHints;Lorg/eclipse/birt/chart/model/component/Label;Lorg/eclipse/birt/chart/script/IChartScriptContext;)V" type="org.eclipse.mat.impl.chart.LabelRenderScript"/>
        </reference_kind>
    </target>
    <target member="create" name="org.eclipse.birt.chart.model.component.impl.SeriesImpl.create()" signature="()Lorg/eclipse/birt/chart/model/component/Series;" type="org.eclipse.birt.chart.model.component.impl.SeriesImpl">
        <reference_kind flags="0" kind="128" reference_kind_name="INVOKED_STATIC">
            <reference linenumber="113" member="create" origin="org.eclipse.mat.impl.chart.ChartBuilder.create(IResultPie, boolean)" signature="(Lorg/eclipse/mat/query/IResultPie;Z)Lorg/eclipse/birt/chart/model/Chart;" type="org.eclipse.mat.impl.chart.ChartBuilder"/>
        </reference_kind>
    </target>
    <target member="setVisible" name="org.eclipse.birt.chart.model.layout.Block.setVisible(boolean)" signature="(Z)V" type="org.eclipse.birt.chart.model.layout.Block">
        <reference_kind flags="0" kind="512" reference_kind_name="INTERFACE_METHOD">
            <reference linenumber="99" member="create" origin="org.eclipse.mat.impl.chart.ChartBuilder.create(IResultPie, boolean)" signature="(Lorg/eclipse/mat/query/IResultPie;Z)Lorg/eclipse/birt/chart/model/Chart;" type="org.eclipse.mat.impl.chart.ChartBuilder"/>
            <reference linenumber="81" member="create" origin="org.eclipse.mat.impl.chart.ChartBuilder.create(IResultPie, boolean)" signature="(Lorg/eclipse/mat/query/IResultPie;Z)Lorg/eclipse/birt/chart/model/Chart;" type="org.eclipse.mat.impl.chart.ChartBuilder"/>
            <reference linenumber="103" member="create" origin="org.eclipse.mat.impl.chart.ChartBuilder.create(IResultPie, boolean)" signature="(Lorg/eclipse/mat/query/IResultPie;Z)Lorg/eclipse/birt/chart/model/Chart;" type="org.eclipse.mat.impl.chart.ChartBuilder"/>
        </reference_kind>
    </target>
    <target member="WHITE" name="org.eclipse.birt.chart.model.attribute.impl.ColorDefinitionImpl.WHITE()" signature="()Lorg/eclipse/birt/chart/model/attribute/ColorDefinition;" type="org.eclipse.birt.chart.model.attribute.impl.ColorDefinitionImpl">
        <reference_kind flags="0" kind="128" reference_kind_name="INVOKED_STATIC">
            <reference linenumber="111" member="create" origin="org.eclipse.mat.impl.chart.ChartBuilder.create(IResultPie, boolean)" signature="(Lorg/eclipse/mat/query/IResultPie;Z)Lorg/eclipse/birt/chart/model/Chart;" type="org.eclipse.mat.impl.chart.ChartBuilder"/>
            <reference linenumber="109" member="create" origin="org.eclipse.mat.impl.chart.ChartBuilder.create(IResultPie, boolean)" signature="(Lorg/eclipse/mat/query/IResultPie;Z)Lorg/eclipse/birt/chart/model/Chart;" type="org.eclipse.mat.impl.chart.ChartBuilder"/>
            <reference linenumber="110" member="create" origin="org.eclipse.mat.impl.chart.ChartBuilder.create(IResultPie, boolean)" signature="(Lorg/eclipse/mat/query/IResultPie;Z)Lorg/eclipse/birt/chart/model/Chart;" type="org.eclipse.mat.impl.chart.ChartBuilder"/>
            <reference linenumber="104" member="create" origin="org.eclipse.mat.impl.chart.ChartBuilder.create(IResultPie, boolean)" signature="(Lorg/eclipse/mat/query/IResultPie;Z)Lorg/eclipse/birt/chart/model/Chart;" type="org.eclipse.mat.impl.chart.ChartBuilder"/>
        </reference_kind>
    </target>
    <target member="&lt;init&gt;" name="org.eclipse.birt.chart.factory.RunTimeContext.RunTimeContext()" signature="()V" type="org.eclipse.birt.chart.factory.RunTimeContext">
        <reference_kind flags="0" kind="64" reference_kind_name="CONSTRUCTOR_METHOD">
            <reference linenumber="56" member="embedd" origin="org.eclipse.mat.impl.chart.HtmlPieChartRenderer.embedd(IOutputterContext, IResult, Writer)" signature="(Lorg/eclipse/mat/report/IOutputter$Context;Lorg/eclipse/mat/query/IResult;Ljava/io/Writer;)V" type="org.eclipse.mat.impl.chart.HtmlPieChartRenderer"/>
        </reference_kind>
    </target>
    <target member="getPlot" name="org.eclipse.birt.chart.model.Chart.getPlot()" signature="()Lorg/eclipse/birt/chart/model/layout/Plot;" type="org.eclipse.birt.chart.model.Chart">
        <reference_kind flags="0" kind="512" reference_kind_name="INTERFACE_METHOD">
            <reference linenumber="108" member="create" origin="org.eclipse.mat.impl.chart.ChartBuilder.create(IResultPie, boolean)" signature="(Lorg/eclipse/mat/query/IResultPie;Z)Lorg/eclipse/birt/chart/model/Chart;" type="org.eclipse.mat.impl.chart.ChartBuilder"/>
            <reference linenumber="94" member="create" origin="org.eclipse.mat.impl.chart.ChartBuilder.create(IResultPie, boolean)" signature="(Lorg/eclipse/mat/query/IResultPie;Z)Lorg/eclipse/birt/chart/model/Chart;" type="org.eclipse.mat.impl.chart.ChartBuilder"/>
        </reference_kind>
    </target>
    <target member="setDataSet" name="org.eclipse.birt.chart.model.component.Series.setDataSet(DataSet)" signature="(Lorg/eclipse/birt/chart/model/data/DataSet;)V" type="org.eclipse.birt.chart.model.component.Series">
        <reference_kind flags="0" kind="512" reference_kind_name="INTERFACE_METHOD">
            <reference linenumber="138" member="create" origin="org.eclipse.mat.impl.chart.ChartBuilder.create(IResultPie, boolean)" signature="(Lorg/eclipse/mat/query/IResultPie;Z)Lorg/eclipse/birt/chart/model/Chart;" type="org.eclipse.mat.impl.chart.ChartBuilder"/>
            <reference linenumber="114" member="create" origin="org.eclipse.mat.impl.chart.ChartBuilder.create(IResultPie, boolean)" signature="(Lorg/eclipse/mat/query/IResultPie;Z)Lorg/eclipse/birt/chart/model/Chart;" type="org.eclipse.mat.impl.chart.ChartBuilder"/>
        </reference_kind>
    </target>
    <target member="getFont" name="org.eclipse.birt.chart.model.attribute.Text.getFont()" signature="()Lorg/eclipse/birt/chart/model/attribute/FontDefinition;" type="org.eclipse.birt.chart.model.attribute.Text">
        <reference_kind flags="0" kind="512" reference_kind_name="INTERFACE_METHOD">
            <reference linenumber="92" member="create" origin="org.eclipse.mat.impl.chart.ChartBuilder.create(IResultPie, boolean)" signature="(Lorg/eclipse/mat/query/IResultPie;Z)Lorg/eclipse/birt/chart/model/Chart;" type="org.eclipse.mat.impl.chart.ChartBuilder"/>
            <reference linenumber="91" member="create" origin="org.eclipse.mat.impl.chart.ChartBuilder.create(IResultPie, boolean)" signature="(Lorg/eclipse/mat/query/IResultPie;Z)Lorg/eclipse/birt/chart/model/Chart;" type="org.eclipse.mat.impl.chart.ChartBuilder"/>
            <reference linenumber="140" member="create" origin="org.eclipse.mat.impl.chart.ChartBuilder.create(IResultPie, boolean)" signature="(Lorg/eclipse/mat/query/IResultPie;Z)Lorg/eclipse/birt/chart/model/Chart;" type="org.eclipse.mat.impl.chart.ChartBuilder"/>
            <reference linenumber="105" member="create" origin="org.eclipse.mat.impl.chart.ChartBuilder.create(IResultPie, boolean)" signature="(Lorg/eclipse/mat/query/IResultPie;Z)Lorg/eclipse/birt/chart/model/Chart;" type="org.eclipse.mat.impl.chart.ChartBuilder"/>
        </reference_kind>
    </target>
    <target member="create" name="org.eclipse.birt.chart.model.data.impl.TriggerImpl.create(TriggerCondition, Action)" signature="(Lorg/eclipse/birt/chart/model/attribute/TriggerCondition;Lorg/eclipse/birt/chart/model/data/Action;)Lorg/eclipse/birt/chart/model/data/Trigger;" type="org.eclipse.birt.chart.model.data.impl.TriggerImpl">
        <reference_kind flags="0" kind="128" reference_kind_name="INVOKED_STATIC">
            <reference linenumber="150" member="create" origin="org.eclipse.mat.impl.chart.ChartBuilder.create(IResultPie, boolean)" signature="(Lorg/eclipse/mat/query/IResultPie;Z)Lorg/eclipse/birt/chart/model/Chart;" type="org.eclipse.mat.impl.chart.ChartBuilder"/>
            <reference linenumber="146" member="create" origin="org.eclipse.mat.impl.chart.ChartBuilder.create(IResultPie, boolean)" signature="(Lorg/eclipse/mat/query/IResultPie;Z)Lorg/eclipse/birt/chart/model/Chart;" type="org.eclipse.mat.impl.chart.ChartBuilder"/>
        </reference_kind>
    </target>
    <target member="create" name="org.eclipse.birt.chart.model.impl.ChartWithoutAxesImpl.create()" signature="()Lorg/eclipse/birt/chart/model/ChartWithoutAxes;" type="org.eclipse.birt.chart.model.impl.ChartWithoutAxesImpl">
        <reference_kind flags="0" kind="128" reference_kind_name="INVOKED_STATIC">
            <reference linenumber="74" member="create" origin="org.eclipse.mat.impl.chart.ChartBuilder.create(IResultPie, boolean)" signature="(Lorg/eclipse/mat/query/IResultPie;Z)Lorg/eclipse/birt/chart/model/Chart;" type="org.eclipse.mat.impl.chart.ChartBuilder"/>
        </reference_kind>
    </target>
    <target member="getLabel" name="org.eclipse.birt.chart.model.layout.LabelBlock.getLabel()" signature="()Lorg/eclipse/birt/chart/model/component/Label;" type="org.eclipse.birt.chart.model.layout.LabelBlock">
        <reference_kind flags="0" kind="512" reference_kind_name="INTERFACE_METHOD">
            <reference linenumber="86" member="create" origin="org.eclipse.mat.impl.chart.ChartBuilder.create(IResultPie, boolean)" signature="(Lorg/eclipse/mat/query/IResultPie;Z)Lorg/eclipse/birt/chart/model/Chart;" type="org.eclipse.mat.impl.chart.ChartBuilder"/>
            <reference linenumber="92" member="create" origin="org.eclipse.mat.impl.chart.ChartBuilder.create(IResultPie, boolean)" signature="(Lorg/eclipse/mat/query/IResultPie;Z)Lorg/eclipse/birt/chart/model/Chart;" type="org.eclipse.mat.impl.chart.ChartBuilder"/>
            <reference linenumber="91" member="create" origin="org.eclipse.mat.impl.chart.ChartBuilder.create(IResultPie, boolean)" signature="(Lorg/eclipse/mat/query/IResultPie;Z)Lorg/eclipse/birt/chart/model/Chart;" type="org.eclipse.mat.impl.chart.ChartBuilder"/>
        </reference_kind>
    </target>
    <target member="create" name="org.eclipse.birt.chart.model.attribute.impl.CallBackValueImpl.create(String)" signature="(Ljava/lang/String;)Lorg/eclipse/birt/chart/model/attribute/CallBackValue;" type="org.eclipse.birt.chart.model.attribute.impl.CallBackValueImpl">
        <reference_kind flags="0" kind="128" reference_kind_name="INVOKED_STATIC">
            <reference linenumber="151" member="create" origin="org.eclipse.mat.impl.chart.ChartBuilder.create(IResultPie, boolean)" signature="(Lorg/eclipse/mat/query/IResultPie;Z)Lorg/eclipse/birt/chart/model/Chart;" type="org.eclipse.mat.impl.chart.ChartBuilder"/>
            <reference linenumber="147" member="create" origin="org.eclipse.mat.impl.chart.ChartBuilder.create(IResultPie, boolean)" signature="(Lorg/eclipse/mat/query/IResultPie;Z)Lorg/eclipse/birt/chart/model/Chart;" type="org.eclipse.mat.impl.chart.ChartBuilder"/>
        </reference_kind>
    </target>
    <target member="create" name="org.eclipse.birt.chart.model.data.impl.SeriesDefinitionImpl.create()" signature="()Lorg/eclipse/birt/chart/model/data/SeriesDefinition;" type="org.eclipse.birt.chart.model.data.impl.SeriesDefinitionImpl">
        <reference_kind flags="0" kind="128" reference_kind_name="INVOKED_STATIC">
            <reference linenumber="154" member="create" origin="org.eclipse.mat.impl.chart.ChartBuilder.create(IResultPie, boolean)" signature="(Lorg/eclipse/mat/query/IResultPie;Z)Lorg/eclipse/birt/chart/model/Chart;" type="org.eclipse.mat.impl.chart.ChartBuilder"/>
            <reference linenumber="117" member="create" origin="org.eclipse.mat.impl.chart.ChartBuilder.create(IResultPie, boolean)" signature="(Lorg/eclipse/mat/query/IResultPie;Z)Lorg/eclipse/birt/chart/model/Chart;" type="org.eclipse.mat.impl.chart.ChartBuilder"/>
        </reference_kind>
    </target>
    <target member="instance" name="org.eclipse.birt.chart.util.PluginSettings.instance()" signature="()Lorg/eclipse/birt/chart/util/PluginSettings;" type="org.eclipse.birt.chart.util.PluginSettings">
        <reference_kind flags="0" kind="128" reference_kind_name="INVOKED_STATIC">
            <reference linenumber="48" member="embedd" origin="org.eclipse.mat.impl.chart.HtmlPieChartRenderer.embedd(IOutputterContext, IResult, Writer)" signature="(Lorg/eclipse/mat/report/IOutputter$Context;Lorg/eclipse/mat/query/IResult;Ljava/io/Writer;)V" type="org.eclipse.mat.impl.chart.HtmlPieChartRenderer"/>
        </reference_kind>
    </target>
    <target member="&lt;init&gt;" name="org.eclipse.birt.chart.script.ChartEventHandlerAdapter.ChartEventHandlerAdapter()" signature="()V" type="org.eclipse.birt.chart.script.ChartEventHandlerAdapter">
        <reference_kind flags="0" kind="268435456" reference_kind_name="OVERRIDE">
            <reference linenumber="-1" member="&lt;init&gt;" origin="org.eclipse.mat.impl.chart.StorageUnitRenderScript.StorageUnitRenderScript()" signature="()V" type="org.eclipse.mat.impl.chart.StorageUnitRenderScript"/>
            <reference linenumber="-1" member="&lt;init&gt;" origin="org.eclipse.mat.impl.chart.LabelRenderScript.LabelRenderScript()" signature="()V" type="org.eclipse.mat.impl.chart.LabelRenderScript"/>
        </reference_kind>
        <reference_kind flags="0" kind="536870912" reference_kind_name="SUPER_CONSTRUCTORMETHOD">
            <reference linenumber="20" member="&lt;init&gt;" origin="org.eclipse.mat.impl.chart.StorageUnitRenderScript.StorageUnitRenderScript()" signature="()V" type="org.eclipse.mat.impl.chart.StorageUnitRenderScript"/>
            <reference linenumber="20" member="&lt;init&gt;" origin="org.eclipse.mat.impl.chart.LabelRenderScript.LabelRenderScript()" signature="()V" type="org.eclipse.mat.impl.chart.LabelRenderScript"/>
        </reference_kind>
    </target>
    <target member="getCaption" name="org.eclipse.birt.chart.model.component.Label.getCaption()" signature="()Lorg/eclipse/birt/chart/model/attribute/Text;" type="org.eclipse.birt.chart.model.component.Label">
        <reference_kind flags="0" kind="512" reference_kind_name="INTERFACE_METHOD">
            <reference linenumber="140" member="create" origin="org.eclipse.mat.impl.chart.ChartBuilder.create(IResultPie, boolean)" signature="(Lorg/eclipse/mat/query/IResultPie;Z)Lorg/eclipse/birt/chart/model/Chart;" type="org.eclipse.mat.impl.chart.ChartBuilder"/>
            <reference linenumber="92" member="create" origin="org.eclipse.mat.impl.chart.ChartBuilder.create(IResultPie, boolean)" signature="(Lorg/eclipse/mat/query/IResultPie;Z)Lorg/eclipse/birt/chart/model/Chart;" type="org.eclipse.mat.impl.chart.ChartBuilder"/>
            <reference linenumber="26" member="beforeDrawDataPointLabel" origin="org.eclipse.mat.impl.chart.StorageUnitRenderScript.beforeDrawDataPointLabel(DataPointHints, Label, IChartScriptContext)" signature="(Lorg/eclipse/birt/chart/computation/DataPointHints;Lorg/eclipse/birt/chart/model/component/Label;Lorg/eclipse/birt/chart/script/IChartScriptContext;)V" type="org.eclipse.mat.impl.chart.StorageUnitRenderScript"/>
            <reference linenumber="28" member="beforeDrawDataPointLabel" origin="org.eclipse.mat.impl.chart.LabelRenderScript.beforeDrawDataPointLabel(DataPointHints, Label, IChartScriptContext)" signature="(Lorg/eclipse/birt/chart/computation/DataPointHints;Lorg/eclipse/birt/chart/model/component/Label;Lorg/eclipse/birt/chart/script/IChartScriptContext;)V" type="org.eclipse.mat.impl.chart.LabelRenderScript"/>
            <reference linenumber="91" member="create" origin="org.eclipse.mat.impl.chart.ChartBuilder.create(IResultPie, boolean)" signature="(Lorg/eclipse/mat/query/IResultPie;Z)Lorg/eclipse/birt/chart/model/Chart;" type="org.eclipse.mat.impl.chart.ChartBuilder"/>
            <reference linenumber="86" member="create" origin="org.eclipse.mat.impl.chart.ChartBuilder.create(IResultPie, boolean)" signature="(Lorg/eclipse/mat/query/IResultPie;Z)Lorg/eclipse/birt/chart/model/Chart;" type="org.eclipse.mat.impl.chart.ChartBuilder"/>
        </reference_kind>
    </target>
    <target member="getText" name="org.eclipse.birt.chart.model.layout.Legend.getText()" signature="()Lorg/eclipse/birt/chart/model/attribute/Text;" type="org.eclipse.birt.chart.model.layout.Legend">
        <reference_kind flags="0" kind="512" reference_kind_name="INTERFACE_METHOD">
            <reference linenumber="105" member="create" origin="org.eclipse.mat.impl.chart.ChartBuilder.create(IResultPie, boolean)" signature="(Lorg/eclipse/mat/query/IResultPie;Z)Lorg/eclipse/birt/chart/model/Chart;" type="org.eclipse.mat.impl.chart.ChartBuilder"/>
        </reference_kind>
    </target>
    <target member="getDisplayServer" name="org.eclipse.birt.chart.device.IDeviceRenderer.getDisplayServer()" signature="()Lorg/eclipse/birt/chart/device/IDisplayServer;" type="org.eclipse.birt.chart.device.IDeviceRenderer">
        <reference_kind flags="0" kind="512" reference_kind_name="INTERFACE_METHOD">
            <reference linenumber="66" member="embedd" origin="org.eclipse.mat.impl.chart.HtmlPieChartRenderer.embedd(IOutputterContext, IResult, Writer)" signature="(Lorg/eclipse/mat/report/IOutputter$Context;Lorg/eclipse/mat/query/IResult;Ljava/io/Writer;)V" type="org.eclipse.mat.impl.chart.HtmlPieChartRenderer"/>
            <reference linenumber="53" member="embedd" origin="org.eclipse.mat.impl.chart.HtmlPieChartRenderer.embedd(IOutputterContext, IResult, Writer)" signature="(Lorg/eclipse/mat/report/IOutputter$Context;Lorg/eclipse/mat/query/IResult;Ljava/io/Writer;)V" type="org.eclipse.mat.impl.chart.HtmlPieChartRenderer"/>
        </reference_kind>
    </target>
    <target member="setLabelPosition" name="org.eclipse.birt.chart.model.component.Series.setLabelPosition(Position)" signature="(Lorg/eclipse/birt/chart/model/attribute/Position;)V" type="org.eclipse.birt.chart.model.component.Series">
        <reference_kind flags="0" kind="512" reference_kind_name="INTERFACE_METHOD">
            <reference linenumber="139" member="create" origin="org.eclipse.mat.impl.chart.ChartBuilder.create(IResultPie, boolean)" signature="(Lorg/eclipse/mat/query/IResultPie;Z)Lorg/eclipse/birt/chart/model/Chart;" type="org.eclipse.mat.impl.chart.ChartBuilder"/>
        </reference_kind>
    </target>
    <target member="build" name="org.eclipse.birt.chart.factory.Generator.build(IDisplayServer, Chart, Bounds, IExternalContext, RunTimeContext, IStyleProcessor)" signature="(Lorg/eclipse/birt/chart/device/IDisplayServer;Lorg/eclipse/birt/chart/model/Chart;Lorg/eclipse/birt/chart/model/attribute/Bounds;Lorg/eclipse/birt/chart/script/IExternalContext;Lorg/eclipse/birt/chart/factory/RunTimeContext;Lorg/eclipse/birt/chart/style/IStyleProcessor;)Lorg/eclipse/birt/chart/factory/GeneratedChartState;" type="org.eclipse.birt.chart.factory.Generator">
        <reference_kind flags="0" kind="256" reference_kind_name="VIRTUAL_METHOD">
            <reference linenumber="66" member="embedd" origin="org.eclipse.mat.impl.chart.HtmlPieChartRenderer.embedd(IOutputterContext, IResult, Writer)" signature="(Lorg/eclipse/mat/report/IOutputter$Context;Lorg/eclipse/mat/query/IResult;Ljava/io/Writer;)V" type="org.eclipse.mat.impl.chart.HtmlPieChartRenderer"/>
        </reference_kind>
    </target>
    <target member="setScript" name="org.eclipse.birt.chart.model.Chart.setScript(String)" signature="(Ljava/lang/String;)V" type="org.eclipse.birt.chart.model.Chart">
        <reference_kind flags="0" kind="512" reference_kind_name="INTERFACE_METHOD">
            <reference linenumber="78" member="create" origin="org.eclipse.mat.impl.chart.ChartBuilder.create(IResultPie, boolean)" signature="(Lorg/eclipse/mat/query/IResultPie;Z)Lorg/eclipse/birt/chart/model/Chart;" type="org.eclipse.mat.impl.chart.ChartBuilder"/>
            <reference linenumber="76" member="create" origin="org.eclipse.mat.impl.chart.ChartBuilder.create(IResultPie, boolean)" signature="(Lorg/eclipse/mat/query/IResultPie;Z)Lorg/eclipse/birt/chart/model/Chart;" type="org.eclipse.mat.impl.chart.ChartBuilder"/>
        </reference_kind>
    </target>
    <target member="setBold" name="org.eclipse.birt.chart.model.attribute.FontDefinition.setBold(boolean)" signature="(Z)V" type="org.eclipse.birt.chart.model.attribute.FontDefinition">
        <reference_kind flags="0" kind="512" reference_kind_name="INTERFACE_METHOD">
            <reference linenumber="92" member="create" origin="org.eclipse.mat.impl.chart.ChartBuilder.create(IResultPie, boolean)" signature="(Lorg/eclipse/mat/query/IResultPie;Z)Lorg/eclipse/birt/chart/model/Chart;" type="org.eclipse.mat.impl.chart.ChartBuilder"/>
        </reference_kind>
    </target>
    <target member="getLabel" name="org.eclipse.birt.chart.model.component.Series.getLabel()" signature="()Lorg/eclipse/birt/chart/model/component/Label;" type="org.eclipse.birt.chart.model.component.Series">
        <reference_kind flags="0" kind="512" reference_kind_name="INTERFACE_METHOD">
            <reference linenumber="140" member="create" origin="org.eclipse.mat.impl.chart.ChartBuilder.create(IResultPie, boolean)" signature="(Lorg/eclipse/mat/query/IResultPie;Z)Lorg/eclipse/birt/chart/model/Chart;" type="org.eclipse.mat.impl.chart.ChartBuilder"/>
        </reference_kind>
    </target>
</references>
