<?xml version="1.0" encoding="UTF-8" standalone="no"?>
<references name="Fields" origin="org.eclipse.actf.util.win32 (0.7.2.R201002031025)" referee="org.eclipse.actf.util.win32.comclutch (0.7.2.R201002031025)" reference_count="2" reference_visibility="1">
    <target member="IID_IServiceProvider" name="org.eclipse.actf.util.win32.comclutch.IUnknown.IID_IServiceProvider" type="org.eclipse.actf.util.win32.comclutch.IUnknown">
        <reference_kind flags="0" kind="2048" reference_kind_name="GETS_STATIC_FIELD">
            <reference linenumber="-1" member="getFlashMSAAObjectFromElement" origin="org.eclipse.actf.util.win32.FlashMSAAObjectFactory.getFlashMSAAObjectFromElement(IUnknown)" signature="(Lorg/eclipse/actf/util/win32/comclutch/IUnknown;)Lorg/eclipse/actf/util/win32/FlashMSAAObject;" type="org.eclipse.actf.util.win32.FlashMSAAObjectFactory"/>
        </reference_kind>
    </target>
    <target member="IID_IAccessible" name="org.eclipse.actf.util.win32.comclutch.IUnknown.IID_IAccessible" type="org.eclipse.actf.util.win32.comclutch.IUnknown">
        <reference_kind flags="0" kind="2048" reference_kind_name="GETS_STATIC_FIELD">
            <reference linenumber="-1" member="getFlashMSAAObjectFromElement" origin="org.eclipse.actf.util.win32.FlashMSAAObjectFactory.getFlashMSAAObjectFromElement(IUnknown)" signature="(Lorg/eclipse/actf/util/win32/comclutch/IUnknown;)Lorg/eclipse/actf/util/win32/FlashMSAAObject;" type="org.eclipse.actf.util.win32.FlashMSAAObjectFactory"/>
        </reference_kind>
    </target>
</references>
