<?xml version="1.0" encoding="UTF-8" standalone="no"?>
<references name="Types" origin="org.eclipse.actf.util.win32 (0.7.2.R201002031025)" referee="org.eclipse.actf.util.win32.comclutch (0.7.2.R201002031025)" reference_count="8" reference_visibility="1">
    <target name="org.eclipse.actf.util.win32.comclutch.IServiceProvider" type="org.eclipse.actf.util.win32.comclutch.IServiceProvider">
        <reference_kind flags="0" kind="262144" reference_kind_name="CASTS">
            <reference linenumber="-1" member="getFlashMSAAObjectFromElement" origin="org.eclipse.actf.util.win32.FlashMSAAObjectFactory.getFlashMSAAObjectFromElement(IUnknown)" signature="(Lorg/eclipse/actf/util/win32/comclutch/IUnknown;)Lorg/eclipse/actf/util/win32/FlashMSAAObject;" type="org.eclipse.actf.util.win32.FlashMSAAObjectFactory"/>
        </reference_kind>
    </target>
    <target name="org.eclipse.actf.util.win32.msaa.IAccessible" type="org.eclipse.actf.util.win32.msaa.IAccessible">
        <reference_kind flags="0" kind="8" reference_kind_name="RETURN_TYPE">
            <reference linenumber="-1" member="getIAccessible" origin="org.eclipse.actf.util.win32.FlashMSAAObject.getIAccessible()" signature="()Lorg/eclipse/actf/util/win32/msaa/IAccessible;" type="org.eclipse.actf.util.win32.FlashMSAAObject"/>
        </reference_kind>
        <reference_kind flags="0" kind="16" reference_kind_name="PARAMETER">
            <reference linenumber="-1" member="&lt;init&gt;" origin="org.eclipse.actf.util.win32.FlashMSAAObject.FlashMSAAObject(IAccessible)" signature="(Lorg/eclipse/actf/util/win32/msaa/IAccessible;)V" type="org.eclipse.actf.util.win32.FlashMSAAObject"/>
        </reference_kind>
        <reference_kind flags="0" kind="4" reference_kind_name="DECLARED_FIELD">
            <reference linenumber="-1" member="iacc" origin="org.eclipse.actf.util.win32.FlashMSAAObject.iacc" type="org.eclipse.actf.util.win32.FlashMSAAObject"/>
        </reference_kind>
    </target>
    <target name="org.eclipse.actf.util.win32.comclutch.IDispatch" type="org.eclipse.actf.util.win32.comclutch.IDispatch">
        <reference_kind flags="0" kind="262144" reference_kind_name="CASTS">
            <reference linenumber="-1" member="getChildren" origin="org.eclipse.actf.util.win32.FlashMSAAObject.getChildren()" signature="()[Lorg/eclipse/actf/util/win32/FlashMSAAObject;" type="org.eclipse.actf.util.win32.FlashMSAAObject"/>
        </reference_kind>
        <reference_kind flags="0" kind="524288" reference_kind_name="INSTANCEOF">
            <reference linenumber="-1" member="getChildren" origin="org.eclipse.actf.util.win32.FlashMSAAObject.getChildren()" signature="()[Lorg/eclipse/actf/util/win32/FlashMSAAObject;" type="org.eclipse.actf.util.win32.FlashMSAAObject"/>
        </reference_kind>
    </target>
    <target name="org.eclipse.actf.util.win32.comclutch.ResourceManager" type="org.eclipse.actf.util.win32.comclutch.ResourceManager">
        <reference_kind flags="0" kind="4" reference_kind_name="DECLARED_FIELD">
            <reference linenumber="-1" member="resouceManager" origin="org.eclipse.actf.util.win32.FlashMSAAObjectFactory.resouceManager" type="org.eclipse.actf.util.win32.FlashMSAAObjectFactory"/>
        </reference_kind>
    </target>
    <target name="org.eclipse.actf.util.win32.comclutch.IUnknown" type="org.eclipse.actf.util.win32.comclutch.IUnknown">
        <reference_kind flags="0" kind="16" reference_kind_name="PARAMETER">
            <reference linenumber="-1" member="getFlashMSAAObjectFromElement" origin="org.eclipse.actf.util.win32.FlashMSAAObjectFactory.getFlashMSAAObjectFromElement(IUnknown)" signature="(Lorg/eclipse/actf/util/win32/comclutch/IUnknown;)Lorg/eclipse/actf/util/win32/FlashMSAAObject;" type="org.eclipse.actf.util.win32.FlashMSAAObjectFactory"/>
        </reference_kind>
    </target>
</references>
