<?xml version="1.0" encoding="UTF-8" standalone="no"?>
<references name="Types" origin="org.eclipse.birt.chart.reportitem.ui (2.5.2.v20100210)" referee="org.eclipse.birt.core (2.5.2.v20100208)" reference_count="70" reference_visibility="1">
    <target name="org.eclipse.birt.core.data.IColumnBinding" type="org.eclipse.birt.core.data.IColumnBinding">
        <reference_kind flags="0" kind="262144" reference_kind_name="CASTS">
            <reference linenumber="234" member="getLevelNamesInDimension" origin="org.eclipse.birt.chart.reportitem.ui.ChartXTabUIUtil.getLevelNamesInDimension(String, CubeHandle, boolean, boolean)" signature="(Ljava/lang/String;Lorg/eclipse/birt/report/model/api/olap/CubeHandle;ZZ)Ljava/util/List;" type="org.eclipse.birt.chart.reportitem.ui.ChartXTabUIUtil"/>
            <reference linenumber="456" member="isCommonBinding" origin="org.eclipse.birt.chart.reportitem.ui.ReportDataServiceProvider.isCommonBinding(ComputedColumnHandle, Map)" signature="(Lorg/eclipse/birt/report/model/api/ComputedColumnHandle;Ljava/util/Map;)Z" type="org.eclipse.birt.chart.reportitem.ui.ReportDataServiceProvider"/>
        </reference_kind>
        <reference_kind flags="0" kind="16777216" reference_kind_name="DECLARED_PARAMETERIZED_VARIABLE">
            <reference linenumber="452" member="isCommonBinding" origin="org.eclipse.birt.chart.reportitem.ui.ReportDataServiceProvider.isCommonBinding(ComputedColumnHandle, Map)" signature="(Lorg/eclipse/birt/report/model/api/ComputedColumnHandle;Ljava/util/Map;)Z" type="org.eclipse.birt.chart.reportitem.ui.ReportDataServiceProvider"/>
        </reference_kind>
    </target>
    <target name="org.eclipse.birt.core.script.ScriptContext" type="org.eclipse.birt.core.script.ScriptContext">
        <reference_kind flags="0" kind="134217728" reference_kind_name="INSTANTIATION">
            <reference linenumber="197" member="executeQuery" origin="org.eclipse.birt.chart.reportitem.ui.DteAdapter.executeQuery(DataRequestSession, ICubeQueryDefinition)" signature="(Lorg/eclipse/birt/report/data/adapter/api/DataRequestSession;Lorg/eclipse/birt/data/engine/olap/api/query/ICubeQueryDefinition;)Lorg/eclipse/birt/data/engine/olap/api/ICubeQueryResults;" type="org.eclipse.birt.chart.reportitem.ui.DteAdapter"/>
            <reference linenumber="183" member="executeQuery" origin="org.eclipse.birt.chart.reportitem.ui.DteAdapter.executeQuery(DataRequestSession, IQueryDefinition)" signature="(Lorg/eclipse/birt/report/data/adapter/api/DataRequestSession;Lorg/eclipse/birt/data/engine/api/IQueryDefinition;)Lorg/eclipse/birt/data/engine/api/IQueryResults;" type="org.eclipse.birt.chart.reportitem.ui.DteAdapter"/>
        </reference_kind>
    </target>
    <target name="org.eclipse.birt.core.exception.BirtException" type="org.eclipse.birt.core.exception.BirtException">
        <reference_kind flags="0" kind="33554432" reference_kind_name="LOCAL_VAR_DECLARED">
            <reference linenumber="306" member="updateFigure" origin="org.eclipse.birt.chart.reportitem.ui.ChartReportItemUIImpl.updateFigure(ExtendedItemHandle, IFigure)" signature="(Lorg/eclipse/birt/report/model/api/ExtendedItemHandle;Lorg/eclipse/draw2d/IFigure;)V" type="org.eclipse.birt.chart.reportitem.ui.ChartReportItemUIImpl"/>
            <reference linenumber="1628" member="createBaseEvaluator" origin="org.eclipse.birt.chart.reportitem.ui.ReportDataServiceProvider.createBaseEvaluator(ExtendedItemHandle, Chart, List)" signature="(Lorg/eclipse/birt/report/model/api/ExtendedItemHandle;Lorg/eclipse/birt/chart/model/Chart;Ljava/util/List;)Lorg/eclipse/birt/chart/factory/IDataRowExpressionEvaluator;" type="org.eclipse.birt.chart.reportitem.ui.ReportDataServiceProvider"/>
            <reference linenumber="2592" member="evaluate" origin="org.eclipse.birt.chart.reportitem.ui.ReportDataServiceProvider.ShareBindingQueryHelper.1.evaluate(String)" signature="(Ljava/lang/String;)Ljava/lang/Object;" type="org.eclipse.birt.chart.reportitem.ui.ReportDataServiceProvider$ShareBindingQueryHelper$1"/>
            <reference linenumber="1564" member="prepareRowExpressionEvaluator" origin="org.eclipse.birt.chart.reportitem.ui.ReportDataServiceProvider.prepareRowExpressionEvaluator(Chart, List, int, boolean)" signature="(Lorg/eclipse/birt/chart/model/Chart;Ljava/util/List;IZ)Lorg/eclipse/birt/chart/factory/IDataRowExpressionEvaluator;" type="org.eclipse.birt.chart.reportitem.ui.ReportDataServiceProvider"/>
            <reference linenumber="510" member="getPreviewHeadersInfo" origin="org.eclipse.birt.chart.reportitem.ui.ReportDataServiceProvider.getPreviewHeadersInfo()" signature="()[Lorg/eclipse/birt/chart/ui/swt/ColumnBindingInfo;" type="org.eclipse.birt.chart.reportitem.ui.ReportDataServiceProvider"/>
            <reference linenumber="222" member="initialize" origin="org.eclipse.birt.chart.reportitem.ui.ReportDataServiceProvider.initialize()" signature="()V" type="org.eclipse.birt.chart.reportitem.ui.ReportDataServiceProvider"/>
            <reference linenumber="2928" member="getPreviewRowData" origin="org.eclipse.birt.chart.reportitem.ui.ReportDataServiceProvider.ShareBindingQueryHelper.getPreviewRowData(ColumnBindingInfo[], int, boolean)" signature="([Lorg/eclipse/birt/chart/ui/swt/ColumnBindingInfo;IZ)Ljava/util/List;" type="org.eclipse.birt.chart.reportitem.ui.ReportDataServiceProvider$ShareBindingQueryHelper"/>
            <reference linenumber="651" member="getPreviewRowData" origin="org.eclipse.birt.chart.reportitem.ui.ReportDataServiceProvider.getPreviewRowData(String[], int, boolean)" signature="([Ljava/lang/String;IZ)Ljava/util/List;" type="org.eclipse.birt.chart.reportitem.ui.ReportDataServiceProvider"/>
            <reference linenumber="2641" member="updatePredefinedQueries" origin="org.eclipse.birt.chart.reportitem.ui.StandardChartDataSheet.updatePredefinedQueries()" signature="()V" type="org.eclipse.birt.chart.reportitem.ui.StandardChartDataSheet"/>
            <reference linenumber="143" member="createFigure" origin="org.eclipse.birt.chart.reportitem.ui.ChartReportItemUIImpl.createFigure(ExtendedItemHandle)" signature="(Lorg/eclipse/birt/report/model/api/ExtendedItemHandle;)Lorg/eclipse/draw2d/IFigure;" type="org.eclipse.birt.chart.reportitem.ui.ChartReportItemUIImpl"/>
        <reference linenumber="153" member="run" origin="org.eclipse.birt.chart.reportitem.ui.actions.ShowAxisAction.run()" signature="()V" type="org.eclipse.birt.chart.reportitem.ui.actions.ShowAxisAction"/>
            <reference linenumber="69" member="init" origin="org.eclipse.birt.chart.reportitem.ui.actions.ShowAxisAction.init()" signature="()V" type="org.eclipse.birt.chart.reportitem.ui.actions.ShowAxisAction"/>
            <reference linenumber="94" member="checkEnabled" origin="org.eclipse.birt.chart.reportitem.ui.actions.FlipAxisAction.checkEnabled()" signature="()Z" type="org.eclipse.birt.chart.reportitem.ui.actions.FlipAxisAction"/>
            <reference linenumber="154" member="run" origin="org.eclipse.birt.chart.reportitem.ui.actions.FlipAxisAction.run()" signature="()V" type="org.eclipse.birt.chart.reportitem.ui.actions.FlipAxisAction"/>
        <reference linenumber="723" member="handleFunctionSelectEvent" origin="org.eclipse.birt.chart.reportitem.ui.dialogs.ChartCubeBindingDialogHelper.handleFunctionSelectEvent()" signature="()V" type="org.eclipse.birt.chart.reportitem.ui.dialogs.ChartCubeBindingDialogHelper"/>
            <reference linenumber="463" member="getFunctionDisplayName" origin="org.eclipse.birt.chart.reportitem.ui.dialogs.ChartCubeBindingDialogHelper.getFunctionDisplayName(String)" signature="(Ljava/lang/String;)Ljava/lang/String;" type="org.eclipse.birt.chart.reportitem.ui.dialogs.ChartCubeBindingDialogHelper"/>
            <reference linenumber="222" member="getDteSession" origin="org.eclipse.birt.chart.reportitem.ui.dialogs.ChartCubeFilterConditionBuilder.getDteSession()" signature="()Lorg/eclipse/birt/report/data/adapter/api/DataRequestSession;" type="org.eclipse.birt.chart.reportitem.ui.dialogs.ChartCubeFilterConditionBuilder"/>
            <reference linenumber="478" member="getFunctions" origin="org.eclipse.birt.chart.reportitem.ui.dialogs.ChartCubeBindingDialogHelper.getFunctions()" signature="()[Lorg/eclipse/birt/data/engine/api/aggregation/IAggrFunction;" type="org.eclipse.birt.chart.reportitem.ui.dialogs.ChartCubeBindingDialogHelper"/>
        <reference linenumber="119" member="switchView" origin="org.eclipse.birt.chart.reportitem.ui.views.provider.ChartAggregationCellViewProvider.switchView(SwitchCellInfo)" signature="(Lorg/eclipse/birt/report/item/crosstab/ui/extension/SwitchCellInfo;)V" type="org.eclipse.birt.chart.reportitem.ui.views.provider.ChartAggregationCellViewProvider"/>
            <reference linenumber="172" member="restoreView" origin="org.eclipse.birt.chart.reportitem.ui.views.provider.ChartAggregationCellViewProvider.restoreView(AggregationCellHandle)" signature="(Lorg/eclipse/birt/report/item/crosstab/core/de/AggregationCellHandle;)V" type="org.eclipse.birt.chart.reportitem.ui.views.provider.ChartAggregationCellViewProvider"/>
            <reference linenumber="539" member="updateView" origin="org.eclipse.birt.chart.reportitem.ui.views.provider.ChartAggregationCellViewProvider.updateView(AggregationCellHandle, int)" signature="(Lorg/eclipse/birt/report/item/crosstab/core/de/AggregationCellHandle;I)V" type="org.eclipse.birt.chart.reportitem.ui.views.provider.ChartAggregationCellViewProvider"/>
        </reference_kind>
        <reference_kind flags="0" kind="131072" reference_kind_name="CATCHES_EXCEPTION">
            <reference linenumber="2592" member="evaluate" origin="org.eclipse.birt.chart.reportitem.ui.ReportDataServiceProvider.ShareBindingQueryHelper.1.evaluate(String)" signature="(Ljava/lang/String;)Ljava/lang/Object;" type="org.eclipse.birt.chart.reportitem.ui.ReportDataServiceProvider$ShareBindingQueryHelper$1"/>
            <reference linenumber="1730" member="evaluate" origin="org.eclipse.birt.chart.reportitem.ui.ReportDataServiceProvider.2.evaluate(String)" signature="(Ljava/lang/String;)Ljava/lang/Object;" type="org.eclipse.birt.chart.reportitem.ui.ReportDataServiceProvider$2"/>
            <reference linenumber="3181" member="isInXTabAggrCell" origin="org.eclipse.birt.chart.reportitem.ui.ReportDataServiceProvider.isInXTabAggrCell()" signature="()Z" type="org.eclipse.birt.chart.reportitem.ui.ReportDataServiceProvider"/>
            <reference linenumber="1564" member="prepareRowExpressionEvaluator" origin="org.eclipse.birt.chart.reportitem.ui.ReportDataServiceProvider.prepareRowExpressionEvaluator(Chart, List, int, boolean)" signature="(Lorg/eclipse/birt/chart/model/Chart;Ljava/util/List;IZ)Lorg/eclipse/birt/chart/factory/IDataRowExpressionEvaluator;" type="org.eclipse.birt.chart.reportitem.ui.ReportDataServiceProvider"/>
            <reference linenumber="510" member="getPreviewHeadersInfo" origin="org.eclipse.birt.chart.reportitem.ui.ReportDataServiceProvider.getPreviewHeadersInfo()" signature="()[Lorg/eclipse/birt/chart/ui/swt/ColumnBindingInfo;" type="org.eclipse.birt.chart.reportitem.ui.ReportDataServiceProvider"/>
            <reference linenumber="2928" member="getPreviewRowData" origin="org.eclipse.birt.chart.reportitem.ui.ReportDataServiceProvider.ShareBindingQueryHelper.getPreviewRowData(ColumnBindingInfo[], int, boolean)" signature="([Lorg/eclipse/birt/chart/ui/swt/ColumnBindingInfo;IZ)Ljava/util/List;" type="org.eclipse.birt.chart.reportitem.ui.ReportDataServiceProvider$ShareBindingQueryHelper"/>
            <reference linenumber="1628" member="createBaseEvaluator" origin="org.eclipse.birt.chart.reportitem.ui.ReportDataServiceProvider.createBaseEvaluator(ExtendedItemHandle, Chart, List)" signature="(Lorg/eclipse/birt/report/model/api/ExtendedItemHandle;Lorg/eclipse/birt/chart/model/Chart;Ljava/util/List;)Lorg/eclipse/birt/chart/factory/IDataRowExpressionEvaluator;" type="org.eclipse.birt.chart.reportitem.ui.ReportDataServiceProvider"/>
            <reference linenumber="1796" member="first" origin="org.eclipse.birt.chart.reportitem.ui.ReportDataServiceProvider.2.first()" signature="()Z" type="org.eclipse.birt.chart.reportitem.ui.ReportDataServiceProvider$2"/>
            <reference linenumber="306" member="updateFigure" origin="org.eclipse.birt.chart.reportitem.ui.ChartReportItemUIImpl.updateFigure(ExtendedItemHandle, IFigure)" signature="(Lorg/eclipse/birt/report/model/api/ExtendedItemHandle;Lorg/eclipse/draw2d/IFigure;)V" type="org.eclipse.birt.chart.reportitem.ui.ChartReportItemUIImpl"/>
            <reference linenumber="2641" member="updatePredefinedQueries" origin="org.eclipse.birt.chart.reportitem.ui.StandardChartDataSheet.updatePredefinedQueries()" signature="()V" type="org.eclipse.birt.chart.reportitem.ui.StandardChartDataSheet"/>
            <reference linenumber="222" member="initialize" origin="org.eclipse.birt.chart.reportitem.ui.ReportDataServiceProvider.initialize()" signature="()V" type="org.eclipse.birt.chart.reportitem.ui.ReportDataServiceProvider"/>
            <reference linenumber="1760" member="next" origin="org.eclipse.birt.chart.reportitem.ui.ReportDataServiceProvider.2.next()" signature="()Z" type="org.eclipse.birt.chart.reportitem.ui.ReportDataServiceProvider$2"/>
            <reference linenumber="1778" member="close" origin="org.eclipse.birt.chart.reportitem.ui.ReportDataServiceProvider.2.close()" signature="()V" type="org.eclipse.birt.chart.reportitem.ui.ReportDataServiceProvider$2"/>
            <reference linenumber="651" member="getPreviewRowData" origin="org.eclipse.birt.chart.reportitem.ui.ReportDataServiceProvider.getPreviewRowData(String[], int, boolean)" signature="([Ljava/lang/String;IZ)Ljava/util/List;" type="org.eclipse.birt.chart.reportitem.ui.ReportDataServiceProvider"/>
            <reference linenumber="143" member="createFigure" origin="org.eclipse.birt.chart.reportitem.ui.ChartReportItemUIImpl.createFigure(ExtendedItemHandle)" signature="(Lorg/eclipse/birt/report/model/api/ExtendedItemHandle;)Lorg/eclipse/draw2d/IFigure;" type="org.eclipse.birt.chart.reportitem.ui.ChartReportItemUIImpl"/>
        <reference linenumber="94" member="checkEnabled" origin="org.eclipse.birt.chart.reportitem.ui.actions.FlipAxisAction.checkEnabled()" signature="()Z" type="org.eclipse.birt.chart.reportitem.ui.actions.FlipAxisAction"/>
            <reference linenumber="153" member="run" origin="org.eclipse.birt.chart.reportitem.ui.actions.ShowAxisAction.run()" signature="()V" type="org.eclipse.birt.chart.reportitem.ui.actions.ShowAxisAction"/>
            <reference linenumber="69" member="init" origin="org.eclipse.birt.chart.reportitem.ui.actions.ShowAxisAction.init()" signature="()V" type="org.eclipse.birt.chart.reportitem.ui.actions.ShowAxisAction"/>
            <reference linenumber="154" member="run" origin="org.eclipse.birt.chart.reportitem.ui.actions.FlipAxisAction.run()" signature="()V" type="org.eclipse.birt.chart.reportitem.ui.actions.FlipAxisAction"/>
        <reference linenumber="222" member="getDteSession" origin="org.eclipse.birt.chart.reportitem.ui.dialogs.ChartCubeFilterConditionBuilder.getDteSession()" signature="()Lorg/eclipse/birt/report/data/adapter/api/DataRequestSession;" type="org.eclipse.birt.chart.reportitem.ui.dialogs.ChartCubeFilterConditionBuilder"/>
            <reference linenumber="463" member="getFunctionDisplayName" origin="org.eclipse.birt.chart.reportitem.ui.dialogs.ChartCubeBindingDialogHelper.getFunctionDisplayName(String)" signature="(Ljava/lang/String;)Ljava/lang/String;" type="org.eclipse.birt.chart.reportitem.ui.dialogs.ChartCubeBindingDialogHelper"/>
            <reference linenumber="478" member="getFunctions" origin="org.eclipse.birt.chart.reportitem.ui.dialogs.ChartCubeBindingDialogHelper.getFunctions()" signature="()[Lorg/eclipse/birt/data/engine/api/aggregation/IAggrFunction;" type="org.eclipse.birt.chart.reportitem.ui.dialogs.ChartCubeBindingDialogHelper"/>
            <reference linenumber="828" member="validate" origin="org.eclipse.birt.chart.reportitem.ui.dialogs.ChartCubeBindingDialogHelper.validate()" signature="()V" type="org.eclipse.birt.chart.reportitem.ui.dialogs.ChartCubeBindingDialogHelper"/>
            <reference linenumber="723" member="handleFunctionSelectEvent" origin="org.eclipse.birt.chart.reportitem.ui.dialogs.ChartCubeBindingDialogHelper.handleFunctionSelectEvent()" signature="()V" type="org.eclipse.birt.chart.reportitem.ui.dialogs.ChartCubeBindingDialogHelper"/>
            <reference linenumber="311" member="getChartExprDefinitions" origin="org.eclipse.birt.chart.reportitem.ui.dialogs.ChartCubeFilterConditionBuilder.getChartExprDefinitions(ExtendedItemHandle)" signature="(Lorg/eclipse/birt/report/model/api/ExtendedItemHandle;)Ljava/util/Map;" type="org.eclipse.birt.chart.reportitem.ui.dialogs.ChartCubeFilterConditionBuilder"/>
            <reference linenumber="342" member="getChartExprDefinitions" origin="org.eclipse.birt.chart.reportitem.ui.dialogs.ChartCubeFilterConditionBuilder.getChartExprDefinitions(ExtendedItemHandle)" signature="(Lorg/eclipse/birt/report/model/api/ExtendedItemHandle;)Ljava/util/Map;" type="org.eclipse.birt.chart.reportitem.ui.dialogs.ChartCubeFilterConditionBuilder"/>
        <reference linenumber="119" member="switchView" origin="org.eclipse.birt.chart.reportitem.ui.views.provider.ChartAggregationCellViewProvider.switchView(SwitchCellInfo)" signature="(Lorg/eclipse/birt/report/item/crosstab/ui/extension/SwitchCellInfo;)V" type="org.eclipse.birt.chart.reportitem.ui.views.provider.ChartAggregationCellViewProvider"/>
            <reference linenumber="172" member="restoreView" origin="org.eclipse.birt.chart.reportitem.ui.views.provider.ChartAggregationCellViewProvider.restoreView(AggregationCellHandle)" signature="(Lorg/eclipse/birt/report/item/crosstab/core/de/AggregationCellHandle;)V" type="org.eclipse.birt.chart.reportitem.ui.views.provider.ChartAggregationCellViewProvider"/>
            <reference linenumber="539" member="updateView" origin="org.eclipse.birt.chart.reportitem.ui.views.provider.ChartAggregationCellViewProvider.updateView(AggregationCellHandle, int)" signature="(Lorg/eclipse/birt/report/item/crosstab/core/de/AggregationCellHandle;I)V" type="org.eclipse.birt.chart.reportitem.ui.views.provider.ChartAggregationCellViewProvider"/>
        </reference_kind>
        <reference_kind flags="0" kind="32" reference_kind_name="THROWS">
            <reference linenumber="-1" member="executeDataSetQuery" origin="org.eclipse.birt.chart.reportitem.ui.ReportDataServiceProvider.executeDataSetQuery(QueryDefinition)" signature="(Lorg/eclipse/birt/data/engine/api/querydefn/QueryDefinition;)Lorg/eclipse/birt/data/engine/api/IQueryResults;" type="org.eclipse.birt.chart.reportitem.ui.ReportDataServiceProvider"/>
            <reference linenumber="-1" member="prepareDataRequestSession" origin="org.eclipse.birt.chart.reportitem.ui.ReportDataServiceProvider.prepareDataRequestSession(int, boolean)" signature="(IZ)Lorg/eclipse/birt/report/data/adapter/api/DataRequestSession;" type="org.eclipse.birt.chart.reportitem.ui.ReportDataServiceProvider"/>
            <reference linenumber="-1" member="prepareDataRequestSession" origin="org.eclipse.birt.chart.reportitem.ui.ReportDataServiceProvider.prepareDataRequestSession(EngineTask, int, boolean)" signature="(Lorg/eclipse/birt/report/engine/api/impl/EngineTask;IZ)Lorg/eclipse/birt/report/data/adapter/api/DataRequestSession;" type="org.eclipse.birt.chart.reportitem.ui.ReportDataServiceProvider"/>
            <reference linenumber="-1" member="executeSharedQuery" origin="org.eclipse.birt.chart.reportitem.ui.ReportDataServiceProvider.ShareBindingQueryHelper.executeSharedQuery(QueryDefinition)" signature="(Lorg/eclipse/birt/data/engine/api/querydefn/QueryDefinition;)Lorg/eclipse/birt/data/engine/api/IQueryResults;" type="org.eclipse.birt.chart.reportitem.ui.ReportDataServiceProvider$ShareBindingQueryHelper"/>
            <reference linenumber="-1" member="createCubeEvaluator" origin="org.eclipse.birt.chart.reportitem.ui.ReportDataServiceProvider.createCubeEvaluator(CubeHandle, Chart)" signature="(Lorg/eclipse/birt/report/model/api/olap/CubeHandle;Lorg/eclipse/birt/chart/model/Chart;)Lorg/eclipse/birt/chart/factory/IDataRowExpressionEvaluator;" type="org.eclipse.birt.chart.reportitem.ui.ReportDataServiceProvider"/>
            <reference linenumber="-1" member="createSimpleExpressionEvaluator" origin="org.eclipse.birt.chart.reportitem.ui.ReportDataServiceProvider.createSimpleExpressionEvaluator(IQueryResults)" signature="(Lorg/eclipse/birt/data/engine/api/IQueryResults;)Lorg/eclipse/birt/chart/factory/IDataRowExpressionEvaluator;" type="org.eclipse.birt.chart.reportitem.ui.ReportDataServiceProvider"/>
            <reference linenumber="-1" member="populateApplicationContext" origin="org.eclipse.birt.chart.reportitem.ui.DteAdapter.populateApplicationContext(CubeHandle, DataRequestSession)" signature="(Lorg/eclipse/birt/report/model/api/olap/CubeHandle;Lorg/eclipse/birt/report/data/adapter/api/DataRequestSession;)V" type="org.eclipse.birt.chart.reportitem.ui.DteAdapter"/>
            <reference linenumber="-1" member="populateApplicationContext" origin="org.eclipse.birt.chart.reportitem.ui.DteAdapter.populateApplicationContext(DataSetHandle, DataRequestSession)" signature="(Lorg/eclipse/birt/report/model/api/DataSetHandle;Lorg/eclipse/birt/report/data/adapter/api/DataRequestSession;)V" type="org.eclipse.birt.chart.reportitem.ui.DteAdapter"/>
            <reference linenumber="-1" member="defineDataSet" origin="org.eclipse.birt.chart.reportitem.ui.DteAdapter.defineDataSet(DataSetHandle, DataRequestSession, boolean, boolean)" signature="(Lorg/eclipse/birt/report/model/api/DataSetHandle;Lorg/eclipse/birt/report/data/adapter/api/DataRequestSession;ZZ)V" type="org.eclipse.birt.chart.reportitem.ui.DteAdapter"/>
            <reference linenumber="-1" member="executeQuery" origin="org.eclipse.birt.chart.reportitem.ui.DteAdapter.executeQuery(DataRequestSession, ICubeQueryDefinition)" signature="(Lorg/eclipse/birt/report/data/adapter/api/DataRequestSession;Lorg/eclipse/birt/data/engine/olap/api/query/ICubeQueryDefinition;)Lorg/eclipse/birt/data/engine/olap/api/ICubeQueryResults;" type="org.eclipse.birt.chart.reportitem.ui.DteAdapter"/>
            <reference linenumber="-1" member="executeQuery" origin="org.eclipse.birt.chart.reportitem.ui.DteAdapter.executeQuery(DataRequestSession, IQueryDefinition)" signature="(Lorg/eclipse/birt/report/data/adapter/api/DataRequestSession;Lorg/eclipse/birt/data/engine/api/IQueryDefinition;)Lorg/eclipse/birt/data/engine/api/IQueryResults;" type="org.eclipse.birt.chart.reportitem.ui.DteAdapter"/>
        <reference linenumber="-1" member="getSelectValueList" origin="org.eclipse.birt.chart.reportitem.ui.dialogs.widget.ExpressionValueCellEditor.getSelectValueList()" signature="()Ljava/util/List;" type="org.eclipse.birt.chart.reportitem.ui.dialogs.widget.ExpressionValueCellEditor"/>
        <reference linenumber="-1" member="createView" origin="org.eclipse.birt.chart.reportitem.ui.views.provider.ChartReportItemViewProvider.createView(DesignElementHandle)" signature="(Lorg/eclipse/birt/report/model/api/DesignElementHandle;)Lorg/eclipse/birt/report/model/api/DesignElementHandle;" type="org.eclipse.birt.chart.reportitem.ui.views.provider.ChartReportItemViewProvider"/>
        </reference_kind>
        <reference_kind flags="0" kind="524288" reference_kind_name="INSTANCEOF">
            <reference linenumber="590" member="showException" origin="org.eclipse.birt.chart.reportitem.ui.DesignerRepresentation.showException(GC, Exception)" signature="(Lorg/eclipse/swt/graphics/GC;Ljava/lang/Exception;)V" type="org.eclipse.birt.chart.reportitem.ui.DesignerRepresentation"/>
        </reference_kind>
        <reference_kind flags="0" kind="262144" reference_kind_name="CASTS">
            <reference linenumber="592" member="showException" origin="org.eclipse.birt.chart.reportitem.ui.DesignerRepresentation.showException(GC, Exception)" signature="(Lorg/eclipse/swt/graphics/GC;Ljava/lang/Exception;)V" type="org.eclipse.birt.chart.reportitem.ui.DesignerRepresentation"/>
        </reference_kind>
    </target>
</references>
