<?xml version="1.0" encoding="UTF-8" standalone="no"?>
<references name="Methods" origin="org.eclipse.birt.chart.examples (2.5.2.v20091112)" referee="org.eclipse.birt.core (2.5.2.v20100208)" reference_count="38" reference_visibility="1">
    <target member="getLocalizedMessage" name="org.eclipse.birt.core.exception.BirtException.getLocalizedMessage()" signature="()Ljava/lang/String;" type="org.eclipse.birt.core.exception.BirtException">
        <reference_kind flags="0" kind="256" reference_kind_name="VIRTUAL_METHOD">
            <reference linenumber="237" member="showException" origin="org.eclipse.birt.chart.examples.api.data.DataChartsViewer.showException(Graphics2D, Exception)" signature="(Ljava/awt/Graphics2D;Ljava/lang/Exception;)V" type="org.eclipse.birt.chart.examples.api.data.DataChartsViewer"/>
        <reference linenumber="240" member="showException" origin="org.eclipse.birt.chart.examples.api.format.FormatChartsViewer.showException(Graphics2D, Exception)" signature="(Ljava/awt/Graphics2D;Ljava/lang/Exception;)V" type="org.eclipse.birt.chart.examples.api.format.FormatChartsViewer"/>
        <reference linenumber="296" member="showException" origin="org.eclipse.birt.chart.examples.api.interactivity.SwingInteractivityViewer.showException(Graphics2D, Exception)" signature="(Ljava/awt/Graphics2D;Ljava/lang/Exception;)V" type="org.eclipse.birt.chart.examples.api.interactivity.SwingInteractivityViewer"/>
        <reference linenumber="259" member="showException" origin="org.eclipse.birt.chart.examples.api.script.JavaScriptViewer.showException(GC, Exception)" signature="(Lorg/eclipse/swt/graphics/GC;Ljava/lang/Exception;)V" type="org.eclipse.birt.chart.examples.api.script.JavaScriptViewer"/>
            <reference linenumber="258" member="showException" origin="org.eclipse.birt.chart.examples.api.script.JavaViewer.showException(GC, Exception)" signature="(Lorg/eclipse/swt/graphics/GC;Ljava/lang/Exception;)V" type="org.eclipse.birt.chart.examples.api.script.JavaViewer"/>
        <reference linenumber="235" member="showException" origin="org.eclipse.birt.chart.examples.api.viewer.CurveFittingViewer.showException(GC, Exception)" signature="(Lorg/eclipse/swt/graphics/GC;Ljava/lang/Exception;)V" type="org.eclipse.birt.chart.examples.api.viewer.CurveFittingViewer"/>
            <reference linenumber="236" member="showException" origin="org.eclipse.birt.chart.examples.api.viewer.DialChartViewer.showException(GC, Exception)" signature="(Lorg/eclipse/swt/graphics/GC;Ljava/lang/Exception;)V" type="org.eclipse.birt.chart.examples.api.viewer.DialChartViewer"/>
            <reference linenumber="230" member="showException" origin="org.eclipse.birt.chart.examples.api.viewer.Chart3DViewer.showException(GC, Exception)" signature="(Lorg/eclipse/swt/graphics/GC;Ljava/lang/Exception;)V" type="org.eclipse.birt.chart.examples.api.viewer.Chart3DViewer"/>
        <reference linenumber="248" member="showException" origin="org.eclipse.birt.chart.examples.api.viewer.SwingChartViewerSelector.showException(Graphics2D, Exception)" signature="(Ljava/awt/Graphics2D;Ljava/lang/Exception;)V" type="org.eclipse.birt.chart.examples.api.viewer.SwingChartViewerSelector"/>
            <reference linenumber="336" member="showException" origin="org.eclipse.birt.chart.examples.api.viewer.SwtChartViewerSelector.showException(GC, Exception)" signature="(Lorg/eclipse/swt/graphics/GC;Ljava/lang/Exception;)V" type="org.eclipse.birt.chart.examples.api.viewer.SwtChartViewerSelector"/>
        </reference_kind>
    </target>
<target member="setProperty" name="org.eclipse.birt.core.framework.PlatformConfig.setProperty(String, Object)" signature="(Ljava/lang/String;Ljava/lang/Object;)V" type="org.eclipse.birt.core.framework.PlatformConfig">
        <reference_kind flags="0" kind="256" reference_kind_name="VIRTUAL_METHOD">
            <reference linenumber="130" member="&lt;init&gt;" origin="org.eclipse.birt.chart.examples.api.interactivity.SwingInteractivityViewer.SwingInteractivityViewer()" signature="()V" type="org.eclipse.birt.chart.examples.api.interactivity.SwingInteractivityViewer"/>
            <reference linenumber="121" member="&lt;init&gt;" origin="org.eclipse.birt.chart.examples.api.interactivity.SwtInteractivityViewer.SwtInteractivityViewer(Composite, int)" signature="(Lorg/eclipse/swt/widgets/Composite;I)V" type="org.eclipse.birt.chart.examples.api.interactivity.SwtInteractivityViewer"/>
        <reference linenumber="39" member="generateChart" origin="org.eclipse.birt.chart.examples.api.pdf.PDFChartGenerator.generateChart()" signature="()V" type="org.eclipse.birt.chart.examples.api.pdf.PDFChartGenerator"/>
        <reference linenumber="122" member="&lt;init&gt;" origin="org.eclipse.birt.chart.examples.api.viewer.DialChartViewer.DialChartViewer(Composite, int)" signature="(Lorg/eclipse/swt/widgets/Composite;I)V" type="org.eclipse.birt.chart.examples.api.viewer.DialChartViewer"/>
            <reference linenumber="119" member="&lt;init&gt;" origin="org.eclipse.birt.chart.examples.api.viewer.Chart3DViewer.Chart3DViewer(Composite, int)" signature="(Lorg/eclipse/swt/widgets/Composite;I)V" type="org.eclipse.birt.chart.examples.api.viewer.Chart3DViewer"/>
            <reference linenumber="121" member="&lt;init&gt;" origin="org.eclipse.birt.chart.examples.api.viewer.CurveFittingViewer.CurveFittingViewer(Composite, int)" signature="(Lorg/eclipse/swt/widgets/Composite;I)V" type="org.eclipse.birt.chart.examples.api.viewer.CurveFittingViewer"/>
        <reference linenumber="161" member="&lt;init&gt;" origin="org.eclipse.birt.chart.examples.api.viewer.SwtChartViewerSelector.SwtChartViewerSelector(Composite, int)" signature="(Lorg/eclipse/swt/widgets/Composite;I)V" type="org.eclipse.birt.chart.examples.api.viewer.SwtChartViewerSelector"/>
            <reference linenumber="120" member="&lt;init&gt;" origin="org.eclipse.birt.chart.examples.api.viewer.SwtLiveChartViewer.SwtLiveChartViewer(Composite, int)" signature="(Lorg/eclipse/swt/widgets/Composite;I)V" type="org.eclipse.birt.chart.examples.api.viewer.SwtLiveChartViewer"/>
            <reference linenumber="172" member="&lt;init&gt;" origin="org.eclipse.birt.chart.examples.api.viewer.SwingLiveChartViewer.SwingLiveChartViewer()" signature="()V" type="org.eclipse.birt.chart.examples.api.viewer.SwingLiveChartViewer"/>
            <reference linenumber="118" member="&lt;init&gt;" origin="org.eclipse.birt.chart.examples.api.viewer.SwingChartViewerSelector.SwingChartViewerSelector()" signature="()V" type="org.eclipse.birt.chart.examples.api.viewer.SwingChartViewerSelector"/>
        <reference linenumber="180" member="init" origin="org.eclipse.birt.chart.examples.builder.ChartWizardLauncher.init()" signature="()V" type="org.eclipse.birt.chart.examples.builder.ChartWizardLauncher"/>
        </reference_kind>
    </target>
    <target member="&lt;init&gt;" name="org.eclipse.birt.core.framework.PlatformConfig.PlatformConfig()" signature="()V" type="org.eclipse.birt.core.framework.PlatformConfig">
        <reference_kind flags="0" kind="64" reference_kind_name="CONSTRUCTOR_METHOD">
            <reference linenumber="120" member="&lt;init&gt;" origin="org.eclipse.birt.chart.examples.api.interactivity.SwtInteractivityViewer.SwtInteractivityViewer(Composite, int)" signature="(Lorg/eclipse/swt/widgets/Composite;I)V" type="org.eclipse.birt.chart.examples.api.interactivity.SwtInteractivityViewer"/>
            <reference linenumber="129" member="&lt;init&gt;" origin="org.eclipse.birt.chart.examples.api.interactivity.SwingInteractivityViewer.SwingInteractivityViewer()" signature="()V" type="org.eclipse.birt.chart.examples.api.interactivity.SwingInteractivityViewer"/>
        <reference linenumber="38" member="generateChart" origin="org.eclipse.birt.chart.examples.api.pdf.PDFChartGenerator.generateChart()" signature="()V" type="org.eclipse.birt.chart.examples.api.pdf.PDFChartGenerator"/>
        <reference linenumber="121" member="&lt;init&gt;" origin="org.eclipse.birt.chart.examples.api.viewer.DialChartViewer.DialChartViewer(Composite, int)" signature="(Lorg/eclipse/swt/widgets/Composite;I)V" type="org.eclipse.birt.chart.examples.api.viewer.DialChartViewer"/>
            <reference linenumber="118" member="&lt;init&gt;" origin="org.eclipse.birt.chart.examples.api.viewer.Chart3DViewer.Chart3DViewer(Composite, int)" signature="(Lorg/eclipse/swt/widgets/Composite;I)V" type="org.eclipse.birt.chart.examples.api.viewer.Chart3DViewer"/>
            <reference linenumber="120" member="&lt;init&gt;" origin="org.eclipse.birt.chart.examples.api.viewer.CurveFittingViewer.CurveFittingViewer(Composite, int)" signature="(Lorg/eclipse/swt/widgets/Composite;I)V" type="org.eclipse.birt.chart.examples.api.viewer.CurveFittingViewer"/>
        <reference linenumber="171" member="&lt;init&gt;" origin="org.eclipse.birt.chart.examples.api.viewer.SwingLiveChartViewer.SwingLiveChartViewer()" signature="()V" type="org.eclipse.birt.chart.examples.api.viewer.SwingLiveChartViewer"/>
            <reference linenumber="117" member="&lt;init&gt;" origin="org.eclipse.birt.chart.examples.api.viewer.SwingChartViewerSelector.SwingChartViewerSelector()" signature="()V" type="org.eclipse.birt.chart.examples.api.viewer.SwingChartViewerSelector"/>
            <reference linenumber="160" member="&lt;init&gt;" origin="org.eclipse.birt.chart.examples.api.viewer.SwtChartViewerSelector.SwtChartViewerSelector(Composite, int)" signature="(Lorg/eclipse/swt/widgets/Composite;I)V" type="org.eclipse.birt.chart.examples.api.viewer.SwtChartViewerSelector"/>
            <reference linenumber="119" member="&lt;init&gt;" origin="org.eclipse.birt.chart.examples.api.viewer.SwtLiveChartViewer.SwtLiveChartViewer(Composite, int)" signature="(Lorg/eclipse/swt/widgets/Composite;I)V" type="org.eclipse.birt.chart.examples.api.viewer.SwtLiveChartViewer"/>
        <reference linenumber="179" member="init" origin="org.eclipse.birt.chart.examples.builder.ChartWizardLauncher.init()" signature="()V" type="org.eclipse.birt.chart.examples.builder.ChartWizardLauncher"/>
        </reference_kind>
    </target>
<target member="createRowExpression" name="org.eclipse.birt.core.data.ExpressionUtil.createRowExpression(String)" signature="(Ljava/lang/String;)Ljava/lang/String;" type="org.eclipse.birt.core.data.ExpressionUtil">
        <reference_kind flags="0" kind="128" reference_kind_name="INVOKED_STATIC">
            <reference linenumber="306" member="createQueryDefinition" origin="org.eclipse.birt.chart.examples.view.models.WorkingWithBIRTDataEngine.createQueryDefinition(OdaDataSetDesign, String[])" signature="(Lorg/eclipse/birt/data/engine/api/querydefn/OdaDataSetDesign;[Ljava/lang/String;)Lorg/eclipse/birt/data/engine/api/querydefn/QueryDefinition;" type="org.eclipse.birt.chart.examples.view.models.WorkingWithBIRTDataEngine"/>
            <reference linenumber="99" member="createWorkingWithBIRTDataEngine" origin="org.eclipse.birt.chart.examples.view.models.WorkingWithBIRTDataEngine.createWorkingWithBIRTDataEngine()" signature="()Lorg/eclipse/birt/chart/model/Chart;" type="org.eclipse.birt.chart.examples.view.models.WorkingWithBIRTDataEngine"/>
            <reference linenumber="100" member="createWorkingWithBIRTDataEngine" origin="org.eclipse.birt.chart.examples.view.models.WorkingWithBIRTDataEngine.createWorkingWithBIRTDataEngine()" signature="()Lorg/eclipse/birt/chart/model/Chart;" type="org.eclipse.birt.chart.examples.view.models.WorkingWithBIRTDataEngine"/>
        </reference_kind>
    </target>
    <target member="&lt;init&gt;" name="org.eclipse.birt.core.script.ScriptContext.ScriptContext()" signature="()V" type="org.eclipse.birt.core.script.ScriptContext">
        <reference_kind flags="0" kind="64" reference_kind_name="CONSTRUCTOR_METHOD">
            <reference linenumber="357" member="newDataEngine" origin="org.eclipse.birt.chart.examples.view.models.WorkingWithBIRTDataEngine.newDataEngine()" signature="()Lorg/eclipse/birt/data/engine/api/DataEngine;" type="org.eclipse.birt.chart.examples.view.models.WorkingWithBIRTDataEngine"/>
        </reference_kind>
    </target>
    <target member="createDataSetRowExpression" name="org.eclipse.birt.core.data.ExpressionUtil.createDataSetRowExpression(String)" signature="(Ljava/lang/String;)Ljava/lang/String;" type="org.eclipse.birt.core.data.ExpressionUtil">
        <reference_kind flags="0" kind="128" reference_kind_name="INVOKED_STATIC">
            <reference linenumber="340" member="initDefaultBindings" origin="org.eclipse.birt.chart.examples.view.models.WorkingWithBIRTDataEngine.initDefaultBindings(QueryDefinition)" signature="(Lorg/eclipse/birt/data/engine/api/querydefn/QueryDefinition;)V" type="org.eclipse.birt.chart.examples.view.models.WorkingWithBIRTDataEngine"/>
            <reference linenumber="344" member="initDefaultBindings" origin="org.eclipse.birt.chart.examples.view.models.WorkingWithBIRTDataEngine.initDefaultBindings(QueryDefinition)" signature="(Lorg/eclipse/birt/data/engine/api/querydefn/QueryDefinition;)V" type="org.eclipse.birt.chart.examples.view.models.WorkingWithBIRTDataEngine"/>
        </reference_kind>
    </target>
</references>
