<?xml version="1.0" encoding="UTF-8" standalone="no"?>
<references name="Types" origin="org.eclipse.birt.report.designer.ui.editors (2.5.2.v20100127)" referee="org.eclipse.birt.core (2.5.2.v20100208)" reference_count="4" reference_visibility="1">
    <target name="org.eclipse.birt.core.preference.PreferenceChangeEvent" type="org.eclipse.birt.core.preference.PreferenceChangeEvent">
        <reference_kind flags="0" kind="16" reference_kind_name="PARAMETER">
            <reference linenumber="-1" member="preferenceChange" origin="org.eclipse.birt.report.designer.ui.editors.MultiPageReportEditor.1.preferenceChange(PreferenceChangeEvent)" signature="(Lorg/eclipse/birt/core/preference/PreferenceChangeEvent;)V" type="org.eclipse.birt.report.designer.ui.editors.MultiPageReportEditor$1"/>
        </reference_kind>
    </target>
    <target name="org.eclipse.birt.core.preference.IPreferences" type="org.eclipse.birt.core.preference.IPreferences">
        <reference_kind flags="0" kind="4" reference_kind_name="DECLARED_FIELD">
            <reference linenumber="-1" member="prefs" origin="org.eclipse.birt.report.designer.ui.editors.MultiPageReportEditor.prefs" type="org.eclipse.birt.report.designer.ui.editors.MultiPageReportEditor"/>
        </reference_kind>
    </target>
    <target name="org.eclipse.birt.core.preference.IPreferenceChangeListener" type="org.eclipse.birt.core.preference.IPreferenceChangeListener">
        <reference_kind flags="0" kind="4" reference_kind_name="DECLARED_FIELD">
            <reference linenumber="-1" member="preferenceChangeListener" origin="org.eclipse.birt.report.designer.ui.editors.MultiPageReportEditor.preferenceChangeListener" type="org.eclipse.birt.report.designer.ui.editors.MultiPageReportEditor"/>
        </reference_kind>
        <reference_kind flags="0" kind="2" reference_kind_name="IMPLEMENTS">
            <reference linenumber="-1" origin="org.eclipse.birt.report.designer.ui.editors.MultiPageReportEditor.1" type="org.eclipse.birt.report.designer.ui.editors.MultiPageReportEditor$1"/>
        </reference_kind>
    </target>
</references>
