<?xml version="1.0" encoding="UTF-8" standalone="no"?>
<references name="Methods" origin="org.eclipse.actf.visualization.engines.blind (0.7.2.R201002031025)" referee="org.eclipse.actf.core (0.7.2.R201002031025)" reference_count="4" reference_visibility="1">
    <target member="copyFile" name="org.eclipse.actf.util.FileUtils.copyFile(Bundle, IPath, String, boolean)" signature="(Lorg/osgi/framework/Bundle;Lorg/eclipse/core/runtime/IPath;Ljava/lang/String;Z)Z" type="org.eclipse.actf.util.FileUtils">
        <reference_kind flags="0" kind="128" reference_kind_name="INVOKED_STATIC">
            <reference linenumber="-1" member="saveScripts" origin="org.eclipse.actf.visualization.engines.blind.BlindVizResourceUtil.saveScripts(String)" signature="(Ljava/lang/String;)V" type="org.eclipse.actf.visualization.engines.blind.BlindVizResourceUtil"/>
            <reference linenumber="-1" member="saveImages" origin="org.eclipse.actf.visualization.engines.blind.BlindVizResourceUtil.saveImages(String)" signature="(Ljava/lang/String;)V" type="org.eclipse.actf.visualization.engines.blind.BlindVizResourceUtil"/>
        </reference_kind>
    </target>
<target member="isAvailableDirectory" name="org.eclipse.actf.util.FileUtils.isAvailableDirectory(String)" signature="(Ljava/lang/String;)Z" type="org.eclipse.actf.util.FileUtils">
        <reference_kind flags="0" kind="128" reference_kind_name="INVOKED_STATIC">
            <reference linenumber="-1" member="start" origin="org.eclipse.actf.visualization.internal.engines.blind.BlindVizEnginePlugin.start(BundleContext)" signature="(Lorg/osgi/framework/BundleContext;)V" type="org.eclipse.actf.visualization.internal.engines.blind.BlindVizEnginePlugin"/>
            <reference linenumber="-1" member="createTempDirectory" origin="org.eclipse.actf.visualization.internal.engines.blind.BlindVizEnginePlugin.createTempDirectory()" signature="()V" type="org.eclipse.actf.visualization.internal.engines.blind.BlindVizEnginePlugin"/>
        </reference_kind>
    </target>
</references>
