<?xml version="1.0" encoding="UTF-8" standalone="no"?>
<references name="Methods" origin="org.eclipse.birt.chart.ui (2.5.2.v20100209)" referee="org.eclipse.birt.core (2.5.2.v20100208)" reference_count="33" reference_visibility="1">
    <target member="getExtensionPoint" name="org.eclipse.birt.core.framework.IExtensionRegistry.getExtensionPoint(String, String)" signature="(Ljava/lang/String;Ljava/lang/String;)Lorg/eclipse/birt/core/framework/IExtensionPoint;" type="org.eclipse.birt.core.framework.IExtensionRegistry">
        <reference_kind flags="0" kind="512" reference_kind_name="INTERFACE_METHOD">
            <reference linenumber="249" member="initUIChartTypeExtensions" origin="org.eclipse.birt.chart.ui.swt.wizard.ChartUIExtensionsImpl.initUIChartTypeExtensions(String)" signature="(Ljava/lang/String;)V" type="org.eclipse.birt.chart.ui.swt.wizard.ChartUIExtensionsImpl"/>
            <reference linenumber="128" member="initUISheetExtensions" origin="org.eclipse.birt.chart.ui.swt.wizard.ChartUIExtensionsImpl.initUISheetExtensions(String)" signature="(Ljava/lang/String;)V" type="org.eclipse.birt.chart.ui.swt.wizard.ChartUIExtensionsImpl"/>
            <reference linenumber="421" member="initSeriesUIComponents" origin="org.eclipse.birt.chart.ui.swt.wizard.ChartUIExtensionsImpl.initSeriesUIComponents(String)" signature="(Ljava/lang/String;)V" type="org.eclipse.birt.chart.ui.swt.wizard.ChartUIExtensionsImpl"/>
            <reference linenumber="349" member="getUIListeners" origin="org.eclipse.birt.chart.ui.swt.wizard.ChartUIExtensionsImpl.getUIListeners()" signature="()Ljava/util/Collection;" type="org.eclipse.birt.chart.ui.swt.wizard.ChartUIExtensionsImpl"/>
        </reference_kind>
    </target>
    <target member="createExecutableExtension" name="org.eclipse.birt.core.framework.IConfigurationElement.createExecutableExtension(String)" signature="(Ljava/lang/String;)Ljava/lang/Object;" type="org.eclipse.birt.core.framework.IConfigurationElement">
        <reference_kind flags="0" kind="512" reference_kind_name="INTERFACE_METHOD">
            <reference linenumber="363" member="getUIListeners" origin="org.eclipse.birt.chart.ui.swt.wizard.ChartUIExtensionsImpl.getUIListeners()" signature="()Ljava/util/Collection;" type="org.eclipse.birt.chart.ui.swt.wizard.ChartUIExtensionsImpl"/>
            <reference linenumber="269" member="initUIChartTypeExtensions" origin="org.eclipse.birt.chart.ui.swt.wizard.ChartUIExtensionsImpl.initUIChartTypeExtensions(String)" signature="(Ljava/lang/String;)V" type="org.eclipse.birt.chart.ui.swt.wizard.ChartUIExtensionsImpl"/>
            <reference linenumber="441" member="initSeriesUIComponents" origin="org.eclipse.birt.chart.ui.swt.wizard.ChartUIExtensionsImpl.initSeriesUIComponents(String)" signature="(Ljava/lang/String;)V" type="org.eclipse.birt.chart.ui.swt.wizard.ChartUIExtensionsImpl"/>
            <reference linenumber="151" member="initUISheetExtensions" origin="org.eclipse.birt.chart.ui.swt.wizard.ChartUIExtensionsImpl.initUISheetExtensions(String)" signature="(Ljava/lang/String;)V" type="org.eclipse.birt.chart.ui.swt.wizard.ChartUIExtensionsImpl"/>
        </reference_kind>
    </target>
    <target member="getConfigurationElements" name="org.eclipse.birt.core.framework.IExtension.getConfigurationElements()" signature="()[Lorg/eclipse/birt/core/framework/IConfigurationElement;" type="org.eclipse.birt.core.framework.IExtension">
        <reference_kind flags="0" kind="512" reference_kind_name="INTERFACE_METHOD">
            <reference linenumber="427" member="initSeriesUIComponents" origin="org.eclipse.birt.chart.ui.swt.wizard.ChartUIExtensionsImpl.initSeriesUIComponents(String)" signature="(Ljava/lang/String;)V" type="org.eclipse.birt.chart.ui.swt.wizard.ChartUIExtensionsImpl"/>
            <reference linenumber="355" member="getUIListeners" origin="org.eclipse.birt.chart.ui.swt.wizard.ChartUIExtensionsImpl.getUIListeners()" signature="()Ljava/util/Collection;" type="org.eclipse.birt.chart.ui.swt.wizard.ChartUIExtensionsImpl"/>
            <reference linenumber="135" member="initUISheetExtensions" origin="org.eclipse.birt.chart.ui.swt.wizard.ChartUIExtensionsImpl.initUISheetExtensions(String)" signature="(Ljava/lang/String;)V" type="org.eclipse.birt.chart.ui.swt.wizard.ChartUIExtensionsImpl"/>
            <reference linenumber="255" member="initUIChartTypeExtensions" origin="org.eclipse.birt.chart.ui.swt.wizard.ChartUIExtensionsImpl.initUIChartTypeExtensions(String)" signature="(Ljava/lang/String;)V" type="org.eclipse.birt.chart.ui.swt.wizard.ChartUIExtensionsImpl"/>
        </reference_kind>
    </target>
    <target member="getSimpleIdentifier" name="org.eclipse.birt.core.framework.IExtension.getSimpleIdentifier()" signature="()Ljava/lang/String;" type="org.eclipse.birt.core.framework.IExtension">
        <reference_kind flags="0" kind="512" reference_kind_name="INTERFACE_METHOD">
            <reference linenumber="256" member="initUIChartTypeExtensions" origin="org.eclipse.birt.chart.ui.swt.wizard.ChartUIExtensionsImpl.initUIChartTypeExtensions(String)" signature="(Ljava/lang/String;)V" type="org.eclipse.birt.chart.ui.swt.wizard.ChartUIExtensionsImpl"/>
            <reference linenumber="136" member="initUISheetExtensions" origin="org.eclipse.birt.chart.ui.swt.wizard.ChartUIExtensionsImpl.initUISheetExtensions(String)" signature="(Ljava/lang/String;)V" type="org.eclipse.birt.chart.ui.swt.wizard.ChartUIExtensionsImpl"/>
            <reference linenumber="428" member="initSeriesUIComponents" origin="org.eclipse.birt.chart.ui.swt.wizard.ChartUIExtensionsImpl.initSeriesUIComponents(String)" signature="(Ljava/lang/String;)V" type="org.eclipse.birt.chart.ui.swt.wizard.ChartUIExtensionsImpl"/>
        </reference_kind>
    </target>
    <target member="getAttribute" name="org.eclipse.birt.core.framework.IConfigurationElement.getAttribute(String)" signature="(Ljava/lang/String;)Ljava/lang/String;" type="org.eclipse.birt.core.framework.IConfigurationElement">
        <reference_kind flags="0" kind="512" reference_kind_name="INTERFACE_METHOD">
            <reference linenumber="149" member="initUISheetExtensions" origin="org.eclipse.birt.chart.ui.swt.wizard.ChartUIExtensionsImpl.initUISheetExtensions(String)" signature="(Ljava/lang/String;)V" type="org.eclipse.birt.chart.ui.swt.wizard.ChartUIExtensionsImpl"/>
            <reference linenumber="150" member="initUISheetExtensions" origin="org.eclipse.birt.chart.ui.swt.wizard.ChartUIExtensionsImpl.initUISheetExtensions(String)" signature="(Ljava/lang/String;)V" type="org.eclipse.birt.chart.ui.swt.wizard.ChartUIExtensionsImpl"/>
        </reference_kind>
    </target>
    <target member="getExtensionRegistry" name="org.eclipse.birt.core.framework.Platform.getExtensionRegistry()" signature="()Lorg/eclipse/birt/core/framework/IExtensionRegistry;" type="org.eclipse.birt.core.framework.Platform">
        <reference_kind flags="0" kind="128" reference_kind_name="INVOKED_STATIC">
            <reference linenumber="127" member="initUISheetExtensions" origin="org.eclipse.birt.chart.ui.swt.wizard.ChartUIExtensionsImpl.initUISheetExtensions(String)" signature="(Ljava/lang/String;)V" type="org.eclipse.birt.chart.ui.swt.wizard.ChartUIExtensionsImpl"/>
            <reference linenumber="348" member="getUIListeners" origin="org.eclipse.birt.chart.ui.swt.wizard.ChartUIExtensionsImpl.getUIListeners()" signature="()Ljava/util/Collection;" type="org.eclipse.birt.chart.ui.swt.wizard.ChartUIExtensionsImpl"/>
            <reference linenumber="420" member="initSeriesUIComponents" origin="org.eclipse.birt.chart.ui.swt.wizard.ChartUIExtensionsImpl.initSeriesUIComponents(String)" signature="(Ljava/lang/String;)V" type="org.eclipse.birt.chart.ui.swt.wizard.ChartUIExtensionsImpl"/>
            <reference linenumber="248" member="initUIChartTypeExtensions" origin="org.eclipse.birt.chart.ui.swt.wizard.ChartUIExtensionsImpl.initUIChartTypeExtensions(String)" signature="(Ljava/lang/String;)V" type="org.eclipse.birt.chart.ui.swt.wizard.ChartUIExtensionsImpl"/>
        </reference_kind>
    </target>
    <target member="getName" name="org.eclipse.birt.core.framework.IConfigurationElement.getName()" signature="()Ljava/lang/String;" type="org.eclipse.birt.core.framework.IConfigurationElement">
        <reference_kind flags="0" kind="512" reference_kind_name="INTERFACE_METHOD">
            <reference linenumber="359" member="getUIListeners" origin="org.eclipse.birt.chart.ui.swt.wizard.ChartUIExtensionsImpl.getUIListeners()" signature="()Ljava/util/Collection;" type="org.eclipse.birt.chart.ui.swt.wizard.ChartUIExtensionsImpl"/>
            <reference linenumber="145" member="initUISheetExtensions" origin="org.eclipse.birt.chart.ui.swt.wizard.ChartUIExtensionsImpl.initUISheetExtensions(String)" signature="(Ljava/lang/String;)V" type="org.eclipse.birt.chart.ui.swt.wizard.ChartUIExtensionsImpl"/>
            <reference linenumber="265" member="initUIChartTypeExtensions" origin="org.eclipse.birt.chart.ui.swt.wizard.ChartUIExtensionsImpl.initUIChartTypeExtensions(String)" signature="(Ljava/lang/String;)V" type="org.eclipse.birt.chart.ui.swt.wizard.ChartUIExtensionsImpl"/>
            <reference linenumber="437" member="initSeriesUIComponents" origin="org.eclipse.birt.chart.ui.swt.wizard.ChartUIExtensionsImpl.initSeriesUIComponents(String)" signature="(Ljava/lang/String;)V" type="org.eclipse.birt.chart.ui.swt.wizard.ChartUIExtensionsImpl"/>
        </reference_kind>
    </target>
    <target member="getExtensions" name="org.eclipse.birt.core.framework.IExtensionPoint.getExtensions()" signature="()[Lorg/eclipse/birt/core/framework/IExtension;" type="org.eclipse.birt.core.framework.IExtensionPoint">
        <reference_kind flags="0" kind="512" reference_kind_name="INTERFACE_METHOD">
            <reference linenumber="351" member="getUIListeners" origin="org.eclipse.birt.chart.ui.swt.wizard.ChartUIExtensionsImpl.getUIListeners()" signature="()Ljava/util/Collection;" type="org.eclipse.birt.chart.ui.swt.wizard.ChartUIExtensionsImpl"/>
            <reference linenumber="423" member="initSeriesUIComponents" origin="org.eclipse.birt.chart.ui.swt.wizard.ChartUIExtensionsImpl.initSeriesUIComponents(String)" signature="(Ljava/lang/String;)V" type="org.eclipse.birt.chart.ui.swt.wizard.ChartUIExtensionsImpl"/>
            <reference linenumber="250" member="initUIChartTypeExtensions" origin="org.eclipse.birt.chart.ui.swt.wizard.ChartUIExtensionsImpl.initUIChartTypeExtensions(String)" signature="(Ljava/lang/String;)V" type="org.eclipse.birt.chart.ui.swt.wizard.ChartUIExtensionsImpl"/>
            <reference linenumber="130" member="initUISheetExtensions" origin="org.eclipse.birt.chart.ui.swt.wizard.ChartUIExtensionsImpl.initUISheetExtensions(String)" signature="(Ljava/lang/String;)V" type="org.eclipse.birt.chart.ui.swt.wizard.ChartUIExtensionsImpl"/>
        </reference_kind>
    </target>
    <target member="getNamespace" name="org.eclipse.birt.core.framework.IExtension.getNamespace()" signature="()Ljava/lang/String;" type="org.eclipse.birt.core.framework.IExtension">
        <reference_kind flags="0" kind="512" reference_kind_name="INTERFACE_METHOD">
            <reference linenumber="282" member="initUIChartTypeExtensions" origin="org.eclipse.birt.chart.ui.swt.wizard.ChartUIExtensionsImpl.initUIChartTypeExtensions(String)" signature="(Ljava/lang/String;)V" type="org.eclipse.birt.chart.ui.swt.wizard.ChartUIExtensionsImpl"/>
            <reference linenumber="164" member="initUISheetExtensions" origin="org.eclipse.birt.chart.ui.swt.wizard.ChartUIExtensionsImpl.initUISheetExtensions(String)" signature="(Ljava/lang/String;)V" type="org.eclipse.birt.chart.ui.swt.wizard.ChartUIExtensionsImpl"/>
            <reference linenumber="454" member="initSeriesUIComponents" origin="org.eclipse.birt.chart.ui.swt.wizard.ChartUIExtensionsImpl.initSeriesUIComponents(String)" signature="(Ljava/lang/String;)V" type="org.eclipse.birt.chart.ui.swt.wizard.ChartUIExtensionsImpl"/>
        </reference_kind>
    </target>
<target member="createJSRowExpression" name="org.eclipse.birt.core.data.ExpressionUtil.createJSRowExpression(String)" signature="(Ljava/lang/String;)Ljava/lang/String;" type="org.eclipse.birt.core.data.ExpressionUtil">
        <reference_kind flags="0" kind="128" reference_kind_name="INVOKED_STATIC">
            <reference linenumber="201" member="getExpressionString" origin="org.eclipse.birt.chart.ui.util.ChartUIUtil.getExpressionString(String)" signature="(Ljava/lang/String;)Ljava/lang/String;" type="org.eclipse.birt.chart.ui.util.ChartUIUtil"/>
        </reference_kind>
    </target>
</references>
