<?xml version="1.0" encoding="UTF-8" standalone="no"?>
<references name="Types" origin="org.eclipse.birt.chart.ui (2.5.2.v20100209)" referee="org.eclipse.birt.core (2.5.2.v20100208)" reference_count="24" reference_visibility="1">
    <target name="org.eclipse.birt.core.framework.FrameworkException" type="org.eclipse.birt.core.framework.FrameworkException">
        <reference_kind flags="0" kind="33554432" reference_kind_name="LOCAL_VAR_DECLARED">
            <reference linenumber="153" member="initUISheetExtensions" origin="org.eclipse.birt.chart.ui.swt.wizard.ChartUIExtensionsImpl.initUISheetExtensions(String)" signature="(Ljava/lang/String;)V" type="org.eclipse.birt.chart.ui.swt.wizard.ChartUIExtensionsImpl"/>
            <reference linenumber="271" member="initUIChartTypeExtensions" origin="org.eclipse.birt.chart.ui.swt.wizard.ChartUIExtensionsImpl.initUIChartTypeExtensions(String)" signature="(Ljava/lang/String;)V" type="org.eclipse.birt.chart.ui.swt.wizard.ChartUIExtensionsImpl"/>
            <reference linenumber="365" member="getUIListeners" origin="org.eclipse.birt.chart.ui.swt.wizard.ChartUIExtensionsImpl.getUIListeners()" signature="()Ljava/util/Collection;" type="org.eclipse.birt.chart.ui.swt.wizard.ChartUIExtensionsImpl"/>
            <reference linenumber="443" member="initSeriesUIComponents" origin="org.eclipse.birt.chart.ui.swt.wizard.ChartUIExtensionsImpl.initSeriesUIComponents(String)" signature="(Ljava/lang/String;)V" type="org.eclipse.birt.chart.ui.swt.wizard.ChartUIExtensionsImpl"/>
        </reference_kind>
        <reference_kind flags="0" kind="131072" reference_kind_name="CATCHES_EXCEPTION">
            <reference linenumber="271" member="initUIChartTypeExtensions" origin="org.eclipse.birt.chart.ui.swt.wizard.ChartUIExtensionsImpl.initUIChartTypeExtensions(String)" signature="(Ljava/lang/String;)V" type="org.eclipse.birt.chart.ui.swt.wizard.ChartUIExtensionsImpl"/>
            <reference linenumber="153" member="initUISheetExtensions" origin="org.eclipse.birt.chart.ui.swt.wizard.ChartUIExtensionsImpl.initUISheetExtensions(String)" signature="(Ljava/lang/String;)V" type="org.eclipse.birt.chart.ui.swt.wizard.ChartUIExtensionsImpl"/>
            <reference linenumber="365" member="getUIListeners" origin="org.eclipse.birt.chart.ui.swt.wizard.ChartUIExtensionsImpl.getUIListeners()" signature="()Ljava/util/Collection;" type="org.eclipse.birt.chart.ui.swt.wizard.ChartUIExtensionsImpl"/>
            <reference linenumber="443" member="initSeriesUIComponents" origin="org.eclipse.birt.chart.ui.swt.wizard.ChartUIExtensionsImpl.initSeriesUIComponents(String)" signature="(Ljava/lang/String;)V" type="org.eclipse.birt.chart.ui.swt.wizard.ChartUIExtensionsImpl"/>
        </reference_kind>
    </target>
    <target name="org.eclipse.birt.core.framework.IConfigurationElement" type="org.eclipse.birt.core.framework.IConfigurationElement">
        <reference_kind flags="0" kind="33554432" reference_kind_name="LOCAL_VAR_DECLARED">
            <reference linenumber="144" member="initUISheetExtensions" origin="org.eclipse.birt.chart.ui.swt.wizard.ChartUIExtensionsImpl.initUISheetExtensions(String)" signature="(Ljava/lang/String;)V" type="org.eclipse.birt.chart.ui.swt.wizard.ChartUIExtensionsImpl"/>
            <reference linenumber="358" member="getUIListeners" origin="org.eclipse.birt.chart.ui.swt.wizard.ChartUIExtensionsImpl.getUIListeners()" signature="()Ljava/util/Collection;" type="org.eclipse.birt.chart.ui.swt.wizard.ChartUIExtensionsImpl"/>
            <reference linenumber="264" member="initUIChartTypeExtensions" origin="org.eclipse.birt.chart.ui.swt.wizard.ChartUIExtensionsImpl.initUIChartTypeExtensions(String)" signature="(Ljava/lang/String;)V" type="org.eclipse.birt.chart.ui.swt.wizard.ChartUIExtensionsImpl"/>
            <reference linenumber="436" member="initSeriesUIComponents" origin="org.eclipse.birt.chart.ui.swt.wizard.ChartUIExtensionsImpl.initSeriesUIComponents(String)" signature="(Ljava/lang/String;)V" type="org.eclipse.birt.chart.ui.swt.wizard.ChartUIExtensionsImpl"/>
        </reference_kind>
    </target>
    <target name="org.eclipse.birt.core.framework.IExtension" type="org.eclipse.birt.core.framework.IExtension">
        <reference_kind flags="0" kind="33554432" reference_kind_name="LOCAL_VAR_DECLARED">
            <reference linenumber="426" member="initSeriesUIComponents" origin="org.eclipse.birt.chart.ui.swt.wizard.ChartUIExtensionsImpl.initSeriesUIComponents(String)" signature="(Ljava/lang/String;)V" type="org.eclipse.birt.chart.ui.swt.wizard.ChartUIExtensionsImpl"/>
            <reference linenumber="354" member="getUIListeners" origin="org.eclipse.birt.chart.ui.swt.wizard.ChartUIExtensionsImpl.getUIListeners()" signature="()Ljava/util/Collection;" type="org.eclipse.birt.chart.ui.swt.wizard.ChartUIExtensionsImpl"/>
            <reference linenumber="254" member="initUIChartTypeExtensions" origin="org.eclipse.birt.chart.ui.swt.wizard.ChartUIExtensionsImpl.initUIChartTypeExtensions(String)" signature="(Ljava/lang/String;)V" type="org.eclipse.birt.chart.ui.swt.wizard.ChartUIExtensionsImpl"/>
            <reference linenumber="134" member="initUISheetExtensions" origin="org.eclipse.birt.chart.ui.swt.wizard.ChartUIExtensionsImpl.initUISheetExtensions(String)" signature="(Ljava/lang/String;)V" type="org.eclipse.birt.chart.ui.swt.wizard.ChartUIExtensionsImpl"/>
        </reference_kind>
    </target>
    <target name="org.eclipse.birt.core.framework.IExtensionRegistry" type="org.eclipse.birt.core.framework.IExtensionRegistry">
        <reference_kind flags="0" kind="33554432" reference_kind_name="LOCAL_VAR_DECLARED">
            <reference linenumber="127" member="initUISheetExtensions" origin="org.eclipse.birt.chart.ui.swt.wizard.ChartUIExtensionsImpl.initUISheetExtensions(String)" signature="(Ljava/lang/String;)V" type="org.eclipse.birt.chart.ui.swt.wizard.ChartUIExtensionsImpl"/>
            <reference linenumber="248" member="initUIChartTypeExtensions" origin="org.eclipse.birt.chart.ui.swt.wizard.ChartUIExtensionsImpl.initUIChartTypeExtensions(String)" signature="(Ljava/lang/String;)V" type="org.eclipse.birt.chart.ui.swt.wizard.ChartUIExtensionsImpl"/>
            <reference linenumber="348" member="getUIListeners" origin="org.eclipse.birt.chart.ui.swt.wizard.ChartUIExtensionsImpl.getUIListeners()" signature="()Ljava/util/Collection;" type="org.eclipse.birt.chart.ui.swt.wizard.ChartUIExtensionsImpl"/>
            <reference linenumber="420" member="initSeriesUIComponents" origin="org.eclipse.birt.chart.ui.swt.wizard.ChartUIExtensionsImpl.initSeriesUIComponents(String)" signature="(Ljava/lang/String;)V" type="org.eclipse.birt.chart.ui.swt.wizard.ChartUIExtensionsImpl"/>
        </reference_kind>
    </target>
    <target name="org.eclipse.birt.core.framework.IExtensionPoint" type="org.eclipse.birt.core.framework.IExtensionPoint">
        <reference_kind flags="0" kind="33554432" reference_kind_name="LOCAL_VAR_DECLARED">
            <reference linenumber="249" member="initUIChartTypeExtensions" origin="org.eclipse.birt.chart.ui.swt.wizard.ChartUIExtensionsImpl.initUIChartTypeExtensions(String)" signature="(Ljava/lang/String;)V" type="org.eclipse.birt.chart.ui.swt.wizard.ChartUIExtensionsImpl"/>
            <reference linenumber="128" member="initUISheetExtensions" origin="org.eclipse.birt.chart.ui.swt.wizard.ChartUIExtensionsImpl.initUISheetExtensions(String)" signature="(Ljava/lang/String;)V" type="org.eclipse.birt.chart.ui.swt.wizard.ChartUIExtensionsImpl"/>
            <reference linenumber="421" member="initSeriesUIComponents" origin="org.eclipse.birt.chart.ui.swt.wizard.ChartUIExtensionsImpl.initSeriesUIComponents(String)" signature="(Ljava/lang/String;)V" type="org.eclipse.birt.chart.ui.swt.wizard.ChartUIExtensionsImpl"/>
            <reference linenumber="349" member="getUIListeners" origin="org.eclipse.birt.chart.ui.swt.wizard.ChartUIExtensionsImpl.getUIListeners()" signature="()Ljava/util/Collection;" type="org.eclipse.birt.chart.ui.swt.wizard.ChartUIExtensionsImpl"/>
        </reference_kind>
    </target>
</references>
