<?xml version="1.0" encoding="UTF-8" standalone="no"?>
<references name="Fields" origin="org.eclipse.actf.visualization.flash (0.7.2.R201002031025)" referee="org.eclipse.actf.visualization.gui (0.7.2.R201002031025)" reference_count="14" reference_visibility="1">
    <target member="ID_OUTLINEVIEW" name="org.eclipse.actf.visualization.gui.IGuiViewIDs.ID_OUTLINEVIEW" type="org.eclipse.actf.visualization.gui.IGuiViewIDs">
        <reference_kind flags="0" kind="2048" reference_kind_name="GETS_STATIC_FIELD">
            <reference linenumber="-1" member="createPartControl" origin="org.eclipse.actf.visualization.flash.ui.views.FlashDOMView.createPartControl(Composite)" signature="(Lorg/eclipse/swt/widgets/Composite;)V" type="org.eclipse.actf.visualization.flash.ui.views.FlashDOMView"/>
        <reference linenumber="-1" member="createInitialLayout" origin="org.eclipse.actf.visualization.internal.flash.ui.FlashPerspective.createInitialLayout(IPageLayout)" signature="(Lorg/eclipse/ui/IPageLayout;)V" type="org.eclipse.actf.visualization.internal.flash.ui.FlashPerspective"/>
        <reference linenumber="-1" member="createPartControl" origin="org.eclipse.actf.visualization.flash.ui.views.FlashDOMView.createPartControl(Composite)" signature="(Lorg/eclipse/swt/widgets/Composite;)V" type="org.eclipse.actf.visualization.flash.ui.views.FlashDOMView"/>
        <reference linenumber="-1" member="createInitialLayout" origin="org.eclipse.actf.visualization.internal.flash.ui.FlashPerspective.createInitialLayout(IPageLayout)" signature="(Lorg/eclipse/ui/IPageLayout;)V" type="org.eclipse.actf.visualization.internal.flash.ui.FlashPerspective"/>
        </reference_kind>
    </target>
<target member="ID_SIBLINGSVIEW" name="org.eclipse.actf.visualization.gui.IGuiViewIDs.ID_SIBLINGSVIEW" type="org.eclipse.actf.visualization.gui.IGuiViewIDs">
        <reference_kind flags="0" kind="2048" reference_kind_name="GETS_STATIC_FIELD">
            <reference linenumber="-1" member="createInitialLayout" origin="org.eclipse.actf.visualization.internal.flash.ui.FlashPerspective.createInitialLayout(IPageLayout)" signature="(Lorg/eclipse/ui/IPageLayout;)V" type="org.eclipse.actf.visualization.internal.flash.ui.FlashPerspective"/>
        <reference linenumber="-1" member="createInitialLayout" origin="org.eclipse.actf.visualization.internal.flash.ui.FlashPerspective.createInitialLayout(IPageLayout)" signature="(Lorg/eclipse/ui/IPageLayout;)V" type="org.eclipse.actf.visualization.internal.flash.ui.FlashPerspective"/>
        </reference_kind>
    </target>
    <target member="ID_REPORTVIEW" name="org.eclipse.actf.visualization.gui.IGuiViewIDs.ID_REPORTVIEW" type="org.eclipse.actf.visualization.gui.IGuiViewIDs">
        <reference_kind flags="0" kind="2048" reference_kind_name="GETS_STATIC_FIELD">
            <reference linenumber="-1" member="createInitialLayout" origin="org.eclipse.actf.visualization.internal.flash.ui.FlashPerspective.createInitialLayout(IPageLayout)" signature="(Lorg/eclipse/ui/IPageLayout;)V" type="org.eclipse.actf.visualization.internal.flash.ui.FlashPerspective"/>
        <reference linenumber="-1" member="createInitialLayout" origin="org.eclipse.actf.visualization.internal.flash.ui.FlashPerspective.createInitialLayout(IPageLayout)" signature="(Lorg/eclipse/ui/IPageLayout;)V" type="org.eclipse.actf.visualization.internal.flash.ui.FlashPerspective"/>
        </reference_kind>
    </target>
    <target member="ID_EVENTVIEW" name="org.eclipse.actf.visualization.gui.IGuiViewIDs.ID_EVENTVIEW" type="org.eclipse.actf.visualization.gui.IGuiViewIDs">
        <reference_kind flags="0" kind="2048" reference_kind_name="GETS_STATIC_FIELD">
            <reference linenumber="-1" member="createInitialLayout" origin="org.eclipse.actf.visualization.internal.flash.ui.FlashPerspective.createInitialLayout(IPageLayout)" signature="(Lorg/eclipse/ui/IPageLayout;)V" type="org.eclipse.actf.visualization.internal.flash.ui.FlashPerspective"/>
        <reference linenumber="-1" member="createInitialLayout" origin="org.eclipse.actf.visualization.internal.flash.ui.FlashPerspective.createInitialLayout(IPageLayout)" signature="(Lorg/eclipse/ui/IPageLayout;)V" type="org.eclipse.actf.visualization.internal.flash.ui.FlashPerspective"/>
        </reference_kind>
    </target>
    <target member="ID_SUMMARYVIEW" name="org.eclipse.actf.visualization.gui.IGuiViewIDs.ID_SUMMARYVIEW" type="org.eclipse.actf.visualization.gui.IGuiViewIDs">
        <reference_kind flags="0" kind="2048" reference_kind_name="GETS_STATIC_FIELD">
            <reference linenumber="-1" member="createInitialLayout" origin="org.eclipse.actf.visualization.internal.flash.ui.FlashPerspective.createInitialLayout(IPageLayout)" signature="(Lorg/eclipse/ui/IPageLayout;)V" type="org.eclipse.actf.visualization.internal.flash.ui.FlashPerspective"/>
        <reference linenumber="-1" member="createInitialLayout" origin="org.eclipse.actf.visualization.internal.flash.ui.FlashPerspective.createInitialLayout(IPageLayout)" signature="(Lorg/eclipse/ui/IPageLayout;)V" type="org.eclipse.actf.visualization.internal.flash.ui.FlashPerspective"/>
        </reference_kind>
    </target>
    <target member="ID_PROPERTIESVIEW" name="org.eclipse.actf.visualization.gui.IGuiViewIDs.ID_PROPERTIESVIEW" type="org.eclipse.actf.visualization.gui.IGuiViewIDs">
        <reference_kind flags="0" kind="2048" reference_kind_name="GETS_STATIC_FIELD">
            <reference linenumber="-1" member="createInitialLayout" origin="org.eclipse.actf.visualization.internal.flash.ui.FlashPerspective.createInitialLayout(IPageLayout)" signature="(Lorg/eclipse/ui/IPageLayout;)V" type="org.eclipse.actf.visualization.internal.flash.ui.FlashPerspective"/>
        <reference linenumber="-1" member="createInitialLayout" origin="org.eclipse.actf.visualization.internal.flash.ui.FlashPerspective.createInitialLayout(IPageLayout)" signature="(Lorg/eclipse/ui/IPageLayout;)V" type="org.eclipse.actf.visualization.internal.flash.ui.FlashPerspective"/>
        </reference_kind>
    </target>
</references>
