<?xml version="1.0" encoding="UTF-8" standalone="no"?>
<references name="Types" origin="org.eclipse.actf.visualization.blind (0.7.2.R201002031025)" referee="org.eclipse.actf.visualization.ui.report (0.7.2.R201002031025)" reference_count="3" reference_visibility="1">
    <target name="org.eclipse.actf.visualization.ui.report.table.ResultTableSorter" type="org.eclipse.actf.visualization.ui.report.table.ResultTableSorter">
        <reference_kind flags="0" kind="134217728" reference_kind_name="INSTANTIATION">
            <reference linenumber="-1" member="&lt;init&gt;" origin="org.eclipse.actf.visualization.blind.ui.views.BlindView.BlindView()" signature="()V" type="org.eclipse.actf.visualization.blind.ui.views.BlindView"/>
        </reference_kind>
        <reference_kind flags="0" kind="4" reference_kind_name="DECLARED_FIELD">
            <reference linenumber="-1" member="viewerSorter" origin="org.eclipse.actf.visualization.blind.ui.views.BlindView.viewerSorter" type="org.eclipse.actf.visualization.blind.ui.views.BlindView"/>
        </reference_kind>
    </target>
    <target name="org.eclipse.actf.visualization.ui.report.table.ResultTableLabelProvider" type="org.eclipse.actf.visualization.ui.report.table.ResultTableLabelProvider">
        <reference_kind flags="0" kind="134217728" reference_kind_name="INSTANTIATION">
            <reference linenumber="-1" member="&lt;init&gt;" origin="org.eclipse.actf.visualization.blind.ui.views.BlindView.BlindView()" signature="()V" type="org.eclipse.actf.visualization.blind.ui.views.BlindView"/>
        </reference_kind>
    </target>
</references>
