<?xml version="1.0" encoding="UTF-8" standalone="no"?>
<references name="Methods" origin="org.eclipse.actf.visualization.presentation (0.7.2.R201002031025)" referee="org.eclipse.actf.ui (0.7.2.R201002031025)" reference_count="4" reference_visibility="1">
    <target member="showView" name="org.eclipse.actf.ui.util.PlatformUIUtil.showView(String)" signature="(Ljava/lang/String;)Lorg/eclipse/ui/IViewPart;" type="org.eclipse.actf.ui.util.PlatformUIUtil">
        <reference_kind flags="0" kind="128" reference_kind_name="INVOKED_STATIC">
            <reference linenumber="-1" member="run" origin="org.eclipse.actf.visualization.presentation.ui.actions.LargeRoomSimulateAction.run()" signature="()V" type="org.eclipse.actf.visualization.presentation.ui.actions.LargeRoomSimulateAction"/>
            <reference linenumber="-1" member="run" origin="org.eclipse.actf.visualization.presentation.ui.actions.MiddleRoomSimulateAction.run()" signature="()V" type="org.eclipse.actf.visualization.presentation.ui.actions.MiddleRoomSimulateAction"/>
            <reference linenumber="-1" member="run" origin="org.eclipse.actf.visualization.presentation.ui.actions.SmallRoomSimulateAction.run()" signature="()V" type="org.eclipse.actf.visualization.presentation.ui.actions.SmallRoomSimulateAction"/>
            <reference linenumber="-1" member="run" origin="org.eclipse.actf.visualization.presentation.ui.actions.PresentationSimulationAction.run(IAction)" signature="(Lorg/eclipse/jface/action/IAction;)V" type="org.eclipse.actf.visualization.presentation.ui.actions.PresentationSimulationAction"/>
        </reference_kind>
    </target>
</references>
