<?xml version="1.0" encoding="UTF-8" standalone="no"?>
<references name="Methods" origin="org.eclipse.actf.model.dom.dombycom.flash (0.7.2.R201002031025)" referee="org.eclipse.actf.model.flash (0.7.2.R201002031025)" reference_count="86" reference_visibility="1">
    <target member="getX" name="org.eclipse.actf.model.flash.IASNode.getX()" signature="()D" type="org.eclipse.actf.model.flash.IASNode">
        <reference_kind flags="0" kind="512" reference_kind_name="INTERFACE_METHOD">
            <reference linenumber="-1" member="doHardwareClick" origin="org.eclipse.actf.model.dom.dombycom.impl.flash.FlashNodeImpl.doHardwareClick()" signature="()Z" type="org.eclipse.actf.model.dom.dombycom.impl.flash.FlashNodeImpl"/>
        <reference linenumber="-1" member="doHardwareClick" origin="org.eclipse.actf.model.dom.dombycom.impl.flash.FlashNodeImpl.doHardwareClick()" signature="()Z" type="org.eclipse.actf.model.dom.dombycom.impl.flash.FlashNodeImpl"/>
        </reference_kind>
    </target>
    <target member="getAccInfo" name="org.eclipse.actf.model.flash.IASNode.getAccInfo()" signature="()Lorg/eclipse/actf/model/flash/ASAccInfo;" type="org.eclipse.actf.model.flash.IASNode">
        <reference_kind flags="0" kind="512" reference_kind_name="INTERFACE_METHOD">
            <reference linenumber="-1" member="&lt;init&gt;" origin="org.eclipse.actf.model.dom.dombycom.impl.flash.FlashNodeImpl.FlashNodeImpl(IASNode, IFlashNode)" signature="(Lorg/eclipse/actf/model/flash/IASNode;Lorg/eclipse/actf/model/dom/dombycom/IFlashNode;)V" type="org.eclipse.actf.model.dom.dombycom.impl.flash.FlashNodeImpl"/>
        <reference linenumber="-1" member="&lt;init&gt;" origin="org.eclipse.actf.model.dom.dombycom.impl.flash.FlashNodeImpl.FlashNodeImpl(IASNode, IFlashNode)" signature="(Lorg/eclipse/actf/model/flash/IASNode;Lorg/eclipse/actf/model/dom/dombycom/IFlashNode;)V" type="org.eclipse.actf.model.dom.dombycom.impl.flash.FlashNodeImpl"/>
        </reference_kind>
    </target>
    <target member="callMethod" name="org.eclipse.actf.model.flash.IASBridge.callMethod(IASNode, String)" signature="(Lorg/eclipse/actf/model/flash/IASNode;Ljava/lang/String;)Ljava/lang/Object;" type="org.eclipse.actf.model.flash.IASBridge">
        <reference_kind flags="0" kind="512" reference_kind_name="INTERFACE_METHOD">
            <reference linenumber="-1" member="doClick" origin="org.eclipse.actf.model.dom.dombycom.impl.flash.FlashNodeImpl.doClick()" signature="()Z" type="org.eclipse.actf.model.dom.dombycom.impl.flash.FlashNodeImpl"/>
            <reference linenumber="-1" member="pauseMedia" origin="org.eclipse.actf.model.dom.dombycom.impl.flash.FlashVideoImpl.pauseMedia()" signature="()Z" type="org.eclipse.actf.model.dom.dombycom.impl.flash.FlashVideoImpl"/>
            <reference linenumber="-1" member="stopMedia" origin="org.eclipse.actf.model.dom.dombycom.impl.flash.FlashVideoImpl.stopMedia()" signature="()Z" type="org.eclipse.actf.model.dom.dombycom.impl.flash.FlashVideoImpl"/>
            <reference linenumber="-1" member="playMedia" origin="org.eclipse.actf.model.dom.dombycom.impl.flash.FlashVideoImpl.playMedia()" signature="()Z" type="org.eclipse.actf.model.dom.dombycom.impl.flash.FlashVideoImpl"/>
            <reference linenumber="-1" member="unhighlight" origin="org.eclipse.actf.model.dom.dombycom.impl.flash.FlashNodeImpl.unhighlight()" signature="()Z" type="org.eclipse.actf.model.dom.dombycom.impl.flash.FlashNodeImpl"/>
            <reference linenumber="-1" member="highlight" origin="org.eclipse.actf.model.dom.dombycom.impl.flash.FlashNodeImpl.highlight()" signature="()Z" type="org.eclipse.actf.model.dom.dombycom.impl.flash.FlashNodeImpl"/>
            <reference linenumber="-1" member="getCurrentPosition" origin="org.eclipse.actf.model.dom.dombycom.impl.flash.FlashVideoImpl.getCurrentPosition()" signature="()D" type="org.eclipse.actf.model.dom.dombycom.impl.flash.FlashVideoImpl"/>
            <reference linenumber="-1" member="getVolume" origin="org.eclipse.actf.model.dom.dombycom.impl.flash.FlashSoundImpl.getVolume()" signature="()I" type="org.eclipse.actf.model.dom.dombycom.impl.flash.FlashSoundImpl"/>
        <reference linenumber="-1" member="doClick" origin="org.eclipse.actf.model.dom.dombycom.impl.flash.FlashNodeImpl.doClick()" signature="()Z" type="org.eclipse.actf.model.dom.dombycom.impl.flash.FlashNodeImpl"/>
            <reference linenumber="-1" member="pauseMedia" origin="org.eclipse.actf.model.dom.dombycom.impl.flash.FlashVideoImpl.pauseMedia()" signature="()Z" type="org.eclipse.actf.model.dom.dombycom.impl.flash.FlashVideoImpl"/>
            <reference linenumber="-1" member="stopMedia" origin="org.eclipse.actf.model.dom.dombycom.impl.flash.FlashVideoImpl.stopMedia()" signature="()Z" type="org.eclipse.actf.model.dom.dombycom.impl.flash.FlashVideoImpl"/>
            <reference linenumber="-1" member="playMedia" origin="org.eclipse.actf.model.dom.dombycom.impl.flash.FlashVideoImpl.playMedia()" signature="()Z" type="org.eclipse.actf.model.dom.dombycom.impl.flash.FlashVideoImpl"/>
            <reference linenumber="-1" member="unhighlight" origin="org.eclipse.actf.model.dom.dombycom.impl.flash.FlashNodeImpl.unhighlight()" signature="()Z" type="org.eclipse.actf.model.dom.dombycom.impl.flash.FlashNodeImpl"/>
            <reference linenumber="-1" member="highlight" origin="org.eclipse.actf.model.dom.dombycom.impl.flash.FlashNodeImpl.highlight()" signature="()Z" type="org.eclipse.actf.model.dom.dombycom.impl.flash.FlashNodeImpl"/>
            <reference linenumber="-1" member="getCurrentPosition" origin="org.eclipse.actf.model.dom.dombycom.impl.flash.FlashVideoImpl.getCurrentPosition()" signature="()D" type="org.eclipse.actf.model.dom.dombycom.impl.flash.FlashVideoImpl"/>
            <reference linenumber="-1" member="getVolume" origin="org.eclipse.actf.model.dom.dombycom.impl.flash.FlashSoundImpl.getVolume()" signature="()I" type="org.eclipse.actf.model.dom.dombycom.impl.flash.FlashSoundImpl"/>
        </reference_kind>
    </target>
    <target member="setProperty" name="org.eclipse.actf.model.flash.IASBridge.setProperty(String, String, Object)" signature="(Ljava/lang/String;Ljava/lang/String;Ljava/lang/Object;)V" type="org.eclipse.actf.model.flash.IASBridge">
        <reference_kind flags="0" kind="512" reference_kind_name="INTERFACE_METHOD">
            <reference linenumber="-1" member="setProperty" origin="org.eclipse.actf.model.dom.dombycom.impl.flash.FlashNodeImpl.setProperty(String, Object)" signature="(Ljava/lang/String;Ljava/lang/Object;)V" type="org.eclipse.actf.model.dom.dombycom.impl.flash.FlashNodeImpl"/>
        <reference linenumber="-1" member="setProperty" origin="org.eclipse.actf.model.dom.dombycom.impl.flash.FlashNodeImpl.setProperty(String, Object)" signature="(Ljava/lang/String;Ljava/lang/Object;)V" type="org.eclipse.actf.model.dom.dombycom.impl.flash.FlashNodeImpl"/>
        </reference_kind>
    </target>
    <target member="translateWithPath" name="org.eclipse.actf.model.flash.IASBridge.translateWithPath(String)" signature="(Ljava/lang/String;)[Lorg/eclipse/actf/model/flash/IASNode;" type="org.eclipse.actf.model.flash.IASBridge">
        <reference_kind flags="0" kind="512" reference_kind_name="INTERFACE_METHOD">
            <reference linenumber="-1" member="translate" origin="org.eclipse.actf.model.dom.dombycom.impl.flash.FlashTopNodeImpl.translate()" signature="()[Lorg/eclipse/actf/model/dom/dombycom/IFlashNode;" type="org.eclipse.actf.model.dom.dombycom.impl.flash.FlashTopNodeImpl"/>
            <reference linenumber="-1" member="translate" origin="org.eclipse.actf.model.dom.dombycom.impl.flash.FlashNodeImpl.translate()" signature="()[Lorg/eclipse/actf/model/dom/dombycom/IFlashNode;" type="org.eclipse.actf.model.dom.dombycom.impl.flash.FlashNodeImpl"/>
        <reference linenumber="-1" member="translate" origin="org.eclipse.actf.model.dom.dombycom.impl.flash.FlashTopNodeImpl.translate()" signature="()[Lorg/eclipse/actf/model/dom/dombycom/IFlashNode;" type="org.eclipse.actf.model.dom.dombycom.impl.flash.FlashTopNodeImpl"/>
            <reference linenumber="-1" member="translate" origin="org.eclipse.actf.model.dom.dombycom.impl.flash.FlashNodeImpl.translate()" signature="()[Lorg/eclipse/actf/model/dom/dombycom/IFlashNode;" type="org.eclipse.actf.model.dom.dombycom.impl.flash.FlashNodeImpl"/>
        </reference_kind>
    </target>
    <target member="getName" name="org.eclipse.actf.model.flash.ASAccInfo.getName()" signature="()Ljava/lang/String;" type="org.eclipse.actf.model.flash.ASAccInfo">
        <reference_kind flags="0" kind="256" reference_kind_name="VIRTUAL_METHOD">
            <reference linenumber="-1" member="extractString" origin="org.eclipse.actf.model.dom.dombycom.impl.flash.FlashNodeImpl.extractString()" signature="()Ljava/lang/String;" type="org.eclipse.actf.model.dom.dombycom.impl.flash.FlashNodeImpl"/>
        <reference linenumber="-1" member="extractString" origin="org.eclipse.actf.model.dom.dombycom.impl.flash.FlashNodeImpl.extractString()" signature="()Ljava/lang/String;" type="org.eclipse.actf.model.dom.dombycom.impl.flash.FlashNodeImpl"/>
        </reference_kind>
    </target>
    <target member="setMarker" name="org.eclipse.actf.model.flash.IASNode.setMarker()" signature="()Z" type="org.eclipse.actf.model.flash.IASNode">
        <reference_kind flags="0" kind="512" reference_kind_name="INTERFACE_METHOD">
            <reference linenumber="-1" member="highlight" origin="org.eclipse.actf.model.dom.dombycom.impl.flash.FlashNodeImpl.highlight()" signature="()Z" type="org.eclipse.actf.model.dom.dombycom.impl.flash.FlashNodeImpl"/>
        <reference linenumber="-1" member="highlight" origin="org.eclipse.actf.model.dom.dombycom.impl.flash.FlashNodeImpl.highlight()" signature="()Z" type="org.eclipse.actf.model.dom.dombycom.impl.flash.FlashNodeImpl"/>
        </reference_kind>
    </target>
    <target member="searchVideo" name="org.eclipse.actf.model.flash.IASBridge.searchVideo()" signature="()[Lorg/eclipse/actf/model/flash/IASNode;" type="org.eclipse.actf.model.flash.IASBridge">
        <reference_kind flags="0" kind="512" reference_kind_name="INTERFACE_METHOD">
            <reference linenumber="-1" member="searchVideo" origin="org.eclipse.actf.model.dom.dombycom.impl.flash.FlashTopNodeImpl.searchVideo()" signature="()[Lorg/eclipse/actf/model/dom/dombycom/INodeExVideo;" type="org.eclipse.actf.model.dom.dombycom.impl.flash.FlashTopNodeImpl"/>
        <reference linenumber="-1" member="searchVideo" origin="org.eclipse.actf.model.dom.dombycom.impl.flash.FlashTopNodeImpl.searchVideo()" signature="()[Lorg/eclipse/actf/model/dom/dombycom/INodeExVideo;" type="org.eclipse.actf.model.dom.dombycom.impl.flash.FlashTopNodeImpl"/>
        </reference_kind>
    </target>
    <target member="getNodeFromPath" name="org.eclipse.actf.model.flash.IASBridge.getNodeFromPath(String)" signature="(Ljava/lang/String;)Lorg/eclipse/actf/model/flash/IASNode;" type="org.eclipse.actf.model.flash.IASBridge">
        <reference_kind flags="0" kind="512" reference_kind_name="INTERFACE_METHOD">
            <reference linenumber="-1" member="getNodeFromPath" origin="org.eclipse.actf.model.dom.dombycom.impl.flash.FlashTopNodeImpl.getNodeFromPath(String)" signature="(Ljava/lang/String;)Lorg/eclipse/actf/model/dom/dombycom/IFlashNode;" type="org.eclipse.actf.model.dom.dombycom.impl.flash.FlashTopNodeImpl"/>
        <reference linenumber="-1" member="getNodeFromPath" origin="org.eclipse.actf.model.dom.dombycom.impl.flash.FlashTopNodeImpl.getNodeFromPath(String)" signature="(Ljava/lang/String;)Lorg/eclipse/actf/model/dom/dombycom/IFlashNode;" type="org.eclipse.actf.model.dom.dombycom.impl.flash.FlashTopNodeImpl"/>
        </reference_kind>
    </target>
    <target member="isOpaqueObject" name="org.eclipse.actf.model.flash.IASNode.isOpaqueObject()" signature="()Z" type="org.eclipse.actf.model.flash.IASNode">
        <reference_kind flags="0" kind="512" reference_kind_name="INTERFACE_METHOD">
            <reference linenumber="-1" member="&lt;init&gt;" origin="org.eclipse.actf.model.dom.dombycom.impl.flash.FlashNodeImpl.FlashNodeImpl(IASNode, IFlashNode)" signature="(Lorg/eclipse/actf/model/flash/IASNode;Lorg/eclipse/actf/model/dom/dombycom/IFlashNode;)V" type="org.eclipse.actf.model.dom.dombycom.impl.flash.FlashNodeImpl"/>
        <reference linenumber="-1" member="&lt;init&gt;" origin="org.eclipse.actf.model.dom.dombycom.impl.flash.FlashNodeImpl.FlashNodeImpl(IASNode, IFlashNode)" signature="(Lorg/eclipse/actf/model/flash/IASNode;Lorg/eclipse/actf/model/dom/dombycom/IFlashNode;)V" type="org.eclipse.actf.model.dom.dombycom.impl.flash.FlashNodeImpl"/>
        </reference_kind>
    </target>
    <target member="getProperty" name="org.eclipse.actf.model.flash.IASBridge.getProperty(String, String)" signature="(Ljava/lang/String;Ljava/lang/String;)Ljava/lang/Object;" type="org.eclipse.actf.model.flash.IASBridge">
        <reference_kind flags="0" kind="512" reference_kind_name="INTERFACE_METHOD">
            <reference linenumber="-1" member="getProperty" origin="org.eclipse.actf.model.dom.dombycom.impl.flash.FlashNodeImpl.getProperty(String)" signature="(Ljava/lang/String;)Ljava/lang/Object;" type="org.eclipse.actf.model.dom.dombycom.impl.flash.FlashNodeImpl"/>
        <reference linenumber="-1" member="getProperty" origin="org.eclipse.actf.model.dom.dombycom.impl.flash.FlashNodeImpl.getProperty(String)" signature="(Ljava/lang/String;)Ljava/lang/Object;" type="org.eclipse.actf.model.dom.dombycom.impl.flash.FlashNodeImpl"/>
        </reference_kind>
    </target>
    <target member="isFlash" name="org.eclipse.actf.model.flash.util.FlashMSAAUtil.isFlash(FlashMSAAObject)" signature="(Lorg/eclipse/actf/util/win32/FlashMSAAObject;)Z" type="org.eclipse.actf.model.flash.util.FlashMSAAUtil">
        <reference_kind flags="0" kind="128" reference_kind_name="INVOKED_STATIC">
            <reference linenumber="-1" member="searchFlash" origin="org.eclipse.actf.model.dom.dombycom.impl.flash.FlashMSAANodeImpl.searchFlash(FlashMSAAObject, int)" signature="(Lorg/eclipse/actf/util/win32/FlashMSAAObject;I)Lorg/eclipse/actf/util/win32/FlashMSAAObject;" type="org.eclipse.actf.model.dom.dombycom.impl.flash.FlashMSAANodeImpl"/>
        <reference linenumber="-1" member="searchFlash" origin="org.eclipse.actf.model.dom.dombycom.impl.flash.FlashMSAANodeImpl.searchFlash(FlashMSAAObject, int)" signature="(Lorg/eclipse/actf/util/win32/FlashMSAAObject;I)Lorg/eclipse/actf/util/win32/FlashMSAAObject;" type="org.eclipse.actf.model.dom.dombycom.impl.flash.FlashMSAANodeImpl"/>
        </reference_kind>
    </target>
    <target member="updateTarget" name="org.eclipse.actf.model.flash.IASBridge.updateTarget()" signature="()Z" type="org.eclipse.actf.model.flash.IASBridge">
        <reference_kind flags="0" kind="512" reference_kind_name="INTERFACE_METHOD">
            <reference linenumber="-1" member="updateTarget" origin="org.eclipse.actf.model.dom.dombycom.impl.flash.FlashTopNodeImpl.updateTarget()" signature="()V" type="org.eclipse.actf.model.dom.dombycom.impl.flash.FlashTopNodeImpl"/>
        <reference linenumber="-1" member="updateTarget" origin="org.eclipse.actf.model.dom.dombycom.impl.flash.FlashTopNodeImpl.updateTarget()" signature="()V" type="org.eclipse.actf.model.dom.dombycom.impl.flash.FlashTopNodeImpl"/>
        </reference_kind>
    </target>
    <target member="getNodeAtDepthWithPath" name="org.eclipse.actf.model.flash.IASBridge.getNodeAtDepthWithPath(String, int)" signature="(Ljava/lang/String;I)Lorg/eclipse/actf/model/flash/IASNode;" type="org.eclipse.actf.model.flash.IASBridge">
        <reference_kind flags="0" kind="512" reference_kind_name="INTERFACE_METHOD">
            <reference linenumber="-1" member="getNodeAtDepth" origin="org.eclipse.actf.model.dom.dombycom.impl.flash.FlashNodeImpl.getNodeAtDepth(int)" signature="(I)Lorg/eclipse/actf/model/dom/dombycom/IFlashNode;" type="org.eclipse.actf.model.dom.dombycom.impl.flash.FlashNodeImpl"/>
        <reference linenumber="-1" member="getNodeAtDepth" origin="org.eclipse.actf.model.dom.dombycom.impl.flash.FlashNodeImpl.getNodeAtDepth(int)" signature="(I)Lorg/eclipse/actf/model/dom/dombycom/IFlashNode;" type="org.eclipse.actf.model.dom.dombycom.impl.flash.FlashNodeImpl"/>
        </reference_kind>
    </target>
    <target member="getChildren" name="org.eclipse.actf.model.flash.IASNode.getChildren(boolean)" signature="(Z)[Lorg/eclipse/actf/model/flash/IASNode;" type="org.eclipse.actf.model.flash.IASNode">
        <reference_kind flags="0" kind="512" reference_kind_name="INTERFACE_METHOD">
            <reference linenumber="-1" member="getInnerNodes" origin="org.eclipse.actf.model.dom.dombycom.impl.flash.FlashNodeImpl.getInnerNodes()" signature="()[Lorg/eclipse/actf/model/dom/dombycom/IFlashNode;" type="org.eclipse.actf.model.dom.dombycom.impl.flash.FlashNodeImpl"/>
            <reference linenumber="-1" member="getSWFChildNodes" origin="org.eclipse.actf.model.dom.dombycom.impl.flash.FlashNodeImpl.getSWFChildNodes()" signature="()[Lorg/eclipse/actf/model/dom/dombycom/IFlashNode;" type="org.eclipse.actf.model.dom.dombycom.impl.flash.FlashNodeImpl"/>
        <reference linenumber="-1" member="getInnerNodes" origin="org.eclipse.actf.model.dom.dombycom.impl.flash.FlashNodeImpl.getInnerNodes()" signature="()[Lorg/eclipse/actf/model/dom/dombycom/IFlashNode;" type="org.eclipse.actf.model.dom.dombycom.impl.flash.FlashNodeImpl"/>
            <reference linenumber="-1" member="getSWFChildNodes" origin="org.eclipse.actf.model.dom.dombycom.impl.flash.FlashNodeImpl.getSWFChildNodes()" signature="()[Lorg/eclipse/actf/model/dom/dombycom/IFlashNode;" type="org.eclipse.actf.model.dom.dombycom.impl.flash.FlashNodeImpl"/>
        </reference_kind>
    </target>
    <target member="getText" name="org.eclipse.actf.model.flash.IASNode.getText(boolean)" signature="(Z)Ljava/lang/String;" type="org.eclipse.actf.model.flash.IASNode">
        <reference_kind flags="0" kind="512" reference_kind_name="INTERFACE_METHOD">
            <reference linenumber="-1" member="extractString" origin="org.eclipse.actf.model.dom.dombycom.impl.flash.FlashNodeImpl.extractString()" signature="()Ljava/lang/String;" type="org.eclipse.actf.model.dom.dombycom.impl.flash.FlashNodeImpl"/>
        <reference linenumber="-1" member="extractString" origin="org.eclipse.actf.model.dom.dombycom.impl.flash.FlashNodeImpl.extractString()" signature="()Ljava/lang/String;" type="org.eclipse.actf.model.dom.dombycom.impl.flash.FlashNodeImpl"/>
        </reference_kind>
    </target>
    <target member="unsetMarker" name="org.eclipse.actf.model.flash.IASBridge.unsetMarker()" signature="()Z" type="org.eclipse.actf.model.flash.IASBridge">
        <reference_kind flags="0" kind="512" reference_kind_name="INTERFACE_METHOD">
            <reference linenumber="-1" member="unhighlight" origin="org.eclipse.actf.model.dom.dombycom.impl.flash.FlashNodeImpl.unhighlight()" signature="()Z" type="org.eclipse.actf.model.dom.dombycom.impl.flash.FlashNodeImpl"/>
        <reference linenumber="-1" member="unhighlight" origin="org.eclipse.actf.model.dom.dombycom.impl.flash.FlashNodeImpl.unhighlight()" signature="()Z" type="org.eclipse.actf.model.dom.dombycom.impl.flash.FlashNodeImpl"/>
        </reference_kind>
    </target>
    <target member="setFocus" name="org.eclipse.actf.model.flash.IASBridge.setFocus(String)" signature="(Ljava/lang/String;)Z" type="org.eclipse.actf.model.flash.IASBridge">
        <reference_kind flags="0" kind="512" reference_kind_name="INTERFACE_METHOD">
            <reference linenumber="-1" member="setFocus" origin="org.eclipse.actf.model.dom.dombycom.impl.flash.FlashNodeImpl.setFocus()" signature="()Z" type="org.eclipse.actf.model.dom.dombycom.impl.flash.FlashNodeImpl"/>
        <reference linenumber="-1" member="setFocus" origin="org.eclipse.actf.model.dom.dombycom.impl.flash.FlashNodeImpl.setFocus()" signature="()Z" type="org.eclipse.actf.model.dom.dombycom.impl.flash.FlashNodeImpl"/>
        </reference_kind>
    </target>
    <target member="getPlayerFromIDsipatch" name="org.eclipse.actf.model.flash.FlashPlayerFactory.getPlayerFromIDsipatch(IDispatch)" signature="(Lorg/eclipse/actf/util/win32/comclutch/IDispatch;)Lorg/eclipse/actf/model/flash/IFlashPlayer;" type="org.eclipse.actf.model.flash.FlashPlayerFactory">
        <reference_kind flags="0" kind="128" reference_kind_name="INVOKED_STATIC">
            <reference linenumber="-1" member="&lt;init&gt;" origin="org.eclipse.actf.model.dom.dombycom.impl.flash.FlashTopNodeImpl.FlashTopNodeImpl(NodeImpl, IDispatch)" signature="(Lorg/eclipse/actf/model/dom/dombycom/impl/NodeImpl;Lorg/eclipse/actf/util/win32/comclutch/IDispatch;)V" type="org.eclipse.actf.model.dom.dombycom.impl.flash.FlashTopNodeImpl"/>
        <reference linenumber="-1" member="&lt;init&gt;" origin="org.eclipse.actf.model.dom.dombycom.impl.flash.FlashTopNodeImpl.FlashTopNodeImpl(NodeImpl, IDispatch)" signature="(Lorg/eclipse/actf/model/dom/dombycom/impl/NodeImpl;Lorg/eclipse/actf/util/win32/comclutch/IDispatch;)V" type="org.eclipse.actf.model.dom.dombycom.impl.flash.FlashTopNodeImpl"/>
        </reference_kind>
    </target>
    <target member="getHtmlElementFromObject" name="org.eclipse.actf.model.flash.util.FlashMSAAUtil.getHtmlElementFromObject(Object)" signature="(Ljava/lang/Object;)Lorg/eclipse/actf/util/win32/comclutch/IDispatch;" type="org.eclipse.actf.model.flash.util.FlashMSAAUtil">
        <reference_kind flags="0" kind="128" reference_kind_name="INVOKED_STATIC">
            <reference linenumber="-1" member="searchFlash" origin="org.eclipse.actf.model.dom.dombycom.impl.flash.FlashMSAANodeImpl.searchFlash(FlashMSAAObject, int)" signature="(Lorg/eclipse/actf/util/win32/FlashMSAAObject;I)Lorg/eclipse/actf/util/win32/FlashMSAAObject;" type="org.eclipse.actf.model.dom.dombycom.impl.flash.FlashMSAANodeImpl"/>
        <reference linenumber="-1" member="searchFlash" origin="org.eclipse.actf.model.dom.dombycom.impl.flash.FlashMSAANodeImpl.searchFlash(FlashMSAAObject, int)" signature="(Lorg/eclipse/actf/util/win32/FlashMSAAObject;I)Lorg/eclipse/actf/util/win32/FlashMSAAObject;" type="org.eclipse.actf.model.dom.dombycom.impl.flash.FlashMSAANodeImpl"/>
        </reference_kind>
    </target>
    <target member="repairFlash" name="org.eclipse.actf.model.flash.IASBridge.repairFlash()" signature="()V" type="org.eclipse.actf.model.flash.IASBridge">
        <reference_kind flags="0" kind="512" reference_kind_name="INTERFACE_METHOD">
            <reference linenumber="-1" member="repairFlash" origin="org.eclipse.actf.model.dom.dombycom.impl.flash.FlashTopNodeImpl.repairFlash()" signature="()V" type="org.eclipse.actf.model.dom.dombycom.impl.flash.FlashTopNodeImpl"/>
        <reference linenumber="-1" member="repairFlash" origin="org.eclipse.actf.model.dom.dombycom.impl.flash.FlashTopNodeImpl.repairFlash()" signature="()V" type="org.eclipse.actf.model.dom.dombycom.impl.flash.FlashTopNodeImpl"/>
        </reference_kind>
    </target>
    <target member="getWidth" name="org.eclipse.actf.model.flash.IASNode.getWidth()" signature="()D" type="org.eclipse.actf.model.flash.IASNode">
        <reference_kind flags="0" kind="512" reference_kind_name="INTERFACE_METHOD">
            <reference linenumber="-1" member="doHardwareClick" origin="org.eclipse.actf.model.dom.dombycom.impl.flash.FlashNodeImpl.doHardwareClick()" signature="()Z" type="org.eclipse.actf.model.dom.dombycom.impl.flash.FlashNodeImpl"/>
        <reference linenumber="-1" member="doHardwareClick" origin="org.eclipse.actf.model.dom.dombycom.impl.flash.FlashNodeImpl.doHardwareClick()" signature="()Z" type="org.eclipse.actf.model.dom.dombycom.impl.flash.FlashNodeImpl"/>
        </reference_kind>
    </target>
    <target member="searchSound" name="org.eclipse.actf.model.flash.IASBridge.searchSound()" signature="()[Lorg/eclipse/actf/model/flash/IASNode;" type="org.eclipse.actf.model.flash.IASBridge">
        <reference_kind flags="0" kind="512" reference_kind_name="INTERFACE_METHOD">
            <reference linenumber="-1" member="searchSound" origin="org.eclipse.actf.model.dom.dombycom.impl.flash.FlashTopNodeImpl.searchSound()" signature="()[Lorg/eclipse/actf/model/dom/dombycom/INodeExSound;" type="org.eclipse.actf.model.dom.dombycom.impl.flash.FlashTopNodeImpl"/>
        <reference linenumber="-1" member="searchSound" origin="org.eclipse.actf.model.dom.dombycom.impl.flash.FlashTopNodeImpl.searchSound()" signature="()[Lorg/eclipse/actf/model/dom/dombycom/INodeExSound;" type="org.eclipse.actf.model.dom.dombycom.impl.flash.FlashTopNodeImpl"/>
        </reference_kind>
    </target>
    <target member="getDepth" name="org.eclipse.actf.model.flash.IASNode.getDepth()" signature="()I" type="org.eclipse.actf.model.flash.IASNode">
        <reference_kind flags="0" kind="512" reference_kind_name="INTERFACE_METHOD">
            <reference linenumber="-1" member="getDepth" origin="org.eclipse.actf.model.dom.dombycom.impl.flash.FlashNodeImpl.getDepth()" signature="()I" type="org.eclipse.actf.model.dom.dombycom.impl.flash.FlashNodeImpl"/>
        <reference linenumber="-1" member="getDepth" origin="org.eclipse.actf.model.dom.dombycom.impl.flash.FlashNodeImpl.getDepth()" signature="()I" type="org.eclipse.actf.model.dom.dombycom.impl.flash.FlashNodeImpl"/>
        </reference_kind>
    </target>
    <target member="getHeight" name="org.eclipse.actf.model.flash.IASNode.getHeight()" signature="()D" type="org.eclipse.actf.model.flash.IASNode">
        <reference_kind flags="0" kind="512" reference_kind_name="INTERFACE_METHOD">
            <reference linenumber="-1" member="doHardwareClick" origin="org.eclipse.actf.model.dom.dombycom.impl.flash.FlashNodeImpl.doHardwareClick()" signature="()Z" type="org.eclipse.actf.model.dom.dombycom.impl.flash.FlashNodeImpl"/>
        <reference linenumber="-1" member="doHardwareClick" origin="org.eclipse.actf.model.dom.dombycom.impl.flash.FlashNodeImpl.doHardwareClick()" signature="()Z" type="org.eclipse.actf.model.dom.dombycom.impl.flash.FlashNodeImpl"/>
        </reference_kind>
    </target>
    <target member="isSilent" name="org.eclipse.actf.model.flash.ASAccInfo.isSilent()" signature="()Z" type="org.eclipse.actf.model.flash.ASAccInfo">
        <reference_kind flags="0" kind="256" reference_kind_name="VIRTUAL_METHOD">
            <reference linenumber="-1" member="isSilent" origin="org.eclipse.actf.model.dom.dombycom.impl.flash.FlashNodeImpl.isSilent()" signature="()Z" type="org.eclipse.actf.model.dom.dombycom.impl.flash.FlashNodeImpl"/>
        <reference linenumber="-1" member="isSilent" origin="org.eclipse.actf.model.dom.dombycom.impl.flash.FlashNodeImpl.isSilent()" signature="()Z" type="org.eclipse.actf.model.dom.dombycom.impl.flash.FlashNodeImpl"/>
        </reference_kind>
    </target>
    <target member="getPlayer" name="org.eclipse.actf.model.flash.IASNode.getPlayer()" signature="()Lorg/eclipse/actf/model/flash/IFlashPlayer;" type="org.eclipse.actf.model.flash.IASNode">
        <reference_kind flags="0" kind="512" reference_kind_name="INTERFACE_METHOD">
            <reference linenumber="-1" member="&lt;init&gt;" origin="org.eclipse.actf.model.dom.dombycom.impl.flash.FlashVideoImpl.FlashVideoImpl(FlashTopNodeImpl, IASNode)" signature="(Lorg/eclipse/actf/model/dom/dombycom/impl/flash/FlashTopNodeImpl;Lorg/eclipse/actf/model/flash/IASNode;)V" type="org.eclipse.actf.model.dom.dombycom.impl.flash.FlashVideoImpl"/>
            <reference linenumber="-1" member="&lt;init&gt;" origin="org.eclipse.actf.model.dom.dombycom.impl.flash.FlashSoundImpl.FlashSoundImpl(IASNode)" signature="(Lorg/eclipse/actf/model/flash/IASNode;)V" type="org.eclipse.actf.model.dom.dombycom.impl.flash.FlashSoundImpl"/>
            <reference linenumber="-1" member="&lt;init&gt;" origin="org.eclipse.actf.model.dom.dombycom.impl.flash.FlashNodeImpl.FlashNodeImpl(IASNode, IFlashNode)" signature="(Lorg/eclipse/actf/model/flash/IASNode;Lorg/eclipse/actf/model/dom/dombycom/IFlashNode;)V" type="org.eclipse.actf.model.dom.dombycom.impl.flash.FlashNodeImpl"/>
        <reference linenumber="-1" member="&lt;init&gt;" origin="org.eclipse.actf.model.dom.dombycom.impl.flash.FlashVideoImpl.FlashVideoImpl(FlashTopNodeImpl, IASNode)" signature="(Lorg/eclipse/actf/model/dom/dombycom/impl/flash/FlashTopNodeImpl;Lorg/eclipse/actf/model/flash/IASNode;)V" type="org.eclipse.actf.model.dom.dombycom.impl.flash.FlashVideoImpl"/>
            <reference linenumber="-1" member="&lt;init&gt;" origin="org.eclipse.actf.model.dom.dombycom.impl.flash.FlashSoundImpl.FlashSoundImpl(IASNode)" signature="(Lorg/eclipse/actf/model/flash/IASNode;)V" type="org.eclipse.actf.model.dom.dombycom.impl.flash.FlashSoundImpl"/>
            <reference linenumber="-1" member="&lt;init&gt;" origin="org.eclipse.actf.model.dom.dombycom.impl.flash.FlashNodeImpl.FlashNodeImpl(IASNode, IFlashNode)" signature="(Lorg/eclipse/actf/model/flash/IASNode;Lorg/eclipse/actf/model/dom/dombycom/IFlashNode;)V" type="org.eclipse.actf.model.dom.dombycom.impl.flash.FlashNodeImpl"/>
        </reference_kind>
    </target>
    <target member="getTarget" name="org.eclipse.actf.model.flash.IASNode.getTarget()" signature="()Ljava/lang/String;" type="org.eclipse.actf.model.flash.IASNode">
        <reference_kind flags="0" kind="512" reference_kind_name="INTERFACE_METHOD">
            <reference linenumber="-1" member="&lt;init&gt;" origin="org.eclipse.actf.model.dom.dombycom.impl.flash.FlashNodeImpl.FlashNodeImpl(IASNode, IFlashNode)" signature="(Lorg/eclipse/actf/model/flash/IASNode;Lorg/eclipse/actf/model/dom/dombycom/IFlashNode;)V" type="org.eclipse.actf.model.dom.dombycom.impl.flash.FlashNodeImpl"/>
        <reference linenumber="-1" member="&lt;init&gt;" origin="org.eclipse.actf.model.dom.dombycom.impl.flash.FlashNodeImpl.FlashNodeImpl(IASNode, IFlashNode)" signature="(Lorg/eclipse/actf/model/flash/IASNode;Lorg/eclipse/actf/model/dom/dombycom/IFlashNode;)V" type="org.eclipse.actf.model.dom.dombycom.impl.flash.FlashNodeImpl"/>
        </reference_kind>
    </target>
    <target member="getCurrentFrame" name="org.eclipse.actf.model.flash.IASNode.getCurrentFrame()" signature="()I" type="org.eclipse.actf.model.flash.IASNode">
        <reference_kind flags="0" kind="512" reference_kind_name="INTERFACE_METHOD">
            <reference linenumber="-1" member="getCurrentFrame" origin="org.eclipse.actf.model.dom.dombycom.impl.flash.FlashNodeImpl.getCurrentFrame()" signature="()I" type="org.eclipse.actf.model.dom.dombycom.impl.flash.FlashNodeImpl"/>
        <reference linenumber="-1" member="getCurrentFrame" origin="org.eclipse.actf.model.dom.dombycom.impl.flash.FlashNodeImpl.getCurrentFrame()" signature="()I" type="org.eclipse.actf.model.dom.dombycom.impl.flash.FlashNodeImpl"/>
        </reference_kind>
    </target>
    <target member="callMethod" name="org.eclipse.actf.model.flash.IASBridge.callMethod(IASNode, String, Object[])" signature="(Lorg/eclipse/actf/model/flash/IASNode;Ljava/lang/String;[Ljava/lang/Object;)Ljava/lang/Object;" type="org.eclipse.actf.model.flash.IASBridge">
        <reference_kind flags="0" kind="512" reference_kind_name="INTERFACE_METHOD">
            <reference linenumber="-1" member="setVolume" origin="org.eclipse.actf.model.dom.dombycom.impl.flash.FlashSoundImpl.setVolume(int)" signature="(I)Z" type="org.eclipse.actf.model.dom.dombycom.impl.flash.FlashSoundImpl"/>
        <reference linenumber="-1" member="setVolume" origin="org.eclipse.actf.model.dom.dombycom.impl.flash.FlashSoundImpl.setVolume(int)" signature="(I)Z" type="org.eclipse.actf.model.dom.dombycom.impl.flash.FlashSoundImpl"/>
        </reference_kind>
    </target>
    <target member="getY" name="org.eclipse.actf.model.flash.IASNode.getY()" signature="()D" type="org.eclipse.actf.model.flash.IASNode">
        <reference_kind flags="0" kind="512" reference_kind_name="INTERFACE_METHOD">
            <reference linenumber="-1" member="doHardwareClick" origin="org.eclipse.actf.model.dom.dombycom.impl.flash.FlashNodeImpl.doHardwareClick()" signature="()Z" type="org.eclipse.actf.model.dom.dombycom.impl.flash.FlashNodeImpl"/>
        <reference linenumber="-1" member="doHardwareClick" origin="org.eclipse.actf.model.dom.dombycom.impl.flash.FlashNodeImpl.doHardwareClick()" signature="()Z" type="org.eclipse.actf.model.dom.dombycom.impl.flash.FlashNodeImpl"/>
        </reference_kind>
    </target>
    <target member="isInputable" name="org.eclipse.actf.model.flash.IASNode.isInputable()" signature="()Z" type="org.eclipse.actf.model.flash.IASNode">
        <reference_kind flags="0" kind="512" reference_kind_name="INTERFACE_METHOD">
            <reference linenumber="-1" member="isInputable" origin="org.eclipse.actf.model.dom.dombycom.impl.flash.FlashNodeImpl.isInputable()" signature="()Z" type="org.eclipse.actf.model.dom.dombycom.impl.flash.FlashNodeImpl"/>
        <reference linenumber="-1" member="isInputable" origin="org.eclipse.actf.model.dom.dombycom.impl.flash.FlashNodeImpl.isInputable()" signature="()Z" type="org.eclipse.actf.model.dom.dombycom.impl.flash.FlashNodeImpl"/>
        </reference_kind>
    </target>
</references>
