<?xml version="1.0" encoding="UTF-8" standalone="no"?>
<references name="Types" origin="org.eclipse.birt.core.ui (2.5.2.v20091217)" referee="org.eclipse.birt.core (2.5.2.v20100208)" reference_count="2" reference_visibility="1">
    <target name="org.eclipse.birt.core.framework.FrameworkException" type="org.eclipse.birt.core.framework.FrameworkException">
        <reference_kind flags="0" kind="33554432" reference_kind_name="LOCAL_VAR_DECLARED">
            <reference linenumber="77" member="processExtensions" origin="org.eclipse.birt.core.ui.frameworks.taskwizard.TasksManager.processExtensions()" signature="()V" type="org.eclipse.birt.core.ui.frameworks.taskwizard.TasksManager"/>
        </reference_kind>
        <reference_kind flags="0" kind="131072" reference_kind_name="CATCHES_EXCEPTION">
            <reference linenumber="77" member="processExtensions" origin="org.eclipse.birt.core.ui.frameworks.taskwizard.TasksManager.processExtensions()" signature="()V" type="org.eclipse.birt.core.ui.frameworks.taskwizard.TasksManager"/>
        </reference_kind>
    </target>
</references>
