<?xml version="1.0" encoding="UTF-8" standalone="no"?>
<references name="Fields" origin="org.eclipse.birt.report.data.adapter (2.5.2.v20100208)" referee="org.eclipse.birt.core (2.5.2.v20100208)" reference_count="12" reference_visibility="1">
    <target member="OBJECT_TYPE_NAME" name="org.eclipse.birt.core.data.DataType.OBJECT_TYPE_NAME" type="org.eclipse.birt.core.data.DataType">
        <reference_kind flags="0" kind="2048" reference_kind_name="GETS_STATIC_FIELD">
            <reference linenumber="457" member="coreDataTypeToModelDataType" origin="org.eclipse.birt.report.data.adapter.api.DataAdapterUtil.coreDataTypeToModelDataType(String)" signature="(Ljava/lang/String;)Ljava/lang/String;" type="org.eclipse.birt.report.data.adapter.api.DataAdapterUtil"/>
        </reference_kind>
    </target>
    <target member="DATE_TYPE_NAME" name="org.eclipse.birt.core.data.DataType.DATE_TYPE_NAME" type="org.eclipse.birt.core.data.DataType">
        <reference_kind flags="0" kind="2048" reference_kind_name="GETS_STATIC_FIELD">
            <reference linenumber="449" member="coreDataTypeToModelDataType" origin="org.eclipse.birt.report.data.adapter.api.DataAdapterUtil.coreDataTypeToModelDataType(String)" signature="(Ljava/lang/String;)Ljava/lang/String;" type="org.eclipse.birt.report.data.adapter.api.DataAdapterUtil"/>
        </reference_kind>
    </target>
    <target member="DOUBLE_TYPE_NAME" name="org.eclipse.birt.core.data.DataType.DOUBLE_TYPE_NAME" type="org.eclipse.birt.core.data.DataType">
        <reference_kind flags="0" kind="2048" reference_kind_name="GETS_STATIC_FIELD">
            <reference linenumber="443" member="coreDataTypeToModelDataType" origin="org.eclipse.birt.report.data.adapter.api.DataAdapterUtil.coreDataTypeToModelDataType(String)" signature="(Ljava/lang/String;)Ljava/lang/String;" type="org.eclipse.birt.report.data.adapter.api.DataAdapterUtil"/>
        </reference_kind>
    </target>
    <target member="DECIMAL_TYPE_NAME" name="org.eclipse.birt.core.data.DataType.DECIMAL_TYPE_NAME" type="org.eclipse.birt.core.data.DataType">
        <reference_kind flags="0" kind="2048" reference_kind_name="GETS_STATIC_FIELD">
            <reference linenumber="445" member="coreDataTypeToModelDataType" origin="org.eclipse.birt.report.data.adapter.api.DataAdapterUtil.coreDataTypeToModelDataType(String)" signature="(Ljava/lang/String;)Ljava/lang/String;" type="org.eclipse.birt.report.data.adapter.api.DataAdapterUtil"/>
        </reference_kind>
    </target>
    <target member="INTEGER_TYPE_NAME" name="org.eclipse.birt.core.data.DataType.INTEGER_TYPE_NAME" type="org.eclipse.birt.core.data.DataType">
        <reference_kind flags="0" kind="2048" reference_kind_name="GETS_STATIC_FIELD">
            <reference linenumber="441" member="coreDataTypeToModelDataType" origin="org.eclipse.birt.report.data.adapter.api.DataAdapterUtil.coreDataTypeToModelDataType(String)" signature="(Ljava/lang/String;)Ljava/lang/String;" type="org.eclipse.birt.report.data.adapter.api.DataAdapterUtil"/>
        </reference_kind>
    </target>
    <target member="BOOLEAN_TYPE_NAME" name="org.eclipse.birt.core.data.DataType.BOOLEAN_TYPE_NAME" type="org.eclipse.birt.core.data.DataType">
        <reference_kind flags="0" kind="2048" reference_kind_name="GETS_STATIC_FIELD">
            <reference linenumber="451" member="coreDataTypeToModelDataType" origin="org.eclipse.birt.report.data.adapter.api.DataAdapterUtil.coreDataTypeToModelDataType(String)" signature="(Ljava/lang/String;)Ljava/lang/String;" type="org.eclipse.birt.report.data.adapter.api.DataAdapterUtil"/>
        </reference_kind>
    </target>
    <target member="SQL_TIME_TYPE_NAME" name="org.eclipse.birt.core.data.DataType.SQL_TIME_TYPE_NAME" type="org.eclipse.birt.core.data.DataType">
        <reference_kind flags="0" kind="2048" reference_kind_name="GETS_STATIC_FIELD">
            <reference linenumber="455" member="coreDataTypeToModelDataType" origin="org.eclipse.birt.report.data.adapter.api.DataAdapterUtil.coreDataTypeToModelDataType(String)" signature="(Ljava/lang/String;)Ljava/lang/String;" type="org.eclipse.birt.report.data.adapter.api.DataAdapterUtil"/>
        </reference_kind>
    </target>
    <target member="SQL_DATE_TYPE_NAME" name="org.eclipse.birt.core.data.DataType.SQL_DATE_TYPE_NAME" type="org.eclipse.birt.core.data.DataType">
        <reference_kind flags="0" kind="2048" reference_kind_name="GETS_STATIC_FIELD">
            <reference linenumber="453" member="coreDataTypeToModelDataType" origin="org.eclipse.birt.report.data.adapter.api.DataAdapterUtil.coreDataTypeToModelDataType(String)" signature="(Ljava/lang/String;)Ljava/lang/String;" type="org.eclipse.birt.report.data.adapter.api.DataAdapterUtil"/>
        </reference_kind>
    </target>
    <target member="STRING_TYPE_NAME" name="org.eclipse.birt.core.data.DataType.STRING_TYPE_NAME" type="org.eclipse.birt.core.data.DataType">
        <reference_kind flags="0" kind="2048" reference_kind_name="GETS_STATIC_FIELD">
            <reference linenumber="447" member="coreDataTypeToModelDataType" origin="org.eclipse.birt.report.data.adapter.api.DataAdapterUtil.coreDataTypeToModelDataType(String)" signature="(Ljava/lang/String;)Ljava/lang/String;" type="org.eclipse.birt.report.data.adapter.api.DataAdapterUtil"/>
        </reference_kind>
    </target>
<target member="defaultID" name="org.eclipse.birt.core.script.ScriptExpression.defaultID" type="org.eclipse.birt.core.script.ScriptExpression">
        <reference_kind flags="0" kind="2048" reference_kind_name="GETS_STATIC_FIELD">
            <reference linenumber="69" member="&lt;init&gt;" origin="org.eclipse.birt.report.data.adapter.internal.adapter.OdaDataSetAdapter.OdaDataSetAdapter(OdaDataSetHandle, Scriptable, ModelAdapter, DataEngineContext)" signature="(Lorg/eclipse/birt/report/model/api/OdaDataSetHandle;Lorg/mozilla/javascript/Scriptable;Lorg/eclipse/birt/report/data/adapter/impl/ModelAdapter;Lorg/eclipse/birt/data/engine/api/DataEngineContext;)V" type="org.eclipse.birt.report.data.adapter.internal.adapter.OdaDataSetAdapter"/>
            <reference linenumber="104" member="&lt;init&gt;" origin="org.eclipse.birt.report.data.adapter.internal.adapter.OdaDataSetAdapter.OdaDataSetAdapter(OdaDataSetHandle, Scriptable, ModelAdapter, DataEngineContext)" signature="(Lorg/eclipse/birt/report/model/api/OdaDataSetHandle;Lorg/mozilla/javascript/Scriptable;Lorg/eclipse/birt/report/data/adapter/impl/ModelAdapter;Lorg/eclipse/birt/data/engine/api/DataEngineContext;)V" type="org.eclipse.birt.report.data.adapter.internal.adapter.OdaDataSetAdapter"/>
            <reference linenumber="89" member="&lt;init&gt;" origin="org.eclipse.birt.report.data.adapter.internal.adapter.OdaDataSourceAdapter.OdaDataSourceAdapter(OdaDataSourceHandle, Scriptable, DataEngineContext)" signature="(Lorg/eclipse/birt/report/model/api/OdaDataSourceHandle;Lorg/mozilla/javascript/Scriptable;Lorg/eclipse/birt/data/engine/api/DataEngineContext;)V" type="org.eclipse.birt.report.data.adapter.internal.adapter.OdaDataSourceAdapter"/>
        </reference_kind>
    </target>
</references>
