<?xml version="1.0" encoding="UTF-8" standalone="no"?>
<references name="Methods" origin="org.eclipse.birt.report.data.adapter (2.5.2.v20100208)" referee="org.eclipse.birt.core (2.5.2.v20100208)" reference_count="67" reference_visibility="1">
    <target member="&lt;init&gt;" name="org.eclipse.birt.core.plugin.BIRTPlugin.BIRTPlugin()" signature="()V" type="org.eclipse.birt.core.plugin.BIRTPlugin">
        <reference_kind flags="0" kind="268435456" reference_kind_name="OVERRIDE">
            <reference linenumber="-1" member="&lt;init&gt;" origin="org.eclipse.birt.report.data.adapter.Activator.Activator()" signature="()V" type="org.eclipse.birt.report.data.adapter.Activator"/>
        </reference_kind>
        <reference_kind flags="0" kind="536870912" reference_kind_name="SUPER_CONSTRUCTORMETHOD">
            <reference linenumber="21" member="&lt;init&gt;" origin="org.eclipse.birt.report.data.adapter.Activator.Activator()" signature="()V" type="org.eclipse.birt.report.data.adapter.Activator"/>
        </reference_kind>
    </target>
<target member="newContext" name="org.eclipse.birt.core.script.ScriptContext.newContext(Object)" signature="(Ljava/lang/Object;)Lorg/eclipse/birt/core/script/ScriptContext;" type="org.eclipse.birt.core.script.ScriptContext">
        <reference_kind flags="0" kind="256" reference_kind_name="VIRTUAL_METHOD">
            <reference linenumber="162" member="&lt;init&gt;" origin="org.eclipse.birt.report.data.adapter.api.DataSessionContext.DataSessionContext(int, ModuleHandle, ScriptContext, ClassLoader)" signature="(ILorg/eclipse/birt/report/model/api/ModuleHandle;Lorg/eclipse/birt/core/script/ScriptContext;Ljava/lang/ClassLoader;)V" type="org.eclipse.birt.report.data.adapter.api.DataSessionContext"/>
            <reference linenumber="131" member="prepareScriptContext" origin="org.eclipse.birt.report.data.adapter.api.DataSessionContext.prepareScriptContext(Scriptable)" signature="(Lorg/mozilla/javascript/Scriptable;)Lorg/eclipse/birt/core/script/ScriptContext;" type="org.eclipse.birt.report.data.adapter.api.DataSessionContext"/>
        </reference_kind>
    </target>
    <target member="&lt;init&gt;" name="org.eclipse.birt.core.exception.BirtException.BirtException(String, String, Object[], ResourceBundle, Throwable)" signature="(Ljava/lang/String;Ljava/lang/String;[Ljava/lang/Object;Ljava/util/ResourceBundle;Ljava/lang/Throwable;)V" type="org.eclipse.birt.core.exception.BirtException">
        <reference_kind flags="0" kind="536870912" reference_kind_name="SUPER_CONSTRUCTORMETHOD">
            <reference linenumber="77" member="&lt;init&gt;" origin="org.eclipse.birt.report.data.adapter.api.AdapterException.AdapterException(String, Throwable, Object[])" signature="(Ljava/lang/String;Ljava/lang/Throwable;[Ljava/lang/Object;)V" type="org.eclipse.birt.report.data.adapter.api.AdapterException"/>
        </reference_kind>
    </target>
    <target member="getScriptEngine" name="org.eclipse.birt.core.script.ScriptContext.getScriptEngine(String)" signature="(Ljava/lang/String;)Lorg/eclipse/birt/core/script/IScriptEngine;" type="org.eclipse.birt.core.script.ScriptContext">
        <reference_kind flags="0" kind="256" reference_kind_name="VIRTUAL_METHOD">
            <reference linenumber="196" member="registerDataObject" origin="org.eclipse.birt.report.data.adapter.api.DataAdapterUtil.registerDataObject(ScriptContext, ILinkedResult)" signature="(Lorg/eclipse/birt/core/script/ScriptContext;Lorg/eclipse/birt/report/data/adapter/api/ILinkedResult;)V" type="org.eclipse.birt.report.data.adapter.api.DataAdapterUtil"/>
            <reference linenumber="165" member="&lt;init&gt;" origin="org.eclipse.birt.report.data.adapter.api.DataSessionContext.DataSessionContext(int, ModuleHandle, ScriptContext, ClassLoader)" signature="(ILorg/eclipse/birt/report/model/api/ModuleHandle;Lorg/eclipse/birt/core/script/ScriptContext;Ljava/lang/ClassLoader;)V" type="org.eclipse.birt.report.data.adapter.api.DataSessionContext"/>
        <reference linenumber="556" member="execute" origin="org.eclipse.birt.report.data.adapter.impl.DataRequestSessionImpl.execute(IBasePreparedQuery, IBaseQueryResults, ScriptContext)" signature="(Lorg/eclipse/birt/data/engine/api/IBasePreparedQuery;Lorg/eclipse/birt/data/engine/api/IBaseQueryResults;Lorg/eclipse/birt/core/script/ScriptContext;)Lorg/eclipse/birt/data/engine/api/IBaseQueryResults;" type="org.eclipse.birt.report.data.adapter.impl.DataRequestSessionImpl"/>
        </reference_kind>
    </target>
    <target member="getLocalizedMessage" name="org.eclipse.birt.core.exception.BirtException.getLocalizedMessage()" signature="()Ljava/lang/String;" type="org.eclipse.birt.core.exception.BirtException">
        <reference_kind flags="0" kind="268435456" reference_kind_name="OVERRIDE">
            <reference linenumber="-1" member="getLocalizedMessage" origin="org.eclipse.birt.report.data.adapter.api.AdapterException.getLocalizedMessage()" signature="()Ljava/lang/String;" type="org.eclipse.birt.report.data.adapter.api.AdapterException"/>
        </reference_kind>
    <reference_kind flags="0" kind="256" reference_kind_name="VIRTUAL_METHOD">
            <reference linenumber="93" member="getGroupCalculator" origin="org.eclipse.birt.report.data.adapter.group.GroupCalculatorFactory.getGroupCalculator(int, int, Object, double, ULocale, TimeZone)" signature="(IILjava/lang/Object;DLcom/ibm/icu/util/ULocale;Lcom/ibm/icu/util/TimeZone;)Lorg/eclipse/birt/report/data/adapter/group/ICalculator;" type="org.eclipse.birt.report.data.adapter.group.GroupCalculatorFactory"/>
        <reference linenumber="689" member="process" origin="org.eclipse.birt.report.data.adapter.impl.DataSetIterator.DataProcessorWrapper.process(Object)" signature="(Ljava/lang/Object;)Ljava/lang/Object;" type="org.eclipse.birt.report.data.adapter.impl.DataSetIterator$DataProcessorWrapper"/>
            <reference linenumber="726" member="getMemberValueIterator" origin="org.eclipse.birt.report.data.adapter.impl.CubeQueryUtil.getMemberValueIterator(TabularCubeHandle, String, ILevelDefinition[], Object[], Map)" signature="(Lorg/eclipse/birt/report/model/api/olap/TabularCubeHandle;Ljava/lang/String;[Lorg/eclipse/birt/data/engine/olap/api/query/ILevelDefinition;[Ljava/lang/Object;Ljava/util/Map;)Ljava/util/Iterator;" type="org.eclipse.birt.report.data.adapter.impl.CubeQueryUtil"/>
            <reference linenumber="427" member="getReferencedLevels" origin="org.eclipse.birt.report.data.adapter.impl.CubeQueryUtil.getReferencedLevels(String, String, ICubeQueryDefinition)" signature="(Ljava/lang/String;Ljava/lang/String;Lorg/eclipse/birt/data/engine/olap/api/query/ICubeQueryDefinition;)Ljava/util/List;" type="org.eclipse.birt.report.data.adapter.impl.CubeQueryUtil"/>
            <reference linenumber="67" member="executeQuery" origin="org.eclipse.birt.report.data.adapter.impl.DataSetIteratorForTempPK.executeQuery(DataRequestSessionImpl, IQueryDefinition, Map)" signature="(Lorg/eclipse/birt/report/data/adapter/impl/DataRequestSessionImpl;Lorg/eclipse/birt/data/engine/api/IQueryDefinition;Ljava/util/Map;)V" type="org.eclipse.birt.report.data.adapter.impl.DataSetIteratorForTempPK"/>
            <reference linenumber="572" member="getMemberValueIterator" origin="org.eclipse.birt.report.data.adapter.impl.CubeQueryUtil.getMemberValueIterator(TabularCubeHandle, String, ICubeQueryDefinition, Map)" signature="(Lorg/eclipse/birt/report/model/api/olap/TabularCubeHandle;Ljava/lang/String;Lorg/eclipse/birt/data/engine/olap/api/query/ICubeQueryDefinition;Ljava/util/Map;)Ljava/util/Iterator;" type="org.eclipse.birt.report.data.adapter.impl.CubeQueryUtil"/>
            <reference linenumber="663" member="getMemberValueIterator" origin="org.eclipse.birt.report.data.adapter.impl.CubeQueryUtil.getMemberValueIterator(TabularCubeHandle, String, DimensionLevel[], Object[], Map)" signature="(Lorg/eclipse/birt/report/model/api/olap/TabularCubeHandle;Ljava/lang/String;[Lorg/eclipse/birt/report/data/adapter/api/DimensionLevel;[Ljava/lang/Object;Ljava/util/Map;)Ljava/util/Iterator;" type="org.eclipse.birt.report.data.adapter.impl.CubeQueryUtil"/>
            <reference linenumber="85" member="executeQuery" origin="org.eclipse.birt.report.data.adapter.impl.DataSetIterator.executeQuery(DataRequestSessionImpl, IQueryDefinition, Map)" signature="(Lorg/eclipse/birt/report/data/adapter/impl/DataRequestSessionImpl;Lorg/eclipse/birt/data/engine/api/IQueryDefinition;Ljava/util/Map;)V" type="org.eclipse.birt.report.data.adapter.impl.DataSetIterator"/>
        </reference_kind>
    </target>
    <target member="&lt;init&gt;" name="org.eclipse.birt.core.exception.BirtException.BirtException(String, String, Object, ResourceBundle)" signature="(Ljava/lang/String;Ljava/lang/String;Ljava/lang/Object;Ljava/util/ResourceBundle;)V" type="org.eclipse.birt.core.exception.BirtException">
        <reference_kind flags="0" kind="536870912" reference_kind_name="SUPER_CONSTRUCTORMETHOD">
            <reference linenumber="49" member="&lt;init&gt;" origin="org.eclipse.birt.report.data.adapter.api.AdapterException.AdapterException(String, Object)" signature="(Ljava/lang/String;Ljava/lang/Object;)V" type="org.eclipse.birt.report.data.adapter.api.AdapterException"/>
        </reference_kind>
    </target>
    <target member="createFactoryObject" name="org.eclipse.birt.core.framework.Platform.createFactoryObject(String)" signature="(Ljava/lang/String;)Ljava/lang/Object;" type="org.eclipse.birt.core.framework.Platform">
        <reference_kind flags="0" kind="128" reference_kind_name="INVOKED_STATIC">
            <reference linenumber="76" member="newSession" origin="org.eclipse.birt.report.data.adapter.api.DataRequestSession.newSession(PlatformConfig, DataSessionContext)" signature="(Lorg/eclipse/birt/core/framework/PlatformConfig;Lorg/eclipse/birt/report/data/adapter/api/DataSessionContext;)Lorg/eclipse/birt/report/data/adapter/api/DataRequestSession;" type="org.eclipse.birt.report.data.adapter.api.DataRequestSession"/>
        </reference_kind>
    </target>
    <target member="&lt;init&gt;" name="org.eclipse.birt.core.exception.BirtException.BirtException(String, Object)" signature="(Ljava/lang/String;Ljava/lang/Object;)V" type="org.eclipse.birt.core.exception.BirtException">
        <reference_kind flags="0" kind="268435456" reference_kind_name="OVERRIDE">
            <reference linenumber="-1" member="&lt;init&gt;" origin="org.eclipse.birt.report.data.adapter.api.AdapterException.AdapterException(String, Object)" signature="(Ljava/lang/String;Ljava/lang/Object;)V" type="org.eclipse.birt.report.data.adapter.api.AdapterException"/>
        </reference_kind>
    </target>
    <target member="&lt;init&gt;" name="org.eclipse.birt.core.exception.BirtException.BirtException(String, String, ResourceBundle, Throwable)" signature="(Ljava/lang/String;Ljava/lang/String;Ljava/util/ResourceBundle;Ljava/lang/Throwable;)V" type="org.eclipse.birt.core.exception.BirtException">
        <reference_kind flags="0" kind="536870912" reference_kind_name="SUPER_CONSTRUCTORMETHOD">
            <reference linenumber="67" member="&lt;init&gt;" origin="org.eclipse.birt.report.data.adapter.api.AdapterException.AdapterException(String, Throwable)" signature="(Ljava/lang/String;Ljava/lang/Throwable;)V" type="org.eclipse.birt.report.data.adapter.api.AdapterException"/>
        </reference_kind>
    </target>
    <target member="getMessage" name="org.eclipse.birt.core.exception.BirtException.getMessage()" signature="()Ljava/lang/String;" type="org.eclipse.birt.core.exception.BirtException">
        <reference_kind flags="0" kind="268435456" reference_kind_name="OVERRIDE">
            <reference linenumber="-1" member="getMessage" origin="org.eclipse.birt.report.data.adapter.api.AdapterException.getMessage()" signature="()Ljava/lang/String;" type="org.eclipse.birt.report.data.adapter.api.AdapterException"/>
        </reference_kind>
        <reference_kind flags="0" kind="1048576" reference_kind_name="INVOKED_SPECIAL">
            <reference linenumber="92" member="getMessage" origin="org.eclipse.birt.report.data.adapter.api.AdapterException.getMessage()" signature="()Ljava/lang/String;" type="org.eclipse.birt.report.data.adapter.api.AdapterException"/>
        </reference_kind>
    </target>
    <target member="&lt;init&gt;" name="org.eclipse.birt.core.exception.BirtException.BirtException(String, String, Object, ResourceBundle, Throwable)" signature="(Ljava/lang/String;Ljava/lang/String;Ljava/lang/Object;Ljava/util/ResourceBundle;Ljava/lang/Throwable;)V" type="org.eclipse.birt.core.exception.BirtException">
        <reference_kind flags="0" kind="536870912" reference_kind_name="SUPER_CONSTRUCTORMETHOD">
            <reference linenumber="72" member="&lt;init&gt;" origin="org.eclipse.birt.report.data.adapter.api.AdapterException.AdapterException(String, Throwable, Object)" signature="(Ljava/lang/String;Ljava/lang/Throwable;Ljava/lang/Object;)V" type="org.eclipse.birt.report.data.adapter.api.AdapterException"/>
        </reference_kind>
    </target>
    <target member="&lt;init&gt;" name="org.eclipse.birt.core.exception.BirtException.BirtException(String)" signature="(Ljava/lang/String;)V" type="org.eclipse.birt.core.exception.BirtException">
        <reference_kind flags="0" kind="268435456" reference_kind_name="OVERRIDE">
            <reference linenumber="-1" member="&lt;init&gt;" origin="org.eclipse.birt.report.data.adapter.api.AdapterException.AdapterException(String)" signature="(Ljava/lang/String;)V" type="org.eclipse.birt.report.data.adapter.api.AdapterException"/>
        </reference_kind>
    </target>
    <target member="getErrorCode" name="org.eclipse.birt.core.exception.BirtException.getErrorCode()" signature="()Ljava/lang/String;" type="org.eclipse.birt.core.exception.BirtException">
        <reference_kind flags="0" kind="256" reference_kind_name="VIRTUAL_METHOD">
            <reference linenumber="220" member="registerDataObject" origin="org.eclipse.birt.report.data.adapter.api.DataAdapterUtil.registerDataObject(ScriptContext, ILinkedResult)" signature="(Lorg/eclipse/birt/core/script/ScriptContext;Lorg/eclipse/birt/report/data/adapter/api/ILinkedResult;)V" type="org.eclipse.birt.report.data.adapter.api.DataAdapterUtil"/>
            <reference linenumber="170" member="&lt;init&gt;" origin="org.eclipse.birt.report.data.adapter.api.DataSessionContext.DataSessionContext(int, ModuleHandle, ScriptContext, ClassLoader)" signature="(ILorg/eclipse/birt/report/model/api/ModuleHandle;Lorg/eclipse/birt/core/script/ScriptContext;Ljava/lang/ClassLoader;)V" type="org.eclipse.birt.report.data.adapter.api.DataSessionContext"/>
        </reference_kind>
    </target>
    <target member="&lt;init&gt;" name="org.eclipse.birt.core.exception.BirtException.BirtException(String, String, Object[], ResourceBundle)" signature="(Ljava/lang/String;Ljava/lang/String;[Ljava/lang/Object;Ljava/util/ResourceBundle;)V" type="org.eclipse.birt.core.exception.BirtException">
        <reference_kind flags="0" kind="536870912" reference_kind_name="SUPER_CONSTRUCTORMETHOD">
            <reference linenumber="59" member="&lt;init&gt;" origin="org.eclipse.birt.report.data.adapter.api.AdapterException.AdapterException(String, Object[])" signature="(Ljava/lang/String;[Ljava/lang/Object;)V" type="org.eclipse.birt.report.data.adapter.api.AdapterException"/>
        </reference_kind>
    </target>
    <target member="convert" name="org.eclipse.birt.core.data.DataTypeUtil.convert(Object, int)" signature="(Ljava/lang/Object;I)Ljava/lang/Object;" type="org.eclipse.birt.core.data.DataTypeUtil">
        <reference_kind flags="0" kind="128" reference_kind_name="INVOKED_STATIC">
            <reference linenumber="573" member="getParamValueFromConfigFile" origin="org.eclipse.birt.report.data.adapter.api.DataAdapterUtil.getParamValueFromConfigFile(ScalarParameterHandle)" signature="(Lorg/eclipse/birt/report/model/api/ScalarParameterHandle;)Ljava/lang/Object;" type="org.eclipse.birt.report.data.adapter.api.DataAdapterUtil"/>
            <reference linenumber="560" member="getParamValueFromConfigFile" origin="org.eclipse.birt.report.data.adapter.api.DataAdapterUtil.getParamValueFromConfigFile(ScalarParameterHandle)" signature="(Lorg/eclipse/birt/report/model/api/ScalarParameterHandle;)Ljava/lang/Object;" type="org.eclipse.birt.report.data.adapter.api.DataAdapterUtil"/>
        <reference linenumber="162" member="getParamDefaultValue" origin="org.eclipse.birt.report.data.adapter.api.script.ReportContextObject.getParamDefaultValue(ParameterHandle)" signature="(Lorg/eclipse/birt/report/model/api/ParameterHandle;)Ljava/lang/Object;" type="org.eclipse.birt.report.data.adapter.api.script.ReportContextObject"/>
            <reference linenumber="211" member="getParamDefaultValue" origin="org.eclipse.birt.report.data.adapter.api.script.DataAdapterTopLevelScope.getParamDefaultValue(Object)" signature="(Ljava/lang/Object;)Ljava/lang/Object;" type="org.eclipse.birt.report.data.adapter.api.script.DataAdapterTopLevelScope"/>
        <reference linenumber="841" member="next" origin="org.eclipse.birt.report.data.adapter.impl.CubeQueryUtil.MemberValueIterator.next()" signature="()Ljava/lang/Object;" type="org.eclipse.birt.report.data.adapter.impl.CubeQueryUtil$MemberValueIterator"/>
        </reference_kind>
    </target>
    <target member="&lt;init&gt;" name="org.eclipse.birt.core.exception.BirtException.BirtException(String, String, ResourceBundle)" signature="(Ljava/lang/String;Ljava/lang/String;Ljava/util/ResourceBundle;)V" type="org.eclipse.birt.core.exception.BirtException">
        <reference_kind flags="0" kind="536870912" reference_kind_name="SUPER_CONSTRUCTORMETHOD">
            <reference linenumber="39" member="&lt;init&gt;" origin="org.eclipse.birt.report.data.adapter.api.AdapterException.AdapterException(String)" signature="(Ljava/lang/String;)V" type="org.eclipse.birt.report.data.adapter.api.AdapterException"/>
        </reference_kind>
    </target>
    <target member="&lt;init&gt;" name="org.eclipse.birt.core.script.ScriptContext.ScriptContext()" signature="()V" type="org.eclipse.birt.core.script.ScriptContext">
        <reference_kind flags="0" kind="64" reference_kind_name="CONSTRUCTOR_METHOD">
            <reference linenumber="162" member="&lt;init&gt;" origin="org.eclipse.birt.report.data.adapter.api.DataSessionContext.DataSessionContext(int, ModuleHandle, ScriptContext, ClassLoader)" signature="(ILorg/eclipse/birt/report/model/api/ModuleHandle;Lorg/eclipse/birt/core/script/ScriptContext;Ljava/lang/ClassLoader;)V" type="org.eclipse.birt.report.data.adapter.api.DataSessionContext"/>
            <reference linenumber="130" member="prepareScriptContext" origin="org.eclipse.birt.report.data.adapter.api.DataSessionContext.prepareScriptContext(Scriptable)" signature="(Lorg/mozilla/javascript/Scriptable;)Lorg/eclipse/birt/core/script/ScriptContext;" type="org.eclipse.birt.report.data.adapter.api.DataSessionContext"/>
        </reference_kind>
    </target>
    <target member="startup" name="org.eclipse.birt.core.framework.Platform.startup(PlatformConfig)" signature="(Lorg/eclipse/birt/core/framework/PlatformConfig;)V" type="org.eclipse.birt.core.framework.Platform">
        <reference_kind flags="0" kind="128" reference_kind_name="INVOKED_STATIC">
            <reference linenumber="74" member="newSession" origin="org.eclipse.birt.report.data.adapter.api.DataRequestSession.newSession(PlatformConfig, DataSessionContext)" signature="(Lorg/eclipse/birt/core/framework/PlatformConfig;Lorg/eclipse/birt/report/data/adapter/api/DataSessionContext;)Lorg/eclipse/birt/report/data/adapter/api/DataRequestSession;" type="org.eclipse.birt.report.data.adapter.api.DataRequestSession"/>
        </reference_kind>
    </target>
<target member="convertJavascriptValue" name="org.eclipse.birt.core.script.JavascriptEvalUtil.convertJavascriptValue(Object)" signature="(Ljava/lang/Object;)Ljava/lang/Object;" type="org.eclipse.birt.core.script.JavascriptEvalUtil">
        <reference_kind flags="0" kind="128" reference_kind_name="INVOKED_STATIC">
            <reference linenumber="157" member="put" origin="org.eclipse.birt.report.data.adapter.api.script.ReportParameter.put(String, Scriptable, Object)" signature="(Ljava/lang/String;Lorg/mozilla/javascript/Scriptable;Ljava/lang/Object;)V" type="org.eclipse.birt.report.data.adapter.api.script.ReportParameter"/>
        <reference linenumber="665" member="convertToJavaObjects" origin="org.eclipse.birt.report.data.adapter.impl.DataSetIterator.Function_temp.convertToJavaObjects(Object[])" signature="([Ljava/lang/Object;)[Ljava/lang/Object;" type="org.eclipse.birt.report.data.adapter.impl.DataSetIterator$Function_temp"/>
        </reference_kind>
    </target>
    <target member="&lt;init&gt;" name="org.eclipse.birt.core.script.CoreJavaScriptInitializer.CoreJavaScriptInitializer()" signature="()V" type="org.eclipse.birt.core.script.CoreJavaScriptInitializer">
        <reference_kind flags="0" kind="64" reference_kind_name="CONSTRUCTOR_METHOD">
            <reference linenumber="58" member="&lt;init&gt;" origin="org.eclipse.birt.report.data.adapter.api.script.DataAdapterTopLevelScope.DataAdapterTopLevelScope(Context, ModuleHandle)" signature="(Lorg/mozilla/javascript/Context;Lorg/eclipse/birt/report/model/api/ModuleHandle;)V" type="org.eclipse.birt.report.data.adapter.api.script.DataAdapterTopLevelScope"/>
        </reference_kind>
    </target>
    <target member="initialize" name="org.eclipse.birt.core.script.CoreJavaScriptInitializer.initialize(Context, Scriptable)" signature="(Lorg/mozilla/javascript/Context;Lorg/mozilla/javascript/Scriptable;)V" type="org.eclipse.birt.core.script.CoreJavaScriptInitializer">
        <reference_kind flags="0" kind="256" reference_kind_name="VIRTUAL_METHOD">
            <reference linenumber="58" member="&lt;init&gt;" origin="org.eclipse.birt.report.data.adapter.api.script.DataAdapterTopLevelScope.DataAdapterTopLevelScope(Context, ModuleHandle)" signature="(Lorg/mozilla/javascript/Context;Lorg/eclipse/birt/report/model/api/ModuleHandle;)V" type="org.eclipse.birt.report.data.adapter.api.script.DataAdapterTopLevelScope"/>
        </reference_kind>
    </target>
<target member="toDate" name="org.eclipse.birt.core.data.DataTypeUtil.toDate(Object)" signature="(Ljava/lang/Object;)Ljava/util/Date;" type="org.eclipse.birt.core.data.DataTypeUtil">
        <reference_kind flags="0" kind="128" reference_kind_name="INVOKED_STATIC">
            <reference linenumber="57" member="&lt;init&gt;" origin="org.eclipse.birt.report.data.adapter.group.DateGroupCalculator.DateGroupCalculator(Object, double)" signature="(Ljava/lang/Object;D)V" type="org.eclipse.birt.report.data.adapter.group.DateGroupCalculator"/>
        <reference linenumber="719" member="populateCalendar" origin="org.eclipse.birt.report.data.adapter.impl.DataSetIterator.DateTimeAttributeProcessor.populateCalendar(Object)" signature="(Ljava/lang/Object;)V" type="org.eclipse.birt.report.data.adapter.impl.DataSetIterator$DateTimeAttributeProcessor"/>
            <reference linenumber="270" member="getCalendar" origin="org.eclipse.birt.report.data.adapter.impl.DataSetIterator.getCalendar(Object)" signature="(Ljava/lang/Object;)Lcom/ibm/icu/util/Calendar;" type="org.eclipse.birt.report.data.adapter.impl.DataSetIterator"/>
        </reference_kind>
    </target>
    <target member="toDouble" name="org.eclipse.birt.core.data.DataTypeUtil.toDouble(Object)" signature="(Ljava/lang/Object;)Ljava/lang/Double;" type="org.eclipse.birt.core.data.DataTypeUtil">
        <reference_kind flags="0" kind="128" reference_kind_name="INVOKED_STATIC">
            <reference linenumber="52" member="calculate" origin="org.eclipse.birt.report.data.adapter.group.NumericGroupCalculator.calculate(Object)" signature="(Ljava/lang/Object;)Ljava/lang/Object;" type="org.eclipse.birt.report.data.adapter.group.NumericGroupCalculator"/>
            <reference linenumber="40" member="&lt;init&gt;" origin="org.eclipse.birt.report.data.adapter.group.NumericGroupCalculator.NumericGroupCalculator(Object, double)" signature="(Ljava/lang/Object;D)V" type="org.eclipse.birt.report.data.adapter.group.NumericGroupCalculator"/>
        </reference_kind>
    </target>
<target member="&lt;init&gt;" name="org.eclipse.birt.core.i18n.ResourceHandle.ResourceHandle(ULocale)" signature="(Lcom/ibm/icu/util/ULocale;)V" type="org.eclipse.birt.core.i18n.ResourceHandle">
        <reference_kind flags="0" kind="536870912" reference_kind_name="SUPER_CONSTRUCTORMETHOD">
            <reference linenumber="30" member="&lt;init&gt;" origin="org.eclipse.birt.report.data.adapter.i18n.AdapterResourceHandle.AdapterResourceHandle(ULocale)" signature="(Lcom/ibm/icu/util/ULocale;)V" type="org.eclipse.birt.report.data.adapter.i18n.AdapterResourceHandle"/>
        </reference_kind>
    </target>
<target member="toInteger" name="org.eclipse.birt.core.data.DataTypeUtil.toInteger(Object)" signature="(Ljava/lang/Object;)Ljava/lang/Integer;" type="org.eclipse.birt.core.data.DataTypeUtil">
        <reference_kind flags="0" kind="128" reference_kind_name="INVOKED_STATIC">
            <reference linenumber="672" member="materializeCube" origin="org.eclipse.birt.report.data.adapter.impl.DataRequestSessionImpl.materializeCube(CubeHandle, Map)" signature="(Lorg/eclipse/birt/report/model/api/olap/CubeHandle;Ljava/util/Map;)V" type="org.eclipse.birt.report.data.adapter.impl.DataRequestSessionImpl"/>
        </reference_kind>
    </target>
    <target member="createJSDataSetRowExpression" name="org.eclipse.birt.core.data.ExpressionUtil.createJSDataSetRowExpression(String)" signature="(Ljava/lang/String;)Ljava/lang/String;" type="org.eclipse.birt.core.data.ExpressionUtil">
        <reference_kind flags="0" kind="128" reference_kind_name="INVOKED_STATIC">
            <reference linenumber="1683" member="prepareLevels" origin="org.eclipse.birt.report.data.adapter.impl.DataRequestSessionImpl.prepareLevels(QueryDefinition, TabularHierarchyHandle, List, String)" signature="(Lorg/eclipse/birt/data/engine/api/querydefn/QueryDefinition;Lorg/eclipse/birt/report/model/api/olap/TabularHierarchyHandle;Ljava/util/List;Ljava/lang/String;)V" type="org.eclipse.birt.report.data.adapter.impl.DataRequestSessionImpl"/>
            <reference linenumber="1602" member="prepareLevels" origin="org.eclipse.birt.report.data.adapter.impl.DataRequestSessionImpl.prepareLevels(QueryDefinition, TabularHierarchyHandle, List, String)" signature="(Lorg/eclipse/birt/data/engine/api/querydefn/QueryDefinition;Lorg/eclipse/birt/report/model/api/olap/TabularHierarchyHandle;Ljava/util/List;Ljava/lang/String;)V" type="org.eclipse.birt.report.data.adapter.impl.DataRequestSessionImpl"/>
            <reference linenumber="986" member="prepareForCubeGeneration" origin="org.eclipse.birt.report.data.adapter.impl.DataRequestSessionImpl.prepareForCubeGeneration(TabularCubeHandle, Map, Map)" signature="(Lorg/eclipse/birt/report/model/api/olap/TabularCubeHandle;Ljava/util/Map;Ljava/util/Map;)V" type="org.eclipse.birt.report.data.adapter.impl.DataRequestSessionImpl"/>
            <reference linenumber="1889" member="createQuery" origin="org.eclipse.birt.report.data.adapter.impl.DataRequestSessionImpl.createQuery(DataRequestSessionImpl, TabularCubeHandle, List)" signature="(Lorg/eclipse/birt/report/data/adapter/impl/DataRequestSessionImpl;Lorg/eclipse/birt/report/model/api/olap/TabularCubeHandle;Ljava/util/List;)Lorg/eclipse/birt/data/engine/api/querydefn/QueryDefinition;" type="org.eclipse.birt.report.data.adapter.impl.DataRequestSessionImpl"/>
            <reference linenumber="1680" member="prepareLevels" origin="org.eclipse.birt.report.data.adapter.impl.DataRequestSessionImpl.prepareLevels(QueryDefinition, TabularHierarchyHandle, List, String)" signature="(Lorg/eclipse/birt/data/engine/api/querydefn/QueryDefinition;Lorg/eclipse/birt/report/model/api/olap/TabularHierarchyHandle;Ljava/util/List;Ljava/lang/String;)V" type="org.eclipse.birt.report.data.adapter.impl.DataRequestSessionImpl"/>
        </reference_kind>
    </target>
    <target member="getMessage" name="org.eclipse.birt.core.i18n.ResourceHandle.getMessage(String)" signature="(Ljava/lang/String;)Ljava/lang/String;" type="org.eclipse.birt.core.i18n.ResourceHandle">
        <reference_kind flags="0" kind="256" reference_kind_name="VIRTUAL_METHOD">
            <reference linenumber="277" member="getCalendar" origin="org.eclipse.birt.report.data.adapter.impl.DataSetIterator.getCalendar(Object)" signature="(Ljava/lang/Object;)Lcom/ibm/icu/util/Calendar;" type="org.eclipse.birt.report.data.adapter.impl.DataSetIterator"/>
            <reference linenumber="725" member="populateCalendar" origin="org.eclipse.birt.report.data.adapter.impl.DataSetIterator.DateTimeAttributeProcessor.populateCalendar(Object)" signature="(Ljava/lang/Object;)V" type="org.eclipse.birt.report.data.adapter.impl.DataSetIterator$DateTimeAttributeProcessor"/>
            <reference linenumber="1841" member="createQuery" origin="org.eclipse.birt.report.data.adapter.impl.DataRequestSessionImpl.createQuery(DataRequestSessionImpl, TabularCubeHandle, List)" signature="(Lorg/eclipse/birt/report/data/adapter/impl/DataRequestSessionImpl;Lorg/eclipse/birt/report/model/api/olap/TabularCubeHandle;Ljava/util/List;)Lorg/eclipse/birt/data/engine/api/querydefn/QueryDefinition;" type="org.eclipse.birt.report.data.adapter.impl.DataRequestSessionImpl"/>
        </reference_kind>
    </target>
    <target member="createJSRowExpression" name="org.eclipse.birt.core.data.ExpressionUtil.createJSRowExpression(String)" signature="(Ljava/lang/String;)Ljava/lang/String;" type="org.eclipse.birt.core.data.ExpressionUtil">
        <reference_kind flags="0" kind="128" reference_kind_name="INVOKED_STATIC">
            <reference linenumber="1892" member="createQuery" origin="org.eclipse.birt.report.data.adapter.impl.DataRequestSessionImpl.createQuery(DataRequestSessionImpl, TabularCubeHandle, List)" signature="(Lorg/eclipse/birt/report/data/adapter/impl/DataRequestSessionImpl;Lorg/eclipse/birt/report/model/api/olap/TabularCubeHandle;Ljava/util/List;)Lorg/eclipse/birt/data/engine/api/querydefn/QueryDefinition;" type="org.eclipse.birt.report.data.adapter.impl.DataRequestSessionImpl"/>
            <reference linenumber="1719" member="prepareLevels" origin="org.eclipse.birt.report.data.adapter.impl.DataRequestSessionImpl.prepareLevels(QueryDefinition, TabularHierarchyHandle, List, String)" signature="(Lorg/eclipse/birt/data/engine/api/querydefn/QueryDefinition;Lorg/eclipse/birt/report/model/api/olap/TabularHierarchyHandle;Ljava/util/List;Ljava/lang/String;)V" type="org.eclipse.birt.report.data.adapter.impl.DataRequestSessionImpl"/>
        </reference_kind>
    </target>
    <target member="getName" name="org.eclipse.birt.core.data.DataType.getName(int)" signature="(I)Ljava/lang/String;" type="org.eclipse.birt.core.data.DataType">
        <reference_kind flags="0" kind="128" reference_kind_name="INVOKED_STATIC">
            <reference linenumber="85" member="getColumnTypeName" origin="org.eclipse.birt.report.data.adapter.impl.ResultMetaData.getColumnTypeName(int)" signature="(I)Ljava/lang/String;" type="org.eclipse.birt.report.data.adapter.impl.ResultMetaData"/>
        </reference_kind>
    </target>
    <target member="convert" name="org.eclipse.birt.core.data.DataTypeUtil.convert(Object, Class)" signature="(Ljava/lang/Object;Ljava/lang/Class;)Ljava/lang/Object;" type="org.eclipse.birt.core.data.DataTypeUtil">
        <reference_kind flags="0" kind="128" reference_kind_name="INVOKED_STATIC">
            <reference linenumber="217" member="getValue" origin="org.eclipse.birt.report.data.adapter.impl.DataSetIterator.getValue(int)" signature="(I)Ljava/lang/Object;" type="org.eclipse.birt.report.data.adapter.impl.DataSetIterator"/>
        </reference_kind>
    </target>
    <target member="transformToJsConstants" name="org.eclipse.birt.core.script.JavascriptEvalUtil.transformToJsConstants(String)" signature="(Ljava/lang/String;)Ljava/lang/String;" type="org.eclipse.birt.core.script.JavascriptEvalUtil">
        <reference_kind flags="0" kind="128" reference_kind_name="INVOKED_STATIC">
            <reference linenumber="1654" member="prepareLevels" origin="org.eclipse.birt.report.data.adapter.impl.DataRequestSessionImpl.prepareLevels(QueryDefinition, TabularHierarchyHandle, List, String)" signature="(Lorg/eclipse/birt/data/engine/api/querydefn/QueryDefinition;Lorg/eclipse/birt/report/model/api/olap/TabularHierarchyHandle;Ljava/util/List;Ljava/lang/String;)V" type="org.eclipse.birt.report.data.adapter.impl.DataRequestSessionImpl"/>
            <reference linenumber="1649" member="prepareLevels" origin="org.eclipse.birt.report.data.adapter.impl.DataRequestSessionImpl.prepareLevels(QueryDefinition, TabularHierarchyHandle, List, String)" signature="(Lorg/eclipse/birt/data/engine/api/querydefn/QueryDefinition;Lorg/eclipse/birt/report/model/api/olap/TabularHierarchyHandle;Ljava/util/List;Ljava/lang/String;)V" type="org.eclipse.birt.report.data.adapter.impl.DataRequestSessionImpl"/>
        </reference_kind>
    </target>
<target member="createJSParameterExpression" name="org.eclipse.birt.core.data.ExpressionUtil.createJSParameterExpression(String)" signature="(Ljava/lang/String;)Ljava/lang/String;" type="org.eclipse.birt.core.data.ExpressionUtil">
        <reference_kind flags="0" kind="128" reference_kind_name="INVOKED_STATIC">
            <reference linenumber="132" member="populateParameter" origin="org.eclipse.birt.report.data.adapter.internal.adapter.DataAdapterUtil.populateParameter(IModelAdapter, DataSetHandle, BaseDataSetDesign)" signature="(Lorg/eclipse/birt/report/data/adapter/api/IModelAdapter;Lorg/eclipse/birt/report/model/api/DataSetHandle;Lorg/eclipse/birt/data/engine/api/querydefn/BaseDataSetDesign;)V" type="org.eclipse.birt.report.data.adapter.internal.adapter.DataAdapterUtil"/>
        </reference_kind>
    </target>
    <target member="evaluateScript" name="org.eclipse.birt.core.script.JavascriptEvalUtil.evaluateScript(Context, Scriptable, String, String, int)" signature="(Lorg/mozilla/javascript/Context;Lorg/mozilla/javascript/Scriptable;Ljava/lang/String;Ljava/lang/String;I)Ljava/lang/Object;" type="org.eclipse.birt.core.script.JavascriptEvalUtil">
        <reference_kind flags="0" kind="128" reference_kind_name="INVOKED_STATIC">
            <reference linenumber="86" member="&lt;init&gt;" origin="org.eclipse.birt.report.data.adapter.internal.adapter.OdaDataSourceAdapter.OdaDataSourceAdapter(OdaDataSourceHandle, Scriptable, DataEngineContext)" signature="(Lorg/eclipse/birt/report/model/api/OdaDataSourceHandle;Lorg/mozilla/javascript/Scriptable;Lorg/eclipse/birt/data/engine/api/DataEngineContext;)V" type="org.eclipse.birt.report.data.adapter.internal.adapter.OdaDataSourceAdapter"/>
            <reference linenumber="101" member="&lt;init&gt;" origin="org.eclipse.birt.report.data.adapter.internal.adapter.OdaDataSetAdapter.OdaDataSetAdapter(OdaDataSetHandle, Scriptable, ModelAdapter, DataEngineContext)" signature="(Lorg/eclipse/birt/report/model/api/OdaDataSetHandle;Lorg/mozilla/javascript/Scriptable;Lorg/eclipse/birt/report/data/adapter/impl/ModelAdapter;Lorg/eclipse/birt/data/engine/api/DataEngineContext;)V" type="org.eclipse.birt.report.data.adapter.internal.adapter.OdaDataSetAdapter"/>
            <reference linenumber="66" member="&lt;init&gt;" origin="org.eclipse.birt.report.data.adapter.internal.adapter.OdaDataSetAdapter.OdaDataSetAdapter(OdaDataSetHandle, Scriptable, ModelAdapter, DataEngineContext)" signature="(Lorg/eclipse/birt/report/model/api/OdaDataSetHandle;Lorg/mozilla/javascript/Scriptable;Lorg/eclipse/birt/report/data/adapter/impl/ModelAdapter;Lorg/eclipse/birt/data/engine/api/DataEngineContext;)V" type="org.eclipse.birt.report.data.adapter.internal.adapter.OdaDataSetAdapter"/>
        </reference_kind>
    </target>
    <target member="transformToJsExpression" name="org.eclipse.birt.core.script.JavascriptEvalUtil.transformToJsExpression(String)" signature="(Ljava/lang/String;)Ljava/lang/String;" type="org.eclipse.birt.core.script.JavascriptEvalUtil">
        <reference_kind flags="0" kind="128" reference_kind_name="INVOKED_STATIC">
            <reference linenumber="142" member="populateParameter" origin="org.eclipse.birt.report.data.adapter.internal.adapter.DataAdapterUtil.populateParameter(IModelAdapter, DataSetHandle, BaseDataSetDesign)" signature="(Lorg/eclipse/birt/report/data/adapter/api/IModelAdapter;Lorg/eclipse/birt/report/model/api/DataSetHandle;Lorg/eclipse/birt/data/engine/api/querydefn/BaseDataSetDesign;)V" type="org.eclipse.birt.report.data.adapter.internal.adapter.DataAdapterUtil"/>
        </reference_kind>
    </target>
</references>
