<?xml version="1.0" encoding="UTF-8" standalone="no"?>
<references name="Types" origin="org.eclipse.birt.report.data.adapter (2.5.2.v20100208)" referee="org.eclipse.birt.core (2.5.2.v20100208)" reference_count="211" reference_visibility="1">
    <target name="org.eclipse.birt.core.plugin.BIRTPlugin" type="org.eclipse.birt.core.plugin.BIRTPlugin">
        <reference_kind flags="0" kind="1" reference_kind_name="EXTENDS">
            <reference linenumber="-1" origin="org.eclipse.birt.report.data.adapter.Activator" type="org.eclipse.birt.report.data.adapter.Activator"/>
        </reference_kind>
    </target>
<target name="org.eclipse.birt.core.archive.IDocArchiveWriter" type="org.eclipse.birt.core.archive.IDocArchiveWriter">
        <reference_kind flags="0" kind="4" reference_kind_name="DECLARED_FIELD">
            <reference linenumber="-1" member="docWriter" origin="org.eclipse.birt.report.data.adapter.api.DataSessionContext.docWriter" type="org.eclipse.birt.report.data.adapter.api.DataSessionContext"/>
        </reference_kind>
        <reference_kind flags="0" kind="8" reference_kind_name="RETURN_TYPE">
            <reference linenumber="-1" member="getDocumentWriter" origin="org.eclipse.birt.report.data.adapter.api.DataSessionContext.getDocumentWriter()" signature="()Lorg/eclipse/birt/core/archive/IDocArchiveWriter;" type="org.eclipse.birt.report.data.adapter.api.DataSessionContext"/>
        </reference_kind>
        <reference_kind flags="0" kind="16" reference_kind_name="PARAMETER">
            <reference linenumber="-1" member="setDocumentWriter" origin="org.eclipse.birt.report.data.adapter.api.DataSessionContext.setDocumentWriter(IDocArchiveWriter)" signature="(Lorg/eclipse/birt/core/archive/IDocArchiveWriter;)V" type="org.eclipse.birt.report.data.adapter.api.DataSessionContext"/>
        </reference_kind>
    </target>
    <target name="org.eclipse.birt.core.archive.IDocArchiveReader" type="org.eclipse.birt.core.archive.IDocArchiveReader">
        <reference_kind flags="0" kind="16" reference_kind_name="PARAMETER">
            <reference linenumber="-1" member="setDocumentReader" origin="org.eclipse.birt.report.data.adapter.api.DataSessionContext.setDocumentReader(IDocArchiveReader)" signature="(Lorg/eclipse/birt/core/archive/IDocArchiveReader;)V" type="org.eclipse.birt.report.data.adapter.api.DataSessionContext"/>
        </reference_kind>
        <reference_kind flags="0" kind="4" reference_kind_name="DECLARED_FIELD">
            <reference linenumber="-1" member="docReader" origin="org.eclipse.birt.report.data.adapter.api.DataSessionContext.docReader" type="org.eclipse.birt.report.data.adapter.api.DataSessionContext"/>
        </reference_kind>
    </target>
    <target name="org.eclipse.birt.core.framework.PlatformConfig" type="org.eclipse.birt.core.framework.PlatformConfig">
        <reference_kind flags="0" kind="16" reference_kind_name="PARAMETER">
            <reference linenumber="-1" member="newSession" origin="org.eclipse.birt.report.data.adapter.api.DataRequestSession.newSession(PlatformConfig, DataSessionContext)" signature="(Lorg/eclipse/birt/core/framework/PlatformConfig;Lorg/eclipse/birt/report/data/adapter/api/DataSessionContext;)Lorg/eclipse/birt/report/data/adapter/api/DataRequestSession;" type="org.eclipse.birt.report.data.adapter.api.DataRequestSession"/>
        </reference_kind>
    </target>
    <target name="org.eclipse.birt.core.script.ScriptContext" type="org.eclipse.birt.core.script.ScriptContext">
        <reference_kind flags="0" kind="16" reference_kind_name="PARAMETER">
            <reference linenumber="-1" member="execute" origin="org.eclipse.birt.report.data.adapter.api.DataRequestSession.execute(IBasePreparedQuery, IBaseQueryResults, ScriptContext)" signature="(Lorg/eclipse/birt/data/engine/api/IBasePreparedQuery;Lorg/eclipse/birt/data/engine/api/IBaseQueryResults;Lorg/eclipse/birt/core/script/ScriptContext;)Lorg/eclipse/birt/data/engine/api/IBaseQueryResults;" type="org.eclipse.birt.report.data.adapter.api.DataRequestSession"/>
            <reference linenumber="-1" member="&lt;init&gt;" origin="org.eclipse.birt.report.data.adapter.api.DataSessionContext.DataSessionContext(int, ModuleHandle, ScriptContext, ClassLoader)" signature="(ILorg/eclipse/birt/report/model/api/ModuleHandle;Lorg/eclipse/birt/core/script/ScriptContext;Ljava/lang/ClassLoader;)V" type="org.eclipse.birt.report.data.adapter.api.DataSessionContext"/>
            <reference linenumber="-1" member="registerDataObject" origin="org.eclipse.birt.report.data.adapter.api.DataAdapterUtil.registerDataObject(ScriptContext, ILinkedResult)" signature="(Lorg/eclipse/birt/core/script/ScriptContext;Lorg/eclipse/birt/report/data/adapter/api/ILinkedResult;)V" type="org.eclipse.birt.report.data.adapter.api.DataAdapterUtil"/>
        <reference linenumber="-1" member="execute" origin="org.eclipse.birt.report.data.adapter.impl.DataRequestSessionImpl.execute(IBasePreparedQuery, IBaseQueryResults, ScriptContext)" signature="(Lorg/eclipse/birt/data/engine/api/IBasePreparedQuery;Lorg/eclipse/birt/data/engine/api/IBaseQueryResults;Lorg/eclipse/birt/core/script/ScriptContext;)Lorg/eclipse/birt/data/engine/api/IBaseQueryResults;" type="org.eclipse.birt.report.data.adapter.impl.DataRequestSessionImpl"/>
        </reference_kind>
        <reference_kind flags="0" kind="8" reference_kind_name="RETURN_TYPE">
            <reference linenumber="-1" member="prepareScriptContext" origin="org.eclipse.birt.report.data.adapter.api.DataSessionContext.prepareScriptContext(Scriptable)" signature="(Lorg/mozilla/javascript/Scriptable;)Lorg/eclipse/birt/core/script/ScriptContext;" type="org.eclipse.birt.report.data.adapter.api.DataSessionContext"/>
        </reference_kind>
        <reference_kind flags="0" kind="4" reference_kind_name="DECLARED_FIELD">
            <reference linenumber="-1" member="sContext" origin="org.eclipse.birt.report.data.adapter.api.DataSessionContext.sContext" type="org.eclipse.birt.report.data.adapter.api.DataSessionContext"/>
        </reference_kind>
        <reference_kind flags="0" kind="134217728" reference_kind_name="INSTANTIATION">
            <reference linenumber="130" member="prepareScriptContext" origin="org.eclipse.birt.report.data.adapter.api.DataSessionContext.prepareScriptContext(Scriptable)" signature="(Lorg/mozilla/javascript/Scriptable;)Lorg/eclipse/birt/core/script/ScriptContext;" type="org.eclipse.birt.report.data.adapter.api.DataSessionContext"/>
            <reference linenumber="162" member="&lt;init&gt;" origin="org.eclipse.birt.report.data.adapter.api.DataSessionContext.DataSessionContext(int, ModuleHandle, ScriptContext, ClassLoader)" signature="(ILorg/eclipse/birt/report/model/api/ModuleHandle;Lorg/eclipse/birt/core/script/ScriptContext;Ljava/lang/ClassLoader;)V" type="org.eclipse.birt.report.data.adapter.api.DataSessionContext"/>
        </reference_kind>
    </target>
    <target name="org.eclipse.birt.core.exception.BirtException" type="org.eclipse.birt.core.exception.BirtException">
        <reference_kind flags="0" kind="131072" reference_kind_name="CATCHES_EXCEPTION">
            <reference linenumber="218" member="registerDataObject" origin="org.eclipse.birt.report.data.adapter.api.DataAdapterUtil.registerDataObject(ScriptContext, ILinkedResult)" signature="(Lorg/eclipse/birt/core/script/ScriptContext;Lorg/eclipse/birt/report/data/adapter/api/ILinkedResult;)V" type="org.eclipse.birt.report.data.adapter.api.DataAdapterUtil"/>
            <reference linenumber="659" member="get" origin="org.eclipse.birt.report.data.adapter.api.DataAdapterUtil.JSResultIteratorObject.get(String, Scriptable)" signature="(Ljava/lang/String;Lorg/mozilla/javascript/Scriptable;)Ljava/lang/Object;" type="org.eclipse.birt.report.data.adapter.api.DataAdapterUtil$JSResultIteratorObject"/>
            <reference linenumber="563" member="getParamValueFromConfigFile" origin="org.eclipse.birt.report.data.adapter.api.DataAdapterUtil.getParamValueFromConfigFile(ScalarParameterHandle)" signature="(Lorg/eclipse/birt/report/model/api/ScalarParameterHandle;)Ljava/lang/Object;" type="org.eclipse.birt.report.data.adapter.api.DataAdapterUtil"/>
            <reference linenumber="168" member="&lt;init&gt;" origin="org.eclipse.birt.report.data.adapter.api.DataSessionContext.DataSessionContext(int, ModuleHandle, ScriptContext, ClassLoader)" signature="(ILorg/eclipse/birt/report/model/api/ModuleHandle;Lorg/eclipse/birt/core/script/ScriptContext;Ljava/lang/ClassLoader;)V" type="org.eclipse.birt.report.data.adapter.api.DataSessionContext"/>
            <reference linenumber="578" member="getParamValueFromConfigFile" origin="org.eclipse.birt.report.data.adapter.api.DataAdapterUtil.getParamValueFromConfigFile(ScalarParameterHandle)" signature="(Lorg/eclipse/birt/report/model/api/ScalarParameterHandle;)Ljava/lang/Object;" type="org.eclipse.birt.report.data.adapter.api.DataAdapterUtil"/>
        <reference linenumber="213" member="getParamDefaultValue" origin="org.eclipse.birt.report.data.adapter.api.script.DataAdapterTopLevelScope.getParamDefaultValue(Object)" signature="(Ljava/lang/Object;)Ljava/lang/Object;" type="org.eclipse.birt.report.data.adapter.api.script.DataAdapterTopLevelScope"/>
            <reference linenumber="164" member="getParamDefaultValue" origin="org.eclipse.birt.report.data.adapter.api.script.ReportContextObject.getParamDefaultValue(ParameterHandle)" signature="(Lorg/eclipse/birt/report/model/api/ParameterHandle;)Ljava/lang/Object;" type="org.eclipse.birt.report.data.adapter.api.script.ReportContextObject"/>
        <reference linenumber="91" member="getGroupCalculator" origin="org.eclipse.birt.report.data.adapter.group.GroupCalculatorFactory.getGroupCalculator(int, int, Object, double, ULocale, TimeZone)" signature="(IILjava/lang/Object;DLcom/ibm/icu/util/ULocale;Lcom/ibm/icu/util/TimeZone;)Lorg/eclipse/birt/report/data/adapter/group/ICalculator;" type="org.eclipse.birt.report.data.adapter.group.GroupCalculatorFactory"/>
        <reference linenumber="570" member="getMemberValueIterator" origin="org.eclipse.birt.report.data.adapter.impl.CubeQueryUtil.getMemberValueIterator(TabularCubeHandle, String, ICubeQueryDefinition, Map)" signature="(Lorg/eclipse/birt/report/model/api/olap/TabularCubeHandle;Ljava/lang/String;Lorg/eclipse/birt/data/engine/olap/api/query/ICubeQueryDefinition;Ljava/util/Map;)Ljava/util/Iterator;" type="org.eclipse.birt.report.data.adapter.impl.CubeQueryUtil"/>
            <reference linenumber="722" member="populateCalendar" origin="org.eclipse.birt.report.data.adapter.impl.DataSetIterator.DateTimeAttributeProcessor.populateCalendar(Object)" signature="(Ljava/lang/Object;)V" type="org.eclipse.birt.report.data.adapter.impl.DataSetIterator$DateTimeAttributeProcessor"/>
            <reference linenumber="330" member="refreshMetaData" origin="org.eclipse.birt.report.data.adapter.impl.DataSetMetaDataHelper.refreshMetaData(DataSetHandle, boolean)" signature="(Lorg/eclipse/birt/report/model/api/DataSetHandle;Z)Lorg/eclipse/birt/data/engine/api/IResultMetaData;" type="org.eclipse.birt.report.data.adapter.impl.DataSetMetaDataHelper"/>
            <reference linenumber="1467" member="getScope" origin="org.eclipse.birt.report.data.adapter.impl.DataRequestSessionImpl.getScope()" signature="()Lorg/mozilla/javascript/Scriptable;" type="org.eclipse.birt.report.data.adapter.impl.DataRequestSessionImpl"/>
            <reference linenumber="425" member="getReferencedLevels" origin="org.eclipse.birt.report.data.adapter.impl.CubeQueryUtil.getReferencedLevels(String, String, ICubeQueryDefinition)" signature="(Ljava/lang/String;Ljava/lang/String;Lorg/eclipse/birt/data/engine/olap/api/query/ICubeQueryDefinition;)Ljava/util/List;" type="org.eclipse.birt.report.data.adapter.impl.CubeQueryUtil"/>
            <reference linenumber="687" member="process" origin="org.eclipse.birt.report.data.adapter.impl.DataSetIterator.DataProcessorWrapper.process(Object)" signature="(Ljava/lang/Object;)Ljava/lang/Object;" type="org.eclipse.birt.report.data.adapter.impl.DataSetIterator$DataProcessorWrapper"/>
            <reference linenumber="652" member="call" origin="org.eclipse.birt.report.data.adapter.impl.DataSetIterator.Function_temp.call(Context, Scriptable, Scriptable, Object[])" signature="(Lorg/mozilla/javascript/Context;Lorg/mozilla/javascript/Scriptable;Lorg/mozilla/javascript/Scriptable;[Ljava/lang/Object;)Ljava/lang/Object;" type="org.eclipse.birt.report.data.adapter.impl.DataSetIterator$Function_temp"/>
            <reference linenumber="611" member="prepare" origin="org.eclipse.birt.report.data.adapter.impl.DataRequestSessionImpl.prepare(IDataQueryDefinition, Map)" signature="(Lorg/eclipse/birt/data/engine/api/IDataQueryDefinition;Ljava/util/Map;)Lorg/eclipse/birt/data/engine/api/IBasePreparedQuery;" type="org.eclipse.birt.report.data.adapter.impl.DataRequestSessionImpl"/>
            <reference linenumber="578" member="execute" origin="org.eclipse.birt.report.data.adapter.impl.DataRequestSessionImpl.execute(IBasePreparedQuery, IBaseQueryResults, ScriptContext)" signature="(Lorg/eclipse/birt/data/engine/api/IBasePreparedQuery;Lorg/eclipse/birt/data/engine/api/IBaseQueryResults;Lorg/eclipse/birt/core/script/ScriptContext;)Lorg/eclipse/birt/data/engine/api/IBaseQueryResults;" type="org.eclipse.birt.report.data.adapter.impl.DataRequestSessionImpl"/>
            <reference linenumber="83" member="executeQuery" origin="org.eclipse.birt.report.data.adapter.impl.DataSetIterator.executeQuery(DataRequestSessionImpl, IQueryDefinition, Map)" signature="(Lorg/eclipse/birt/report/data/adapter/impl/DataRequestSessionImpl;Lorg/eclipse/birt/data/engine/api/IQueryDefinition;Ljava/util/Map;)V" type="org.eclipse.birt.report.data.adapter.impl.DataSetIterator"/>
            <reference linenumber="661" member="getMemberValueIterator" origin="org.eclipse.birt.report.data.adapter.impl.CubeQueryUtil.getMemberValueIterator(TabularCubeHandle, String, DimensionLevel[], Object[], Map)" signature="(Lorg/eclipse/birt/report/model/api/olap/TabularCubeHandle;Ljava/lang/String;[Lorg/eclipse/birt/report/data/adapter/api/DimensionLevel;[Ljava/lang/Object;Ljava/util/Map;)Ljava/util/Iterator;" type="org.eclipse.birt.report.data.adapter.impl.CubeQueryUtil"/>
            <reference linenumber="274" member="getCalendar" origin="org.eclipse.birt.report.data.adapter.impl.DataSetIterator.getCalendar(Object)" signature="(Ljava/lang/Object;)Lcom/ibm/icu/util/Calendar;" type="org.eclipse.birt.report.data.adapter.impl.DataSetIterator"/>
            <reference linenumber="843" member="next" origin="org.eclipse.birt.report.data.adapter.impl.CubeQueryUtil.MemberValueIterator.next()" signature="()Ljava/lang/Object;" type="org.eclipse.birt.report.data.adapter.impl.CubeQueryUtil$MemberValueIterator"/>
            <reference linenumber="544" member="execute" origin="org.eclipse.birt.report.data.adapter.impl.DataRequestSessionImpl.execute(IBasePreparedQuery, IBaseQueryResults, Scriptable)" signature="(Lorg/eclipse/birt/data/engine/api/IBasePreparedQuery;Lorg/eclipse/birt/data/engine/api/IBaseQueryResults;Lorg/mozilla/javascript/Scriptable;)Lorg/eclipse/birt/data/engine/api/IBaseQueryResults;" type="org.eclipse.birt.report.data.adapter.impl.DataRequestSessionImpl"/>
            <reference linenumber="65" member="executeQuery" origin="org.eclipse.birt.report.data.adapter.impl.DataSetIteratorForTempPK.executeQuery(DataRequestSessionImpl, IQueryDefinition, Map)" signature="(Lorg/eclipse/birt/report/data/adapter/impl/DataRequestSessionImpl;Lorg/eclipse/birt/data/engine/api/IQueryDefinition;Ljava/util/Map;)V" type="org.eclipse.birt.report.data.adapter.impl.DataSetIteratorForTempPK"/>
            <reference linenumber="724" member="getMemberValueIterator" origin="org.eclipse.birt.report.data.adapter.impl.CubeQueryUtil.getMemberValueIterator(TabularCubeHandle, String, ILevelDefinition[], Object[], Map)" signature="(Lorg/eclipse/birt/report/model/api/olap/TabularCubeHandle;Ljava/lang/String;[Lorg/eclipse/birt/data/engine/olap/api/query/ILevelDefinition;[Ljava/lang/Object;Ljava/util/Map;)Ljava/util/Iterator;" type="org.eclipse.birt.report.data.adapter.impl.CubeQueryUtil"/>
        </reference_kind>
        <reference_kind flags="0" kind="32" reference_kind_name="THROWS">
            <reference linenumber="-1" member="defineCube" origin="org.eclipse.birt.report.data.adapter.api.DataRequestSession.defineCube(CubeHandle)" signature="(Lorg/eclipse/birt/report/model/api/olap/CubeHandle;)V" type="org.eclipse.birt.report.data.adapter.api.DataRequestSession"/>
            <reference linenumber="-1" member="clearCache" origin="org.eclipse.birt.report.data.adapter.api.DataRequestSession.clearCache(IBaseDataSourceDesign, IBaseDataSetDesign)" signature="(Lorg/eclipse/birt/data/engine/api/IBaseDataSourceDesign;Lorg/eclipse/birt/data/engine/api/IBaseDataSetDesign;)V" type="org.eclipse.birt.report.data.adapter.api.DataRequestSession"/>
            <reference linenumber="-1" member="getQueryResults" origin="org.eclipse.birt.report.data.adapter.api.DataRequestSession.getQueryResults(String)" signature="(Ljava/lang/String;)Lorg/eclipse/birt/data/engine/api/IQueryResults;" type="org.eclipse.birt.report.data.adapter.api.DataRequestSession"/>
            <reference linenumber="-1" member="defineDataSource" origin="org.eclipse.birt.report.data.adapter.api.DataRequestSession.defineDataSource(IBaseDataSourceDesign)" signature="(Lorg/eclipse/birt/data/engine/api/IBaseDataSourceDesign;)V" type="org.eclipse.birt.report.data.adapter.api.DataRequestSession"/>
            <reference linenumber="-1" member="getCachedDataSetMetaData" origin="org.eclipse.birt.report.data.adapter.api.DataRequestSession.getCachedDataSetMetaData(IBaseDataSourceDesign, IBaseDataSetDesign)" signature="(Lorg/eclipse/birt/data/engine/api/IBaseDataSourceDesign;Lorg/eclipse/birt/data/engine/api/IBaseDataSetDesign;)Lorg/eclipse/birt/data/engine/api/IResultMetaData;" type="org.eclipse.birt.report.data.adapter.api.DataRequestSession"/>
            <reference linenumber="-1" member="adaptDataSet" origin="org.eclipse.birt.report.data.adapter.api.IModelAdapter.adaptDataSet(DataSetHandle)" signature="(Lorg/eclipse/birt/report/model/api/DataSetHandle;)Lorg/eclipse/birt/data/engine/api/querydefn/BaseDataSetDesign;" type="org.eclipse.birt.report.data.adapter.api.IModelAdapter"/>
            <reference linenumber="-1" member="next" origin="org.eclipse.birt.report.data.adapter.api.IColumnValueIterator.next()" signature="()Z" type="org.eclipse.birt.report.data.adapter.api.IColumnValueIterator"/>
            <reference linenumber="-1" member="defineDataSet" origin="org.eclipse.birt.report.data.adapter.api.DataRequestSession.defineDataSet(IBaseDataSetDesign)" signature="(Lorg/eclipse/birt/data/engine/api/IBaseDataSetDesign;)V" type="org.eclipse.birt.report.data.adapter.api.DataRequestSession"/>
            <reference linenumber="-1" member="createSession" origin="org.eclipse.birt.report.data.adapter.api.IDataAdapterFactory.createSession(DataSessionContext)" signature="(Lorg/eclipse/birt/report/data/adapter/api/DataSessionContext;)Lorg/eclipse/birt/report/data/adapter/api/DataRequestSession;" type="org.eclipse.birt.report.data.adapter.api.IDataAdapterFactory"/>
            <reference linenumber="-1" member="&lt;init&gt;" origin="org.eclipse.birt.report.data.adapter.api.DataSessionContext.DataSessionContext(int, ModuleHandle, Scriptable)" signature="(ILorg/eclipse/birt/report/model/api/ModuleHandle;Lorg/mozilla/javascript/Scriptable;)V" type="org.eclipse.birt.report.data.adapter.api.DataSessionContext"/>
            <reference linenumber="-1" member="&lt;init&gt;" origin="org.eclipse.birt.report.data.adapter.api.DataSessionContext.DataSessionContext(int, ModuleHandle)" signature="(ILorg/eclipse/birt/report/model/api/ModuleHandle;)V" type="org.eclipse.birt.report.data.adapter.api.DataSessionContext"/>
            <reference linenumber="-1" member="&lt;init&gt;" origin="org.eclipse.birt.report.data.adapter.api.DataSessionContext.DataSessionContext(int)" signature="(I)V" type="org.eclipse.birt.report.data.adapter.api.DataSessionContext"/>
            <reference linenumber="-1" member="prepare" origin="org.eclipse.birt.report.data.adapter.api.DataRequestSession.prepare(ISubCubeQueryDefinition, Map)" signature="(Lorg/eclipse/birt/data/engine/olap/api/query/ISubCubeQueryDefinition;Ljava/util/Map;)Lorg/eclipse/birt/data/engine/olap/api/IPreparedCubeQuery;" type="org.eclipse.birt.report.data.adapter.api.DataRequestSession"/>
            <reference linenumber="-1" member="prepare" origin="org.eclipse.birt.report.data.adapter.api.DataRequestSession.prepare(ICubeQueryDefinition, Map)" signature="(Lorg/eclipse/birt/data/engine/olap/api/query/ICubeQueryDefinition;Ljava/util/Map;)Lorg/eclipse/birt/data/engine/olap/api/IPreparedCubeQuery;" type="org.eclipse.birt.report.data.adapter.api.DataRequestSession"/>
            <reference linenumber="-1" member="prepare" origin="org.eclipse.birt.report.data.adapter.api.DataRequestSession.prepare(IQueryDefinition)" signature="(Lorg/eclipse/birt/data/engine/api/IQueryDefinition;)Lorg/eclipse/birt/data/engine/api/IPreparedQuery;" type="org.eclipse.birt.report.data.adapter.api.DataRequestSession"/>
            <reference linenumber="-1" member="prepare" origin="org.eclipse.birt.report.data.adapter.api.DataRequestSession.prepare(ICubeQueryDefinition)" signature="(Lorg/eclipse/birt/data/engine/olap/api/query/ICubeQueryDefinition;)Lorg/eclipse/birt/data/engine/olap/api/IPreparedCubeQuery;" type="org.eclipse.birt.report.data.adapter.api.DataRequestSession"/>
            <reference linenumber="-1" member="prepare" origin="org.eclipse.birt.report.data.adapter.api.DataRequestSession.prepare(IQueryDefinition, Map)" signature="(Lorg/eclipse/birt/data/engine/api/IQueryDefinition;Ljava/util/Map;)Lorg/eclipse/birt/data/engine/api/IPreparedQuery;" type="org.eclipse.birt.report.data.adapter.api.DataRequestSession"/>
            <reference linenumber="-1" member="getValue" origin="org.eclipse.birt.report.data.adapter.api.IColumnValueIterator.getValue()" signature="()Ljava/lang/Object;" type="org.eclipse.birt.report.data.adapter.api.IColumnValueIterator"/>
            <reference linenumber="-1" member="getColumnValueSet" origin="org.eclipse.birt.report.data.adapter.api.DataRequestSession.getColumnValueSet(DataSetHandle, Iterator, Iterator, Iterator, String, IRequestInfo)" signature="(Lorg/eclipse/birt/report/model/api/DataSetHandle;Ljava/util/Iterator;Ljava/util/Iterator;Ljava/util/Iterator;Ljava/lang/String;Lorg/eclipse/birt/report/data/adapter/api/IRequestInfo;)Ljava/util/Collection;" type="org.eclipse.birt.report.data.adapter.api.DataRequestSession"/>
            <reference linenumber="-1" member="getColumnValueSet" origin="org.eclipse.birt.report.data.adapter.api.DataRequestSession.getColumnValueSet(DataSetHandle, Iterator, Iterator, String)" signature="(Lorg/eclipse/birt/report/model/api/DataSetHandle;Ljava/util/Iterator;Ljava/util/Iterator;Ljava/lang/String;)Ljava/util/Collection;" type="org.eclipse.birt.report.data.adapter.api.DataRequestSession"/>
            <reference linenumber="-1" member="newSession" origin="org.eclipse.birt.report.data.adapter.api.DataRequestSession.newSession(PlatformConfig, DataSessionContext)" signature="(Lorg/eclipse/birt/core/framework/PlatformConfig;Lorg/eclipse/birt/report/data/adapter/api/DataSessionContext;)Lorg/eclipse/birt/report/data/adapter/api/DataRequestSession;" type="org.eclipse.birt.report.data.adapter.api.DataRequestSession"/>
            <reference linenumber="-1" member="newSession" origin="org.eclipse.birt.report.data.adapter.api.DataRequestSession.newSession(DataSessionContext)" signature="(Lorg/eclipse/birt/report/data/adapter/api/DataSessionContext;)Lorg/eclipse/birt/report/data/adapter/api/DataRequestSession;" type="org.eclipse.birt.report.data.adapter.api.DataRequestSession"/>
            <reference linenumber="-1" member="getColumnValueSet" origin="org.eclipse.birt.report.data.adapter.api.DataRequestSession.getColumnValueSet(DataSetHandle, Iterator, Iterator, Iterator, String, boolean, IRequestInfo)" signature="(Lorg/eclipse/birt/report/model/api/DataSetHandle;Ljava/util/Iterator;Ljava/util/Iterator;Ljava/util/Iterator;Ljava/lang/String;ZLorg/eclipse/birt/report/data/adapter/api/IRequestInfo;)Ljava/util/Collection;" type="org.eclipse.birt.report.data.adapter.api.DataRequestSession"/>
            <reference linenumber="-1" member="getColumnValueSet" origin="org.eclipse.birt.report.data.adapter.api.DataRequestSession.getColumnValueSet(DataSetHandle, Iterator, Iterator, String, IRequestInfo)" signature="(Lorg/eclipse/birt/report/model/api/DataSetHandle;Ljava/util/Iterator;Ljava/util/Iterator;Ljava/lang/String;Lorg/eclipse/birt/report/data/adapter/api/IRequestInfo;)Ljava/util/Collection;" type="org.eclipse.birt.report.data.adapter.api.DataRequestSession"/>
            <reference linenumber="-1" member="close" origin="org.eclipse.birt.report.data.adapter.api.IColumnValueIterator.close()" signature="()V" type="org.eclipse.birt.report.data.adapter.api.IColumnValueIterator"/>
            <reference linenumber="-1" member="getDataSetMetaData" origin="org.eclipse.birt.report.data.adapter.api.DataRequestSession.getDataSetMetaData(DataSetHandle, boolean)" signature="(Lorg/eclipse/birt/report/model/api/DataSetHandle;Z)Lorg/eclipse/birt/data/engine/api/IResultMetaData;" type="org.eclipse.birt.report.data.adapter.api.DataRequestSession"/>
            <reference linenumber="-1" member="getDataSetMetaData" origin="org.eclipse.birt.report.data.adapter.api.DataRequestSession.getDataSetMetaData(String, boolean)" signature="(Ljava/lang/String;Z)Lorg/eclipse/birt/data/engine/api/IResultMetaData;" type="org.eclipse.birt.report.data.adapter.api.DataRequestSession"/>
            <reference linenumber="-1" member="setCacheOption" origin="org.eclipse.birt.report.data.adapter.api.DataSessionContext.setCacheOption(int, int)" signature="(II)V" type="org.eclipse.birt.report.data.adapter.api.DataSessionContext"/>
            <reference linenumber="-1" member="executeQuery" origin="org.eclipse.birt.report.data.adapter.api.DataRequestSession.executeQuery(IQueryDefinition, Iterator, Iterator, Iterator)" signature="(Lorg/eclipse/birt/data/engine/api/IQueryDefinition;Ljava/util/Iterator;Ljava/util/Iterator;Ljava/util/Iterator;)Lorg/eclipse/birt/data/engine/api/IQueryResults;" type="org.eclipse.birt.report.data.adapter.api.DataRequestSession"/>
            <reference linenumber="-1" member="getAggregationManager" origin="org.eclipse.birt.report.data.adapter.api.DataRequestSession.getAggregationManager()" signature="()Lorg/eclipse/birt/data/engine/api/aggregation/AggregationManager;" type="org.eclipse.birt.report.data.adapter.api.DataRequestSession"/>
            <reference linenumber="-1" member="refreshMetaData" origin="org.eclipse.birt.report.data.adapter.api.DataRequestSession.refreshMetaData(DataSetHandle, boolean)" signature="(Lorg/eclipse/birt/report/model/api/DataSetHandle;Z)Lorg/eclipse/birt/data/engine/api/IResultMetaData;" type="org.eclipse.birt.report.data.adapter.api.DataRequestSession"/>
            <reference linenumber="-1" member="refreshMetaData" origin="org.eclipse.birt.report.data.adapter.api.DataRequestSession.refreshMetaData(DataSetHandle)" signature="(Lorg/eclipse/birt/report/model/api/DataSetHandle;)Lorg/eclipse/birt/data/engine/api/IResultMetaData;" type="org.eclipse.birt.report.data.adapter.api.DataRequestSession"/>
            <reference linenumber="-1" member="adaptDataSource" origin="org.eclipse.birt.report.data.adapter.api.IModelAdapter.adaptDataSource(DataSourceHandle)" signature="(Lorg/eclipse/birt/report/model/api/DataSourceHandle;)Lorg/eclipse/birt/data/engine/api/querydefn/BaseDataSourceDesign;" type="org.eclipse.birt.report.data.adapter.api.IModelAdapter"/>
            <reference linenumber="-1" member="getDataEngineContext" origin="org.eclipse.birt.report.data.adapter.api.DataSessionContext.getDataEngineContext()" signature="()Lorg/eclipse/birt/data/engine/api/DataEngineContext;" type="org.eclipse.birt.report.data.adapter.api.DataSessionContext"/>
            <reference linenumber="-1" member="closeDataSource" origin="org.eclipse.birt.report.data.adapter.api.DataRequestSession.closeDataSource(String)" signature="(Ljava/lang/String;)V" type="org.eclipse.birt.report.data.adapter.api.DataRequestSession"/>
            <reference linenumber="-1" member="getColumnValueIterator" origin="org.eclipse.birt.report.data.adapter.api.DataRequestSession.getColumnValueIterator(DataSetHandle, Iterator, Iterator, String)" signature="(Lorg/eclipse/birt/report/model/api/DataSetHandle;Ljava/util/Iterator;Ljava/util/Iterator;Ljava/lang/String;)Lorg/eclipse/birt/report/data/adapter/api/IColumnValueIterator;" type="org.eclipse.birt.report.data.adapter.api.DataRequestSession"/>
        <reference linenumber="-1" member="calculate" origin="org.eclipse.birt.report.data.adapter.group.StringGroupCalculator.calculate(Object)" signature="(Ljava/lang/Object;)Ljava/lang/Object;" type="org.eclipse.birt.report.data.adapter.group.StringGroupCalculator"/>
            <reference linenumber="-1" member="&lt;init&gt;" origin="org.eclipse.birt.report.data.adapter.group.MinuteGroupCalculator.MinuteGroupCalculator(Object, double, ULocale, TimeZone)" signature="(Ljava/lang/Object;DLcom/ibm/icu/util/ULocale;Lcom/ibm/icu/util/TimeZone;)V" type="org.eclipse.birt.report.data.adapter.group.MinuteGroupCalculator"/>
            <reference linenumber="-1" member="&lt;init&gt;" origin="org.eclipse.birt.report.data.adapter.group.WeekGroupCalculator.WeekGroupCalculator(Object, double, ULocale, TimeZone)" signature="(Ljava/lang/Object;DLcom/ibm/icu/util/ULocale;Lcom/ibm/icu/util/TimeZone;)V" type="org.eclipse.birt.report.data.adapter.group.WeekGroupCalculator"/>
            <reference linenumber="-1" member="&lt;init&gt;" origin="org.eclipse.birt.report.data.adapter.group.DayGroupCalculator.DayGroupCalculator(Object, double, ULocale, TimeZone)" signature="(Ljava/lang/Object;DLcom/ibm/icu/util/ULocale;Lcom/ibm/icu/util/TimeZone;)V" type="org.eclipse.birt.report.data.adapter.group.DayGroupCalculator"/>
            <reference linenumber="-1" member="&lt;init&gt;" origin="org.eclipse.birt.report.data.adapter.group.SecondGroupCalculator.SecondGroupCalculator(Object, double, ULocale, TimeZone)" signature="(Ljava/lang/Object;DLcom/ibm/icu/util/ULocale;Lcom/ibm/icu/util/TimeZone;)V" type="org.eclipse.birt.report.data.adapter.group.SecondGroupCalculator"/>
            <reference linenumber="-1" member="&lt;init&gt;" origin="org.eclipse.birt.report.data.adapter.group.StringGroupCalculator.StringGroupCalculator(Object, double)" signature="(Ljava/lang/Object;D)V" type="org.eclipse.birt.report.data.adapter.group.StringGroupCalculator"/>
            <reference linenumber="-1" member="&lt;init&gt;" origin="org.eclipse.birt.report.data.adapter.group.GroupCalculator.GroupCalculator(Object, double)" signature="(Ljava/lang/Object;D)V" type="org.eclipse.birt.report.data.adapter.group.GroupCalculator"/>
            <reference linenumber="-1" member="calculate" origin="org.eclipse.birt.report.data.adapter.group.NumericGroupCalculator.calculate(Object)" signature="(Ljava/lang/Object;)Ljava/lang/Object;" type="org.eclipse.birt.report.data.adapter.group.NumericGroupCalculator"/>
            <reference linenumber="-1" member="&lt;init&gt;" origin="org.eclipse.birt.report.data.adapter.group.HourGroupCalculator.HourGroupCalculator(Object, double, ULocale, TimeZone)" signature="(Ljava/lang/Object;DLcom/ibm/icu/util/ULocale;Lcom/ibm/icu/util/TimeZone;)V" type="org.eclipse.birt.report.data.adapter.group.HourGroupCalculator"/>
            <reference linenumber="-1" member="&lt;init&gt;" origin="org.eclipse.birt.report.data.adapter.group.DateGroupCalculator.DateGroupCalculator(Object, double, ULocale, TimeZone)" signature="(Ljava/lang/Object;DLcom/ibm/icu/util/ULocale;Lcom/ibm/icu/util/TimeZone;)V" type="org.eclipse.birt.report.data.adapter.group.DateGroupCalculator"/>
            <reference linenumber="-1" member="&lt;init&gt;" origin="org.eclipse.birt.report.data.adapter.group.DateGroupCalculator.DateGroupCalculator(Object, double)" signature="(Ljava/lang/Object;D)V" type="org.eclipse.birt.report.data.adapter.group.DateGroupCalculator"/>
            <reference linenumber="-1" member="&lt;init&gt;" origin="org.eclipse.birt.report.data.adapter.group.YearGroupCalculator.YearGroupCalculator(Object, double, ULocale, TimeZone)" signature="(Ljava/lang/Object;DLcom/ibm/icu/util/ULocale;Lcom/ibm/icu/util/TimeZone;)V" type="org.eclipse.birt.report.data.adapter.group.YearGroupCalculator"/>
            <reference linenumber="-1" member="&lt;init&gt;" origin="org.eclipse.birt.report.data.adapter.group.QuarterGroupCalculator.QuarterGroupCalculator(Object, double, ULocale, TimeZone)" signature="(Ljava/lang/Object;DLcom/ibm/icu/util/ULocale;Lcom/ibm/icu/util/TimeZone;)V" type="org.eclipse.birt.report.data.adapter.group.QuarterGroupCalculator"/>
            <reference linenumber="-1" member="&lt;init&gt;" origin="org.eclipse.birt.report.data.adapter.group.NumericGroupCalculator.NumericGroupCalculator(Object, double)" signature="(Ljava/lang/Object;D)V" type="org.eclipse.birt.report.data.adapter.group.NumericGroupCalculator"/>
            <reference linenumber="-1" member="calculate" origin="org.eclipse.birt.report.data.adapter.group.ICalculator.calculate(Object)" signature="(Ljava/lang/Object;)Ljava/lang/Object;" type="org.eclipse.birt.report.data.adapter.group.ICalculator"/>
            <reference linenumber="-1" member="&lt;init&gt;" origin="org.eclipse.birt.report.data.adapter.group.MonthGroupCalculator.MonthGroupCalculator(Object, double, ULocale, TimeZone)" signature="(Ljava/lang/Object;DLcom/ibm/icu/util/ULocale;Lcom/ibm/icu/util/TimeZone;)V" type="org.eclipse.birt.report.data.adapter.group.MonthGroupCalculator"/>
        <reference linenumber="-1" member="getValue" origin="org.eclipse.birt.report.data.adapter.impl.DataSetIteratorForTempPK.getValue(int)" signature="(I)Ljava/lang/Object;" type="org.eclipse.birt.report.data.adapter.impl.DataSetIteratorForTempPK"/>
            <reference linenumber="-1" member="defineSourceDataSets" origin="org.eclipse.birt.report.data.adapter.impl.QueryExecutionHelper.defineSourceDataSets(JointDataSetHandle)" signature="(Lorg/eclipse/birt/report/model/api/JointDataSetHandle;)V" type="org.eclipse.birt.report.data.adapter.impl.QueryExecutionHelper"/>
            <reference linenumber="-1" member="getColumnType" origin="org.eclipse.birt.report.data.adapter.impl.ResultMetaData.getColumnType(int)" signature="(I)I" type="org.eclipse.birt.report.data.adapter.impl.ResultMetaData"/>
            <reference linenumber="-1" member="getDataSetMetaData" origin="org.eclipse.birt.report.data.adapter.impl.DataSetMetaDataHelper.getDataSetMetaData(DataSetHandle, boolean)" signature="(Lorg/eclipse/birt/report/model/api/DataSetHandle;Z)Lorg/eclipse/birt/data/engine/api/IResultMetaData;" type="org.eclipse.birt.report.data.adapter.impl.DataSetMetaDataHelper"/>
            <reference linenumber="-1" member="getColumnLabel" origin="org.eclipse.birt.report.data.adapter.impl.ResultMetaData.getColumnLabel(int)" signature="(I)Ljava/lang/String;" type="org.eclipse.birt.report.data.adapter.impl.ResultMetaData"/>
            <reference linenumber="-1" member="executeQuery" origin="org.eclipse.birt.report.data.adapter.impl.QueryExecutionHelper.executeQuery(IQueryDefinition, Iterator, Iterator, Iterator, Scriptable)" signature="(Lorg/eclipse/birt/data/engine/api/IQueryDefinition;Ljava/util/Iterator;Ljava/util/Iterator;Ljava/util/Iterator;Lorg/mozilla/javascript/Scriptable;)Lorg/eclipse/birt/data/engine/api/IQueryResults;" type="org.eclipse.birt.report.data.adapter.impl.QueryExecutionHelper"/>
            <reference linenumber="-1" member="executeQuery" origin="org.eclipse.birt.report.data.adapter.impl.QueryExecutionHelper.executeQuery(IQueryDefinition)" signature="(Lorg/eclipse/birt/data/engine/api/IQueryDefinition;)Lorg/eclipse/birt/data/engine/api/IQueryResults;" type="org.eclipse.birt.report.data.adapter.impl.QueryExecutionHelper"/>
            <reference linenumber="-1" member="executeQuery" origin="org.eclipse.birt.report.data.adapter.impl.QueryExecutionHelper.executeQuery(IQueryDefinition, Iterator, Iterator, Iterator, boolean, boolean, Scriptable)" signature="(Lorg/eclipse/birt/data/engine/api/IQueryDefinition;Ljava/util/Iterator;Ljava/util/Iterator;Ljava/util/Iterator;ZZLorg/mozilla/javascript/Scriptable;)Lorg/eclipse/birt/data/engine/api/IQueryResults;" type="org.eclipse.birt.report.data.adapter.impl.QueryExecutionHelper"/>
            <reference linenumber="-1" member="next" origin="org.eclipse.birt.report.data.adapter.impl.ColumnValueIterator.next()" signature="()Z" type="org.eclipse.birt.report.data.adapter.impl.ColumnValueIterator"/>
            <reference linenumber="-1" member="getValue" origin="org.eclipse.birt.report.data.adapter.impl.DataSetIterator.Function_temp.getValue(Object[])" signature="([Ljava/lang/Object;)Ljava/lang/Object;" type="org.eclipse.birt.report.data.adapter.impl.DataSetIterator$Function_temp"/>
            <reference linenumber="-1" member="getFieldIndex" origin="org.eclipse.birt.report.data.adapter.impl.DataSetIterator.getFieldIndex(String)" signature="(Ljava/lang/String;)I" type="org.eclipse.birt.report.data.adapter.impl.DataSetIterator"/>
            <reference linenumber="-1" member="next" origin="org.eclipse.birt.report.data.adapter.impl.DataSetIteratorForTempPK.next()" signature="()Z" type="org.eclipse.birt.report.data.adapter.impl.DataSetIteratorForTempPK"/>
            <reference linenumber="-1" member="&lt;init&gt;" origin="org.eclipse.birt.report.data.adapter.impl.DataSetIteratorForTempPK.DataSetIteratorForTempPK(DataRequestSessionImpl, IQueryDefinition, Map)" signature="(Lorg/eclipse/birt/report/data/adapter/impl/DataRequestSessionImpl;Lorg/eclipse/birt/data/engine/api/IQueryDefinition;Ljava/util/Map;)V" type="org.eclipse.birt.report.data.adapter.impl.DataSetIteratorForTempPK"/>
            <reference linenumber="-1" member="getColumnAlias" origin="org.eclipse.birt.report.data.adapter.impl.ResultMetaData.getColumnAlias(int)" signature="(I)Ljava/lang/String;" type="org.eclipse.birt.report.data.adapter.impl.ResultMetaData"/>
            <reference linenumber="-1" member="process" origin="org.eclipse.birt.report.data.adapter.impl.SecurityListener.process(DimensionHandle, IDatasetIterator)" signature="(Lorg/eclipse/birt/report/model/api/DimensionHandle;Lorg/eclipse/birt/data/engine/olap/data/api/cube/IDatasetIterator;)V" type="org.eclipse.birt.report.data.adapter.impl.SecurityListener"/>
            <reference linenumber="-1" member="&lt;init&gt;" origin="org.eclipse.birt.report.data.adapter.impl.ResultMetaData2.ResultMetaData2(List)" signature="(Ljava/util/List;)V" type="org.eclipse.birt.report.data.adapter.impl.ResultMetaData2"/>
            <reference linenumber="-1" member="prepare" origin="org.eclipse.birt.report.data.adapter.impl.DataRequestSessionImpl.prepare(ICubeQueryDefinition)" signature="(Lorg/eclipse/birt/data/engine/olap/api/query/ICubeQueryDefinition;)Lorg/eclipse/birt/data/engine/olap/api/IPreparedCubeQuery;" type="org.eclipse.birt.report.data.adapter.impl.DataRequestSessionImpl"/>
            <reference linenumber="-1" member="prepare" origin="org.eclipse.birt.report.data.adapter.impl.DataRequestSessionImpl.prepare(ICubeQueryDefinition, Map)" signature="(Lorg/eclipse/birt/data/engine/olap/api/query/ICubeQueryDefinition;Ljava/util/Map;)Lorg/eclipse/birt/data/engine/olap/api/IPreparedCubeQuery;" type="org.eclipse.birt.report.data.adapter.impl.DataRequestSessionImpl"/>
            <reference linenumber="-1" member="prepare" origin="org.eclipse.birt.report.data.adapter.impl.DataRequestSessionImpl.prepare(ISubCubeQueryDefinition, Map)" signature="(Lorg/eclipse/birt/data/engine/olap/api/query/ISubCubeQueryDefinition;Ljava/util/Map;)Lorg/eclipse/birt/data/engine/olap/api/IPreparedCubeQuery;" type="org.eclipse.birt.report.data.adapter.impl.DataRequestSessionImpl"/>
            <reference linenumber="-1" member="prepare" origin="org.eclipse.birt.report.data.adapter.impl.DataRequestSessionImpl.prepare(IQueryDefinition)" signature="(Lorg/eclipse/birt/data/engine/api/IQueryDefinition;)Lorg/eclipse/birt/data/engine/api/IPreparedQuery;" type="org.eclipse.birt.report.data.adapter.impl.DataRequestSessionImpl"/>
            <reference linenumber="-1" member="prepare" origin="org.eclipse.birt.report.data.adapter.impl.DataRequestSessionImpl.prepare(IQueryDefinition, Map)" signature="(Lorg/eclipse/birt/data/engine/api/IQueryDefinition;Ljava/util/Map;)Lorg/eclipse/birt/data/engine/api/IPreparedQuery;" type="org.eclipse.birt.report.data.adapter.impl.DataRequestSessionImpl"/>
            <reference linenumber="-1" member="retrieveResultMetaData" origin="org.eclipse.birt.report.data.adapter.impl.MetaDataPopulator.retrieveResultMetaData(DataSetHandle)" signature="(Lorg/eclipse/birt/report/model/api/DataSetHandle;)Lorg/eclipse/birt/data/engine/api/IResultMetaData;" type="org.eclipse.birt.report.data.adapter.impl.MetaDataPopulator"/>
            <reference linenumber="-1" member="createQueryForTempPKDimension" origin="org.eclipse.birt.report.data.adapter.impl.DataRequestSessionImpl.createQueryForTempPKDimension(TabularCubeHandle)" signature="(Lorg/eclipse/birt/report/model/api/olap/TabularCubeHandle;)Lorg/eclipse/birt/data/engine/api/querydefn/QueryDefinition;" type="org.eclipse.birt.report.data.adapter.impl.DataRequestSessionImpl"/>
            <reference linenumber="-1" member="getColumnName" origin="org.eclipse.birt.report.data.adapter.impl.ResultMetaData.getColumnName(int)" signature="(I)Ljava/lang/String;" type="org.eclipse.birt.report.data.adapter.impl.ResultMetaData"/>
            <reference linenumber="-1" member="createQuery" origin="org.eclipse.birt.report.data.adapter.impl.DataRequestSessionImpl.createQuery(DataRequestSessionImpl, TabularHierarchyHandle, List)" signature="(Lorg/eclipse/birt/report/data/adapter/impl/DataRequestSessionImpl;Lorg/eclipse/birt/report/model/api/olap/TabularHierarchyHandle;Ljava/util/List;)Lorg/eclipse/birt/data/engine/api/querydefn/QueryDefinition;" type="org.eclipse.birt.report.data.adapter.impl.DataRequestSessionImpl"/>
            <reference linenumber="-1" member="createQuery" origin="org.eclipse.birt.report.data.adapter.impl.DataRequestSessionImpl.createQuery(DataRequestSessionImpl, TabularCubeHandle, List)" signature="(Lorg/eclipse/birt/report/data/adapter/impl/DataRequestSessionImpl;Lorg/eclipse/birt/report/model/api/olap/TabularCubeHandle;Ljava/util/List;)Lorg/eclipse/birt/data/engine/api/querydefn/QueryDefinition;" type="org.eclipse.birt.report.data.adapter.impl.DataRequestSessionImpl"/>
            <reference linenumber="-1" member="createCubeMaterializer" origin="org.eclipse.birt.report.data.adapter.impl.DataRequestSessionImpl.createCubeMaterializer(CubeHandle, int)" signature="(Lorg/eclipse/birt/report/model/api/olap/CubeHandle;I)Lorg/eclipse/birt/data/engine/olap/data/api/cube/CubeMaterializer;" type="org.eclipse.birt.report.data.adapter.impl.DataRequestSessionImpl"/>
            <reference linenumber="-1" member="getRuntimeMetaData" origin="org.eclipse.birt.report.data.adapter.impl.DataSetMetaDataHelper.getRuntimeMetaData(DataSetHandle)" signature="(Lorg/eclipse/birt/report/model/api/DataSetHandle;)Lorg/eclipse/birt/data/engine/api/IResultMetaData;" type="org.eclipse.birt.report.data.adapter.impl.DataSetMetaDataHelper"/>
            <reference linenumber="-1" member="closeDataSource" origin="org.eclipse.birt.report.data.adapter.impl.DataRequestSessionImpl.closeDataSource(String)" signature="(Ljava/lang/String;)V" type="org.eclipse.birt.report.data.adapter.impl.DataRequestSessionImpl"/>
            <reference linenumber="-1" member="materializeCube" origin="org.eclipse.birt.report.data.adapter.impl.DataRequestSessionImpl.materializeCube(CubeHandle, Map)" signature="(Lorg/eclipse/birt/report/model/api/olap/CubeHandle;Ljava/util/Map;)V" type="org.eclipse.birt.report.data.adapter.impl.DataRequestSessionImpl"/>
            <reference linenumber="-1" member="defineDataSource" origin="org.eclipse.birt.report.data.adapter.impl.DataRequestSessionImpl.defineDataSource(IBaseDataSourceDesign)" signature="(Lorg/eclipse/birt/data/engine/api/IBaseDataSourceDesign;)V" type="org.eclipse.birt.report.data.adapter.impl.DataRequestSessionImpl"/>
            <reference linenumber="-1" member="getValue" origin="org.eclipse.birt.report.data.adapter.impl.DataSetIterator.Function_Transform.getValue(Object[])" signature="([Ljava/lang/Object;)Ljava/lang/Object;" type="org.eclipse.birt.report.data.adapter.impl.DataSetIterator$Function_Transform"/>
            <reference linenumber="-1" member="getColumnName" origin="org.eclipse.birt.report.data.adapter.impl.DataSetMetaDataHelper.getColumnName(IResultMetaData, int)" signature="(Lorg/eclipse/birt/data/engine/api/IResultMetaData;I)Ljava/lang/String;" type="org.eclipse.birt.report.data.adapter.impl.DataSetMetaDataHelper"/>
            <reference linenumber="-1" member="getColumnValueIterator" origin="org.eclipse.birt.report.data.adapter.impl.DataRequestSessionImpl.getColumnValueIterator(DataSetHandle, Iterator, Iterator, String)" signature="(Lorg/eclipse/birt/report/model/api/DataSetHandle;Ljava/util/Iterator;Ljava/util/Iterator;Ljava/lang/String;)Lorg/eclipse/birt/report/data/adapter/api/IColumnValueIterator;" type="org.eclipse.birt.report.data.adapter.impl.DataRequestSessionImpl"/>
            <reference linenumber="-1" member="getColumnValueIterator" origin="org.eclipse.birt.report.data.adapter.impl.DataRequestSessionImpl.getColumnValueIterator(DataSetHandle, Iterator, Iterator, Iterator, String, boolean, IRequestInfo)" signature="(Lorg/eclipse/birt/report/model/api/DataSetHandle;Ljava/util/Iterator;Ljava/util/Iterator;Ljava/util/Iterator;Ljava/lang/String;ZLorg/eclipse/birt/report/data/adapter/api/IRequestInfo;)Lorg/eclipse/birt/report/data/adapter/api/IColumnValueIterator;" type="org.eclipse.birt.report.data.adapter.impl.DataRequestSessionImpl"/>
            <reference linenumber="-1" member="moveTo" origin="org.eclipse.birt.report.data.adapter.impl.ColumnValueIterator.moveTo(int)" signature="(I)V" type="org.eclipse.birt.report.data.adapter.impl.ColumnValueIterator"/>
            <reference linenumber="-1" member="getColumnLabel" origin="org.eclipse.birt.report.data.adapter.impl.ResultMetaData2.getColumnLabel(int)" signature="(I)Ljava/lang/String;" type="org.eclipse.birt.report.data.adapter.impl.ResultMetaData2"/>
            <reference linenumber="-1" member="createCube" origin="org.eclipse.birt.report.data.adapter.impl.DataRequestSessionImpl.createCube(TabularCubeHandle, CubeMaterializer, Map)" signature="(Lorg/eclipse/birt/report/model/api/olap/TabularCubeHandle;Lorg/eclipse/birt/data/engine/olap/data/api/cube/CubeMaterializer;Ljava/util/Map;)V" type="org.eclipse.birt.report.data.adapter.impl.DataRequestSessionImpl"/>
            <reference linenumber="-1" member="close" origin="org.eclipse.birt.report.data.adapter.impl.ColumnValueIterator.close()" signature="()V" type="org.eclipse.birt.report.data.adapter.impl.ColumnValueIterator"/>
            <reference linenumber="-1" member="prepareLevels" origin="org.eclipse.birt.report.data.adapter.impl.DataRequestSessionImpl.prepareLevels(QueryDefinition, TabularHierarchyHandle, List, String)" signature="(Lorg/eclipse/birt/data/engine/api/querydefn/QueryDefinition;Lorg/eclipse/birt/report/model/api/olap/TabularHierarchyHandle;Ljava/util/List;Ljava/lang/String;)V" type="org.eclipse.birt.report.data.adapter.impl.DataRequestSessionImpl"/>
            <reference linenumber="-1" member="adaptDataSource" origin="org.eclipse.birt.report.data.adapter.impl.ModelAdapter.adaptDataSource(DataSourceHandle)" signature="(Lorg/eclipse/birt/report/model/api/DataSourceHandle;)Lorg/eclipse/birt/data/engine/api/querydefn/BaseDataSourceDesign;" type="org.eclipse.birt.report.data.adapter.impl.ModelAdapter"/>
            <reference linenumber="-1" member="populateResultsetHint" origin="org.eclipse.birt.report.data.adapter.impl.MetaDataPopulator.populateResultsetHint(DataSetHandle, IResultMetaData)" signature="(Lorg/eclipse/birt/report/model/api/DataSetHandle;Lorg/eclipse/birt/data/engine/api/IResultMetaData;)Z" type="org.eclipse.birt.report.data.adapter.impl.MetaDataPopulator"/>
            <reference linenumber="-1" member="defineCube" origin="org.eclipse.birt.report.data.adapter.impl.DataRequestSessionImpl.defineCube(CubeHandle)" signature="(Lorg/eclipse/birt/report/model/api/olap/CubeHandle;)V" type="org.eclipse.birt.report.data.adapter.impl.DataRequestSessionImpl"/>
            <reference linenumber="-1" member="isComputedColumn" origin="org.eclipse.birt.report.data.adapter.impl.ResultMetaData.isComputedColumn(int)" signature="(I)Z" type="org.eclipse.birt.report.data.adapter.impl.ResultMetaData"/>
            <reference linenumber="-1" member="prepareCube" origin="org.eclipse.birt.report.data.adapter.impl.TransientDataMartUtil.prepareCube(Map, DataEngineContext, CubeHandle)" signature="(Ljava/util/Map;Lorg/eclipse/birt/data/engine/api/DataEngineContext;Lorg/eclipse/birt/report/model/api/olap/CubeHandle;)V" type="org.eclipse.birt.report.data.adapter.impl.TransientDataMartUtil"/>
            <reference linenumber="-1" member="defineDataSourceDataSet" origin="org.eclipse.birt.report.data.adapter.impl.DataRequestSessionImpl.defineDataSourceDataSet(IQueryDefinition)" signature="(Lorg/eclipse/birt/data/engine/api/IQueryDefinition;)V" type="org.eclipse.birt.report.data.adapter.impl.DataRequestSessionImpl"/>
            <reference linenumber="-1" member="getFieldIndex" origin="org.eclipse.birt.report.data.adapter.impl.DataSetIteratorForTempPK.getFieldIndex(String)" signature="(Ljava/lang/String;)I" type="org.eclipse.birt.report.data.adapter.impl.DataSetIteratorForTempPK"/>
            <reference linenumber="-1" member="clearUnusedData" origin="org.eclipse.birt.report.data.adapter.impl.DataSetMetaDataHelper.clearUnusedData(DataSetHandle, IResultMetaData)" signature="(Lorg/eclipse/birt/report/model/api/DataSetHandle;Lorg/eclipse/birt/data/engine/api/IResultMetaData;)V" type="org.eclipse.birt.report.data.adapter.impl.DataSetMetaDataHelper"/>
            <reference linenumber="-1" member="executeQuery" origin="org.eclipse.birt.report.data.adapter.impl.DataRequestSessionImpl.executeQuery(IQueryDefinition, Iterator, Iterator, Iterator)" signature="(Lorg/eclipse/birt/data/engine/api/IQueryDefinition;Ljava/util/Iterator;Ljava/util/Iterator;Ljava/util/Iterator;)Lorg/eclipse/birt/data/engine/api/IQueryResults;" type="org.eclipse.birt.report.data.adapter.impl.DataRequestSessionImpl"/>
            <reference linenumber="-1" member="createSession" origin="org.eclipse.birt.report.data.adapter.impl.DataAdapterFactory.createSession(DataSessionContext)" signature="(Lorg/eclipse/birt/report/data/adapter/api/DataSessionContext;)Lorg/eclipse/birt/report/data/adapter/api/DataRequestSession;" type="org.eclipse.birt.report.data.adapter.impl.DataAdapterFactory"/>
            <reference linenumber="-1" member="refreshMetaData" origin="org.eclipse.birt.report.data.adapter.impl.DataRequestSessionImpl.refreshMetaData(DataSetHandle)" signature="(Lorg/eclipse/birt/report/model/api/DataSetHandle;)Lorg/eclipse/birt/data/engine/api/IResultMetaData;" type="org.eclipse.birt.report.data.adapter.impl.DataRequestSessionImpl"/>
            <reference linenumber="-1" member="refreshMetaData" origin="org.eclipse.birt.report.data.adapter.impl.DataRequestSessionImpl.refreshMetaData(DataSetHandle, boolean)" signature="(Lorg/eclipse/birt/report/model/api/DataSetHandle;Z)Lorg/eclipse/birt/data/engine/api/IResultMetaData;" type="org.eclipse.birt.report.data.adapter.impl.DataRequestSessionImpl"/>
            <reference linenumber="-1" member="getCachedDataSetMetaData" origin="org.eclipse.birt.report.data.adapter.impl.DataRequestSessionImpl.getCachedDataSetMetaData(IBaseDataSourceDesign, IBaseDataSetDesign)" signature="(Lorg/eclipse/birt/data/engine/api/IBaseDataSourceDesign;Lorg/eclipse/birt/data/engine/api/IBaseDataSetDesign;)Lorg/eclipse/birt/data/engine/api/IResultMetaData;" type="org.eclipse.birt.report.data.adapter.impl.DataRequestSessionImpl"/>
            <reference linenumber="-1" member="addResultSetColumn" origin="org.eclipse.birt.report.data.adapter.impl.DataSetMetaDataHelper.addResultSetColumn(DataSetHandle, IResultMetaData)" signature="(Lorg/eclipse/birt/report/model/api/DataSetHandle;Lorg/eclipse/birt/data/engine/api/IResultMetaData;)V" type="org.eclipse.birt.report.data.adapter.impl.DataSetMetaDataHelper"/>
            <reference linenumber="-1" member="getQueryResults" origin="org.eclipse.birt.report.data.adapter.impl.DataRequestSessionImpl.getQueryResults(String)" signature="(Ljava/lang/String;)Lorg/eclipse/birt/data/engine/api/IQueryResults;" type="org.eclipse.birt.report.data.adapter.impl.DataRequestSessionImpl"/>
            <reference linenumber="-1" member="getQueryResults" origin="org.eclipse.birt.report.data.adapter.impl.DataRequestSessionImpl.getQueryResults(DataSetHandle, Iterator, Iterator, Iterator, String, boolean)" signature="(Lorg/eclipse/birt/report/model/api/DataSetHandle;Ljava/util/Iterator;Ljava/util/Iterator;Ljava/util/Iterator;Ljava/lang/String;Z)Lorg/eclipse/birt/data/engine/api/IQueryResults;" type="org.eclipse.birt.report.data.adapter.impl.DataRequestSessionImpl"/>
            <reference linenumber="-1" member="getColumnTypeName" origin="org.eclipse.birt.report.data.adapter.impl.ResultMetaData.getColumnTypeName(int)" signature="(I)Ljava/lang/String;" type="org.eclipse.birt.report.data.adapter.impl.ResultMetaData"/>
            <reference linenumber="-1" member="defineDataSourceDataSet" origin="org.eclipse.birt.report.data.adapter.impl.QueryExecutionHelper.defineDataSourceDataSet(IQueryDefinition, boolean, boolean)" signature="(Lorg/eclipse/birt/data/engine/api/IQueryDefinition;ZZ)V" type="org.eclipse.birt.report.data.adapter.impl.QueryExecutionHelper"/>
            <reference linenumber="-1" member="getFieldType" origin="org.eclipse.birt.report.data.adapter.impl.DataSetIterator.getFieldType(String)" signature="(Ljava/lang/String;)I" type="org.eclipse.birt.report.data.adapter.impl.DataSetIterator"/>
            <reference linenumber="-1" member="createDataSetIterator" origin="org.eclipse.birt.report.data.adapter.impl.CubeQueryUtil.createDataSetIterator(Map, TabularHierarchyHandle)" signature="(Ljava/util/Map;Lorg/eclipse/birt/report/model/api/olap/TabularHierarchyHandle;)Lorg/eclipse/birt/report/data/adapter/impl/DataSetIterator;" type="org.eclipse.birt.report.data.adapter.impl.CubeQueryUtil"/>
            <reference linenumber="-1" member="end" origin="org.eclipse.birt.report.data.adapter.impl.SecurityListener.end()" signature="()V" type="org.eclipse.birt.report.data.adapter.impl.SecurityListener"/>
            <reference linenumber="-1" member="&lt;init&gt;" origin="org.eclipse.birt.report.data.adapter.impl.ColumnValueIterator.ColumnValueIterator(IQueryResults, String, IRequestInfo)" signature="(Lorg/eclipse/birt/data/engine/api/IQueryResults;Ljava/lang/String;Lorg/eclipse/birt/report/data/adapter/api/IRequestInfo;)V" type="org.eclipse.birt.report.data.adapter.impl.ColumnValueIterator"/>
            <reference linenumber="-1" member="getTargetDataType" origin="org.eclipse.birt.report.data.adapter.impl.CubeQueryUtil.getTargetDataType(List, String)" signature="(Ljava/util/List;Ljava/lang/String;)I" type="org.eclipse.birt.report.data.adapter.impl.CubeQueryUtil"/>
            <reference linenumber="-1" member="defineDataSet" origin="org.eclipse.birt.report.data.adapter.impl.QueryExecutionHelper.defineDataSet(DataSetHandle, boolean, boolean)" signature="(Lorg/eclipse/birt/report/model/api/DataSetHandle;ZZ)V" type="org.eclipse.birt.report.data.adapter.impl.QueryExecutionHelper"/>
            <reference linenumber="-1" member="clearCache" origin="org.eclipse.birt.report.data.adapter.impl.DataRequestSessionImpl.clearCache(IBaseDataSourceDesign, IBaseDataSetDesign)" signature="(Lorg/eclipse/birt/data/engine/api/IBaseDataSourceDesign;Lorg/eclipse/birt/data/engine/api/IBaseDataSetDesign;)V" type="org.eclipse.birt.report.data.adapter.impl.DataRequestSessionImpl"/>
            <reference linenumber="-1" member="isComputedColumn" origin="org.eclipse.birt.report.data.adapter.impl.ResultMetaData2.isComputedColumn(int)" signature="(I)Z" type="org.eclipse.birt.report.data.adapter.impl.ResultMetaData2"/>
            <reference linenumber="-1" member="&lt;init&gt;" origin="org.eclipse.birt.report.data.adapter.impl.DataRequestSessionImpl.DataRequestSessionImpl(DataSessionContext)" signature="(Lorg/eclipse/birt/report/data/adapter/api/DataSessionContext;)V" type="org.eclipse.birt.report.data.adapter.impl.DataRequestSessionImpl"/>
            <reference linenumber="-1" member="start" origin="org.eclipse.birt.report.data.adapter.impl.SecurityListener.start(TabularCubeHandle)" signature="(Lorg/eclipse/birt/report/model/api/olap/TabularCubeHandle;)V" type="org.eclipse.birt.report.data.adapter.impl.SecurityListener"/>
            <reference linenumber="-1" member="defineDataSet" origin="org.eclipse.birt.report.data.adapter.impl.DataRequestSessionImpl.defineDataSet(IBaseDataSetDesign)" signature="(Lorg/eclipse/birt/data/engine/api/IBaseDataSetDesign;)V" type="org.eclipse.birt.report.data.adapter.impl.DataRequestSessionImpl"/>
            <reference linenumber="-1" member="getFieldType" origin="org.eclipse.birt.report.data.adapter.impl.DataSetIteratorForTempPK.getFieldType(String)" signature="(Ljava/lang/String;)I" type="org.eclipse.birt.report.data.adapter.impl.DataSetIteratorForTempPK"/>
            <reference linenumber="-1" member="getCachedMetaData" origin="org.eclipse.birt.report.data.adapter.impl.DataSetMetaDataHelper.getCachedMetaData(CachedMetaDataHandle)" signature="(Lorg/eclipse/birt/report/model/api/CachedMetaDataHandle;)Lorg/eclipse/birt/data/engine/api/IResultMetaData;" type="org.eclipse.birt.report.data.adapter.impl.DataSetMetaDataHelper"/>
            <reference linenumber="-1" member="needsUseResultHint" origin="org.eclipse.birt.report.data.adapter.impl.MetaDataPopulator.needsUseResultHint(DataSetHandle, IResultMetaData)" signature="(Lorg/eclipse/birt/report/model/api/DataSetHandle;Lorg/eclipse/birt/data/engine/api/IResultMetaData;)Z" type="org.eclipse.birt.report.data.adapter.impl.MetaDataPopulator"/>
            <reference linenumber="-1" member="&lt;init&gt;" origin="org.eclipse.birt.report.data.adapter.impl.ResultMetaData.ResultMetaData(List)" signature="(Ljava/util/List;)V" type="org.eclipse.birt.report.data.adapter.impl.ResultMetaData"/>
            <reference linenumber="-1" member="defineDataSourceAndDataSet" origin="org.eclipse.birt.report.data.adapter.impl.DefineDataSourceSetUtil.defineDataSourceAndDataSet(DataSetHandle, DataRequestSession)" signature="(Lorg/eclipse/birt/report/model/api/DataSetHandle;Lorg/eclipse/birt/report/data/adapter/api/DataRequestSession;)V" type="org.eclipse.birt.report.data.adapter.impl.DefineDataSourceSetUtil"/>
            <reference linenumber="-1" member="defineDataSourceAndDataSet" origin="org.eclipse.birt.report.data.adapter.impl.DefineDataSourceSetUtil.defineDataSourceAndDataSet(DataSetHandle, DataEngine, IModelAdapter)" signature="(Lorg/eclipse/birt/report/model/api/DataSetHandle;Lorg/eclipse/birt/data/engine/api/DataEngine;Lorg/eclipse/birt/report/data/adapter/api/IModelAdapter;)V" type="org.eclipse.birt.report.data.adapter.impl.DefineDataSourceSetUtil"/>
            <reference linenumber="-1" member="getDataSetMetaData" origin="org.eclipse.birt.report.data.adapter.impl.DataRequestSessionImpl.getDataSetMetaData(String, boolean)" signature="(Ljava/lang/String;Z)Lorg/eclipse/birt/data/engine/api/IResultMetaData;" type="org.eclipse.birt.report.data.adapter.impl.DataRequestSessionImpl"/>
            <reference linenumber="-1" member="getDataSetMetaData" origin="org.eclipse.birt.report.data.adapter.impl.DataRequestSessionImpl.getDataSetMetaData(DataSetHandle, boolean)" signature="(Lorg/eclipse/birt/report/model/api/DataSetHandle;Z)Lorg/eclipse/birt/data/engine/api/IResultMetaData;" type="org.eclipse.birt.report.data.adapter.impl.DataRequestSessionImpl"/>
            <reference linenumber="-1" member="close" origin="org.eclipse.birt.report.data.adapter.impl.DataSetIterator.close()" signature="()V" type="org.eclipse.birt.report.data.adapter.impl.DataSetIterator"/>
            <reference linenumber="-1" member="close" origin="org.eclipse.birt.report.data.adapter.impl.DataSetIteratorForTempPK.close()" signature="()V" type="org.eclipse.birt.report.data.adapter.impl.DataSetIteratorForTempPK"/>
            <reference linenumber="-1" member="updateComputedColumn" origin="org.eclipse.birt.report.data.adapter.impl.MetaDataPopulator.updateComputedColumn(DataSetHandle, String, String)" signature="(Lorg/eclipse/birt/report/model/api/DataSetHandle;Ljava/lang/String;Ljava/lang/String;)V" type="org.eclipse.birt.report.data.adapter.impl.MetaDataPopulator"/>
            <reference linenumber="-1" member="adaptDataSet" origin="org.eclipse.birt.report.data.adapter.impl.ModelAdapter.adaptDataSet(DataSetHandle)" signature="(Lorg/eclipse/birt/report/model/api/DataSetHandle;)Lorg/eclipse/birt/data/engine/api/querydefn/BaseDataSetDesign;" type="org.eclipse.birt.report.data.adapter.impl.ModelAdapter"/>
            <reference linenumber="-1" member="next" origin="org.eclipse.birt.report.data.adapter.impl.DataSetIterator.next()" signature="()Z" type="org.eclipse.birt.report.data.adapter.impl.DataSetIterator"/>
            <reference linenumber="-1" member="clearUnusedColumnHints" origin="org.eclipse.birt.report.data.adapter.impl.DataSetMetaDataHelper.clearUnusedColumnHints(DataSetHandle, IResultMetaData)" signature="(Lorg/eclipse/birt/report/model/api/DataSetHandle;Lorg/eclipse/birt/data/engine/api/IResultMetaData;)V" type="org.eclipse.birt.report.data.adapter.impl.DataSetMetaDataHelper"/>
            <reference linenumber="-1" member="defineCube" origin="org.eclipse.birt.report.data.adapter.impl.CubeHandleUtil.defineCube(DataEngineImpl, CubeHandle, Map)" signature="(Lorg/eclipse/birt/data/engine/impl/DataEngineImpl;Lorg/eclipse/birt/report/model/api/olap/CubeHandle;Ljava/util/Map;)Z" type="org.eclipse.birt.report.data.adapter.impl.CubeHandleUtil"/>
            <reference linenumber="-1" member="refreshMetaData" origin="org.eclipse.birt.report.data.adapter.impl.DataSetMetaDataHelper.refreshMetaData(DataSetHandle, boolean)" signature="(Lorg/eclipse/birt/report/model/api/DataSetHandle;Z)Lorg/eclipse/birt/data/engine/api/IResultMetaData;" type="org.eclipse.birt.report.data.adapter.impl.DataSetMetaDataHelper"/>
            <reference linenumber="-1" member="refreshMetaData" origin="org.eclipse.birt.report.data.adapter.impl.DataSetMetaDataHelper.refreshMetaData(DataSetHandle)" signature="(Lorg/eclipse/birt/report/model/api/DataSetHandle;)Lorg/eclipse/birt/data/engine/api/IResultMetaData;" type="org.eclipse.birt.report.data.adapter.impl.DataSetMetaDataHelper"/>
            <reference linenumber="-1" member="prepareDataSet" origin="org.eclipse.birt.report.data.adapter.impl.TransientDataMartUtil.prepareDataSet(Map, DataEngineContext, IBaseDataSourceDesign, IBaseDataSetDesign)" signature="(Ljava/util/Map;Lorg/eclipse/birt/data/engine/api/DataEngineContext;Lorg/eclipse/birt/data/engine/api/IBaseDataSourceDesign;Lorg/eclipse/birt/data/engine/api/IBaseDataSetDesign;)V" type="org.eclipse.birt.report.data.adapter.impl.TransientDataMartUtil"/>
            <reference linenumber="-1" member="getColumnValueSet" origin="org.eclipse.birt.report.data.adapter.impl.DataRequestSessionImpl.getColumnValueSet(DataSetHandle, Iterator, Iterator, Iterator, String, boolean, IRequestInfo)" signature="(Lorg/eclipse/birt/report/model/api/DataSetHandle;Ljava/util/Iterator;Ljava/util/Iterator;Ljava/util/Iterator;Ljava/lang/String;ZLorg/eclipse/birt/report/data/adapter/api/IRequestInfo;)Ljava/util/Collection;" type="org.eclipse.birt.report.data.adapter.impl.DataRequestSessionImpl"/>
            <reference linenumber="-1" member="getColumnValueSet" origin="org.eclipse.birt.report.data.adapter.impl.DataRequestSessionImpl.getColumnValueSet(DataSetHandle, Iterator, Iterator, String)" signature="(Lorg/eclipse/birt/report/model/api/DataSetHandle;Ljava/util/Iterator;Ljava/util/Iterator;Ljava/lang/String;)Ljava/util/Collection;" type="org.eclipse.birt.report.data.adapter.impl.DataRequestSessionImpl"/>
            <reference linenumber="-1" member="getColumnValueSet" origin="org.eclipse.birt.report.data.adapter.impl.DataRequestSessionImpl.getColumnValueSet(DataSetHandle, Iterator, Iterator, Iterator, String, IRequestInfo)" signature="(Lorg/eclipse/birt/report/model/api/DataSetHandle;Ljava/util/Iterator;Ljava/util/Iterator;Ljava/util/Iterator;Ljava/lang/String;Lorg/eclipse/birt/report/data/adapter/api/IRequestInfo;)Ljava/util/Collection;" type="org.eclipse.birt.report.data.adapter.impl.DataRequestSessionImpl"/>
            <reference linenumber="-1" member="getColumnValueSet" origin="org.eclipse.birt.report.data.adapter.impl.DataRequestSessionImpl.getColumnValueSet(DataSetHandle, Iterator, Iterator, String, IRequestInfo)" signature="(Lorg/eclipse/birt/report/model/api/DataSetHandle;Ljava/util/Iterator;Ljava/util/Iterator;Ljava/lang/String;Lorg/eclipse/birt/report/data/adapter/api/IRequestInfo;)Ljava/util/Collection;" type="org.eclipse.birt.report.data.adapter.impl.DataRequestSessionImpl"/>
            <reference linenumber="-1" member="updateModelColumn" origin="org.eclipse.birt.report.data.adapter.impl.MetaDataPopulator.updateModelColumn(DataSetHandle, String, int)" signature="(Lorg/eclipse/birt/report/model/api/DataSetHandle;Ljava/lang/String;I)V" type="org.eclipse.birt.report.data.adapter.impl.MetaDataPopulator"/>
            <reference linenumber="-1" member="getColumnNativeTypeName" origin="org.eclipse.birt.report.data.adapter.impl.ResultMetaData.getColumnNativeTypeName(int)" signature="(I)Ljava/lang/String;" type="org.eclipse.birt.report.data.adapter.impl.ResultMetaData"/>
            <reference linenumber="-1" member="getValue" origin="org.eclipse.birt.report.data.adapter.impl.ColumnValueIterator.getValue()" signature="()Ljava/lang/Object;" type="org.eclipse.birt.report.data.adapter.impl.ColumnValueIterator"/>
            <reference linenumber="-1" member="getValue" origin="org.eclipse.birt.report.data.adapter.impl.DataSetIterator.getValue(int)" signature="(I)Ljava/lang/Object;" type="org.eclipse.birt.report.data.adapter.impl.DataSetIterator"/>
            <reference linenumber="-1" member="needsSetCachedMetaData" origin="org.eclipse.birt.report.data.adapter.impl.DataSetMetaDataHelper.needsSetCachedMetaData(DataSetHandle, IResultMetaData)" signature="(Lorg/eclipse/birt/report/model/api/DataSetHandle;Lorg/eclipse/birt/data/engine/api/IResultMetaData;)Z" type="org.eclipse.birt.report.data.adapter.impl.DataSetMetaDataHelper"/>
            <reference linenumber="-1" member="getRealMetaData" origin="org.eclipse.birt.report.data.adapter.impl.DataSetMetaDataHelper.getRealMetaData(DataSetHandle)" signature="(Lorg/eclipse/birt/report/model/api/DataSetHandle;)Lorg/eclipse/birt/data/engine/api/IResultMetaData;" type="org.eclipse.birt.report.data.adapter.impl.DataSetMetaDataHelper"/>
        <reference linenumber="-1" member="&lt;init&gt;" origin="org.eclipse.birt.report.data.adapter.internal.adapter.ScriptDataSourceAdapter.ScriptDataSourceAdapter(ScriptDataSourceHandle)" signature="(Lorg/eclipse/birt/report/model/api/ScriptDataSourceHandle;)V" type="org.eclipse.birt.report.data.adapter.internal.adapter.ScriptDataSourceAdapter"/>
            <reference linenumber="-1" member="&lt;init&gt;" origin="org.eclipse.birt.report.data.adapter.internal.adapter.ScriptDataSetAdapter.ScriptDataSetAdapter(ScriptDataSetHandle, ModelAdapter)" signature="(Lorg/eclipse/birt/report/model/api/ScriptDataSetHandle;Lorg/eclipse/birt/report/data/adapter/impl/ModelAdapter;)V" type="org.eclipse.birt.report.data.adapter.internal.adapter.ScriptDataSetAdapter"/>
            <reference linenumber="-1" member="&lt;init&gt;" origin="org.eclipse.birt.report.data.adapter.internal.adapter.JointDataSetAdapter.JointDataSetAdapter(JointDataSetHandle, ModelAdapter)" signature="(Lorg/eclipse/birt/report/model/api/JointDataSetHandle;Lorg/eclipse/birt/report/data/adapter/impl/ModelAdapter;)V" type="org.eclipse.birt.report.data.adapter.internal.adapter.JointDataSetAdapter"/>
            <reference linenumber="-1" member="&lt;init&gt;" origin="org.eclipse.birt.report.data.adapter.internal.adapter.OdaDataSourceAdapter.OdaDataSourceAdapter(OdaDataSourceHandle, Scriptable, DataEngineContext)" signature="(Lorg/eclipse/birt/report/model/api/OdaDataSourceHandle;Lorg/mozilla/javascript/Scriptable;Lorg/eclipse/birt/data/engine/api/DataEngineContext;)V" type="org.eclipse.birt.report.data.adapter.internal.adapter.OdaDataSourceAdapter"/>
            <reference linenumber="-1" member="adaptBaseDataSet" origin="org.eclipse.birt.report.data.adapter.internal.adapter.DataAdapterUtil.adaptBaseDataSet(DataSetHandle, BaseDataSetDesign, ModelAdapter)" signature="(Lorg/eclipse/birt/report/model/api/DataSetHandle;Lorg/eclipse/birt/data/engine/api/querydefn/BaseDataSetDesign;Lorg/eclipse/birt/report/data/adapter/impl/ModelAdapter;)V" type="org.eclipse.birt.report.data.adapter.internal.adapter.DataAdapterUtil"/>
            <reference linenumber="-1" member="&lt;init&gt;" origin="org.eclipse.birt.report.data.adapter.internal.adapter.OdaDataSetAdapter.OdaDataSetAdapter(OdaDataSetHandle, Scriptable, ModelAdapter, DataEngineContext)" signature="(Lorg/eclipse/birt/report/model/api/OdaDataSetHandle;Lorg/mozilla/javascript/Scriptable;Lorg/eclipse/birt/report/data/adapter/impl/ModelAdapter;Lorg/eclipse/birt/data/engine/api/DataEngineContext;)V" type="org.eclipse.birt.report.data.adapter.internal.adapter.OdaDataSetAdapter"/>
            <reference linenumber="-1" member="addPropertyConfigurationId" origin="org.eclipse.birt.report.data.adapter.internal.adapter.OdaDataSourceAdapter.addPropertyConfigurationId(OdaDataSourceDesign)" signature="(Lorg/eclipse/birt/data/engine/api/querydefn/OdaDataSourceDesign;)V" type="org.eclipse.birt.report.data.adapter.internal.adapter.OdaDataSourceAdapter"/>
        </reference_kind>
        <reference_kind flags="0" kind="1" reference_kind_name="EXTENDS">
            <reference linenumber="-1" origin="org.eclipse.birt.report.data.adapter.api.AdapterException" type="org.eclipse.birt.report.data.adapter.api.AdapterException"/>
        </reference_kind>
        <reference_kind flags="0" kind="33554432" reference_kind_name="LOCAL_VAR_DECLARED">
            <reference linenumber="168" member="&lt;init&gt;" origin="org.eclipse.birt.report.data.adapter.api.DataSessionContext.DataSessionContext(int, ModuleHandle, ScriptContext, ClassLoader)" signature="(ILorg/eclipse/birt/report/model/api/ModuleHandle;Lorg/eclipse/birt/core/script/ScriptContext;Ljava/lang/ClassLoader;)V" type="org.eclipse.birt.report.data.adapter.api.DataSessionContext"/>
        <reference linenumber="544" member="execute" origin="org.eclipse.birt.report.data.adapter.impl.DataRequestSessionImpl.execute(IBasePreparedQuery, IBaseQueryResults, Scriptable)" signature="(Lorg/eclipse/birt/data/engine/api/IBasePreparedQuery;Lorg/eclipse/birt/data/engine/api/IBaseQueryResults;Lorg/mozilla/javascript/Scriptable;)Lorg/eclipse/birt/data/engine/api/IBaseQueryResults;" type="org.eclipse.birt.report.data.adapter.impl.DataRequestSessionImpl"/>
            <reference linenumber="661" member="getMemberValueIterator" origin="org.eclipse.birt.report.data.adapter.impl.CubeQueryUtil.getMemberValueIterator(TabularCubeHandle, String, DimensionLevel[], Object[], Map)" signature="(Lorg/eclipse/birt/report/model/api/olap/TabularCubeHandle;Ljava/lang/String;[Lorg/eclipse/birt/report/data/adapter/api/DimensionLevel;[Ljava/lang/Object;Ljava/util/Map;)Ljava/util/Iterator;" type="org.eclipse.birt.report.data.adapter.impl.CubeQueryUtil"/>
            <reference linenumber="578" member="execute" origin="org.eclipse.birt.report.data.adapter.impl.DataRequestSessionImpl.execute(IBasePreparedQuery, IBaseQueryResults, ScriptContext)" signature="(Lorg/eclipse/birt/data/engine/api/IBasePreparedQuery;Lorg/eclipse/birt/data/engine/api/IBaseQueryResults;Lorg/eclipse/birt/core/script/ScriptContext;)Lorg/eclipse/birt/data/engine/api/IBaseQueryResults;" type="org.eclipse.birt.report.data.adapter.impl.DataRequestSessionImpl"/>
            <reference linenumber="330" member="refreshMetaData" origin="org.eclipse.birt.report.data.adapter.impl.DataSetMetaDataHelper.refreshMetaData(DataSetHandle, boolean)" signature="(Lorg/eclipse/birt/report/model/api/DataSetHandle;Z)Lorg/eclipse/birt/data/engine/api/IResultMetaData;" type="org.eclipse.birt.report.data.adapter.impl.DataSetMetaDataHelper"/>
            <reference linenumber="687" member="process" origin="org.eclipse.birt.report.data.adapter.impl.DataSetIterator.DataProcessorWrapper.process(Object)" signature="(Ljava/lang/Object;)Ljava/lang/Object;" type="org.eclipse.birt.report.data.adapter.impl.DataSetIterator$DataProcessorWrapper"/>
            <reference linenumber="611" member="prepare" origin="org.eclipse.birt.report.data.adapter.impl.DataRequestSessionImpl.prepare(IDataQueryDefinition, Map)" signature="(Lorg/eclipse/birt/data/engine/api/IDataQueryDefinition;Ljava/util/Map;)Lorg/eclipse/birt/data/engine/api/IBasePreparedQuery;" type="org.eclipse.birt.report.data.adapter.impl.DataRequestSessionImpl"/>
            <reference linenumber="1467" member="getScope" origin="org.eclipse.birt.report.data.adapter.impl.DataRequestSessionImpl.getScope()" signature="()Lorg/mozilla/javascript/Scriptable;" type="org.eclipse.birt.report.data.adapter.impl.DataRequestSessionImpl"/>
            <reference linenumber="724" member="getMemberValueIterator" origin="org.eclipse.birt.report.data.adapter.impl.CubeQueryUtil.getMemberValueIterator(TabularCubeHandle, String, ILevelDefinition[], Object[], Map)" signature="(Lorg/eclipse/birt/report/model/api/olap/TabularCubeHandle;Ljava/lang/String;[Lorg/eclipse/birt/data/engine/olap/api/query/ILevelDefinition;[Ljava/lang/Object;Ljava/util/Map;)Ljava/util/Iterator;" type="org.eclipse.birt.report.data.adapter.impl.CubeQueryUtil"/>
            <reference linenumber="570" member="getMemberValueIterator" origin="org.eclipse.birt.report.data.adapter.impl.CubeQueryUtil.getMemberValueIterator(TabularCubeHandle, String, ICubeQueryDefinition, Map)" signature="(Lorg/eclipse/birt/report/model/api/olap/TabularCubeHandle;Ljava/lang/String;Lorg/eclipse/birt/data/engine/olap/api/query/ICubeQueryDefinition;Ljava/util/Map;)Ljava/util/Iterator;" type="org.eclipse.birt.report.data.adapter.impl.CubeQueryUtil"/>
            <reference linenumber="65" member="executeQuery" origin="org.eclipse.birt.report.data.adapter.impl.DataSetIteratorForTempPK.executeQuery(DataRequestSessionImpl, IQueryDefinition, Map)" signature="(Lorg/eclipse/birt/report/data/adapter/impl/DataRequestSessionImpl;Lorg/eclipse/birt/data/engine/api/IQueryDefinition;Ljava/util/Map;)V" type="org.eclipse.birt.report.data.adapter.impl.DataSetIteratorForTempPK"/>
            <reference linenumber="83" member="executeQuery" origin="org.eclipse.birt.report.data.adapter.impl.DataSetIterator.executeQuery(DataRequestSessionImpl, IQueryDefinition, Map)" signature="(Lorg/eclipse/birt/report/data/adapter/impl/DataRequestSessionImpl;Lorg/eclipse/birt/data/engine/api/IQueryDefinition;Ljava/util/Map;)V" type="org.eclipse.birt.report.data.adapter.impl.DataSetIterator"/>
            <reference linenumber="425" member="getReferencedLevels" origin="org.eclipse.birt.report.data.adapter.impl.CubeQueryUtil.getReferencedLevels(String, String, ICubeQueryDefinition)" signature="(Ljava/lang/String;Ljava/lang/String;Lorg/eclipse/birt/data/engine/olap/api/query/ICubeQueryDefinition;)Ljava/util/List;" type="org.eclipse.birt.report.data.adapter.impl.CubeQueryUtil"/>
        </reference_kind>
    </target>
<target name="org.eclipse.birt.core.script.CoreJavaScriptInitializer" type="org.eclipse.birt.core.script.CoreJavaScriptInitializer">
        <reference_kind flags="0" kind="134217728" reference_kind_name="INSTANTIATION">
            <reference linenumber="58" member="&lt;init&gt;" origin="org.eclipse.birt.report.data.adapter.api.script.DataAdapterTopLevelScope.DataAdapterTopLevelScope(Context, ModuleHandle)" signature="(Lorg/mozilla/javascript/Context;Lorg/eclipse/birt/report/model/api/ModuleHandle;)V" type="org.eclipse.birt.report.data.adapter.api.script.DataAdapterTopLevelScope"/>
        </reference_kind>
    </target>
<target name="org.eclipse.birt.core.i18n.ResourceHandle" type="org.eclipse.birt.core.i18n.ResourceHandle">
        <reference_kind flags="0" kind="1" reference_kind_name="EXTENDS">
            <reference linenumber="-1" origin="org.eclipse.birt.report.data.adapter.i18n.AdapterResourceHandle" type="org.eclipse.birt.report.data.adapter.i18n.AdapterResourceHandle"/>
        </reference_kind>
    </target>
</references>
