<?xml version="1.0" encoding="UTF-8" standalone="no"?>
<references name="Types" origin="org.eclipse.acceleo.ide.ui (0.8.1.v200909161003)" referee="org.eclipse.acceleo.engine (0.8.1.v200909161003)" reference_count="26" reference_visibility="8">
    <target name="org.eclipse.acceleo.engine.internal.debug.ASTFragment" type="org.eclipse.acceleo.engine.internal.debug.ASTFragment">
        <reference_kind flags="0" kind="134217728" reference_kind_name="INSTANTIATION">
            <reference linenumber="57" member="run" origin="org.eclipse.acceleo.internal.ide.ui.debug.actions.BreakpointSelectModelRulerAction.run()" signature="()V" type="org.eclipse.acceleo.internal.ide.ui.debug.actions.BreakpointSelectModelRulerAction"/>
        <reference linenumber="170" member="init" origin="org.eclipse.acceleo.internal.ide.ui.debug.core.AcceleoDebugger.init(IProject)" signature="(Lorg/eclipse/core/resources/IProject;)V" type="org.eclipse.acceleo.internal.ide.ui.debug.core.AcceleoDebugger"/>
        <reference linenumber="139" member="getASTFragment" origin="org.eclipse.acceleo.internal.ide.ui.debug.model.AcceleoLineBreakpoint.getASTFragment()" signature="()Lorg/eclipse/acceleo/engine/internal/debug/ASTFragment;" type="org.eclipse.acceleo.internal.ide.ui.debug.model.AcceleoLineBreakpoint"/>
            <reference linenumber="85" member="run" origin="org.eclipse.acceleo.internal.ide.ui.debug.model.AcceleoLineBreakpoint.1.run(IProgressMonitor)" signature="(Lorg/eclipse/core/runtime/IProgressMonitor;)V" type="org.eclipse.acceleo.internal.ide.ui.debug.model.AcceleoLineBreakpoint$1"/>
            <reference linenumber="59" member="run" origin="org.eclipse.acceleo.internal.ide.ui.debug.model.AcceleoRunToLineBreakpoint.1.run(IProgressMonitor)" signature="(Lorg/eclipse/core/runtime/IProgressMonitor;)V" type="org.eclipse.acceleo.internal.ide.ui.debug.model.AcceleoRunToLineBreakpoint$1"/>
        </reference_kind>
        <reference_kind flags="0" kind="33554432" reference_kind_name="LOCAL_VAR_DECLARED">
            <reference linenumber="57" member="run" origin="org.eclipse.acceleo.internal.ide.ui.debug.actions.BreakpointSelectModelRulerAction.run()" signature="()V" type="org.eclipse.acceleo.internal.ide.ui.debug.actions.BreakpointSelectModelRulerAction"/>
        <reference linenumber="170" member="init" origin="org.eclipse.acceleo.internal.ide.ui.debug.core.AcceleoDebugger.init(IProject)" signature="(Lorg/eclipse/core/resources/IProject;)V" type="org.eclipse.acceleo.internal.ide.ui.debug.core.AcceleoDebugger"/>
        <reference linenumber="79" member="getImage" origin="org.eclipse.acceleo.internal.ide.ui.debug.model.AcceleoModelPresentation.getImage(Object)" signature="(Ljava/lang/Object;)Lorg/eclipse/swt/graphics/Image;" type="org.eclipse.acceleo.internal.ide.ui.debug.model.AcceleoModelPresentation"/>
        </reference_kind>
    <reference_kind flags="0" kind="16" reference_kind_name="PARAMETER">
            <reference linenumber="-1" member="addBreakpoint" origin="org.eclipse.acceleo.internal.ide.ui.debug.core.AcceleoDebugger.addBreakpoint(ASTFragment)" signature="(Lorg/eclipse/acceleo/engine/internal/debug/ASTFragment;)V" type="org.eclipse.acceleo.internal.ide.ui.debug.core.AcceleoDebugger"/>
            <reference linenumber="-1" member="removeBreakpoint" origin="org.eclipse.acceleo.internal.ide.ui.debug.core.ITemplateDebugger.removeBreakpoint(ASTFragment)" signature="(Lorg/eclipse/acceleo/engine/internal/debug/ASTFragment;)V" type="org.eclipse.acceleo.internal.ide.ui.debug.core.ITemplateDebugger"/>
            <reference linenumber="-1" member="pushStack" origin="org.eclipse.acceleo.internal.ide.ui.debug.core.ITemplateDebugger.pushStack(ASTFragment)" signature="(Lorg/eclipse/acceleo/engine/internal/debug/ASTFragment;)V" type="org.eclipse.acceleo.internal.ide.ui.debug.core.ITemplateDebugger"/>
            <reference linenumber="-1" member="popStack" origin="org.eclipse.acceleo.internal.ide.ui.debug.core.ITemplateDebugger.popStack(ASTFragment)" signature="(Lorg/eclipse/acceleo/engine/internal/debug/ASTFragment;)V" type="org.eclipse.acceleo.internal.ide.ui.debug.core.ITemplateDebugger"/>
            <reference linenumber="-1" member="startDebug" origin="org.eclipse.acceleo.internal.ide.ui.debug.core.AcceleoDebugger.startDebug(ASTFragment)" signature="(Lorg/eclipse/acceleo/engine/internal/debug/ASTFragment;)V" type="org.eclipse.acceleo.internal.ide.ui.debug.core.AcceleoDebugger"/>
            <reference linenumber="-1" member="addBreakpoint" origin="org.eclipse.acceleo.internal.ide.ui.debug.core.ITemplateDebugger.addBreakpoint(ASTFragment)" signature="(Lorg/eclipse/acceleo/engine/internal/debug/ASTFragment;)V" type="org.eclipse.acceleo.internal.ide.ui.debug.core.ITemplateDebugger"/>
            <reference linenumber="-1" member="stepDebugOutput" origin="org.eclipse.acceleo.internal.ide.ui.debug.core.AcceleoDebugger.stepDebugOutput(ASTFragment, Object, Object)" signature="(Lorg/eclipse/acceleo/engine/internal/debug/ASTFragment;Ljava/lang/Object;Ljava/lang/Object;)V" type="org.eclipse.acceleo.internal.ide.ui.debug.core.AcceleoDebugger"/>
            <reference linenumber="-1" member="stepDebugInput" origin="org.eclipse.acceleo.internal.ide.ui.debug.core.AcceleoDebugger.stepDebugInput(ASTFragment, Object)" signature="(Lorg/eclipse/acceleo/engine/internal/debug/ASTFragment;Ljava/lang/Object;)V" type="org.eclipse.acceleo.internal.ide.ui.debug.core.AcceleoDebugger"/>
            <reference linenumber="-1" member="removeBreakpoint" origin="org.eclipse.acceleo.internal.ide.ui.debug.core.AcceleoDebugger.removeBreakpoint(ASTFragment)" signature="(Lorg/eclipse/acceleo/engine/internal/debug/ASTFragment;)V" type="org.eclipse.acceleo.internal.ide.ui.debug.core.AcceleoDebugger"/>
            <reference linenumber="-1" member="endDebug" origin="org.eclipse.acceleo.internal.ide.ui.debug.core.AcceleoDebugger.endDebug(ASTFragment)" signature="(Lorg/eclipse/acceleo/engine/internal/debug/ASTFragment;)V" type="org.eclipse.acceleo.internal.ide.ui.debug.core.AcceleoDebugger"/>
            <reference linenumber="-1" member="popStack" origin="org.eclipse.acceleo.internal.ide.ui.debug.core.AcceleoDebugger.popStack(ASTFragment)" signature="(Lorg/eclipse/acceleo/engine/internal/debug/ASTFragment;)V" type="org.eclipse.acceleo.internal.ide.ui.debug.core.AcceleoDebugger"/>
            <reference linenumber="-1" member="pushStack" origin="org.eclipse.acceleo.internal.ide.ui.debug.core.AcceleoDebugger.pushStack(ASTFragment)" signature="(Lorg/eclipse/acceleo/engine/internal/debug/ASTFragment;)V" type="org.eclipse.acceleo.internal.ide.ui.debug.core.AcceleoDebugger"/>
            <reference linenumber="-1" member="isBreakpoint" origin="org.eclipse.acceleo.internal.ide.ui.debug.core.AcceleoDebugger.isBreakpoint(ASTFragment, boolean)" signature="(Lorg/eclipse/acceleo/engine/internal/debug/ASTFragment;Z)Z" type="org.eclipse.acceleo.internal.ide.ui.debug.core.AcceleoDebugger"/>
        </reference_kind>
        <reference_kind flags="0" kind="4194304" reference_kind_name="DECLARED_PARAMETERIZED_FIELD">
            <reference linenumber="-1" member="breakpointsASTFragments" origin="org.eclipse.acceleo.internal.ide.ui.debug.core.AcceleoDebugger.breakpointsASTFragments" type="org.eclipse.acceleo.internal.ide.ui.debug.core.AcceleoDebugger"/>
            <reference linenumber="-1" member="allASTFragments" origin="org.eclipse.acceleo.internal.ide.ui.debug.core.AcceleoDebugger.allASTFragments" type="org.eclipse.acceleo.internal.ide.ui.debug.core.AcceleoDebugger"/>
        </reference_kind>
        <reference_kind flags="0" kind="16777216" reference_kind_name="DECLARED_PARAMETERIZED_VARIABLE">
            <reference linenumber="159" member="init" origin="org.eclipse.acceleo.internal.ide.ui.debug.core.AcceleoDebugger.init(IProject)" signature="(Lorg/eclipse/core/resources/IProject;)V" type="org.eclipse.acceleo.internal.ide.ui.debug.core.AcceleoDebugger"/>
        </reference_kind>
    <reference_kind flags="0" kind="8" reference_kind_name="RETURN_TYPE">
            <reference linenumber="-1" member="getASTFragment" origin="org.eclipse.acceleo.internal.ide.ui.debug.model.AcceleoLineBreakpoint.getASTFragment()" signature="()Lorg/eclipse/acceleo/engine/internal/debug/ASTFragment;" type="org.eclipse.acceleo.internal.ide.ui.debug.model.AcceleoLineBreakpoint"/>
        </reference_kind>
    </target>
<target name="org.eclipse.acceleo.engine.internal.debug.IDebugAST" type="org.eclipse.acceleo.engine.internal.debug.IDebugAST">
        <reference_kind flags="0" kind="2" reference_kind_name="IMPLEMENTS">
            <reference linenumber="-1" origin="org.eclipse.acceleo.internal.ide.ui.debug.core.AcceleoDebugger" type="org.eclipse.acceleo.internal.ide.ui.debug.core.AcceleoDebugger"/>
        </reference_kind>
    </target>
</references>
