<?xml version="1.0" encoding="UTF-8" standalone="no"?>
<references name="Methods" origin="org.eclipse.birt.report.engine.emitter.html (2.5.2.v20100208)" referee="org.eclipse.birt.core (2.5.2.v20100208)" reference_count="11" reference_visibility="1">
    <target member="getMessage" name="org.eclipse.birt.core.i18n.ResourceHandle.getMessage(String, Object[])" signature="(Ljava/lang/String;[Ljava/lang/Object;)Ljava/lang/String;" type="org.eclipse.birt.core.i18n.ResourceHandle">
        <reference_kind flags="0" kind="256" reference_kind_name="VIRTUAL_METHOD">
            <reference linenumber="965" member="appendErrorMessage" origin="org.eclipse.birt.report.engine.emitter.html.HTMLReportEmitter.appendErrorMessage(EngineResourceHandle, int, ExecutionContextElementExceptionInfo)" signature="(Lorg/eclipse/birt/report/engine/i18n/EngineResourceHandle;ILorg/eclipse/birt/report/engine/executor/ExecutionContext$ElementExceptionInfo;)V" type="org.eclipse.birt.report.engine.emitter.html.HTMLReportEmitter"/>
            <reference linenumber="1000" member="appendErrorMessage" origin="org.eclipse.birt.report.engine.emitter.html.HTMLReportEmitter.appendErrorMessage(EngineResourceHandle, int, ExecutionContextElementExceptionInfo)" signature="(Lorg/eclipse/birt/report/engine/i18n/EngineResourceHandle;ILorg/eclipse/birt/report/engine/executor/ExecutionContext$ElementExceptionInfo;)V" type="org.eclipse.birt.report.engine.emitter.html.HTMLReportEmitter"/>
            <reference linenumber="970" member="appendErrorMessage" origin="org.eclipse.birt.report.engine.emitter.html.HTMLReportEmitter.appendErrorMessage(EngineResourceHandle, int, ExecutionContextElementExceptionInfo)" signature="(Lorg/eclipse/birt/report/engine/i18n/EngineResourceHandle;ILorg/eclipse/birt/report/engine/executor/ExecutionContext$ElementExceptionInfo;)V" type="org.eclipse.birt.report.engine.emitter.html.HTMLReportEmitter"/>
        </reference_kind>
    </target>
    <target member="getErrorCode" name="org.eclipse.birt.core.exception.BirtException.getErrorCode()" signature="()Ljava/lang/String;" type="org.eclipse.birt.core.exception.BirtException">
        <reference_kind flags="0" kind="256" reference_kind_name="VIRTUAL_METHOD">
            <reference linenumber="1002" member="appendErrorMessage" origin="org.eclipse.birt.report.engine.emitter.html.HTMLReportEmitter.appendErrorMessage(EngineResourceHandle, int, ExecutionContextElementExceptionInfo)" signature="(Lorg/eclipse/birt/report/engine/i18n/EngineResourceHandle;ILorg/eclipse/birt/report/engine/executor/ExecutionContext$ElementExceptionInfo;)V" type="org.eclipse.birt.report.engine.emitter.html.HTMLReportEmitter"/>
        </reference_kind>
    </target>
    <target member="getLocalizedMessage" name="org.eclipse.birt.core.exception.BirtException.getLocalizedMessage()" signature="()Ljava/lang/String;" type="org.eclipse.birt.core.exception.BirtException">
        <reference_kind flags="0" kind="256" reference_kind_name="VIRTUAL_METHOD">
            <reference linenumber="991" member="appendErrorMessage" origin="org.eclipse.birt.report.engine.emitter.html.HTMLReportEmitter.appendErrorMessage(EngineResourceHandle, int, ExecutionContextElementExceptionInfo)" signature="(Lorg/eclipse/birt/report/engine/i18n/EngineResourceHandle;ILorg/eclipse/birt/report/engine/executor/ExecutionContext$ElementExceptionInfo;)V" type="org.eclipse.birt.report.engine.emitter.html.HTMLReportEmitter"/>
        </reference_kind>
    </target>
    <target member="getMessage" name="org.eclipse.birt.core.i18n.ResourceHandle.getMessage(String)" signature="(Ljava/lang/String;)Ljava/lang/String;" type="org.eclipse.birt.core.i18n.ResourceHandle">
        <reference_kind flags="0" kind="256" reference_kind_name="VIRTUAL_METHOD">
            <reference linenumber="1051" member="outputErrors" origin="org.eclipse.birt.report.engine.emitter.html.HTMLReportEmitter.outputErrors(List)" signature="(Ljava/util/List;)Z" type="org.eclipse.birt.report.engine.emitter.html.HTMLReportEmitter"/>
            <reference linenumber="1005" member="appendErrorMessage" origin="org.eclipse.birt.report.engine.emitter.html.HTMLReportEmitter.appendErrorMessage(EngineResourceHandle, int, ExecutionContextElementExceptionInfo)" signature="(Lorg/eclipse/birt/report/engine/i18n/EngineResourceHandle;ILorg/eclipse/birt/report/engine/executor/ExecutionContext$ElementExceptionInfo;)V" type="org.eclipse.birt.report.engine.emitter.html.HTMLReportEmitter"/>
        </reference_kind>
    </target>
<target member="start" name="org.eclipse.birt.core.plugin.BIRTPlugin.start(BundleContext)" signature="(Lorg/osgi/framework/BundleContext;)V" type="org.eclipse.birt.core.plugin.BIRTPlugin">
        <reference_kind flags="0" kind="1048576" reference_kind_name="INVOKED_SPECIAL">
            <reference linenumber="21" member="start" origin="org.eclipse.birt.report.engine.emitter.html.plugin.HTMLEmitterPlugin.start(BundleContext)" signature="(Lorg/osgi/framework/BundleContext;)V" type="org.eclipse.birt.report.engine.emitter.html.plugin.HTMLEmitterPlugin"/>
        </reference_kind>
        <reference_kind flags="0" kind="268435456" reference_kind_name="OVERRIDE">
            <reference linenumber="-1" member="start" origin="org.eclipse.birt.report.engine.emitter.html.plugin.HTMLEmitterPlugin.start(BundleContext)" signature="(Lorg/osgi/framework/BundleContext;)V" type="org.eclipse.birt.report.engine.emitter.html.plugin.HTMLEmitterPlugin"/>
        </reference_kind>
    </target>
    <target member="&lt;init&gt;" name="org.eclipse.birt.core.plugin.BIRTPlugin.BIRTPlugin()" signature="()V" type="org.eclipse.birt.core.plugin.BIRTPlugin">
        <reference_kind flags="0" kind="536870912" reference_kind_name="SUPER_CONSTRUCTORMETHOD">
            <reference linenumber="17" member="&lt;init&gt;" origin="org.eclipse.birt.report.engine.emitter.html.plugin.HTMLEmitterPlugin.HTMLEmitterPlugin()" signature="()V" type="org.eclipse.birt.report.engine.emitter.html.plugin.HTMLEmitterPlugin"/>
        </reference_kind>
        <reference_kind flags="0" kind="268435456" reference_kind_name="OVERRIDE">
            <reference linenumber="-1" member="&lt;init&gt;" origin="org.eclipse.birt.report.engine.emitter.html.plugin.HTMLEmitterPlugin.HTMLEmitterPlugin()" signature="()V" type="org.eclipse.birt.report.engine.emitter.html.plugin.HTMLEmitterPlugin"/>
        </reference_kind>
    </target>
</references>
