<?xml version="1.0" encoding="UTF-8" standalone="no"?>
<references name="Types" origin="org.eclipse.actf.visualization.engines.voicebrowser (0.7.2.R201002031025)" referee="org.eclipse.actf.ai.voice (0.7.2.R201002031025)" reference_count="5" reference_visibility="1">
    <target name="org.eclipse.actf.ai.tts.ITTSEngine" type="org.eclipse.actf.ai.tts.ITTSEngine">
        <reference_kind flags="0" kind="16" reference_kind_name="PARAMETER">
            <reference linenumber="-1" member="setSpeechControl" origin="org.eclipse.actf.visualization.engines.voicebrowser.IVoiceBrowserController.setSpeechControl(ITTSEngine)" signature="(Lorg/eclipse/actf/ai/tts/ITTSEngine;)V" type="org.eclipse.actf.visualization.engines.voicebrowser.IVoiceBrowserController"/>
        <reference linenumber="-1" member="setSpeechControl" origin="org.eclipse.actf.visualization.internal.engines.voicebrowser.JWATControllerImpl.setSpeechControl(ITTSEngine)" signature="(Lorg/eclipse/actf/ai/tts/ITTSEngine;)V" type="org.eclipse.actf.visualization.internal.engines.voicebrowser.JWATControllerImpl"/>
        </reference_kind>
    <reference_kind flags="0" kind="4" reference_kind_name="DECLARED_FIELD">
            <reference linenumber="-1" member="speech" origin="org.eclipse.actf.visualization.internal.engines.voicebrowser.JWATControllerImpl.speech" type="org.eclipse.actf.visualization.internal.engines.voicebrowser.JWATControllerImpl"/>
        </reference_kind>
        <reference_kind flags="0" kind="2" reference_kind_name="IMPLEMENTS">
            <reference linenumber="-1" origin="org.eclipse.actf.visualization.internal.engines.voicebrowser.DummyTTSEngine" type="org.eclipse.actf.visualization.internal.engines.voicebrowser.DummyTTSEngine"/>
        </reference_kind>
    </target>
<target name="org.eclipse.actf.ai.voice.IVoiceEventListener" type="org.eclipse.actf.ai.voice.IVoiceEventListener">
        <reference_kind flags="0" kind="16" reference_kind_name="PARAMETER">
            <reference linenumber="-1" member="setEventListener" origin="org.eclipse.actf.visualization.internal.engines.voicebrowser.DummyTTSEngine.setEventListener(IVoiceEventListener)" signature="(Lorg/eclipse/actf/ai/voice/IVoiceEventListener;)V" type="org.eclipse.actf.visualization.internal.engines.voicebrowser.DummyTTSEngine"/>
        </reference_kind>
    </target>
</references>
