<?xml version="1.0" encoding="UTF-8" standalone="no"?>
<references name="Fields" origin="org.eclipse.birt.chart.device.swt (2.5.2.v20091022)" referee="org.eclipse.birt.chart.engine (2.5.2.v20100209)" reference_count="57" reference_visibility="1">
    <target member="CENTER_LITERAL" name="org.eclipse.birt.chart.model.attribute.VerticalAlignment.CENTER_LITERAL" type="org.eclipse.birt.chart.model.attribute.VerticalAlignment">
        <reference_kind flags="0" kind="2048" reference_kind_name="GETS_STATIC_FIELD">
            <reference linenumber="469" member="renderTextInBlock" origin="org.eclipse.birt.chart.device.swt.SwtTextRenderer.renderTextInBlock(IDeviceRenderer, Bounds, TextAlignment, Label)" signature="(Lorg/eclipse/birt/chart/device/IDeviceRenderer;Lorg/eclipse/birt/chart/model/attribute/Bounds;Lorg/eclipse/birt/chart/model/attribute/TextAlignment;Lorg/eclipse/birt/chart/model/component/Label;)V" type="org.eclipse.birt.chart.device.swt.SwtTextRenderer"/>
        </reference_kind>
    </target>
    <target member="NULL_STRING" name="org.eclipse.birt.chart.computation.IConstants.NULL_STRING" type="org.eclipse.birt.chart.computation.IConstants">
        <reference_kind flags="0" kind="2048" reference_kind_name="GETS_STATIC_FIELD">
            <reference linenumber="94" member="reuse" origin="org.eclipse.birt.chart.device.swt.SwtTextMetrics.reuse(Label, double)" signature="(Lorg/eclipse/birt/chart/model/component/Label;D)V" type="org.eclipse.birt.chart.device.swt.SwtTextMetrics"/>
        </reference_kind>
    </target>
    <target member="ONMOUSEOUT_LITERAL" name="org.eclipse.birt.chart.model.attribute.TriggerCondition.ONMOUSEOUT_LITERAL" type="org.eclipse.birt.chart.model.attribute.TriggerCondition">
        <reference_kind flags="0" kind="2048" reference_kind_name="GETS_STATIC_FIELD">
            <reference linenumber="634" member="mouseExit" origin="org.eclipse.birt.chart.device.swt.SwtEventHandler.mouseExit(MouseEvent)" signature="(Lorg/eclipse/swt/events/MouseEvent;)V" type="org.eclipse.birt.chart.device.swt.SwtEventHandler"/>
        </reference_kind>
    </target>
    <target member="ONMOUSEMOVE_LITERAL" name="org.eclipse.birt.chart.model.attribute.TriggerCondition.ONMOUSEMOVE_LITERAL" type="org.eclipse.birt.chart.model.attribute.TriggerCondition">
        <reference_kind flags="0" kind="2048" reference_kind_name="GETS_STATIC_FIELD">
            <reference linenumber="575" member="mouseMove" origin="org.eclipse.birt.chart.device.swt.SwtEventHandler.mouseMove(MouseEvent)" signature="(Lorg/eclipse/swt/events/MouseEvent;)V" type="org.eclipse.birt.chart.device.swt.SwtEventHandler"/>
            <reference linenumber="546" member="mouseMove" origin="org.eclipse.birt.chart.device.swt.SwtEventHandler.mouseMove(MouseEvent)" signature="(Lorg/eclipse/swt/events/MouseEvent;)V" type="org.eclipse.birt.chart.device.swt.SwtEventHandler"/>
        </reference_kind>
    </target>
    <target member="ONKEYPRESS_LITERAL" name="org.eclipse.birt.chart.model.attribute.TriggerCondition.ONKEYPRESS_LITERAL" type="org.eclipse.birt.chart.model.attribute.TriggerCondition">
        <reference_kind flags="0" kind="2048" reference_kind_name="GETS_STATIC_FIELD">
            <reference linenumber="610" member="keyReleased" origin="org.eclipse.birt.chart.device.swt.SwtEventHandler.keyReleased(KeyEvent)" signature="(Lorg/eclipse/swt/events/KeyEvent;)V" type="org.eclipse.birt.chart.device.swt.SwtEventHandler"/>
        </reference_kind>
    </target>
    <target member="AUTO" name="org.eclipse.birt.chart.model.attribute.CursorType.AUTO" type="org.eclipse.birt.chart.model.attribute.CursorType">
        <reference_kind flags="0" kind="2048" reference_kind_name="GETS_STATIC_FIELD">
            <reference linenumber="683" member="setCursor" origin="org.eclipse.birt.chart.device.swt.SwtEventHandler.setCursor(Composite, Cursor, Cursor)" signature="(Lorg/eclipse/swt/widgets/Composite;Lorg/eclipse/birt/chart/model/attribute/Cursor;Lorg/eclipse/swt/graphics/Cursor;)V" type="org.eclipse.birt.chart.device.swt.SwtEventHandler"/>
        </reference_kind>
    </target>
    <target member="HIGHLIGHT_LITERAL" name="org.eclipse.birt.chart.model.attribute.ActionType.HIGHLIGHT_LITERAL" type="org.eclipse.birt.chart.model.attribute.ActionType">
        <reference_kind flags="0" kind="2048" reference_kind_name="GETS_STATIC_FIELD">
            <reference linenumber="267" member="handleAction" origin="org.eclipse.birt.chart.device.swt.SwtEventHandler.handleAction(TriggerCondition[], Object, boolean)" signature="([Lorg/eclipse/birt/chart/model/attribute/TriggerCondition;Ljava/lang/Object;Z)V" type="org.eclipse.birt.chart.device.swt.SwtEventHandler"/>
            <reference linenumber="438" member="handleGraphicAction" origin="org.eclipse.birt.chart.device.swt.SwtEventHandler.handleGraphicAction(StructureSource, StructureSource, ActionType, boolean)" signature="(Lorg/eclipse/birt/chart/event/StructureSource;Lorg/eclipse/birt/chart/event/StructureSource;Lorg/eclipse/birt/chart/model/attribute/ActionType;Z)Lorg/eclipse/birt/chart/event/StructureSource;" type="org.eclipse.birt.chart.device.swt.SwtEventHandler"/>
            <reference linenumber="402" member="disableActions" origin="org.eclipse.birt.chart.device.swt.SwtEventHandler.disableActions(Set)" signature="(Ljava/util/Set;)V" type="org.eclipse.birt.chart.device.swt.SwtEventHandler"/>
        </reference_kind>
    </target>
    <target member="_sxs" name="org.eclipse.birt.chart.device.TextRendererAdapter._sxs" type="org.eclipse.birt.chart.device.TextRendererAdapter">
        <reference_kind flags="0" kind="8192" reference_kind_name="GETS_FIELD">
            <reference linenumber="850" member="rotatedTextAsImage" origin="org.eclipse.birt.chart.device.swt.SwtTextRenderer.rotatedTextAsImage(IChartComputation, Label)" signature="(Lorg/eclipse/birt/chart/computation/IChartComputation;Lorg/eclipse/birt/chart/model/component/Label;)Lorg/eclipse/swt/graphics/Image;" type="org.eclipse.birt.chart.device.swt.SwtTextRenderer"/>
            <reference linenumber="575" member="renderBorder" origin="org.eclipse.birt.chart.device.swt.SwtTextRenderer.renderBorder(IChartComputation, GC, Label, int, Location)" signature="(Lorg/eclipse/birt/chart/computation/IChartComputation;Lorg/eclipse/swt/graphics/GC;Lorg/eclipse/birt/chart/model/component/Label;ILorg/eclipse/birt/chart/model/attribute/Location;)V" type="org.eclipse.birt.chart.device.swt.SwtTextRenderer"/>
            <reference linenumber="854" member="rotatedTextAsImage" origin="org.eclipse.birt.chart.device.swt.SwtTextRenderer.rotatedTextAsImage(IChartComputation, Label)" signature="(Lorg/eclipse/birt/chart/computation/IChartComputation;Lorg/eclipse/birt/chart/model/component/Label;)Lorg/eclipse/swt/graphics/Image;" type="org.eclipse.birt.chart.device.swt.SwtTextRenderer"/>
            <reference linenumber="365" member="renderTextAtLocation" origin="org.eclipse.birt.chart.device.swt.SwtTextRenderer.renderTextAtLocation(IPrimitiveRenderer, int, Location, Label)" signature="(Lorg/eclipse/birt/chart/device/IPrimitiveRenderer;ILorg/eclipse/birt/chart/model/attribute/Location;Lorg/eclipse/birt/chart/model/component/Label;)V" type="org.eclipse.birt.chart.device.swt.SwtTextRenderer"/>
            <reference linenumber="406" member="renderTextAtLocation" origin="org.eclipse.birt.chart.device.swt.SwtTextRenderer.renderTextAtLocation(IPrimitiveRenderer, int, Location, Label)" signature="(Lorg/eclipse/birt/chart/device/IPrimitiveRenderer;ILorg/eclipse/birt/chart/model/attribute/Location;Lorg/eclipse/birt/chart/model/component/Label;)V" type="org.eclipse.birt.chart.device.swt.SwtTextRenderer"/>
            <reference linenumber="737" member="renderHorizontalText" origin="org.eclipse.birt.chart.device.swt.SwtTextRenderer.renderHorizontalText(IChartComputation, GC, Label, double, double)" signature="(Lorg/eclipse/birt/chart/computation/IChartComputation;Lorg/eclipse/swt/graphics/GC;Lorg/eclipse/birt/chart/model/component/Label;DD)V" type="org.eclipse.birt.chart.device.swt.SwtTextRenderer"/>
            <reference linenumber="75" member="getDevice" origin="org.eclipse.birt.chart.device.swt.SwtTextRenderer.getDevice()" signature="()Lorg/eclipse/swt/graphics/Device;" type="org.eclipse.birt.chart.device.swt.SwtTextRenderer"/>
            <reference linenumber="401" member="renderTextAtLocation" origin="org.eclipse.birt.chart.device.swt.SwtTextRenderer.renderTextAtLocation(IPrimitiveRenderer, int, Location, Label)" signature="(Lorg/eclipse/birt/chart/device/IPrimitiveRenderer;ILorg/eclipse/birt/chart/model/attribute/Location;Lorg/eclipse/birt/chart/model/component/Label;)V" type="org.eclipse.birt.chart.device.swt.SwtTextRenderer"/>
            <reference linenumber="511" member="renderTextInBlock" origin="org.eclipse.birt.chart.device.swt.SwtTextRenderer.renderTextInBlock(IDeviceRenderer, Bounds, TextAlignment, Label)" signature="(Lorg/eclipse/birt/chart/device/IDeviceRenderer;Lorg/eclipse/birt/chart/model/attribute/Bounds;Lorg/eclipse/birt/chart/model/attribute/TextAlignment;Lorg/eclipse/birt/chart/model/component/Label;)V" type="org.eclipse.birt.chart.device.swt.SwtTextRenderer"/>
            <reference linenumber="194" member="showTopValue" origin="org.eclipse.birt.chart.device.swt.SwtTextRenderer.showTopValue(IPrimitiveRenderer, Location, Label, boolean)" signature="(Lorg/eclipse/birt/chart/device/IPrimitiveRenderer;Lorg/eclipse/birt/chart/model/attribute/Location;Lorg/eclipse/birt/chart/model/component/Label;Z)V" type="org.eclipse.birt.chart.device.swt.SwtTextRenderer"/>
            <reference linenumber="625" member="renderHorizontalText" origin="org.eclipse.birt.chart.device.swt.SwtTextRenderer.renderHorizontalText(IChartComputation, GC, Label, double, double)" signature="(Lorg/eclipse/birt/chart/computation/IChartComputation;Lorg/eclipse/swt/graphics/GC;Lorg/eclipse/birt/chart/model/component/Label;DD)V" type="org.eclipse.birt.chart.device.swt.SwtTextRenderer"/>
            <reference linenumber="903" member="rotatedTextAsImage" origin="org.eclipse.birt.chart.device.swt.SwtTextRenderer.rotatedTextAsImage(IChartComputation, Label)" signature="(Lorg/eclipse/birt/chart/computation/IChartComputation;Lorg/eclipse/birt/chart/model/component/Label;)Lorg/eclipse/swt/graphics/Image;" type="org.eclipse.birt.chart.device.swt.SwtTextRenderer"/>
            <reference linenumber="188" member="showTopValue" origin="org.eclipse.birt.chart.device.swt.SwtTextRenderer.showTopValue(IPrimitiveRenderer, Location, Label, boolean)" signature="(Lorg/eclipse/birt/chart/device/IPrimitiveRenderer;Lorg/eclipse/birt/chart/model/attribute/Location;Lorg/eclipse/birt/chart/model/component/Label;Z)V" type="org.eclipse.birt.chart.device.swt.SwtTextRenderer"/>
            <reference linenumber="110" member="renderShadowAtLocation" origin="org.eclipse.birt.chart.device.swt.SwtTextRenderer.renderShadowAtLocation(IPrimitiveRenderer, int, Location, Label)" signature="(Lorg/eclipse/birt/chart/device/IPrimitiveRenderer;ILorg/eclipse/birt/chart/model/attribute/Location;Lorg/eclipse/birt/chart/model/component/Label;)V" type="org.eclipse.birt.chart.device.swt.SwtTextRenderer"/>
            <reference linenumber="615" member="renderHorizontalText" origin="org.eclipse.birt.chart.device.swt.SwtTextRenderer.renderHorizontalText(IChartComputation, GC, Label, double, double)" signature="(Lorg/eclipse/birt/chart/computation/IChartComputation;Lorg/eclipse/swt/graphics/GC;Lorg/eclipse/birt/chart/model/component/Label;DD)V" type="org.eclipse.birt.chart.device.swt.SwtTextRenderer"/>
            <reference linenumber="459" member="renderTextInBlock" origin="org.eclipse.birt.chart.device.swt.SwtTextRenderer.renderTextInBlock(IDeviceRenderer, Bounds, TextAlignment, Label)" signature="(Lorg/eclipse/birt/chart/device/IDeviceRenderer;Lorg/eclipse/birt/chart/model/attribute/Bounds;Lorg/eclipse/birt/chart/model/attribute/TextAlignment;Lorg/eclipse/birt/chart/model/component/Label;)V" type="org.eclipse.birt.chart.device.swt.SwtTextRenderer"/>
            <reference linenumber="565" member="renderBorder" origin="org.eclipse.birt.chart.device.swt.SwtTextRenderer.renderBorder(IChartComputation, GC, Label, int, Location)" signature="(Lorg/eclipse/birt/chart/computation/IChartComputation;Lorg/eclipse/swt/graphics/GC;Lorg/eclipse/birt/chart/model/component/Label;ILorg/eclipse/birt/chart/model/attribute/Location;)V" type="org.eclipse.birt.chart.device.swt.SwtTextRenderer"/>
            <reference linenumber="517" member="renderTextInBlock" origin="org.eclipse.birt.chart.device.swt.SwtTextRenderer.renderTextInBlock(IDeviceRenderer, Bounds, TextAlignment, Label)" signature="(Lorg/eclipse/birt/chart/device/IDeviceRenderer;Lorg/eclipse/birt/chart/model/attribute/Bounds;Lorg/eclipse/birt/chart/model/attribute/TextAlignment;Lorg/eclipse/birt/chart/model/component/Label;)V" type="org.eclipse.birt.chart.device.swt.SwtTextRenderer"/>
            <reference linenumber="186" member="showTopValue" origin="org.eclipse.birt.chart.device.swt.SwtTextRenderer.showTopValue(IPrimitiveRenderer, Location, Label, boolean)" signature="(Lorg/eclipse/birt/chart/device/IPrimitiveRenderer;Lorg/eclipse/birt/chart/model/attribute/Location;Lorg/eclipse/birt/chart/model/component/Label;Z)V" type="org.eclipse.birt.chart.device.swt.SwtTextRenderer"/>
            <reference linenumber="860" member="rotatedTextAsImage" origin="org.eclipse.birt.chart.device.swt.SwtTextRenderer.rotatedTextAsImage(IChartComputation, Label)" signature="(Lorg/eclipse/birt/chart/computation/IChartComputation;Lorg/eclipse/birt/chart/model/component/Label;)Lorg/eclipse/swt/graphics/Image;" type="org.eclipse.birt.chart.device.swt.SwtTextRenderer"/>
            <reference linenumber="718" member="renderHorizontalText" origin="org.eclipse.birt.chart.device.swt.SwtTextRenderer.renderHorizontalText(IChartComputation, GC, Label, double, double)" signature="(Lorg/eclipse/birt/chart/computation/IChartComputation;Lorg/eclipse/swt/graphics/GC;Lorg/eclipse/birt/chart/model/component/Label;DD)V" type="org.eclipse.birt.chart.device.swt.SwtTextRenderer"/>
            <reference linenumber="892" member="rotatedTextAsImage" origin="org.eclipse.birt.chart.device.swt.SwtTextRenderer.rotatedTextAsImage(IChartComputation, Label)" signature="(Lorg/eclipse/birt/chart/computation/IChartComputation;Lorg/eclipse/birt/chart/model/component/Label;)Lorg/eclipse/swt/graphics/Image;" type="org.eclipse.birt.chart.device.swt.SwtTextRenderer"/>
            <reference linenumber="618" member="renderHorizontalText" origin="org.eclipse.birt.chart.device.swt.SwtTextRenderer.renderHorizontalText(IChartComputation, GC, Label, double, double)" signature="(Lorg/eclipse/birt/chart/computation/IChartComputation;Lorg/eclipse/swt/graphics/GC;Lorg/eclipse/birt/chart/model/component/Label;DD)V" type="org.eclipse.birt.chart.device.swt.SwtTextRenderer"/>
            <reference linenumber="463" member="renderTextInBlock" origin="org.eclipse.birt.chart.device.swt.SwtTextRenderer.renderTextInBlock(IDeviceRenderer, Bounds, TextAlignment, Label)" signature="(Lorg/eclipse/birt/chart/device/IDeviceRenderer;Lorg/eclipse/birt/chart/model/attribute/Bounds;Lorg/eclipse/birt/chart/model/attribute/TextAlignment;Lorg/eclipse/birt/chart/model/component/Label;)V" type="org.eclipse.birt.chart.device.swt.SwtTextRenderer"/>
        </reference_kind>
    </target>
    <target member="ONDBLCLICK_LITERAL" name="org.eclipse.birt.chart.model.attribute.TriggerCondition.ONDBLCLICK_LITERAL" type="org.eclipse.birt.chart.model.attribute.TriggerCondition">
        <reference_kind flags="0" kind="2048" reference_kind_name="GETS_STATIC_FIELD">
            <reference linenumber="488" member="mouseDoubleClick" origin="org.eclipse.birt.chart.device.swt.SwtEventHandler.mouseDoubleClick(MouseEvent)" signature="(Lorg/eclipse/swt/events/MouseEvent;)V" type="org.eclipse.birt.chart.device.swt.SwtEventHandler"/>
        </reference_kind>
    </target>
    <target member="TOGGLE_VISIBILITY_LITERAL" name="org.eclipse.birt.chart.model.attribute.ActionType.TOGGLE_VISIBILITY_LITERAL" type="org.eclipse.birt.chart.model.attribute.ActionType">
        <reference_kind flags="0" kind="2048" reference_kind_name="GETS_STATIC_FIELD">
            <reference linenumber="245" member="handleAction" origin="org.eclipse.birt.chart.device.swt.SwtEventHandler.handleAction(TriggerCondition[], Object, boolean)" signature="([Lorg/eclipse/birt/chart/model/attribute/TriggerCondition;Ljava/lang/Object;Z)V" type="org.eclipse.birt.chart.device.swt.SwtEventHandler"/>
            <reference linenumber="418" member="disableActions" origin="org.eclipse.birt.chart.device.swt.SwtEventHandler.disableActions(Set)" signature="(Ljava/util/Set;)V" type="org.eclipse.birt.chart.device.swt.SwtEventHandler"/>
        </reference_kind>
    </target>
    <target member="ONMOUSEUP_LITERAL" name="org.eclipse.birt.chart.model.attribute.TriggerCondition.ONMOUSEUP_LITERAL" type="org.eclipse.birt.chart.model.attribute.TriggerCondition">
        <reference_kind flags="0" kind="2048" reference_kind_name="GETS_STATIC_FIELD">
            <reference linenumber="523" member="mouseUp" origin="org.eclipse.birt.chart.device.swt.SwtEventHandler.mouseUp(MouseEvent)" signature="(Lorg/eclipse/swt/events/MouseEvent;)V" type="org.eclipse.birt.chart.device.swt.SwtEventHandler"/>
        </reference_kind>
    </target>
    <target member="ONMOUSEDOWN_LITERAL" name="org.eclipse.birt.chart.model.attribute.TriggerCondition.ONMOUSEDOWN_LITERAL" type="org.eclipse.birt.chart.model.attribute.TriggerCondition">
        <reference_kind flags="0" kind="2048" reference_kind_name="GETS_STATIC_FIELD">
            <reference linenumber="544" member="mouseMove" origin="org.eclipse.birt.chart.device.swt.SwtEventHandler.mouseMove(MouseEvent)" signature="(Lorg/eclipse/swt/events/MouseEvent;)V" type="org.eclipse.birt.chart.device.swt.SwtEventHandler"/>
            <reference linenumber="508" member="mouseDown" origin="org.eclipse.birt.chart.device.swt.SwtEventHandler.mouseDown(MouseEvent)" signature="(Lorg/eclipse/swt/events/MouseEvent;)V" type="org.eclipse.birt.chart.device.swt.SwtEventHandler"/>
        </reference_kind>
    </target>
    <target member="MOUSE_CLICK_LITERAL" name="org.eclipse.birt.chart.model.attribute.TriggerCondition.MOUSE_CLICK_LITERAL" type="org.eclipse.birt.chart.model.attribute.TriggerCondition">
        <reference_kind flags="0" kind="2048" reference_kind_name="GETS_STATIC_FIELD">
            <reference linenumber="525" member="mouseUp" origin="org.eclipse.birt.chart.device.swt.SwtEventHandler.mouseUp(MouseEvent)" signature="(Lorg/eclipse/swt/events/MouseEvent;)V" type="org.eclipse.birt.chart.device.swt.SwtEventHandler"/>
            <reference linenumber="545" member="mouseMove" origin="org.eclipse.birt.chart.device.swt.SwtEventHandler.mouseMove(MouseEvent)" signature="(Lorg/eclipse/swt/events/MouseEvent;)V" type="org.eclipse.birt.chart.device.swt.SwtEventHandler"/>
        </reference_kind>
    </target>
    <target member="eINSTANCE" name="org.eclipse.birt.chart.model.attribute.AttributeFactory.eINSTANCE" type="org.eclipse.birt.chart.model.attribute.AttributeFactory">
        <reference_kind flags="0" kind="2048" reference_kind_name="GETS_STATIC_FIELD">
            <reference linenumber="467" member="renderTextInBlock" origin="org.eclipse.birt.chart.device.swt.SwtTextRenderer.renderTextInBlock(IDeviceRenderer, Bounds, TextAlignment, Label)" signature="(Lorg/eclipse/birt/chart/device/IDeviceRenderer;Lorg/eclipse/birt/chart/model/attribute/Bounds;Lorg/eclipse/birt/chart/model/attribute/TextAlignment;Lorg/eclipse/birt/chart/model/component/Label;)V" type="org.eclipse.birt.chart.device.swt.SwtTextRenderer"/>
        </reference_kind>
    </target>
    <target member="ONRIGHTCLICK_LITERAL" name="org.eclipse.birt.chart.model.attribute.TriggerCondition.ONRIGHTCLICK_LITERAL" type="org.eclipse.birt.chart.model.attribute.TriggerCondition">
        <reference_kind flags="0" kind="2048" reference_kind_name="GETS_STATIC_FIELD">
            <reference linenumber="528" member="mouseUp" origin="org.eclipse.birt.chart.device.swt.SwtEventHandler.mouseUp(MouseEvent)" signature="(Lorg/eclipse/swt/events/MouseEvent;)V" type="org.eclipse.birt.chart.device.swt.SwtEventHandler"/>
        </reference_kind>
    </target>
    <target member="ONMOUSEOVER_LITERAL" name="org.eclipse.birt.chart.model.attribute.TriggerCondition.ONMOUSEOVER_LITERAL" type="org.eclipse.birt.chart.model.attribute.TriggerCondition">
        <reference_kind flags="0" kind="2048" reference_kind_name="GETS_STATIC_FIELD">
            <reference linenumber="547" member="mouseMove" origin="org.eclipse.birt.chart.device.swt.SwtEventHandler.mouseMove(MouseEvent)" signature="(Lorg/eclipse/swt/events/MouseEvent;)V" type="org.eclipse.birt.chart.device.swt.SwtEventHandler"/>
            <reference linenumber="576" member="mouseMove" origin="org.eclipse.birt.chart.device.swt.SwtEventHandler.mouseMove(MouseEvent)" signature="(Lorg/eclipse/swt/events/MouseEvent;)V" type="org.eclipse.birt.chart.device.swt.SwtEventHandler"/>
        </reference_kind>
    </target>
    <target member="ONFOCUS_LITERAL" name="org.eclipse.birt.chart.model.attribute.TriggerCondition.ONFOCUS_LITERAL" type="org.eclipse.birt.chart.model.attribute.TriggerCondition">
        <reference_kind flags="0" kind="2048" reference_kind_name="GETS_STATIC_FIELD">
            <reference linenumber="653" member="focusGained" origin="org.eclipse.birt.chart.device.swt.SwtEventHandler.focusGained(FocusEvent)" signature="(Lorg/eclipse/swt/events/FocusEvent;)V" type="org.eclipse.birt.chart.device.swt.SwtEventHandler"/>
        </reference_kind>
    </target>
    <target member="ONKEYDOWN_LITERAL" name="org.eclipse.birt.chart.model.attribute.TriggerCondition.ONKEYDOWN_LITERAL" type="org.eclipse.birt.chart.model.attribute.TriggerCondition">
        <reference_kind flags="0" kind="2048" reference_kind_name="GETS_STATIC_FIELD">
            <reference linenumber="594" member="keyPressed" origin="org.eclipse.birt.chart.device.swt.SwtEventHandler.keyPressed(KeyEvent)" signature="(Lorg/eclipse/swt/events/KeyEvent;)V" type="org.eclipse.birt.chart.device.swt.SwtEventHandler"/>
        </reference_kind>
    </target>
    <target member="ONKEYUP_LITERAL" name="org.eclipse.birt.chart.model.attribute.TriggerCondition.ONKEYUP_LITERAL" type="org.eclipse.birt.chart.model.attribute.TriggerCondition">
        <reference_kind flags="0" kind="2048" reference_kind_name="GETS_STATIC_FIELD">
            <reference linenumber="609" member="keyReleased" origin="org.eclipse.birt.chart.device.swt.SwtEventHandler.keyReleased(KeyEvent)" signature="(Lorg/eclipse/swt/events/KeyEvent;)V" type="org.eclipse.birt.chart.device.swt.SwtEventHandler"/>
        </reference_kind>
    </target>
    <target member="ONBLUR_LITERAL" name="org.eclipse.birt.chart.model.attribute.TriggerCondition.ONBLUR_LITERAL" type="org.eclipse.birt.chart.model.attribute.TriggerCondition">
        <reference_kind flags="0" kind="2048" reference_kind_name="GETS_STATIC_FIELD">
            <reference linenumber="661" member="focusLost" origin="org.eclipse.birt.chart.device.swt.SwtEventHandler.focusLost(FocusEvent)" signature="(Lorg/eclipse/swt/events/FocusEvent;)V" type="org.eclipse.birt.chart.device.swt.SwtEventHandler"/>
        </reference_kind>
    </target>
    <target member="ONCLICK_LITERAL" name="org.eclipse.birt.chart.model.attribute.TriggerCondition.ONCLICK_LITERAL" type="org.eclipse.birt.chart.model.attribute.TriggerCondition">
        <reference_kind flags="0" kind="2048" reference_kind_name="GETS_STATIC_FIELD">
            <reference linenumber="524" member="mouseUp" origin="org.eclipse.birt.chart.device.swt.SwtEventHandler.mouseUp(MouseEvent)" signature="(Lorg/eclipse/swt/events/MouseEvent;)V" type="org.eclipse.birt.chart.device.swt.SwtEventHandler"/>
            <reference linenumber="543" member="mouseMove" origin="org.eclipse.birt.chart.device.swt.SwtEventHandler.mouseMove(MouseEvent)" signature="(Lorg/eclipse/swt/events/MouseEvent;)V" type="org.eclipse.birt.chart.device.swt.SwtEventHandler"/>
        </reference_kind>
    </target>
    <target member="CENTER_LITERAL" name="org.eclipse.birt.chart.model.attribute.HorizontalAlignment.CENTER_LITERAL" type="org.eclipse.birt.chart.model.attribute.HorizontalAlignment">
        <reference_kind flags="0" kind="2048" reference_kind_name="GETS_STATIC_FIELD">
            <reference linenumber="468" member="renderTextInBlock" origin="org.eclipse.birt.chart.device.swt.SwtTextRenderer.renderTextInBlock(IDeviceRenderer, Bounds, TextAlignment, Label)" signature="(Lorg/eclipse/birt/chart/device/IDeviceRenderer;Lorg/eclipse/birt/chart/model/attribute/Bounds;Lorg/eclipse/birt/chart/model/attribute/TextAlignment;Lorg/eclipse/birt/chart/model/component/Label;)V" type="org.eclipse.birt.chart.device.swt.SwtTextRenderer"/>
        </reference_kind>
    </target>
    <target member="INSIDE_LITERAL" name="org.eclipse.birt.chart.model.attribute.Position.INSIDE_LITERAL" type="org.eclipse.birt.chart.model.attribute.Position">
        <reference_kind flags="0" kind="2048" reference_kind_name="GETS_STATIC_FIELD">
            <reference linenumber="234" member="drawImage" origin="org.eclipse.birt.chart.device.swt.SwtRendererImpl.drawImage(ImageRenderEvent)" signature="(Lorg/eclipse/birt/chart/event/ImageRenderEvent;)V" type="org.eclipse.birt.chart.device.swt.SwtRendererImpl"/>
        </reference_kind>
    </target>
    <target member="TOGGLE_DATA_POINT_VISIBILITY_LITERAL" name="org.eclipse.birt.chart.model.attribute.ActionType.TOGGLE_DATA_POINT_VISIBILITY_LITERAL" type="org.eclipse.birt.chart.model.attribute.ActionType">
        <reference_kind flags="0" kind="2048" reference_kind_name="GETS_STATIC_FIELD">
            <reference linenumber="410" member="disableActions" origin="org.eclipse.birt.chart.device.swt.SwtEventHandler.disableActions(Set)" signature="(Ljava/util/Set;)V" type="org.eclipse.birt.chart.device.swt.SwtEventHandler"/>
            <reference linenumber="256" member="handleAction" origin="org.eclipse.birt.chart.device.swt.SwtEventHandler.handleAction(TriggerCondition[], Object, boolean)" signature="([Lorg/eclipse/birt/chart/model/attribute/TriggerCondition;Ljava/lang/Object;Z)V" type="org.eclipse.birt.chart.device.swt.SwtEventHandler"/>
        </reference_kind>
    </target>
    <target member="CUSTOM" name="org.eclipse.birt.chart.model.attribute.CursorType.CUSTOM" type="org.eclipse.birt.chart.model.attribute.CursorType">
        <reference_kind flags="0" kind="2048" reference_kind_name="GETS_STATIC_FIELD">
            <reference linenumber="688" member="setCursor" origin="org.eclipse.birt.chart.device.swt.SwtEventHandler.setCursor(Composite, Cursor, Cursor)" signature="(Lorg/eclipse/swt/widgets/Composite;Lorg/eclipse/birt/chart/model/attribute/Cursor;Lorg/eclipse/swt/graphics/Cursor;)V" type="org.eclipse.birt.chart.device.swt.SwtEventHandler"/>
        </reference_kind>
    </target>
</references>
