<?xml version="1.0" encoding="UTF-8" standalone="no"?>
<references name="Methods" origin="org.eclipse.actf.visualization.ui.report (0.7.2.R201002031025)" referee="org.eclipse.actf.visualization (0.7.2.R201002031025)" reference_count="9" reference_visibility="1">
    <target member="getResultTableMode" name="org.eclipse.actf.visualization.ui.IVisualizationView.getResultTableMode()" signature="()I" type="org.eclipse.actf.visualization.ui.IVisualizationView">
        <reference_kind flags="0" kind="512" reference_kind_name="INTERFACE_METHOD">
            <reference linenumber="-1" member="setResult" origin="org.eclipse.actf.visualization.internal.ui.report.table.ResultTableViewer.setResult(IVisualizationView, IEvaluationResult)" signature="(Lorg/eclipse/actf/visualization/ui/IVisualizationView;Lorg/eclipse/actf/visualization/eval/IEvaluationResult;)V" type="org.eclipse.actf.visualization.internal.ui.report.table.ResultTableViewer"/>
        </reference_kind>
    </target>
    <target member="getLabelProvider" name="org.eclipse.actf.visualization.ui.IVisualizationView.getLabelProvider()" signature="()Lorg/eclipse/jface/viewers/IBaseLabelProvider;" type="org.eclipse.actf.visualization.ui.IVisualizationView">
        <reference_kind flags="0" kind="512" reference_kind_name="INTERFACE_METHOD">
            <reference linenumber="-1" member="setResult" origin="org.eclipse.actf.visualization.internal.ui.report.table.ResultTableViewer.setResult(IVisualizationView, IEvaluationResult)" signature="(Lorg/eclipse/actf/visualization/ui/IVisualizationView;Lorg/eclipse/actf/visualization/eval/IEvaluationResult;)V" type="org.eclipse.actf.visualization.internal.ui.report.table.ResultTableViewer"/>
        </reference_kind>
    </target>
    <target member="getTableSorter" name="org.eclipse.actf.visualization.ui.IVisualizationView.getTableSorter()" signature="()Lorg/eclipse/jface/viewers/ViewerSorter;" type="org.eclipse.actf.visualization.ui.IVisualizationView">
        <reference_kind flags="0" kind="512" reference_kind_name="INTERFACE_METHOD">
            <reference linenumber="-1" member="setResult" origin="org.eclipse.actf.visualization.internal.ui.report.table.ResultTableViewer.setResult(IVisualizationView, IEvaluationResult)" signature="(Lorg/eclipse/actf/visualization/ui/IVisualizationView;Lorg/eclipse/actf/visualization/eval/IEvaluationResult;)V" type="org.eclipse.actf.visualization.internal.ui.report.table.ResultTableViewer"/>
        </reference_kind>
    </target>
<target member="getArea" name="org.eclipse.actf.visualization.ui.IPositionSize.getArea()" signature="()I" type="org.eclipse.actf.visualization.ui.IPositionSize">
        <reference_kind flags="0" kind="512" reference_kind_name="INTERFACE_METHOD">
            <reference linenumber="-1" member="getColumnText" origin="org.eclipse.actf.visualization.ui.report.table.ResultTableLabelProviderLV.getColumnText(Object, int)" signature="(Ljava/lang/Object;I)Ljava/lang/String;" type="org.eclipse.actf.visualization.ui.report.table.ResultTableLabelProviderLV"/>
            <reference linenumber="-1" member="compare" origin="org.eclipse.actf.visualization.ui.report.table.ResultTableSorterLV.compare(Viewer, Object, Object)" signature="(Lorg/eclipse/jface/viewers/Viewer;Ljava/lang/Object;Ljava/lang/Object;)I" type="org.eclipse.actf.visualization.ui.report.table.ResultTableSorterLV"/>
        </reference_kind>
    </target>
    <target member="getY" name="org.eclipse.actf.visualization.ui.IPositionSize.getY()" signature="()I" type="org.eclipse.actf.visualization.ui.IPositionSize">
        <reference_kind flags="0" kind="512" reference_kind_name="INTERFACE_METHOD">
            <reference linenumber="-1" member="compare" origin="org.eclipse.actf.visualization.ui.report.table.ResultTableSorterLV.compare(Viewer, Object, Object)" signature="(Lorg/eclipse/jface/viewers/Viewer;Ljava/lang/Object;Ljava/lang/Object;)I" type="org.eclipse.actf.visualization.ui.report.table.ResultTableSorterLV"/>
            <reference linenumber="-1" member="getColumnText" origin="org.eclipse.actf.visualization.ui.report.table.ResultTableLabelProviderLV.getColumnText(Object, int)" signature="(Ljava/lang/Object;I)Ljava/lang/String;" type="org.eclipse.actf.visualization.ui.report.table.ResultTableLabelProviderLV"/>
        </reference_kind>
    </target>
    <target member="getX" name="org.eclipse.actf.visualization.ui.IPositionSize.getX()" signature="()I" type="org.eclipse.actf.visualization.ui.IPositionSize">
        <reference_kind flags="0" kind="512" reference_kind_name="INTERFACE_METHOD">
            <reference linenumber="-1" member="compare" origin="org.eclipse.actf.visualization.ui.report.table.ResultTableSorterLV.compare(Viewer, Object, Object)" signature="(Lorg/eclipse/jface/viewers/Viewer;Ljava/lang/Object;Ljava/lang/Object;)I" type="org.eclipse.actf.visualization.ui.report.table.ResultTableSorterLV"/>
            <reference linenumber="-1" member="getColumnText" origin="org.eclipse.actf.visualization.ui.report.table.ResultTableLabelProviderLV.getColumnText(Object, int)" signature="(Ljava/lang/Object;I)Ljava/lang/String;" type="org.eclipse.actf.visualization.ui.report.table.ResultTableLabelProviderLV"/>
        </reference_kind>
    </target>
</references>
