<?xml version="1.0" encoding="UTF-8" standalone="no"?>
<references name="Methods" origin="org.eclipse.birt.report.designer.ui.views (2.5.2.v20100127)" referee="org.eclipse.birt.core (2.5.2.v20100208)" reference_count="5" reference_visibility="1">
    <target member="hasAggregation" name="org.eclipse.birt.core.data.ExpressionUtil.hasAggregation(String)" signature="(Ljava/lang/String;)Z" type="org.eclipse.birt.core.data.ExpressionUtil">
        <reference_kind flags="0" kind="128" reference_kind_name="INVOKED_STATIC">
            <reference linenumber="479" member="generateOutputParmsBindings" origin="org.eclipse.birt.report.designer.internal.ui.views.attributes.provider.DataSetColumnBindingsFormHandleProvider.generateOutputParmsBindings(DataSetHandle)" signature="(Lorg/eclipse/birt/report/model/api/DataSetHandle;)V" type="org.eclipse.birt.report.designer.internal.ui.views.attributes.provider.DataSetColumnBindingsFormHandleProvider"/>
            <reference linenumber="530" member="generateAllBindingColumns" origin="org.eclipse.birt.report.designer.internal.ui.views.attributes.provider.DataSetColumnBindingsFormHandleProvider.generateAllBindingColumns()" signature="()V" type="org.eclipse.birt.report.designer.internal.ui.views.attributes.provider.DataSetColumnBindingsFormHandleProvider"/>
        </reference_kind>
    </target>
<target member="setValue" name="org.eclipse.birt.core.preference.IPreferences.setValue(String, int)" signature="(Ljava/lang/String;I)V" type="org.eclipse.birt.core.preference.IPreferences">
        <reference_kind flags="0" kind="512" reference_kind_name="INTERFACE_METHOD">
            <reference linenumber="798" member="saveSortingType" origin="org.eclipse.birt.report.designer.internal.ui.views.attributes.widget.AdvancePropertyDescriptor.saveSortingType()" signature="()V" type="org.eclipse.birt.report.designer.internal.ui.views.attributes.widget.AdvancePropertyDescriptor"/>
        </reference_kind>
    </target>
    <target member="getInt" name="org.eclipse.birt.core.preference.IPreferences.getInt(String)" signature="(Ljava/lang/String;)I" type="org.eclipse.birt.core.preference.IPreferences">
        <reference_kind flags="0" kind="512" reference_kind_name="INTERFACE_METHOD">
            <reference linenumber="791" member="initSortingType" origin="org.eclipse.birt.report.designer.internal.ui.views.attributes.widget.AdvancePropertyDescriptor.initSortingType()" signature="()V" type="org.eclipse.birt.report.designer.internal.ui.views.attributes.widget.AdvancePropertyDescriptor"/>
        </reference_kind>
    </target>
    <target member="setDefault" name="org.eclipse.birt.core.preference.IPreferences.setDefault(String, int)" signature="(Ljava/lang/String;I)V" type="org.eclipse.birt.core.preference.IPreferences">
        <reference_kind flags="0" kind="512" reference_kind_name="INTERFACE_METHOD">
            <reference linenumber="786" member="initSortingType" origin="org.eclipse.birt.report.designer.internal.ui.views.attributes.widget.AdvancePropertyDescriptor.initSortingType()" signature="()V" type="org.eclipse.birt.report.designer.internal.ui.views.attributes.widget.AdvancePropertyDescriptor"/>
        </reference_kind>
    </target>
</references>
