<?xml version="1.0" encoding="UTF-8" standalone="no"?>
<references name="Types" origin="org.eclipse.actf.model.dom.dombycom.flash (0.7.2.R201002031025)" referee="org.eclipse.actf.util.win32 (0.7.2.R201002031025)" reference_count="18" reference_visibility="1">
    <target name="org.eclipse.actf.util.win32.FlashMSAAObject" type="org.eclipse.actf.util.win32.FlashMSAAObject">
        <reference_kind flags="0" kind="16" reference_kind_name="PARAMETER">
            <reference linenumber="-1" member="&lt;init&gt;" origin="org.eclipse.actf.model.dom.dombycom.impl.flash.FlashMSAANodeImpl.NodeListImpl.NodeListImpl(FlashMSAAObject[], FlashMSAANodeImpl, boolean, int)" signature="([Lorg/eclipse/actf/util/win32/FlashMSAAObject;Lorg/eclipse/actf/model/dom/dombycom/impl/flash/FlashMSAANodeImpl;ZI)V" type="org.eclipse.actf.model.dom.dombycom.impl.flash.FlashMSAANodeImpl$NodeListImpl"/>
            <reference linenumber="-1" member="searchFlash" origin="org.eclipse.actf.model.dom.dombycom.impl.flash.FlashMSAANodeImpl.searchFlash(FlashMSAAObject, int)" signature="(Lorg/eclipse/actf/util/win32/FlashMSAAObject;I)Lorg/eclipse/actf/util/win32/FlashMSAAObject;" type="org.eclipse.actf.model.dom.dombycom.impl.flash.FlashMSAANodeImpl"/>
            <reference linenumber="-1" member="searchFlash" origin="org.eclipse.actf.model.dom.dombycom.impl.flash.FlashMSAANodeImpl.searchFlash(FlashMSAAObject)" signature="(Lorg/eclipse/actf/util/win32/FlashMSAAObject;)Lorg/eclipse/actf/util/win32/FlashMSAAObject;" type="org.eclipse.actf.model.dom.dombycom.impl.flash.FlashMSAANodeImpl"/>
            <reference linenumber="-1" member="&lt;init&gt;" origin="org.eclipse.actf.model.dom.dombycom.impl.flash.FlashMSAANodeImpl.FlashMSAANodeImpl(ElementImpl, IDispatch, FlashMSAAObject)" signature="(Lorg/eclipse/actf/model/dom/dombycom/impl/html/ElementImpl;Lorg/eclipse/actf/util/win32/comclutch/IDispatch;Lorg/eclipse/actf/util/win32/FlashMSAAObject;)V" type="org.eclipse.actf.model.dom.dombycom.impl.flash.FlashMSAANodeImpl"/>
            <reference linenumber="-1" member="&lt;init&gt;" origin="org.eclipse.actf.model.dom.dombycom.impl.flash.FlashMSAANodeImpl.FlashMSAANodeImpl(ElementImpl, NodeImpl, FlashMSAANodeImpl, FlashMSAAObject)" signature="(Lorg/eclipse/actf/model/dom/dombycom/impl/html/ElementImpl;Lorg/eclipse/actf/model/dom/dombycom/impl/NodeImpl;Lorg/eclipse/actf/model/dom/dombycom/impl/flash/FlashMSAANodeImpl;Lorg/eclipse/actf/util/win32/FlashMSAAObject;)V" type="org.eclipse.actf.model.dom.dombycom.impl.flash.FlashMSAANodeImpl"/>
        <reference linenumber="-1" member="&lt;init&gt;" origin="org.eclipse.actf.model.dom.dombycom.impl.flash.FlashMSAANodeImpl.NodeListImpl.NodeListImpl(FlashMSAAObject[], FlashMSAANodeImpl, boolean, int)" signature="([Lorg/eclipse/actf/util/win32/FlashMSAAObject;Lorg/eclipse/actf/model/dom/dombycom/impl/flash/FlashMSAANodeImpl;ZI)V" type="org.eclipse.actf.model.dom.dombycom.impl.flash.FlashMSAANodeImpl$NodeListImpl"/>
            <reference linenumber="-1" member="searchFlash" origin="org.eclipse.actf.model.dom.dombycom.impl.flash.FlashMSAANodeImpl.searchFlash(FlashMSAAObject)" signature="(Lorg/eclipse/actf/util/win32/FlashMSAAObject;)Lorg/eclipse/actf/util/win32/FlashMSAAObject;" type="org.eclipse.actf.model.dom.dombycom.impl.flash.FlashMSAANodeImpl"/>
            <reference linenumber="-1" member="searchFlash" origin="org.eclipse.actf.model.dom.dombycom.impl.flash.FlashMSAANodeImpl.searchFlash(FlashMSAAObject, int)" signature="(Lorg/eclipse/actf/util/win32/FlashMSAAObject;I)Lorg/eclipse/actf/util/win32/FlashMSAAObject;" type="org.eclipse.actf.model.dom.dombycom.impl.flash.FlashMSAANodeImpl"/>
            <reference linenumber="-1" member="&lt;init&gt;" origin="org.eclipse.actf.model.dom.dombycom.impl.flash.FlashMSAANodeImpl.FlashMSAANodeImpl(ElementImpl, NodeImpl, FlashMSAANodeImpl, FlashMSAAObject)" signature="(Lorg/eclipse/actf/model/dom/dombycom/impl/html/ElementImpl;Lorg/eclipse/actf/model/dom/dombycom/impl/NodeImpl;Lorg/eclipse/actf/model/dom/dombycom/impl/flash/FlashMSAANodeImpl;Lorg/eclipse/actf/util/win32/FlashMSAAObject;)V" type="org.eclipse.actf.model.dom.dombycom.impl.flash.FlashMSAANodeImpl"/>
            <reference linenumber="-1" member="&lt;init&gt;" origin="org.eclipse.actf.model.dom.dombycom.impl.flash.FlashMSAANodeImpl.FlashMSAANodeImpl(ElementImpl, IDispatch, FlashMSAAObject)" signature="(Lorg/eclipse/actf/model/dom/dombycom/impl/html/ElementImpl;Lorg/eclipse/actf/util/win32/comclutch/IDispatch;Lorg/eclipse/actf/util/win32/FlashMSAAObject;)V" type="org.eclipse.actf.model.dom.dombycom.impl.flash.FlashMSAANodeImpl"/>
        </reference_kind>
        <reference_kind flags="0" kind="8" reference_kind_name="RETURN_TYPE">
            <reference linenumber="-1" member="searchFlash" origin="org.eclipse.actf.model.dom.dombycom.impl.flash.FlashMSAANodeImpl.searchFlash(FlashMSAAObject)" signature="(Lorg/eclipse/actf/util/win32/FlashMSAAObject;)Lorg/eclipse/actf/util/win32/FlashMSAAObject;" type="org.eclipse.actf.model.dom.dombycom.impl.flash.FlashMSAANodeImpl"/>
            <reference linenumber="-1" member="searchFlash" origin="org.eclipse.actf.model.dom.dombycom.impl.flash.FlashMSAANodeImpl.searchFlash(FlashMSAAObject, int)" signature="(Lorg/eclipse/actf/util/win32/FlashMSAAObject;I)Lorg/eclipse/actf/util/win32/FlashMSAAObject;" type="org.eclipse.actf.model.dom.dombycom.impl.flash.FlashMSAANodeImpl"/>
        <reference linenumber="-1" member="searchFlash" origin="org.eclipse.actf.model.dom.dombycom.impl.flash.FlashMSAANodeImpl.searchFlash(FlashMSAAObject, int)" signature="(Lorg/eclipse/actf/util/win32/FlashMSAAObject;I)Lorg/eclipse/actf/util/win32/FlashMSAAObject;" type="org.eclipse.actf.model.dom.dombycom.impl.flash.FlashMSAANodeImpl"/>
            <reference linenumber="-1" member="searchFlash" origin="org.eclipse.actf.model.dom.dombycom.impl.flash.FlashMSAANodeImpl.searchFlash(FlashMSAAObject)" signature="(Lorg/eclipse/actf/util/win32/FlashMSAAObject;)Lorg/eclipse/actf/util/win32/FlashMSAAObject;" type="org.eclipse.actf.model.dom.dombycom.impl.flash.FlashMSAANodeImpl"/>
        </reference_kind>
        <reference_kind flags="0" kind="4" reference_kind_name="DECLARED_FIELD">
            <reference linenumber="-1" member="aObject" origin="org.eclipse.actf.model.dom.dombycom.impl.flash.FlashMSAANodeImpl.aObject" type="org.eclipse.actf.model.dom.dombycom.impl.flash.FlashMSAANodeImpl"/>
        <reference linenumber="-1" member="aObject" origin="org.eclipse.actf.model.dom.dombycom.impl.flash.FlashMSAANodeImpl.aObject" type="org.eclipse.actf.model.dom.dombycom.impl.flash.FlashMSAANodeImpl"/>
        </reference_kind>
        <reference_kind flags="0" kind="32768" reference_kind_name="ALLOCATES_ARRAY">
            <reference linenumber="-1" member="getChildNodes" origin="org.eclipse.actf.model.dom.dombycom.impl.flash.FlashMSAANodeImpl.getChildNodes()" signature="()Lorg/w3c/dom/NodeList;" type="org.eclipse.actf.model.dom.dombycom.impl.flash.FlashMSAANodeImpl"/>
        <reference linenumber="-1" member="getChildNodes" origin="org.eclipse.actf.model.dom.dombycom.impl.flash.FlashMSAANodeImpl.getChildNodes()" signature="()Lorg/w3c/dom/NodeList;" type="org.eclipse.actf.model.dom.dombycom.impl.flash.FlashMSAANodeImpl"/>
        </reference_kind>
    </target>
</references>
