<?xml version="1.0" encoding="UTF-8" standalone="no"?>
<references name="Types" origin="org.eclipse.birt.chart.reportitem.ui (2.5.2.v20100210)" referee="org.eclipse.birt.chart.ui (2.5.2.v20100209)" reference_count="144" reference_visibility="1">
    <target name="org.eclipse.birt.chart.ui.swt.interfaces.IUIServiceProvider" type="org.eclipse.birt.chart.ui.swt.interfaces.IUIServiceProvider">
        <reference_kind flags="0" kind="2" reference_kind_name="IMPLEMENTS">
            <reference linenumber="-1" origin="org.eclipse.birt.chart.reportitem.ui.ChartReportItemBuilderImpl" type="org.eclipse.birt.chart.reportitem.ui.ChartReportItemBuilderImpl"/>
        </reference_kind>
        <reference_kind flags="0" kind="16" reference_kind_name="PARAMETER">
            <reference linenumber="-1" member="createWizardContext" origin="org.eclipse.birt.chart.reportitem.ui.ChartReportItemUIFactory.createWizardContext(Chart, IUIServiceProvider, IDataServiceProvider, IChartDataSheet)" signature="(Lorg/eclipse/birt/chart/model/Chart;Lorg/eclipse/birt/chart/ui/swt/interfaces/IUIServiceProvider;Lorg/eclipse/birt/chart/ui/swt/interfaces/IDataServiceProvider;Lorg/eclipse/birt/chart/ui/swt/interfaces/IChartDataSheet;)Lorg/eclipse/birt/chart/ui/swt/wizard/ChartWizardContext;" type="org.eclipse.birt.chart.reportitem.ui.ChartReportItemUIFactory"/>
        </reference_kind>
    </target>
    <target name="org.eclipse.birt.chart.ui.swt.CustomPreviewTable" type="org.eclipse.birt.chart.ui.swt.CustomPreviewTable">
        <reference_kind flags="0" kind="134217728" reference_kind_name="INSTANTIATION">
            <reference linenumber="421" member="createDataDragSource" origin="org.eclipse.birt.chart.reportitem.ui.StandardChartDataSheet.createDataDragSource(Composite)" signature="(Lorg/eclipse/swt/widgets/Composite;)Lorg/eclipse/swt/widgets/Composite;" type="org.eclipse.birt.chart.reportitem.ui.StandardChartDataSheet"/>
        </reference_kind>
        <reference_kind flags="0" kind="4" reference_kind_name="DECLARED_FIELD">
            <reference linenumber="-1" member="tablePreview" origin="org.eclipse.birt.chart.reportitem.ui.StandardChartDataSheet.tablePreview" type="org.eclipse.birt.chart.reportitem.ui.StandardChartDataSheet"/>
        </reference_kind>
    </target>
    <target name="org.eclipse.birt.chart.ui.swt.wizard.ApplyButtonHandler" type="org.eclipse.birt.chart.ui.swt.wizard.ApplyButtonHandler">
        <reference_kind flags="0" kind="1" reference_kind_name="EXTENDS">
            <reference linenumber="-1" origin="org.eclipse.birt.chart.reportitem.ui.ChartReportItemBuilderImpl.1" type="org.eclipse.birt.chart.reportitem.ui.ChartReportItemBuilderImpl$1"/>
            <reference linenumber="229" origin="org.eclipse.birt.chart.reportitem.ui.ChartReportItemBuilderImpl.1" type="org.eclipse.birt.chart.reportitem.ui.ChartReportItemBuilderImpl$1"/>
        </reference_kind>
    </target>
    <target name="org.eclipse.birt.chart.ui.swt.interfaces.ISelectDataComponent" type="org.eclipse.birt.chart.ui.swt.interfaces.ISelectDataComponent">
        <reference_kind flags="0" kind="524288" reference_kind_name="INSTANCEOF">
            <reference linenumber="1243" member="handleEvent" origin="org.eclipse.birt.chart.reportitem.ui.StandardChartDataSheet.handleEvent(Event)" signature="(Lorg/eclipse/swt/widgets/Event;)V" type="org.eclipse.birt.chart.reportitem.ui.StandardChartDataSheet"/>
        </reference_kind>
    </target>
    <target name="org.eclipse.birt.chart.ui.util.ChartUIUtil.ComboProxy" type="org.eclipse.birt.chart.ui.util.ChartUIUtil$ComboProxy">
        <reference_kind flags="0" kind="33554432" reference_kind_name="LOCAL_VAR_DECLARED">
            <reference linenumber="591" member="setExpression" origin="org.eclipse.birt.chart.reportitem.ui.ChartExpressionButtonUtil.ChartExpressionComboHelper.setExpression(String)" signature="(Ljava/lang/String;)V" type="org.eclipse.birt.chart.reportitem.ui.ChartExpressionButtonUtil$ChartExpressionComboHelper"/>
            <reference linenumber="609" member="handleEvent" origin="org.eclipse.birt.chart.reportitem.ui.ChartExpressionButtonUtil.ChartExpressionComboHelper.1.handleEvent(Event)" signature="(Lorg/eclipse/swt/widgets/Event;)V" type="org.eclipse.birt.chart.reportitem.ui.ChartExpressionButtonUtil$ChartExpressionComboHelper$1"/>
            <reference linenumber="559" member="setExpressionType" origin="org.eclipse.birt.chart.reportitem.ui.ChartExpressionButtonUtil.ChartExpressionComboHelper.setExpressionType(String)" signature="(Ljava/lang/String;)V" type="org.eclipse.birt.chart.reportitem.ui.ChartExpressionButtonUtil$ChartExpressionComboHelper"/>
        </reference_kind>
        <reference_kind flags="0" kind="16" reference_kind_name="PARAMETER">
            <reference linenumber="-1" member="addComboItem" origin="org.eclipse.birt.chart.reportitem.ui.ChartExpressionButtonUtil.ChartExpressionComboHelper.addComboItem(ChartUIUtilComboProxy, ChartExpressionButtonUtilIExpressionDescriptor)" signature="(Lorg/eclipse/birt/chart/ui/util/ChartUIUtil$ComboProxy;Lorg/eclipse/birt/chart/reportitem/ui/ChartExpressionButtonUtil$IExpressionDescriptor;)V" type="org.eclipse.birt.chart.reportitem.ui.ChartExpressionButtonUtil$ChartExpressionComboHelper"/>
        </reference_kind>
    </target>
    <target name="org.eclipse.birt.chart.ui.swt.interfaces.IExpressionButton" type="org.eclipse.birt.chart.ui.swt.interfaces.IExpressionButton">
        <reference_kind flags="0" kind="4" reference_kind_name="DECLARED_FIELD">
            <reference linenumber="-1" member="eb" origin="org.eclipse.birt.chart.reportitem.ui.StandardChartDataSheet.ValueYSeriesAction.eb" type="org.eclipse.birt.chart.reportitem.ui.StandardChartDataSheet$ValueYSeriesAction"/>
            <reference linenumber="-1" member="eb" origin="org.eclipse.birt.chart.reportitem.ui.StandardChartDataSheet.GroupYSeriesAction.eb" type="org.eclipse.birt.chart.reportitem.ui.StandardChartDataSheet$GroupYSeriesAction"/>
            <reference linenumber="-1" member="eb" origin="org.eclipse.birt.chart.reportitem.ui.StandardChartDataSheet.CategoryXAxisAction.eb" type="org.eclipse.birt.chart.reportitem.ui.StandardChartDataSheet$CategoryXAxisAction"/>
        <reference linenumber="-1" member="expButton" origin="org.eclipse.birt.chart.reportitem.ui.dialogs.ChartCubeFilterConditionBuilder.expButton" type="org.eclipse.birt.chart.reportitem.ui.dialogs.ChartCubeFilterConditionBuilder"/>
        </reference_kind>
        <reference_kind flags="0" kind="33554432" reference_kind_name="LOCAL_VAR_DECLARED">
            <reference linenumber="762" member="invoke" origin="org.eclipse.birt.chart.reportitem.ui.ChartReportItemBuilderImpl.invoke(IUIServiceProviderCommand, Object[])" signature="(Lorg/eclipse/birt/chart/ui/swt/interfaces/IUIServiceProvider$Command;[Ljava/lang/Object;)Ljava/lang/Object;" type="org.eclipse.birt.chart.reportitem.ui.ChartReportItemBuilderImpl"/>
        </reference_kind>
        <reference_kind flags="0" kind="2" reference_kind_name="IMPLEMENTS">
            <reference linenumber="-1" origin="org.eclipse.birt.chart.reportitem.ui.ChartExpressionButtonUtil.ChartExpressionButton" type="org.eclipse.birt.chart.reportitem.ui.ChartExpressionButtonUtil$ChartExpressionButton"/>
        </reference_kind>
        <reference_kind flags="0" kind="8" reference_kind_name="RETURN_TYPE">
            <reference linenumber="-1" member="createExpressionButton" origin="org.eclipse.birt.chart.reportitem.ui.ChartExpressionButtonUtil.createExpressionButton(Composite, Control, ExtendedItemHandle, IExpressionProvider)" signature="(Lorg/eclipse/swt/widgets/Composite;Lorg/eclipse/swt/widgets/Control;Lorg/eclipse/birt/report/model/api/ExtendedItemHandle;Lorg/eclipse/birt/report/designer/ui/dialogs/IExpressionProvider;)Lorg/eclipse/birt/chart/ui/swt/interfaces/IExpressionButton;" type="org.eclipse.birt.chart.reportitem.ui.ChartExpressionButtonUtil"/>
        </reference_kind>
    <reference_kind flags="0" kind="262144" reference_kind_name="CASTS">
            <reference linenumber="754" member="createFilterConditionContent" origin="org.eclipse.birt.chart.reportitem.ui.dialogs.ChartCubeFilterConditionBuilder.createFilterConditionContent(Composite)" signature="(Lorg/eclipse/swt/widgets/Composite;)V" type="org.eclipse.birt.chart.reportitem.ui.dialogs.ChartCubeFilterConditionBuilder"/>
        </reference_kind>
    </target>
    <target name="org.eclipse.birt.chart.ui.util.ChartUIUtil.EAttributeAccessor" type="org.eclipse.birt.chart.ui.util.ChartUIUtil$EAttributeAccessor">
        <reference_kind flags="0" kind="16" reference_kind_name="PARAMETER">
            <reference linenumber="-1" member="setAccessor" origin="org.eclipse.birt.chart.reportitem.ui.ChartExpressionButtonUtil.ChartExpressionButton.setAccessor(ChartUIUtilEAttributeAccessor)" signature="(Lorg/eclipse/birt/chart/ui/util/ChartUIUtil$EAttributeAccessor;)V" type="org.eclipse.birt.chart.reportitem.ui.ChartExpressionButtonUtil$ChartExpressionButton"/>
        </reference_kind>
        <reference_kind flags="0" kind="4194304" reference_kind_name="DECLARED_PARAMETERIZED_FIELD">
            <reference linenumber="-1" member="accessor" origin="org.eclipse.birt.chart.reportitem.ui.ChartExpressionButtonUtil.ChartExpressionButton.accessor" type="org.eclipse.birt.chart.reportitem.ui.ChartExpressionButtonUtil$ChartExpressionButton"/>
        </reference_kind>
    </target>
    <target name="org.eclipse.birt.chart.ui.swt.interfaces.IAssistField" type="org.eclipse.birt.chart.ui.swt.interfaces.IAssistField">
        <reference_kind flags="0" kind="16" reference_kind_name="PARAMETER">
            <reference linenumber="-1" member="setAssitField" origin="org.eclipse.birt.chart.reportitem.ui.ChartExpressionButtonUtil.ChartExpressionButton.setAssitField(IAssistField)" signature="(Lorg/eclipse/birt/chart/ui/swt/interfaces/IAssistField;)V" type="org.eclipse.birt.chart.reportitem.ui.ChartExpressionButtonUtil$ChartExpressionButton"/>
            <reference linenumber="-1" member="setAssitField" origin="org.eclipse.birt.chart.reportitem.ui.ChartExpressionButtonUtil.ChartExpressionHelper.setAssitField(IAssistField)" signature="(Lorg/eclipse/birt/chart/ui/swt/interfaces/IAssistField;)V" type="org.eclipse.birt.chart.reportitem.ui.ChartExpressionButtonUtil$ChartExpressionHelper"/>
        </reference_kind>
        <reference_kind flags="0" kind="4" reference_kind_name="DECLARED_FIELD">
            <reference linenumber="-1" member="assistField" origin="org.eclipse.birt.chart.reportitem.ui.ChartExpressionButtonUtil.ChartExpressionHelper.assistField" type="org.eclipse.birt.chart.reportitem.ui.ChartExpressionButtonUtil$ChartExpressionHelper"/>
        </reference_kind>
    </target>
    <target name="org.eclipse.birt.chart.ui.swt.DefaultChartDataSheet" type="org.eclipse.birt.chart.ui.swt.DefaultChartDataSheet">
        <reference_kind flags="0" kind="1" reference_kind_name="EXTENDS">
            <reference linenumber="-1" origin="org.eclipse.birt.chart.reportitem.ui.StandardChartDataSheet" type="org.eclipse.birt.chart.reportitem.ui.StandardChartDataSheet"/>
        </reference_kind>
    </target>
    <target name="org.eclipse.birt.chart.ui.swt.interfaces.IChartDataSheet" type="org.eclipse.birt.chart.ui.swt.interfaces.IChartDataSheet">
        <reference_kind flags="0" kind="16" reference_kind_name="PARAMETER">
            <reference linenumber="-1" member="createWizardContext" origin="org.eclipse.birt.chart.reportitem.ui.ChartReportItemUIFactory.createWizardContext(Chart, IUIServiceProvider, IDataServiceProvider, IChartDataSheet)" signature="(Lorg/eclipse/birt/chart/model/Chart;Lorg/eclipse/birt/chart/ui/swt/interfaces/IUIServiceProvider;Lorg/eclipse/birt/chart/ui/swt/interfaces/IDataServiceProvider;Lorg/eclipse/birt/chart/ui/swt/interfaces/IChartDataSheet;)Lorg/eclipse/birt/chart/ui/swt/wizard/ChartWizardContext;" type="org.eclipse.birt.chart.reportitem.ui.ChartReportItemUIFactory"/>
        </reference_kind>
        <reference_kind flags="0" kind="33554432" reference_kind_name="LOCAL_VAR_DECLARED">
            <reference linenumber="199" member="open" origin="org.eclipse.birt.chart.reportitem.ui.ChartReportItemBuilderImpl.open(ExtendedItemHandle)" signature="(Lorg/eclipse/birt/report/model/api/ExtendedItemHandle;)I" type="org.eclipse.birt.chart.reportitem.ui.ChartReportItemBuilderImpl"/>
        </reference_kind>
        <reference_kind flags="0" kind="8" reference_kind_name="RETURN_TYPE">
            <reference linenumber="-1" member="createDataSheet" origin="org.eclipse.birt.chart.reportitem.ui.ChartReportItemUIFactory.createDataSheet(ExtendedItemHandle, ReportDataServiceProvider)" signature="(Lorg/eclipse/birt/report/model/api/ExtendedItemHandle;Lorg/eclipse/birt/chart/reportitem/ui/ReportDataServiceProvider;)Lorg/eclipse/birt/chart/ui/swt/interfaces/IChartDataSheet;" type="org.eclipse.birt.chart.reportitem.ui.ChartReportItemUIFactory"/>
        </reference_kind>
    </target>
    <target name="org.eclipse.birt.chart.ui.swt.ColumnBindingInfo" type="org.eclipse.birt.chart.ui.swt.ColumnBindingInfo">
        <reference_kind flags="0" kind="262144" reference_kind_name="CASTS">
            <reference linenumber="522" member="getPreviewHeadersInfo" origin="org.eclipse.birt.chart.reportitem.ui.ReportDataServiceProvider.getPreviewHeadersInfo()" signature="()[Lorg/eclipse/birt/chart/ui/swt/ColumnBindingInfo;" type="org.eclipse.birt.chart.reportitem.ui.ReportDataServiceProvider"/>
            <reference linenumber="2686" member="getPreviewHeadersInfo" origin="org.eclipse.birt.chart.reportitem.ui.ReportDataServiceProvider.ShareBindingQueryHelper.getPreviewHeadersInfo(List)" signature="(Ljava/util/List;)[Lorg/eclipse/birt/chart/ui/swt/ColumnBindingInfo;" type="org.eclipse.birt.chart.reportitem.ui.ReportDataServiceProvider$ShareBindingQueryHelper"/>
            <reference linenumber="546" member="getPreviewHeadersInfo" origin="org.eclipse.birt.chart.reportitem.ui.ReportDataServiceProvider.getPreviewHeadersInfo()" signature="()[Lorg/eclipse/birt/chart/ui/swt/ColumnBindingInfo;" type="org.eclipse.birt.chart.reportitem.ui.ReportDataServiceProvider"/>
            <reference linenumber="62" member="dragSetData" origin="org.eclipse.birt.chart.reportitem.ui.ColumnNamesTableDragListener.dragSetData(DragSourceEvent)" signature="(Lorg/eclipse/swt/dnd/DragSourceEvent;)V" type="org.eclipse.birt.chart.reportitem.ui.ColumnNamesTableDragListener"/>
            <reference linenumber="111" member="dragFinished" origin="org.eclipse.birt.chart.reportitem.ui.ColumnNamesTableDragListener.dragFinished(DragSourceEvent)" signature="(Lorg/eclipse/swt/dnd/DragSourceEvent;)V" type="org.eclipse.birt.chart.reportitem.ui.ColumnNamesTableDragListener"/>
            <reference linenumber="2486" member="getPredefinedExpressionsForSharing" origin="org.eclipse.birt.chart.reportitem.ui.ReportDataServiceProvider.ShareBindingQueryHelper.getPredefinedExpressionsForSharing(ColumnBindingInfo[])" signature="([Lorg/eclipse/birt/chart/ui/swt/ColumnBindingInfo;)[Ljava/lang/Object;" type="org.eclipse.birt.chart.reportitem.ui.ReportDataServiceProvider$ShareBindingQueryHelper"/>
            <reference linenumber="1" member="compare" origin="org.eclipse.birt.chart.reportitem.ui.ReportDataServiceProvider.ColumnNameComprator.compare(Object, Object)" signature="(Ljava/lang/Object;Ljava/lang/Object;)I" type="org.eclipse.birt.chart.reportitem.ui.ReportDataServiceProvider$ColumnNameComprator"/>
            <reference linenumber="2407" member="getPredefinedExpressionsForSharing" origin="org.eclipse.birt.chart.reportitem.ui.ReportDataServiceProvider.ShareBindingQueryHelper.getPredefinedExpressionsForSharing(ColumnBindingInfo[])" signature="([Lorg/eclipse/birt/chart/ui/swt/ColumnBindingInfo;)[Ljava/lang/Object;" type="org.eclipse.birt.chart.reportitem.ui.ReportDataServiceProvider$ShareBindingQueryHelper"/>
            <reference linenumber="2475" member="getPredefinedExpressionsForSharing" origin="org.eclipse.birt.chart.reportitem.ui.ReportDataServiceProvider.ShareBindingQueryHelper.getPredefinedExpressionsForSharing(ColumnBindingInfo[])" signature="([Lorg/eclipse/birt/chart/ui/swt/ColumnBindingInfo;)[Ljava/lang/Object;" type="org.eclipse.birt.chart.reportitem.ui.ReportDataServiceProvider$ShareBindingQueryHelper"/>
            <reference linenumber="2403" member="getPredefinedExpressionsForSharing" origin="org.eclipse.birt.chart.reportitem.ui.ReportDataServiceProvider.ShareBindingQueryHelper.getPredefinedExpressionsForSharing(ColumnBindingInfo[])" signature="([Lorg/eclipse/birt/chart/ui/swt/ColumnBindingInfo;)[Ljava/lang/Object;" type="org.eclipse.birt.chart.reportitem.ui.ReportDataServiceProvider$ShareBindingQueryHelper"/>
            <reference linenumber="2380" member="getPredefinedExpressionsForSharing" origin="org.eclipse.birt.chart.reportitem.ui.ReportDataServiceProvider.ShareBindingQueryHelper.getPredefinedExpressionsForSharing(ColumnBindingInfo[])" signature="([Lorg/eclipse/birt/chart/ui/swt/ColumnBindingInfo;)[Ljava/lang/Object;" type="org.eclipse.birt.chart.reportitem.ui.ReportDataServiceProvider$ShareBindingQueryHelper"/>
            <reference linenumber="2498" member="getPredefinedExpressionsForSharing" origin="org.eclipse.birt.chart.reportitem.ui.ReportDataServiceProvider.ShareBindingQueryHelper.getPredefinedExpressionsForSharing(ColumnBindingInfo[])" signature="([Lorg/eclipse/birt/chart/ui/swt/ColumnBindingInfo;)[Ljava/lang/Object;" type="org.eclipse.birt.chart.reportitem.ui.ReportDataServiceProvider$ShareBindingQueryHelper"/>
            <reference linenumber="2376" member="getPredefinedExpressionsForSharing" origin="org.eclipse.birt.chart.reportitem.ui.ReportDataServiceProvider.ShareBindingQueryHelper.getPredefinedExpressionsForSharing(ColumnBindingInfo[])" signature="([Lorg/eclipse/birt/chart/ui/swt/ColumnBindingInfo;)[Ljava/lang/Object;" type="org.eclipse.birt.chart.reportitem.ui.ReportDataServiceProvider$ShareBindingQueryHelper"/>
            <reference linenumber="1809" member="updateColumnsTableViewerColor" origin="org.eclipse.birt.chart.reportitem.ui.StandardChartDataSheet.updateColumnsTableViewerColor()" signature="()V" type="org.eclipse.birt.chart.reportitem.ui.StandardChartDataSheet"/>
            <reference linenumber="99" member="getInstance" origin="org.eclipse.birt.chart.reportitem.ui.ChartExpressionButtonUtil.ExpressionDescriptor.getInstance(Object, boolean)" signature="(Ljava/lang/Object;Z)Lorg/eclipse/birt/chart/reportitem/ui/ChartExpressionButtonUtil$IExpressionDescriptor;" type="org.eclipse.birt.chart.reportitem.ui.ChartExpressionButtonUtil$ExpressionDescriptor"/>
            <reference linenumber="2494" member="getPredefinedExpressionsForSharing" origin="org.eclipse.birt.chart.reportitem.ui.ReportDataServiceProvider.ShareBindingQueryHelper.getPredefinedExpressionsForSharing(ColumnBindingInfo[])" signature="([Lorg/eclipse/birt/chart/ui/swt/ColumnBindingInfo;)[Ljava/lang/Object;" type="org.eclipse.birt.chart.reportitem.ui.ReportDataServiceProvider$ShareBindingQueryHelper"/>
            <reference linenumber="2427" member="getPredefinedExpressionsForSharing" origin="org.eclipse.birt.chart.reportitem.ui.ReportDataServiceProvider.ShareBindingQueryHelper.getPredefinedExpressionsForSharing(ColumnBindingInfo[])" signature="([Lorg/eclipse/birt/chart/ui/swt/ColumnBindingInfo;)[Ljava/lang/Object;" type="org.eclipse.birt.chart.reportitem.ui.ReportDataServiceProvider$ShareBindingQueryHelper"/>
            <reference linenumber="90" member="dragStart" origin="org.eclipse.birt.chart.reportitem.ui.ColumnNamesTableDragListener.dragStart(DragSourceEvent)" signature="(Lorg/eclipse/swt/dnd/DragSourceEvent;)V" type="org.eclipse.birt.chart.reportitem.ui.ColumnNamesTableDragListener"/>
            <reference linenumber="1838" member="getActualExpression" origin="org.eclipse.birt.chart.reportitem.ui.StandardChartDataSheet.getActualExpression(String)" signature="(Ljava/lang/String;)Ljava/lang/String;" type="org.eclipse.birt.chart.reportitem.ui.StandardChartDataSheet"/>
            <reference linenumber="2416" member="getPredefinedExpressionsForSharing" origin="org.eclipse.birt.chart.reportitem.ui.ReportDataServiceProvider.ShareBindingQueryHelper.getPredefinedExpressionsForSharing(ColumnBindingInfo[])" signature="([Lorg/eclipse/birt/chart/ui/swt/ColumnBindingInfo;)[Ljava/lang/Object;" type="org.eclipse.birt.chart.reportitem.ui.ReportDataServiceProvider$ShareBindingQueryHelper"/>
            <reference linenumber="2458" member="getPredefinedExpressionsForSharing" origin="org.eclipse.birt.chart.reportitem.ui.ReportDataServiceProvider.ShareBindingQueryHelper.getPredefinedExpressionsForSharing(ColumnBindingInfo[])" signature="([Lorg/eclipse/birt/chart/ui/swt/ColumnBindingInfo;)[Ljava/lang/Object;" type="org.eclipse.birt.chart.reportitem.ui.ReportDataServiceProvider$ShareBindingQueryHelper"/>
            <reference linenumber="1996" member="&lt;init&gt;" origin="org.eclipse.birt.chart.reportitem.ui.StandardChartDataSheet.ValueYSeriesAction.ValueYSeriesAction(StandardChartDataSheet, Query, String)" signature="(Lorg/eclipse/birt/chart/reportitem/ui/StandardChartDataSheet;Lorg/eclipse/birt/chart/model/data/Query;Ljava/lang/String;)V" type="org.eclipse.birt.chart.reportitem.ui.StandardChartDataSheet$ValueYSeriesAction"/>
        <reference linenumber="651" member="getText" origin="org.eclipse.birt.chart.reportitem.ui.StandardChartDataSheet.8.getText(Object)" signature="(Ljava/lang/Object;)Ljava/lang/String;" type="org.eclipse.birt.chart.reportitem.ui.StandardChartDataSheet$8"/>
            <reference linenumber="603" member="getElements" origin="org.eclipse.birt.chart.reportitem.ui.StandardChartDataSheet.7.getElements(Object)" signature="(Ljava/lang/Object;)[Ljava/lang/Object;" type="org.eclipse.birt.chart.reportitem.ui.StandardChartDataSheet$7"/>
            <reference linenumber="1727" member="run" origin="org.eclipse.birt.chart.reportitem.ui.StandardChartDataSheet.11.run()" signature="()V" type="org.eclipse.birt.chart.reportitem.ui.StandardChartDataSheet$11"/>
            <reference linenumber="847" member="run" origin="org.eclipse.birt.chart.reportitem.ui.StandardChartDataSheet.9.run()" signature="()V" type="org.eclipse.birt.chart.reportitem.ui.StandardChartDataSheet$9"/>
            <reference linenumber="2095" member="menuAboutToShow" origin="org.eclipse.birt.chart.reportitem.ui.StandardChartDataSheet.12.menuAboutToShow(IMenuManager)" signature="(Lorg/eclipse/jface/action/IMenuManager;)V" type="org.eclipse.birt.chart.reportitem.ui.StandardChartDataSheet$12"/>
            <reference linenumber="637" member="getImage" origin="org.eclipse.birt.chart.reportitem.ui.StandardChartDataSheet.8.getImage(Object)" signature="(Ljava/lang/Object;)Lorg/eclipse/swt/graphics/Image;" type="org.eclipse.birt.chart.reportitem.ui.StandardChartDataSheet$8"/>
            <reference linenumber="2092" member="menuAboutToShow" origin="org.eclipse.birt.chart.reportitem.ui.StandardChartDataSheet.12.menuAboutToShow(IMenuManager)" signature="(Lorg/eclipse/jface/action/IMenuManager;)V" type="org.eclipse.birt.chart.reportitem.ui.StandardChartDataSheet$12"/>
        </reference_kind>
        <reference_kind flags="0" kind="16" reference_kind_name="PARAMETER">
            <reference linenumber="-1" member="getPreviewRowData" origin="org.eclipse.birt.chart.reportitem.ui.ReportDataServiceProvider.ShareBindingQueryHelper.getPreviewRowData(ColumnBindingInfo[], int, boolean)" signature="([Lorg/eclipse/birt/chart/ui/swt/ColumnBindingInfo;IZ)Ljava/util/List;" type="org.eclipse.birt.chart.reportitem.ui.ReportDataServiceProvider$ShareBindingQueryHelper"/>
            <reference linenumber="-1" member="generateShareBindingsWithTable" origin="org.eclipse.birt.chart.reportitem.ui.ReportDataServiceProvider.ShareBindingQueryHelper.generateShareBindingsWithTable(ColumnBindingInfo[], QueryDefinition, DataRequestSession, Map)" signature="([Lorg/eclipse/birt/chart/ui/swt/ColumnBindingInfo;Lorg/eclipse/birt/data/engine/api/querydefn/QueryDefinition;Lorg/eclipse/birt/report/data/adapter/api/DataRequestSession;Ljava/util/Map;)Ljava/util/List;" type="org.eclipse.birt.chart.reportitem.ui.ReportDataServiceProvider$ShareBindingQueryHelper"/>
            <reference linenumber="-1" member="updateTablePreview" origin="org.eclipse.birt.chart.reportitem.ui.StandardChartDataSheet.updateTablePreview(ColumnBindingInfo[], List)" signature="([Lorg/eclipse/birt/chart/ui/swt/ColumnBindingInfo;Ljava/util/List;)V" type="org.eclipse.birt.chart.reportitem.ui.StandardChartDataSheet"/>
            <reference linenumber="-1" member="compare" origin="org.eclipse.birt.chart.reportitem.ui.ReportDataServiceProvider.ColumnNameComprator.compare(ColumnBindingInfo, ColumnBindingInfo)" signature="(Lorg/eclipse/birt/chart/ui/swt/ColumnBindingInfo;Lorg/eclipse/birt/chart/ui/swt/ColumnBindingInfo;)I" type="org.eclipse.birt.chart.reportitem.ui.ReportDataServiceProvider$ColumnNameComprator"/>
            <reference linenumber="-1" member="setPredefinedExpressions" origin="org.eclipse.birt.chart.reportitem.ui.ReportDataServiceProvider.ShareBindingQueryHelper.setPredefinedExpressions(ColumnBindingInfo[])" signature="([Lorg/eclipse/birt/chart/ui/swt/ColumnBindingInfo;)V" type="org.eclipse.birt.chart.reportitem.ui.ReportDataServiceProvider$ShareBindingQueryHelper"/>
            <reference linenumber="-1" member="getPredefinedExpressionsForSharing" origin="org.eclipse.birt.chart.reportitem.ui.ReportDataServiceProvider.ShareBindingQueryHelper.getPredefinedExpressionsForSharing(ColumnBindingInfo[])" signature="([Lorg/eclipse/birt/chart/ui/swt/ColumnBindingInfo;)[Ljava/lang/Object;" type="org.eclipse.birt.chart.reportitem.ui.ReportDataServiceProvider$ShareBindingQueryHelper"/>
            <reference linenumber="-1" member="setPredefinedExpressions" origin="org.eclipse.birt.chart.reportitem.ui.ReportDataServiceProvider.setPredefinedExpressions(ColumnBindingInfo[])" signature="([Lorg/eclipse/birt/chart/ui/swt/ColumnBindingInfo;)V" type="org.eclipse.birt.chart.reportitem.ui.ReportDataServiceProvider"/>
            <reference linenumber="-1" member="updateColumnsTableViewer" origin="org.eclipse.birt.chart.reportitem.ui.StandardChartDataSheet.updateColumnsTableViewer(ColumnBindingInfo[], List)" signature="([Lorg/eclipse/birt/chart/ui/swt/ColumnBindingInfo;Ljava/util/List;)V" type="org.eclipse.birt.chart.reportitem.ui.StandardChartDataSheet"/>
        <reference linenumber="-1" member="&lt;init&gt;" origin="org.eclipse.birt.chart.reportitem.ui.StandardChartDataSheet.9.1.1(new StandardChartDataSheet(){}, ColumnBindingInfo[], List)" signature="(Lorg/eclipse/birt/chart/reportitem/ui/StandardChartDataSheet$9;[Lorg/eclipse/birt/chart/ui/swt/ColumnBindingInfo;Ljava/util/List;)V" type="org.eclipse.birt.chart.reportitem.ui.StandardChartDataSheet$9$1"/>
            <reference linenumber="-1" member="&lt;init&gt;" origin="org.eclipse.birt.chart.reportitem.ui.StandardChartDataSheet.11.1.1(new StandardChartDataSheet(){}, ColumnBindingInfo[], List)" signature="(Lorg/eclipse/birt/chart/reportitem/ui/StandardChartDataSheet$11;[Lorg/eclipse/birt/chart/ui/swt/ColumnBindingInfo;Ljava/util/List;)V" type="org.eclipse.birt.chart.reportitem.ui.StandardChartDataSheet$11$1"/>
            <reference linenumber="-1" member="&lt;init&gt;" origin="org.eclipse.birt.chart.reportitem.ui.StandardChartDataSheet.11.2.2(new StandardChartDataSheet(){}, ColumnBindingInfo[], List, String)" signature="(Lorg/eclipse/birt/chart/reportitem/ui/StandardChartDataSheet$11;[Lorg/eclipse/birt/chart/ui/swt/ColumnBindingInfo;Ljava/util/List;Ljava/lang/String;)V" type="org.eclipse.birt.chart.reportitem.ui.StandardChartDataSheet$11$2"/>
            <reference linenumber="-1" member="&lt;init&gt;" origin="org.eclipse.birt.chart.reportitem.ui.StandardChartDataSheet.9.2.2(new StandardChartDataSheet(){}, ColumnBindingInfo[], List, String)" signature="(Lorg/eclipse/birt/chart/reportitem/ui/StandardChartDataSheet$9;[Lorg/eclipse/birt/chart/ui/swt/ColumnBindingInfo;Ljava/util/List;Ljava/lang/String;)V" type="org.eclipse.birt.chart.reportitem.ui.StandardChartDataSheet$9$2"/>
        </reference_kind>
        <reference_kind flags="0" kind="16777216" reference_kind_name="DECLARED_PARAMETERIZED_VARIABLE">
            <reference linenumber="2419" member="getPredefinedExpressionsForSharing" origin="org.eclipse.birt.chart.reportitem.ui.ReportDataServiceProvider.ShareBindingQueryHelper.getPredefinedExpressionsForSharing(ColumnBindingInfo[])" signature="([Lorg/eclipse/birt/chart/ui/swt/ColumnBindingInfo;)[Ljava/lang/Object;" type="org.eclipse.birt.chart.reportitem.ui.ReportDataServiceProvider$ShareBindingQueryHelper"/>
            <reference linenumber="2374" member="getPredefinedExpressionsForSharing" origin="org.eclipse.birt.chart.reportitem.ui.ReportDataServiceProvider.ShareBindingQueryHelper.getPredefinedExpressionsForSharing(ColumnBindingInfo[])" signature="([Lorg/eclipse/birt/chart/ui/swt/ColumnBindingInfo;)[Ljava/lang/Object;" type="org.eclipse.birt.chart.reportitem.ui.ReportDataServiceProvider$ShareBindingQueryHelper"/>
            <reference linenumber="2372" member="getPredefinedExpressionsForSharing" origin="org.eclipse.birt.chart.reportitem.ui.ReportDataServiceProvider.ShareBindingQueryHelper.getPredefinedExpressionsForSharing(ColumnBindingInfo[])" signature="([Lorg/eclipse/birt/chart/ui/swt/ColumnBindingInfo;)[Ljava/lang/Object;" type="org.eclipse.birt.chart.reportitem.ui.ReportDataServiceProvider$ShareBindingQueryHelper"/>
            <reference linenumber="2371" member="getPredefinedExpressionsForSharing" origin="org.eclipse.birt.chart.reportitem.ui.ReportDataServiceProvider.ShareBindingQueryHelper.getPredefinedExpressionsForSharing(ColumnBindingInfo[])" signature="([Lorg/eclipse/birt/chart/ui/swt/ColumnBindingInfo;)[Ljava/lang/Object;" type="org.eclipse.birt.chart.reportitem.ui.ReportDataServiceProvider$ShareBindingQueryHelper"/>
            <reference linenumber="542" member="getPreviewHeadersInfo" origin="org.eclipse.birt.chart.reportitem.ui.ReportDataServiceProvider.getPreviewHeadersInfo()" signature="()[Lorg/eclipse/birt/chart/ui/swt/ColumnBindingInfo;" type="org.eclipse.birt.chart.reportitem.ui.ReportDataServiceProvider"/>
            <reference linenumber="2353" member="getPredefinedExpressionsForSharing" origin="org.eclipse.birt.chart.reportitem.ui.ReportDataServiceProvider.ShareBindingQueryHelper.getPredefinedExpressionsForSharing(ColumnBindingInfo[])" signature="([Lorg/eclipse/birt/chart/ui/swt/ColumnBindingInfo;)[Ljava/lang/Object;" type="org.eclipse.birt.chart.reportitem.ui.ReportDataServiceProvider$ShareBindingQueryHelper"/>
            <reference linenumber="2352" member="getPredefinedExpressionsForSharing" origin="org.eclipse.birt.chart.reportitem.ui.ReportDataServiceProvider.ShareBindingQueryHelper.getPredefinedExpressionsForSharing(ColumnBindingInfo[])" signature="([Lorg/eclipse/birt/chart/ui/swt/ColumnBindingInfo;)[Ljava/lang/Object;" type="org.eclipse.birt.chart.reportitem.ui.ReportDataServiceProvider$ShareBindingQueryHelper"/>
            <reference linenumber="2351" member="getPredefinedExpressionsForSharing" origin="org.eclipse.birt.chart.reportitem.ui.ReportDataServiceProvider.ShareBindingQueryHelper.getPredefinedExpressionsForSharing(ColumnBindingInfo[])" signature="([Lorg/eclipse/birt/chart/ui/swt/ColumnBindingInfo;)[Ljava/lang/Object;" type="org.eclipse.birt.chart.reportitem.ui.ReportDataServiceProvider$ShareBindingQueryHelper"/>
        </reference_kind>
        <reference_kind flags="0" kind="8" reference_kind_name="RETURN_TYPE">
            <reference linenumber="-1" member="getPreviewHeadersInfo" origin="org.eclipse.birt.chart.reportitem.ui.ReportDataServiceProvider.ShareBindingQueryHelper.getPreviewHeadersInfo(List)" signature="(Ljava/util/List;)[Lorg/eclipse/birt/chart/ui/swt/ColumnBindingInfo;" type="org.eclipse.birt.chart.reportitem.ui.ReportDataServiceProvider$ShareBindingQueryHelper"/>
            <reference linenumber="-1" member="getPreviewHeadersInfo" origin="org.eclipse.birt.chart.reportitem.ui.ReportDataServiceProvider.getPreviewHeadersInfo()" signature="()[Lorg/eclipse/birt/chart/ui/swt/ColumnBindingInfo;" type="org.eclipse.birt.chart.reportitem.ui.ReportDataServiceProvider"/>
        </reference_kind>
        <reference_kind flags="0" kind="134217728" reference_kind_name="INSTANTIATION">
            <reference linenumber="2759" member="getPreviewHeadersInfo" origin="org.eclipse.birt.chart.reportitem.ui.ReportDataServiceProvider.ShareBindingQueryHelper.getPreviewHeadersInfo(List)" signature="(Ljava/util/List;)[Lorg/eclipse/birt/chart/ui/swt/ColumnBindingInfo;" type="org.eclipse.birt.chart.reportitem.ui.ReportDataServiceProvider$ShareBindingQueryHelper"/>
            <reference linenumber="2779" member="getPreviewHeadersInfo" origin="org.eclipse.birt.chart.reportitem.ui.ReportDataServiceProvider.ShareBindingQueryHelper.getPreviewHeadersInfo(List)" signature="(Ljava/util/List;)[Lorg/eclipse/birt/chart/ui/swt/ColumnBindingInfo;" type="org.eclipse.birt.chart.reportitem.ui.ReportDataServiceProvider$ShareBindingQueryHelper"/>
            <reference linenumber="537" member="getPreviewHeadersInfo" origin="org.eclipse.birt.chart.reportitem.ui.ReportDataServiceProvider.getPreviewHeadersInfo()" signature="()[Lorg/eclipse/birt/chart/ui/swt/ColumnBindingInfo;" type="org.eclipse.birt.chart.reportitem.ui.ReportDataServiceProvider"/>
            <reference linenumber="2710" member="getPreviewHeadersInfo" origin="org.eclipse.birt.chart.reportitem.ui.ReportDataServiceProvider.ShareBindingQueryHelper.getPreviewHeadersInfo(List)" signature="(Ljava/util/List;)[Lorg/eclipse/birt/chart/ui/swt/ColumnBindingInfo;" type="org.eclipse.birt.chart.reportitem.ui.ReportDataServiceProvider$ShareBindingQueryHelper"/>
            <reference linenumber="2732" member="getPreviewHeadersInfo" origin="org.eclipse.birt.chart.reportitem.ui.ReportDataServiceProvider.ShareBindingQueryHelper.getPreviewHeadersInfo(List)" signature="(Ljava/util/List;)[Lorg/eclipse/birt/chart/ui/swt/ColumnBindingInfo;" type="org.eclipse.birt.chart.reportitem.ui.ReportDataServiceProvider$ShareBindingQueryHelper"/>
        </reference_kind>
        <reference_kind flags="0" kind="524288" reference_kind_name="INSTANCEOF">
            <reference linenumber="1836" member="getActualExpression" origin="org.eclipse.birt.chart.reportitem.ui.StandardChartDataSheet.getActualExpression(String)" signature="(Ljava/lang/String;)Ljava/lang/String;" type="org.eclipse.birt.chart.reportitem.ui.StandardChartDataSheet"/>
            <reference linenumber="1995" member="&lt;init&gt;" origin="org.eclipse.birt.chart.reportitem.ui.StandardChartDataSheet.ValueYSeriesAction.ValueYSeriesAction(StandardChartDataSheet, Query, String)" signature="(Lorg/eclipse/birt/chart/reportitem/ui/StandardChartDataSheet;Lorg/eclipse/birt/chart/model/data/Query;Ljava/lang/String;)V" type="org.eclipse.birt.chart.reportitem.ui.StandardChartDataSheet$ValueYSeriesAction"/>
            <reference linenumber="97" member="getInstance" origin="org.eclipse.birt.chart.reportitem.ui.ChartExpressionButtonUtil.ExpressionDescriptor.getInstance(Object, boolean)" signature="(Ljava/lang/Object;Z)Lorg/eclipse/birt/chart/reportitem/ui/ChartExpressionButtonUtil$IExpressionDescriptor;" type="org.eclipse.birt.chart.reportitem.ui.ChartExpressionButtonUtil$ExpressionDescriptor"/>
        <reference linenumber="2088" member="menuAboutToShow" origin="org.eclipse.birt.chart.reportitem.ui.StandardChartDataSheet.12.menuAboutToShow(IMenuManager)" signature="(Lorg/eclipse/jface/action/IMenuManager;)V" type="org.eclipse.birt.chart.reportitem.ui.StandardChartDataSheet$12"/>
        </reference_kind>
        <reference_kind flags="0" kind="33554432" reference_kind_name="LOCAL_VAR_DECLARED">
            <reference linenumber="2427" member="getPredefinedExpressionsForSharing" origin="org.eclipse.birt.chart.reportitem.ui.ReportDataServiceProvider.ShareBindingQueryHelper.getPredefinedExpressionsForSharing(ColumnBindingInfo[])" signature="([Lorg/eclipse/birt/chart/ui/swt/ColumnBindingInfo;)[Ljava/lang/Object;" type="org.eclipse.birt.chart.reportitem.ui.ReportDataServiceProvider$ShareBindingQueryHelper"/>
            <reference linenumber="1809" member="updateColumnsTableViewerColor" origin="org.eclipse.birt.chart.reportitem.ui.StandardChartDataSheet.updateColumnsTableViewerColor()" signature="()V" type="org.eclipse.birt.chart.reportitem.ui.StandardChartDataSheet"/>
            <reference linenumber="2494" member="getPredefinedExpressionsForSharing" origin="org.eclipse.birt.chart.reportitem.ui.ReportDataServiceProvider.ShareBindingQueryHelper.getPredefinedExpressionsForSharing(ColumnBindingInfo[])" signature="([Lorg/eclipse/birt/chart/ui/swt/ColumnBindingInfo;)[Ljava/lang/Object;" type="org.eclipse.birt.chart.reportitem.ui.ReportDataServiceProvider$ShareBindingQueryHelper"/>
            <reference linenumber="2376" member="getPredefinedExpressionsForSharing" origin="org.eclipse.birt.chart.reportitem.ui.ReportDataServiceProvider.ShareBindingQueryHelper.getPredefinedExpressionsForSharing(ColumnBindingInfo[])" signature="([Lorg/eclipse/birt/chart/ui/swt/ColumnBindingInfo;)[Ljava/lang/Object;" type="org.eclipse.birt.chart.reportitem.ui.ReportDataServiceProvider$ShareBindingQueryHelper"/>
            <reference linenumber="2972" member="generateShareBindingsWithTable" origin="org.eclipse.birt.chart.reportitem.ui.ReportDataServiceProvider.ShareBindingQueryHelper.generateShareBindingsWithTable(ColumnBindingInfo[], QueryDefinition, DataRequestSession, Map)" signature="([Lorg/eclipse/birt/chart/ui/swt/ColumnBindingInfo;Lorg/eclipse/birt/data/engine/api/querydefn/QueryDefinition;Lorg/eclipse/birt/report/data/adapter/api/DataRequestSession;Ljava/util/Map;)Ljava/util/List;" type="org.eclipse.birt.chart.reportitem.ui.ReportDataServiceProvider$ShareBindingQueryHelper"/>
            <reference linenumber="2498" member="getPredefinedExpressionsForSharing" origin="org.eclipse.birt.chart.reportitem.ui.ReportDataServiceProvider.ShareBindingQueryHelper.getPredefinedExpressionsForSharing(ColumnBindingInfo[])" signature="([Lorg/eclipse/birt/chart/ui/swt/ColumnBindingInfo;)[Ljava/lang/Object;" type="org.eclipse.birt.chart.reportitem.ui.ReportDataServiceProvider$ShareBindingQueryHelper"/>
            <reference linenumber="2380" member="getPredefinedExpressionsForSharing" origin="org.eclipse.birt.chart.reportitem.ui.ReportDataServiceProvider.ShareBindingQueryHelper.getPredefinedExpressionsForSharing(ColumnBindingInfo[])" signature="([Lorg/eclipse/birt/chart/ui/swt/ColumnBindingInfo;)[Ljava/lang/Object;" type="org.eclipse.birt.chart.reportitem.ui.ReportDataServiceProvider$ShareBindingQueryHelper"/>
            <reference linenumber="2403" member="getPredefinedExpressionsForSharing" origin="org.eclipse.birt.chart.reportitem.ui.ReportDataServiceProvider.ShareBindingQueryHelper.getPredefinedExpressionsForSharing(ColumnBindingInfo[])" signature="([Lorg/eclipse/birt/chart/ui/swt/ColumnBindingInfo;)[Ljava/lang/Object;" type="org.eclipse.birt.chart.reportitem.ui.ReportDataServiceProvider$ShareBindingQueryHelper"/>
            <reference linenumber="2407" member="getPredefinedExpressionsForSharing" origin="org.eclipse.birt.chart.reportitem.ui.ReportDataServiceProvider.ShareBindingQueryHelper.getPredefinedExpressionsForSharing(ColumnBindingInfo[])" signature="([Lorg/eclipse/birt/chart/ui/swt/ColumnBindingInfo;)[Ljava/lang/Object;" type="org.eclipse.birt.chart.reportitem.ui.ReportDataServiceProvider$ShareBindingQueryHelper"/>
            <reference linenumber="2475" member="getPredefinedExpressionsForSharing" origin="org.eclipse.birt.chart.reportitem.ui.ReportDataServiceProvider.ShareBindingQueryHelper.getPredefinedExpressionsForSharing(ColumnBindingInfo[])" signature="([Lorg/eclipse/birt/chart/ui/swt/ColumnBindingInfo;)[Ljava/lang/Object;" type="org.eclipse.birt.chart.reportitem.ui.ReportDataServiceProvider$ShareBindingQueryHelper"/>
            <reference linenumber="577" member="getPreviewHeader" origin="org.eclipse.birt.chart.reportitem.ui.ReportDataServiceProvider.getPreviewHeader(boolean)" signature="(Z)[Ljava/lang/String;" type="org.eclipse.birt.chart.reportitem.ui.ReportDataServiceProvider"/>
            <reference linenumber="1838" member="getActualExpression" origin="org.eclipse.birt.chart.reportitem.ui.StandardChartDataSheet.getActualExpression(String)" signature="(Ljava/lang/String;)Ljava/lang/String;" type="org.eclipse.birt.chart.reportitem.ui.StandardChartDataSheet"/>
        </reference_kind>
        <reference_kind flags="0" kind="32768" reference_kind_name="ALLOCATES_ARRAY">
            <reference linenumber="484" member="getPreviewHeadersInfo" origin="org.eclipse.birt.chart.reportitem.ui.ReportDataServiceProvider.getPreviewHeadersInfo()" signature="()[Lorg/eclipse/birt/chart/ui/swt/ColumnBindingInfo;" type="org.eclipse.birt.chart.reportitem.ui.ReportDataServiceProvider"/>
            <reference linenumber="519" member="getPreviewHeadersInfo" origin="org.eclipse.birt.chart.reportitem.ui.ReportDataServiceProvider.getPreviewHeadersInfo()" signature="()[Lorg/eclipse/birt/chart/ui/swt/ColumnBindingInfo;" type="org.eclipse.birt.chart.reportitem.ui.ReportDataServiceProvider"/>
            <reference linenumber="2483" member="getPredefinedExpressionsForSharing" origin="org.eclipse.birt.chart.reportitem.ui.ReportDataServiceProvider.ShareBindingQueryHelper.getPredefinedExpressionsForSharing(ColumnBindingInfo[])" signature="([Lorg/eclipse/birt/chart/ui/swt/ColumnBindingInfo;)[Ljava/lang/Object;" type="org.eclipse.birt.chart.reportitem.ui.ReportDataServiceProvider$ShareBindingQueryHelper"/>
            <reference linenumber="2399" member="getPredefinedExpressionsForSharing" origin="org.eclipse.birt.chart.reportitem.ui.ReportDataServiceProvider.ShareBindingQueryHelper.getPredefinedExpressionsForSharing(ColumnBindingInfo[])" signature="([Lorg/eclipse/birt/chart/ui/swt/ColumnBindingInfo;)[Ljava/lang/Object;" type="org.eclipse.birt.chart.reportitem.ui.ReportDataServiceProvider$ShareBindingQueryHelper"/>
            <reference linenumber="2473" member="getPredefinedExpressionsForSharing" origin="org.eclipse.birt.chart.reportitem.ui.ReportDataServiceProvider.ShareBindingQueryHelper.getPredefinedExpressionsForSharing(ColumnBindingInfo[])" signature="([Lorg/eclipse/birt/chart/ui/swt/ColumnBindingInfo;)[Ljava/lang/Object;" type="org.eclipse.birt.chart.reportitem.ui.ReportDataServiceProvider$ShareBindingQueryHelper"/>
            <reference linenumber="529" member="getPreviewHeadersInfo" origin="org.eclipse.birt.chart.reportitem.ui.ReportDataServiceProvider.getPreviewHeadersInfo()" signature="()[Lorg/eclipse/birt/chart/ui/swt/ColumnBindingInfo;" type="org.eclipse.birt.chart.reportitem.ui.ReportDataServiceProvider"/>
            <reference linenumber="2491" member="getPredefinedExpressionsForSharing" origin="org.eclipse.birt.chart.reportitem.ui.ReportDataServiceProvider.ShareBindingQueryHelper.getPredefinedExpressionsForSharing(ColumnBindingInfo[])" signature="([Lorg/eclipse/birt/chart/ui/swt/ColumnBindingInfo;)[Ljava/lang/Object;" type="org.eclipse.birt.chart.reportitem.ui.ReportDataServiceProvider$ShareBindingQueryHelper"/>
            <reference linenumber="546" member="getPreviewHeadersInfo" origin="org.eclipse.birt.chart.reportitem.ui.ReportDataServiceProvider.getPreviewHeadersInfo()" signature="()[Lorg/eclipse/birt/chart/ui/swt/ColumnBindingInfo;" type="org.eclipse.birt.chart.reportitem.ui.ReportDataServiceProvider"/>
            <reference linenumber="2683" member="getPreviewHeadersInfo" origin="org.eclipse.birt.chart.reportitem.ui.ReportDataServiceProvider.ShareBindingQueryHelper.getPreviewHeadersInfo(List)" signature="(Ljava/util/List;)[Lorg/eclipse/birt/chart/ui/swt/ColumnBindingInfo;" type="org.eclipse.birt.chart.reportitem.ui.ReportDataServiceProvider$ShareBindingQueryHelper"/>
            <reference linenumber="2692" member="getPreviewHeadersInfo" origin="org.eclipse.birt.chart.reportitem.ui.ReportDataServiceProvider.ShareBindingQueryHelper.getPreviewHeadersInfo(List)" signature="(Ljava/util/List;)[Lorg/eclipse/birt/chart/ui/swt/ColumnBindingInfo;" type="org.eclipse.birt.chart.reportitem.ui.ReportDataServiceProvider$ShareBindingQueryHelper"/>
        </reference_kind>
        <reference_kind flags="0" kind="2097152" reference_kind_name="DECLARED_PARAMETERIZED_TYPE">
            <reference linenumber="-1" origin="org.eclipse.birt.chart.reportitem.ui.ReportDataServiceProvider.ColumnNameComprator" type="org.eclipse.birt.chart.reportitem.ui.ReportDataServiceProvider$ColumnNameComprator"/>
        </reference_kind>
    <reference_kind flags="0" kind="4" reference_kind_name="DECLARED_FIELD">
            <reference linenumber="-1" member="val$headerInfo" origin="org.eclipse.birt.chart.reportitem.ui.StandardChartDataSheet.11.1.val$headerInfo" type="org.eclipse.birt.chart.reportitem.ui.StandardChartDataSheet$11$1"/>
            <reference linenumber="-1" member="val$headerInfo" origin="org.eclipse.birt.chart.reportitem.ui.StandardChartDataSheet.11.2.val$headerInfo" type="org.eclipse.birt.chart.reportitem.ui.StandardChartDataSheet$11$2"/>
            <reference linenumber="-1" member="val$headerInfo" origin="org.eclipse.birt.chart.reportitem.ui.StandardChartDataSheet.9.1.val$headerInfo" type="org.eclipse.birt.chart.reportitem.ui.StandardChartDataSheet$9$1"/>
            <reference linenumber="-1" member="val$headerInfo" origin="org.eclipse.birt.chart.reportitem.ui.StandardChartDataSheet.9.2.val$headerInfo" type="org.eclipse.birt.chart.reportitem.ui.StandardChartDataSheet$9$2"/>
        </reference_kind>
    </target>
    <target name="org.eclipse.birt.chart.ui.swt.interfaces.IUIServiceProvider.Command" type="org.eclipse.birt.chart.ui.swt.interfaces.IUIServiceProvider$Command">
        <reference_kind flags="0" kind="16" reference_kind_name="PARAMETER">
            <reference linenumber="-1" member="invoke" origin="org.eclipse.birt.chart.reportitem.ui.ChartReportItemBuilderImpl.invoke(IUIServiceProviderCommand, Object[])" signature="(Lorg/eclipse/birt/chart/ui/swt/interfaces/IUIServiceProvider$Command;[Ljava/lang/Object;)Ljava/lang/Object;" type="org.eclipse.birt.chart.reportitem.ui.ChartReportItemBuilderImpl"/>
        </reference_kind>
    </target>
    <target name="org.eclipse.birt.chart.ui.swt.interfaces.ISelectDataCustomizeUI" type="org.eclipse.birt.chart.ui.swt.interfaces.ISelectDataCustomizeUI">
        <reference_kind flags="0" kind="8" reference_kind_name="RETURN_TYPE">
            <reference linenumber="-1" member="createCustomizeUI" origin="org.eclipse.birt.chart.reportitem.ui.StandardChartDataSheet.createCustomizeUI(ITask)" signature="(Lorg/eclipse/birt/core/ui/frameworks/taskwizard/interfaces/ITask;)Lorg/eclipse/birt/chart/ui/swt/interfaces/ISelectDataCustomizeUI;" type="org.eclipse.birt.chart.reportitem.ui.StandardChartDataSheet"/>
        </reference_kind>
    </target>
    <target name="org.eclipse.birt.chart.ui.swt.wizard.ChartWizard" type="org.eclipse.birt.chart.ui.swt.wizard.ChartWizard">
        <reference_kind flags="0" kind="134217728" reference_kind_name="INSTANTIATION">
            <reference linenumber="196" member="open" origin="org.eclipse.birt.chart.reportitem.ui.ChartReportItemBuilderImpl.open(ExtendedItemHandle)" signature="(Lorg/eclipse/birt/report/model/api/ExtendedItemHandle;)I" type="org.eclipse.birt.chart.reportitem.ui.ChartReportItemBuilderImpl"/>
        </reference_kind>
        <reference_kind flags="0" kind="16" reference_kind_name="PARAMETER">
            <reference linenumber="-1" member="updateModel" origin="org.eclipse.birt.chart.reportitem.ui.ChartReportItemBuilderImpl.updateModel(ExtendedItemHandle, ChartWizard, ChartReportItemImpl, Chart, Chart, String, boolean)" signature="(Lorg/eclipse/birt/report/model/api/ExtendedItemHandle;Lorg/eclipse/birt/chart/ui/swt/wizard/ChartWizard;Lorg/eclipse/birt/chart/reportitem/ChartReportItemImpl;Lorg/eclipse/birt/chart/model/Chart;Lorg/eclipse/birt/chart/model/Chart;Ljava/lang/String;Z)V" type="org.eclipse.birt.chart.reportitem.ui.ChartReportItemBuilderImpl"/>
            <reference linenumber="-1" member="&lt;init&gt;" origin="org.eclipse.birt.chart.reportitem.ui.ChartReportItemBuilderImpl.1.1(ChartReportItemBuilderImpl, ChartWizard, Object[], ChartWizardContext, CommandStack, String)" signature="(Lorg/eclipse/birt/chart/reportitem/ui/ChartReportItemBuilderImpl;Lorg/eclipse/birt/chart/ui/swt/wizard/ChartWizard;[Ljava/lang/Object;Lorg/eclipse/birt/chart/ui/swt/wizard/ChartWizardContext;Lorg/eclipse/birt/report/model/api/CommandStack;Ljava/lang/String;)V" type="org.eclipse.birt.chart.reportitem.ui.ChartReportItemBuilderImpl$1"/>
        </reference_kind>
        <reference_kind flags="0" kind="33554432" reference_kind_name="LOCAL_VAR_DECLARED">
            <reference linenumber="196" member="open" origin="org.eclipse.birt.chart.reportitem.ui.ChartReportItemBuilderImpl.open(ExtendedItemHandle)" signature="(Lorg/eclipse/birt/report/model/api/ExtendedItemHandle;)I" type="org.eclipse.birt.chart.reportitem.ui.ChartReportItemBuilderImpl"/>
        </reference_kind>
    </target>
    <target name="org.eclipse.birt.chart.ui.swt.interfaces.IDataServiceProvider" type="org.eclipse.birt.chart.ui.swt.interfaces.IDataServiceProvider">
        <reference_kind flags="0" kind="16" reference_kind_name="PARAMETER">
            <reference linenumber="-1" member="createWizardContext" origin="org.eclipse.birt.chart.reportitem.ui.ChartReportItemUIFactory.createWizardContext(Chart, IUIServiceProvider, IDataServiceProvider, IChartDataSheet)" signature="(Lorg/eclipse/birt/chart/model/Chart;Lorg/eclipse/birt/chart/ui/swt/interfaces/IUIServiceProvider;Lorg/eclipse/birt/chart/ui/swt/interfaces/IDataServiceProvider;Lorg/eclipse/birt/chart/ui/swt/interfaces/IChartDataSheet;)Lorg/eclipse/birt/chart/ui/swt/wizard/ChartWizardContext;" type="org.eclipse.birt.chart.reportitem.ui.ChartReportItemUIFactory"/>
        </reference_kind>
        <reference_kind flags="0" kind="2" reference_kind_name="IMPLEMENTS">
            <reference linenumber="-1" origin="org.eclipse.birt.chart.reportitem.ui.ReportDataServiceProvider" type="org.eclipse.birt.chart.reportitem.ui.ReportDataServiceProvider"/>
        </reference_kind>
    </target>
    <target name="org.eclipse.birt.chart.ui.swt.wizard.ChartWizardContext" type="org.eclipse.birt.chart.ui.swt.wizard.ChartWizardContext">
        <reference_kind flags="0" kind="134217728" reference_kind_name="INSTANTIATION">
            <reference linenumber="59" member="createWizardContext" origin="org.eclipse.birt.chart.reportitem.ui.ChartReportItemUIFactory.createWizardContext(Chart, IUIServiceProvider, IDataServiceProvider, IChartDataSheet)" signature="(Lorg/eclipse/birt/chart/model/Chart;Lorg/eclipse/birt/chart/ui/swt/interfaces/IUIServiceProvider;Lorg/eclipse/birt/chart/ui/swt/interfaces/IDataServiceProvider;Lorg/eclipse/birt/chart/ui/swt/interfaces/IChartDataSheet;)Lorg/eclipse/birt/chart/ui/swt/wizard/ChartWizardContext;" type="org.eclipse.birt.chart.reportitem.ui.ChartReportItemUIFactory"/>
        </reference_kind>
        <reference_kind flags="0" kind="8" reference_kind_name="RETURN_TYPE">
            <reference linenumber="-1" member="createWizardContext" origin="org.eclipse.birt.chart.reportitem.ui.ChartReportItemUIFactory.createWizardContext(Chart, IUIServiceProvider, IDataServiceProvider, IChartDataSheet)" signature="(Lorg/eclipse/birt/chart/model/Chart;Lorg/eclipse/birt/chart/ui/swt/interfaces/IUIServiceProvider;Lorg/eclipse/birt/chart/ui/swt/interfaces/IDataServiceProvider;Lorg/eclipse/birt/chart/ui/swt/interfaces/IChartDataSheet;)Lorg/eclipse/birt/chart/ui/swt/wizard/ChartWizardContext;" type="org.eclipse.birt.chart.reportitem.ui.ChartReportItemUIFactory"/>
        </reference_kind>
        <reference_kind flags="0" kind="16" reference_kind_name="PARAMETER">
            <reference linenumber="-1" member="setWizardContext" origin="org.eclipse.birt.chart.reportitem.ui.ReportDataServiceProvider.setWizardContext(ChartWizardContext)" signature="(Lorg/eclipse/birt/chart/ui/swt/wizard/ChartWizardContext;)V" type="org.eclipse.birt.chart.reportitem.ui.ReportDataServiceProvider"/>
            <reference linenumber="-1" member="&lt;init&gt;" origin="org.eclipse.birt.chart.reportitem.ui.ChartReportItemBuilderImpl.1.1(ChartReportItemBuilderImpl, ChartWizard, Object[], ChartWizardContext, CommandStack, String)" signature="(Lorg/eclipse/birt/chart/reportitem/ui/ChartReportItemBuilderImpl;Lorg/eclipse/birt/chart/ui/swt/wizard/ChartWizard;[Ljava/lang/Object;Lorg/eclipse/birt/chart/ui/swt/wizard/ChartWizardContext;Lorg/eclipse/birt/report/model/api/CommandStack;Ljava/lang/String;)V" type="org.eclipse.birt.chart.reportitem.ui.ChartReportItemBuilderImpl$1"/>
        <reference linenumber="-1" member="&lt;init&gt;" origin="org.eclipse.birt.chart.reportitem.ui.dialogs.ChartExpressionProvider.ChartExpressionProvider(DesignElementHandle, ChartWizardContext, int)" signature="(Lorg/eclipse/birt/report/model/api/DesignElementHandle;Lorg/eclipse/birt/chart/ui/swt/wizard/ChartWizardContext;I)V" type="org.eclipse.birt.chart.reportitem.ui.dialogs.ChartExpressionProvider"/>
            <reference linenumber="-1" member="setDesignHandle" origin="org.eclipse.birt.chart.reportitem.ui.dialogs.ChartCubeFilterConditionBuilder.setDesignHandle(DesignElementHandle, ChartWizardContext)" signature="(Lorg/eclipse/birt/report/model/api/DesignElementHandle;Lorg/eclipse/birt/chart/ui/swt/wizard/ChartWizardContext;)V" type="org.eclipse.birt.chart.reportitem.ui.dialogs.ChartCubeFilterConditionBuilder"/>
            <reference linenumber="-1" member="setContext" origin="org.eclipse.birt.chart.reportitem.ui.dialogs.ChartCubeFilterConditionBuilder.setContext(ChartWizardContext)" signature="(Lorg/eclipse/birt/chart/ui/swt/wizard/ChartWizardContext;)V" type="org.eclipse.birt.chart.reportitem.ui.dialogs.ChartCubeFilterConditionBuilder"/>
            <reference linenumber="-1" member="&lt;init&gt;" origin="org.eclipse.birt.chart.reportitem.ui.dialogs.ChartColumnBindingDialog.ChartColumnBindingDialog(ReportItemHandle, Shell, ChartWizardContext)" signature="(Lorg/eclipse/birt/report/model/api/ReportItemHandle;Lorg/eclipse/swt/widgets/Shell;Lorg/eclipse/birt/chart/ui/swt/wizard/ChartWizardContext;)V" type="org.eclipse.birt.chart.reportitem.ui.dialogs.ChartColumnBindingDialog"/>
        <reference linenumber="-1" member="setContext" origin="org.eclipse.birt.chart.reportitem.ui.views.attributes.provider.ChartCubeFilterHandleProvider.setContext(ChartWizardContext)" signature="(Lorg/eclipse/birt/chart/ui/swt/wizard/ChartWizardContext;)V" type="org.eclipse.birt.chart.reportitem.ui.views.attributes.provider.ChartCubeFilterHandleProvider"/>
        </reference_kind>
        <reference_kind flags="0" kind="262144" reference_kind_name="CASTS">
            <reference linenumber="287" member="open" origin="org.eclipse.birt.chart.reportitem.ui.ChartReportItemBuilderImpl.open(ExtendedItemHandle)" signature="(Lorg/eclipse/birt/report/model/api/ExtendedItemHandle;)I" type="org.eclipse.birt.chart.reportitem.ui.ChartReportItemBuilderImpl"/>
        <reference linenumber="306" member="getAggOns" origin="org.eclipse.birt.chart.reportitem.ui.dialogs.ChartCubeBindingDialogHelper.getAggOns(ReportItemHandle)" signature="(Lorg/eclipse/birt/report/model/api/ReportItemHandle;)[Ljava/lang/String;" type="org.eclipse.birt.chart.reportitem.ui.dialogs.ChartCubeBindingDialogHelper"/>
        </reference_kind>
        <reference_kind flags="0" kind="4" reference_kind_name="DECLARED_FIELD">
            <reference linenumber="-1" member="val$context" origin="org.eclipse.birt.chart.reportitem.ui.ChartReportItemBuilderImpl.1.val$context" type="org.eclipse.birt.chart.reportitem.ui.ChartReportItemBuilderImpl$1"/>
            <reference linenumber="-1" member="context" origin="org.eclipse.birt.chart.reportitem.ui.ReportDataServiceProvider.context" type="org.eclipse.birt.chart.reportitem.ui.ReportDataServiceProvider"/>
            <reference linenumber="-1" member="wizardContext" origin="org.eclipse.birt.chart.reportitem.ui.ChartReportItemBuilderImpl.wizardContext" type="org.eclipse.birt.chart.reportitem.ui.ChartReportItemBuilderImpl"/>
        <reference linenumber="-1" member="context" origin="org.eclipse.birt.chart.reportitem.ui.dialogs.ChartColumnBindingDialog.context" type="org.eclipse.birt.chart.reportitem.ui.dialogs.ChartColumnBindingDialog"/>
            <reference linenumber="-1" member="wizardContext" origin="org.eclipse.birt.chart.reportitem.ui.dialogs.ChartExpressionProvider.wizardContext" type="org.eclipse.birt.chart.reportitem.ui.dialogs.ChartExpressionProvider"/>
            <reference linenumber="-1" member="context" origin="org.eclipse.birt.chart.reportitem.ui.dialogs.ChartCubeFilterConditionBuilder.context" type="org.eclipse.birt.chart.reportitem.ui.dialogs.ChartCubeFilterConditionBuilder"/>
        <reference linenumber="-1" member="context" origin="org.eclipse.birt.chart.reportitem.ui.views.attributes.provider.ChartCubeFilterHandleProvider.context" type="org.eclipse.birt.chart.reportitem.ui.views.attributes.provider.ChartCubeFilterHandleProvider"/>
        </reference_kind>
        <reference_kind flags="0" kind="33554432" reference_kind_name="LOCAL_VAR_DECLARED">
            <reference linenumber="287" member="open" origin="org.eclipse.birt.chart.reportitem.ui.ChartReportItemBuilderImpl.open(ExtendedItemHandle)" signature="(Lorg/eclipse/birt/report/model/api/ExtendedItemHandle;)I" type="org.eclipse.birt.chart.reportitem.ui.ChartReportItemBuilderImpl"/>
            <reference linenumber="201" member="open" origin="org.eclipse.birt.chart.reportitem.ui.ChartReportItemBuilderImpl.open(ExtendedItemHandle)" signature="(Lorg/eclipse/birt/report/model/api/ExtendedItemHandle;)I" type="org.eclipse.birt.chart.reportitem.ui.ChartReportItemBuilderImpl"/>
        </reference_kind>
    <reference_kind flags="0" kind="524288" reference_kind_name="INSTANCEOF">
            <reference linenumber="304" member="getAggOns" origin="org.eclipse.birt.chart.reportitem.ui.dialogs.ChartCubeBindingDialogHelper.getAggOns(ReportItemHandle)" signature="(Lorg/eclipse/birt/report/model/api/ReportItemHandle;)[Ljava/lang/String;" type="org.eclipse.birt.chart.reportitem.ui.dialogs.ChartCubeBindingDialogHelper"/>
        </reference_kind>
    </target>
</references>
