<?xml version="1.0" encoding="UTF-8" standalone="no"?>
<references name="Types" origin="org.eclipse.actf.visualization.lowvision (0.7.2.R201002031025)" referee="org.eclipse.actf.model.ui (0.7.2.R201002031025)" reference_count="23" reference_visibility="1">
    <target name="org.eclipse.actf.model.ui.editor.browser.WaitForBrowserReadyHandler" type="org.eclipse.actf.model.ui.editor.browser.WaitForBrowserReadyHandler">
        <reference_kind flags="0" kind="134217728" reference_kind_name="INSTANTIATION">
            <reference linenumber="-1" member="doSimulate" origin="org.eclipse.actf.visualization.lowvision.ui.internal.PartControlLowVision.doSimulate()" signature="()V" type="org.eclipse.actf.visualization.lowvision.ui.internal.PartControlLowVision"/>
        </reference_kind>
    </target>
    <target name="org.eclipse.actf.model.ui.ImagePositionInfo" type="org.eclipse.actf.model.ui.ImagePositionInfo">
        <reference_kind flags="0" kind="4" reference_kind_name="DECLARED_FIELD">
            <reference linenumber="-1" member="imageInfoInHtmlArray" origin="org.eclipse.actf.visualization.lowvision.ui.internal.PartControlLowVision.imageInfoInHtmlArray" type="org.eclipse.actf.visualization.lowvision.ui.internal.PartControlLowVision"/>
        </reference_kind>
        <reference_kind flags="0" kind="32768" reference_kind_name="ALLOCATES_ARRAY">
            <reference linenumber="-1" member="allocate" origin="org.eclipse.actf.visualization.lowvision.ui.internal.PartControlLowVision.allocate(int)" signature="(I)V" type="org.eclipse.actf.visualization.lowvision.ui.internal.PartControlLowVision"/>
        <reference linenumber="-1" member="trimInfoImageInHtml" origin="org.eclipse.actf.visualization.lowvision.util.LowVisionUtil.trimInfoImageInHtml(ImagePositionInfo[], int)" signature="([Lorg/eclipse/actf/model/ui/ImagePositionInfo;I)[Lorg/eclipse/actf/model/ui/ImagePositionInfo;" type="org.eclipse.actf.visualization.lowvision.util.LowVisionUtil"/>
        </reference_kind>
    <reference_kind flags="0" kind="16" reference_kind_name="PARAMETER">
            <reference linenumber="-1" member="trimInfoImageInHtml" origin="org.eclipse.actf.visualization.lowvision.util.LowVisionUtil.trimInfoImageInHtml(ImagePositionInfo[], int)" signature="([Lorg/eclipse/actf/model/ui/ImagePositionInfo;I)[Lorg/eclipse/actf/model/ui/ImagePositionInfo;" type="org.eclipse.actf.visualization.lowvision.util.LowVisionUtil"/>
        </reference_kind>
        <reference_kind flags="0" kind="8" reference_kind_name="RETURN_TYPE">
            <reference linenumber="-1" member="trimInfoImageInHtml" origin="org.eclipse.actf.visualization.lowvision.util.LowVisionUtil.trimInfoImageInHtml(ImagePositionInfo[], int)" signature="([Lorg/eclipse/actf/model/ui/ImagePositionInfo;I)[Lorg/eclipse/actf/model/ui/ImagePositionInfo;" type="org.eclipse.actf.visualization.lowvision.util.LowVisionUtil"/>
        </reference_kind>
    </target>
    <target name="org.eclipse.actf.model.ui.IModelServiceHolder" type="org.eclipse.actf.model.ui.IModelServiceHolder">
        <reference_kind flags="0" kind="262144" reference_kind_name="CASTS">
            <reference linenumber="-1" member="doSimulate" origin="org.eclipse.actf.visualization.lowvision.ui.internal.PartControlLowVision.doSimulate()" signature="()V" type="org.eclipse.actf.visualization.lowvision.ui.internal.PartControlLowVision"/>
        </reference_kind>
        <reference_kind flags="0" kind="524288" reference_kind_name="INSTANCEOF">
            <reference linenumber="-1" member="doSimulate" origin="org.eclipse.actf.visualization.lowvision.ui.internal.PartControlLowVision.doSimulate()" signature="()V" type="org.eclipse.actf.visualization.lowvision.ui.internal.PartControlLowVision"/>
        </reference_kind>
    </target>
    <target name="org.eclipse.actf.model.ui.editor.browser.ICurrentStyles" type="org.eclipse.actf.model.ui.editor.browser.ICurrentStyles">
        <reference_kind flags="0" kind="4194304" reference_kind_name="DECLARED_PARAMETERIZED_FIELD">
            <reference linenumber="-1" member="styleInfoArray" origin="org.eclipse.actf.visualization.lowvision.ui.internal.PartControlLowVision.styleInfoArray" type="org.eclipse.actf.visualization.lowvision.ui.internal.PartControlLowVision"/>
        </reference_kind>
    <reference_kind flags="0" kind="262144" reference_kind_name="CASTS">
            <reference linenumber="-1" member="trimStyleInfoArray" origin="org.eclipse.actf.visualization.lowvision.util.LowVisionUtil.trimStyleInfoArray(Map, int)" signature="(Ljava/util/Map;I)Ljava/util/Map;" type="org.eclipse.actf.visualization.lowvision.util.LowVisionUtil"/>
        </reference_kind>
        <reference_kind flags="0" kind="8388608" reference_kind_name="DECLARED_PARAMETERIZED_METHOD">
            <reference linenumber="-1" member="trimStyleInfoArray" origin="org.eclipse.actf.visualization.lowvision.util.LowVisionUtil.trimStyleInfoArray(Map, int)" signature="(Ljava/util/Map;I)Ljava/util/Map;" type="org.eclipse.actf.visualization.lowvision.util.LowVisionUtil"/>
        </reference_kind>
    </target>
    <target name="org.eclipse.actf.model.ui.IModelService" type="org.eclipse.actf.model.ui.IModelService">
        <reference_kind flags="0" kind="16" reference_kind_name="PARAMETER">
            <reference linenumber="-1" member="setCurrentModelService" origin="org.eclipse.actf.visualization.lowvision.ui.internal.PartControlLowVision.setCurrentModelService(IModelService)" signature="(Lorg/eclipse/actf/model/ui/IModelService;)V" type="org.eclipse.actf.visualization.lowvision.ui.internal.PartControlLowVision"/>
            <reference linenumber="-1" member="prepareInt2Ds" origin="org.eclipse.actf.visualization.lowvision.ui.internal.PartControlLowVision.prepareInt2Ds(IModelService, int, int)" signature="(Lorg/eclipse/actf/model/ui/IModelService;II)V" type="org.eclipse.actf.visualization.lowvision.ui.internal.PartControlLowVision"/>
            <reference linenumber="-1" member="setCurrentModelService" origin="org.eclipse.actf.visualization.lowvision.ui.internal.LowVisionSimulationView.setCurrentModelService(IModelService)" signature="(Lorg/eclipse/actf/model/ui/IModelService;)V" type="org.eclipse.actf.visualization.lowvision.ui.internal.LowVisionSimulationView"/>
            <reference linenumber="-1" member="displayImage" origin="org.eclipse.actf.visualization.lowvision.ui.internal.LowVisionSimulationView.displayImage(ImageData, IModelService, boolean)" signature="(Lorg/eclipse/swt/graphics/ImageData;Lorg/eclipse/actf/model/ui/IModelService;Z)V" type="org.eclipse.actf.visualization.lowvision.ui.internal.LowVisionSimulationView"/>
        </reference_kind>
        <reference_kind flags="0" kind="4" reference_kind_name="DECLARED_FIELD">
            <reference linenumber="-1" member="targetModelService" origin="org.eclipse.actf.visualization.lowvision.ui.internal.PartControlLowVision.targetModelService" type="org.eclipse.actf.visualization.lowvision.ui.internal.PartControlLowVision"/>
        </reference_kind>
    </target>
    <target name="org.eclipse.actf.model.ui.ModelServiceImageCreator" type="org.eclipse.actf.model.ui.ModelServiceImageCreator">
        <reference_kind flags="0" kind="134217728" reference_kind_name="INSTANTIATION">
            <reference linenumber="-1" member="prepareInt2Ds" origin="org.eclipse.actf.visualization.lowvision.ui.internal.PartControlLowVision.prepareInt2Ds(IModelService, int, int)" signature="(Lorg/eclipse/actf/model/ui/IModelService;II)V" type="org.eclipse.actf.visualization.lowvision.ui.internal.PartControlLowVision"/>
        </reference_kind>
    </target>
    <target name="org.eclipse.actf.model.ui.editor.browser.IWebBrowserACTF" type="org.eclipse.actf.model.ui.editor.browser.IWebBrowserACTF">
        <reference_kind flags="0" kind="524288" reference_kind_name="INSTANCEOF">
            <reference linenumber="-1" member="prepareInt2Ds" origin="org.eclipse.actf.visualization.lowvision.ui.internal.PartControlLowVision.prepareInt2Ds(IModelService, int, int)" signature="(Lorg/eclipse/actf/model/ui/IModelService;II)V" type="org.eclipse.actf.visualization.lowvision.ui.internal.PartControlLowVision"/>
            <reference linenumber="-1" member="doSimulate" origin="org.eclipse.actf.visualization.lowvision.ui.internal.PartControlLowVision.doSimulate()" signature="()V" type="org.eclipse.actf.visualization.lowvision.ui.internal.PartControlLowVision"/>
        </reference_kind>
        <reference_kind flags="0" kind="4" reference_kind_name="DECLARED_FIELD">
            <reference linenumber="-1" member="webBrowser" origin="org.eclipse.actf.visualization.lowvision.ui.internal.PartControlLowVision.webBrowser" type="org.eclipse.actf.visualization.lowvision.ui.internal.PartControlLowVision"/>
        </reference_kind>
        <reference_kind flags="0" kind="262144" reference_kind_name="CASTS">
            <reference linenumber="-1" member="prepareInt2Ds" origin="org.eclipse.actf.visualization.lowvision.ui.internal.PartControlLowVision.prepareInt2Ds(IModelService, int, int)" signature="(Lorg/eclipse/actf/model/ui/IModelService;II)V" type="org.eclipse.actf.visualization.lowvision.ui.internal.PartControlLowVision"/>
            <reference linenumber="-1" member="doSimulate" origin="org.eclipse.actf.visualization.lowvision.ui.internal.PartControlLowVision.doSimulate()" signature="()V" type="org.eclipse.actf.visualization.lowvision.ui.internal.PartControlLowVision"/>
        </reference_kind>
    <reference_kind flags="0" kind="16" reference_kind_name="PARAMETER">
            <reference linenumber="-1" member="frameAnalyze" origin="org.eclipse.actf.visualization.lowvision.util.LowVisionUtil.frameAnalyze(IWebBrowserACTF)" signature="(Lorg/eclipse/actf/model/ui/editor/browser/IWebBrowserACTF;)[Ljava/lang/String;" type="org.eclipse.actf.visualization.lowvision.util.LowVisionUtil"/>
        </reference_kind>
    </target>
</references>
