<?xml version="1.0" encoding="UTF-8" standalone="no"?>
<references name="Fields" origin="org.eclipse.actf.model.dom.dombycom (0.7.2.R201002031025)" referee="org.eclipse.actf.util.win32.comclutch (0.7.2.R201002031025)" reference_count="4" reference_visibility="1">
    <target member="IID_IOleContainer" name="org.eclipse.actf.util.win32.comclutch.IUnknown.IID_IOleContainer" type="org.eclipse.actf.util.win32.comclutch.IUnknown">
        <reference_kind flags="0" kind="2048" reference_kind_name="GETS_STATIC_FIELD">
            <reference linenumber="-1" member="getElementsByIdInFrames" origin="org.eclipse.actf.model.dom.dombycom.impl.DocumentImpl.getElementsByIdInFrames(IDispatch, String)" signature="(Lorg/eclipse/actf/util/win32/comclutch/IDispatch;Ljava/lang/String;)Ljava/util/List;" type="org.eclipse.actf.model.dom.dombycom.impl.DocumentImpl"/>
        <reference linenumber="-1" member="getFrameByIndex" origin="org.eclipse.actf.model.dom.dombycom.impl.html.FrameNodeImpl.getFrameByIndex(IDispatch, int)" signature="(Lorg/eclipse/actf/util/win32/comclutch/IDispatch;I)Lorg/eclipse/actf/util/win32/comclutch/IDispatch;" type="org.eclipse.actf.model.dom.dombycom.impl.html.FrameNodeImpl"/>
        </reference_kind>
    </target>
    <target member="IID_IWebBrowser2" name="org.eclipse.actf.util.win32.comclutch.IUnknown.IID_IWebBrowser2" type="org.eclipse.actf.util.win32.comclutch.IUnknown">
        <reference_kind flags="0" kind="2048" reference_kind_name="GETS_STATIC_FIELD">
            <reference linenumber="-1" member="getElementsByIdInFrames" origin="org.eclipse.actf.model.dom.dombycom.impl.DocumentImpl.getElementsByIdInFrames(IDispatch, String)" signature="(Lorg/eclipse/actf/util/win32/comclutch/IDispatch;Ljava/lang/String;)Ljava/util/List;" type="org.eclipse.actf.model.dom.dombycom.impl.DocumentImpl"/>
        <reference linenumber="-1" member="getFrameByIndex" origin="org.eclipse.actf.model.dom.dombycom.impl.html.FrameNodeImpl.getFrameByIndex(IDispatch, int)" signature="(Lorg/eclipse/actf/util/win32/comclutch/IDispatch;I)Lorg/eclipse/actf/util/win32/comclutch/IDispatch;" type="org.eclipse.actf.model.dom.dombycom.impl.html.FrameNodeImpl"/>
        </reference_kind>
    </target>
</references>
