<?xml version="1.0" encoding="UTF-8" standalone="no"?>
<references name="Methods" origin="org.eclipse.actf.model.dom.dombycom (0.7.2.R201002031025)" referee="org.eclipse.actf.util.win32.comclutch (0.7.2.R201002031025)" reference_count="73" reference_visibility="1">
    <target member="newIDispatch" name="org.eclipse.actf.util.win32.comclutch.ComService.newIDispatch(ResourceManager, long, boolean)" signature="(Lorg/eclipse/actf/util/win32/comclutch/ResourceManager;JZ)Lorg/eclipse/actf/util/win32/comclutch/IDispatch;" type="org.eclipse.actf.util.win32.comclutch.ComService">
        <reference_kind flags="0" kind="128" reference_kind_name="INVOKED_STATIC">
            <reference linenumber="-1" member="&lt;init&gt;" origin="org.eclipse.actf.model.dom.dombycom.DomByCom.DomByCom(long)" signature="(J)V" type="org.eclipse.actf.model.dom.dombycom.DomByCom"/>
        </reference_kind>
    </target>
    <target member="newResourceManager" name="org.eclipse.actf.util.win32.comclutch.ComPlugin.newResourceManager(ResourceManager)" signature="(Lorg/eclipse/actf/util/win32/comclutch/ResourceManager;)Lorg/eclipse/actf/util/win32/comclutch/ResourceManager;" type="org.eclipse.actf.util.win32.comclutch.ComPlugin">
        <reference_kind flags="0" kind="256" reference_kind_name="VIRTUAL_METHOD">
            <reference linenumber="-1" member="&lt;init&gt;" origin="org.eclipse.actf.model.dom.dombycom.DomByCom.DomByCom(long)" signature="(J)V" type="org.eclipse.actf.model.dom.dombycom.DomByCom"/>
        </reference_kind>
    </target>
    <target member="releaseAll" name="org.eclipse.actf.util.win32.comclutch.ResourceManager.releaseAll(IResource)" signature="(Lorg/eclipse/actf/util/win32/comclutch/IResource;)V" type="org.eclipse.actf.util.win32.comclutch.ResourceManager">
        <reference_kind flags="0" kind="256" reference_kind_name="VIRTUAL_METHOD">
            <reference linenumber="-1" member="release" origin="org.eclipse.actf.model.dom.dombycom.DomByCom.release()" signature="()V" type="org.eclipse.actf.model.dom.dombycom.DomByCom"/>
        </reference_kind>
    </target>
    <target member="get" name="org.eclipse.actf.util.win32.comclutch.IDispatch.get(String)" signature="(Ljava/lang/String;)Ljava/lang/Object;" type="org.eclipse.actf.util.win32.comclutch.IDispatch">
        <reference_kind flags="0" kind="512" reference_kind_name="INTERFACE_METHOD">
            <reference linenumber="-1" member="getDocument" origin="org.eclipse.actf.model.dom.dombycom.DomByCom.getDocument()" signature="()Lorg/eclipse/actf/model/dom/dombycom/IDocumentEx;" type="org.eclipse.actf.model.dom.dombycom.DomByCom"/>
        <reference linenumber="-1" member="hasProperty" origin="org.eclipse.actf.model.dom.dombycom.impl.Helper.hasProperty(IDispatch, String)" signature="(Lorg/eclipse/actf/util/win32/comclutch/IDispatch;Ljava/lang/String;)Z" type="org.eclipse.actf.model.dom.dombycom.impl.Helper"/>
            <reference linenumber="-1" member="get" origin="org.eclipse.actf.model.dom.dombycom.impl.Helper.get(IDispatch, String)" signature="(Lorg/eclipse/actf/util/win32/comclutch/IDispatch;Ljava/lang/String;)Ljava/lang/Object;" type="org.eclipse.actf.model.dom.dombycom.impl.Helper"/>
        </reference_kind>
    </target>
    <target member="getDefault" name="org.eclipse.actf.util.win32.comclutch.ComPlugin.getDefault()" signature="()Lorg/eclipse/actf/util/win32/comclutch/ComPlugin;" type="org.eclipse.actf.util.win32.comclutch.ComPlugin">
        <reference_kind flags="0" kind="128" reference_kind_name="INVOKED_STATIC">
            <reference linenumber="-1" member="&lt;init&gt;" origin="org.eclipse.actf.model.dom.dombycom.DomByCom.DomByCom(long)" signature="(J)V" type="org.eclipse.actf.model.dom.dombycom.DomByCom"/>
        <reference linenumber="-1" member="isVisitedLink" origin="org.eclipse.actf.model.dom.dombycom.impl.html.HTMLTerms.isVisitedLink(IEvalTarget)" signature="(Lorg/eclipse/actf/util/vocab/IEvalTarget;)Z" type="org.eclipse.actf.model.dom.dombycom.impl.html.HTMLTerms"/>
        </reference_kind>
    </target>
<target member="release" name="org.eclipse.actf.util.win32.comclutch.IUnknown.release()" signature="()V" type="org.eclipse.actf.util.win32.comclutch.IUnknown">
        <reference_kind flags="0" kind="512" reference_kind_name="INTERFACE_METHOD">
            <reference linenumber="-1" member="newNode" origin="org.eclipse.actf.model.dom.dombycom.impl.NodeImpl.newNode(IDispatch)" signature="(Lorg/eclipse/actf/util/win32/comclutch/IDispatch;)Lorg/eclipse/actf/model/dom/dombycom/impl/NodeImpl;" type="org.eclipse.actf.model.dom.dombycom.impl.NodeImpl"/>
            <reference linenumber="-1" member="newNode" origin="org.eclipse.actf.model.dom.dombycom.impl.NodeImpl.newNode(IDispatch, short)" signature="(Lorg/eclipse/actf/util/win32/comclutch/IDispatch;S)Lorg/eclipse/actf/model/dom/dombycom/impl/NodeImpl;" type="org.eclipse.actf.model.dom.dombycom.impl.NodeImpl"/>
        <reference linenumber="-1" member="getFrameByIndex" origin="org.eclipse.actf.model.dom.dombycom.impl.html.FrameNodeImpl.getFrameByIndex(IDispatch, int)" signature="(Lorg/eclipse/actf/util/win32/comclutch/IDispatch;I)Lorg/eclipse/actf/util/win32/comclutch/IDispatch;" type="org.eclipse.actf.model.dom.dombycom.impl.html.FrameNodeImpl"/>
        </reference_kind>
    </target>
    <target member="invoke0" name="org.eclipse.actf.util.win32.comclutch.IDispatch.invoke0(String)" signature="(Ljava/lang/String;)Ljava/lang/Object;" type="org.eclipse.actf.util.win32.comclutch.IDispatch">
        <reference_kind flags="0" kind="512" reference_kind_name="INTERFACE_METHOD">
            <reference linenumber="-1" member="createStyleSheet" origin="org.eclipse.actf.model.dom.dombycom.impl.DocumentImpl.createStyleSheet()" signature="()Lorg/eclipse/actf/model/dom/dombycom/impl/StyleSheetImpl;" type="org.eclipse.actf.model.dom.dombycom.impl.DocumentImpl"/>
            <reference linenumber="-1" member="getText" origin="org.eclipse.actf.model.dom.dombycom.impl.NodeImpl.getText()" signature="()Ljava/lang/String;" type="org.eclipse.actf.model.dom.dombycom.impl.NodeImpl"/>
            <reference linenumber="-1" member="hasChildNodes" origin="org.eclipse.actf.model.dom.dombycom.impl.NodeImpl.hasChildNodes()" signature="()Z" type="org.eclipse.actf.model.dom.dombycom.impl.NodeImpl"/>
            <reference linenumber="-1" member="setText" origin="org.eclipse.actf.model.dom.dombycom.impl.NodeImpl.setText(String)" signature="(Ljava/lang/String;)V" type="org.eclipse.actf.model.dom.dombycom.impl.NodeImpl"/>
        <reference linenumber="-1" member="setSelectedIndices" origin="org.eclipse.actf.model.dom.dombycom.impl.html.SelectElementImpl.setSelectedIndices(int[])" signature="([I)V" type="org.eclipse.actf.model.dom.dombycom.impl.html.SelectElementImpl"/>
            <reference linenumber="-1" member="unhighlight" origin="org.eclipse.actf.model.dom.dombycom.impl.html.ElementImpl.unhighlight()" signature="()Z" type="org.eclipse.actf.model.dom.dombycom.impl.html.ElementImpl"/>
            <reference linenumber="-1" member="setFocus" origin="org.eclipse.actf.model.dom.dombycom.impl.html.ElementImpl.setFocus()" signature="()Z" type="org.eclipse.actf.model.dom.dombycom.impl.html.ElementImpl"/>
            <reference linenumber="-1" member="doClick" origin="org.eclipse.actf.model.dom.dombycom.impl.html.ElementImpl.doClick()" signature="()Z" type="org.eclipse.actf.model.dom.dombycom.impl.html.ElementImpl"/>
            <reference linenumber="-1" member="initialize" origin="org.eclipse.actf.model.dom.dombycom.impl.html.FrameNodeImpl.initialize(IDispatch)" signature="(Lorg/eclipse/actf/util/win32/comclutch/IDispatch;)V" type="org.eclipse.actf.model.dom.dombycom.impl.html.FrameNodeImpl"/>
            <reference linenumber="-1" member="highlight" origin="org.eclipse.actf.model.dom.dombycom.impl.html.ElementImpl.highlight()" signature="()Z" type="org.eclipse.actf.model.dom.dombycom.impl.html.ElementImpl"/>
        <reference linenumber="-1" member="execControls" origin="org.eclipse.actf.model.dom.dombycom.impl.object.WMP64NodeImpl.execControls(String)" signature="(Ljava/lang/String;)Z" type="org.eclipse.actf.model.dom.dombycom.impl.object.WMP64NodeImpl"/>
            <reference linenumber="-1" member="exec0" origin="org.eclipse.actf.model.dom.dombycom.impl.object.RPNodeImpl.exec0(String)" signature="(Ljava/lang/String;)Ljava/lang/Object;" type="org.eclipse.actf.model.dom.dombycom.impl.object.RPNodeImpl"/>
            <reference linenumber="-1" member="execControls" origin="org.eclipse.actf.model.dom.dombycom.impl.object.WMPNodeImpl.execControls(String)" signature="(Ljava/lang/String;)Z" type="org.eclipse.actf.model.dom.dombycom.impl.object.WMPNodeImpl"/>
            <reference linenumber="-1" member="create" origin="org.eclipse.actf.model.dom.dombycom.impl.object.ObjectElementFactory.create(NodeImpl, IDispatch)" signature="(Lorg/eclipse/actf/model/dom/dombycom/impl/NodeImpl;Lorg/eclipse/actf/util/win32/comclutch/IDispatch;)Lorg/eclipse/actf/model/dom/dombycom/impl/NodeImpl;" type="org.eclipse.actf.model.dom.dombycom.impl.object.ObjectElementFactory"/>
            <reference linenumber="-1" member="exec0" origin="org.eclipse.actf.model.dom.dombycom.impl.object.QTNodeImpl.exec0(String)" signature="(Ljava/lang/String;)Ljava/lang/Object;" type="org.eclipse.actf.model.dom.dombycom.impl.object.QTNodeImpl"/>
        </reference_kind>
    </target>
    <target member="queryInterface" name="org.eclipse.actf.util.win32.comclutch.IUnknown.queryInterface(UUID)" signature="(Ljava/util/UUID;)Lorg/eclipse/actf/util/win32/comclutch/IUnknown;" type="org.eclipse.actf.util.win32.comclutch.IUnknown">
        <reference_kind flags="0" kind="512" reference_kind_name="INTERFACE_METHOD">
            <reference linenumber="-1" member="getElementsByIdInFrames" origin="org.eclipse.actf.model.dom.dombycom.impl.DocumentImpl.getElementsByIdInFrames(IDispatch, String)" signature="(Lorg/eclipse/actf/util/win32/comclutch/IDispatch;Ljava/lang/String;)Ljava/util/List;" type="org.eclipse.actf.model.dom.dombycom.impl.DocumentImpl"/>
        <reference linenumber="-1" member="getFrameByIndex" origin="org.eclipse.actf.model.dom.dombycom.impl.html.FrameNodeImpl.getFrameByIndex(IDispatch, int)" signature="(Lorg/eclipse/actf/util/win32/comclutch/IDispatch;I)Lorg/eclipse/actf/util/win32/comclutch/IDispatch;" type="org.eclipse.actf.model.dom.dombycom.impl.html.FrameNodeImpl"/>
        </reference_kind>
    </target>
    <target member="enumObjects" name="org.eclipse.actf.util.win32.comclutch.IOleContainer.enumObjects(int)" signature="(I)Lorg/eclipse/actf/util/win32/comclutch/IEnumUnknown;" type="org.eclipse.actf.util.win32.comclutch.IOleContainer">
        <reference_kind flags="0" kind="512" reference_kind_name="INTERFACE_METHOD">
            <reference linenumber="-1" member="getElementsByIdInFrames" origin="org.eclipse.actf.model.dom.dombycom.impl.DocumentImpl.getElementsByIdInFrames(IDispatch, String)" signature="(Lorg/eclipse/actf/util/win32/comclutch/IDispatch;Ljava/lang/String;)Ljava/util/List;" type="org.eclipse.actf.model.dom.dombycom.impl.DocumentImpl"/>
        <reference linenumber="-1" member="getFrameByIndex" origin="org.eclipse.actf.model.dom.dombycom.impl.html.FrameNodeImpl.getFrameByIndex(IDispatch, int)" signature="(Lorg/eclipse/actf/util/win32/comclutch/IDispatch;I)Lorg/eclipse/actf/util/win32/comclutch/IDispatch;" type="org.eclipse.actf.model.dom.dombycom.impl.html.FrameNodeImpl"/>
        </reference_kind>
    </target>
    <target member="invoke" name="org.eclipse.actf.util.win32.comclutch.IDispatch.invoke(String, Object[])" signature="(Ljava/lang/String;[Ljava/lang/Object;)Ljava/lang/Object;" type="org.eclipse.actf.util.win32.comclutch.IDispatch">
        <reference_kind flags="0" kind="512" reference_kind_name="INTERFACE_METHOD">
            <reference linenumber="-1" member="replaceChild" origin="org.eclipse.actf.model.dom.dombycom.impl.NodeImpl.replaceChild(Node, Node)" signature="(Lorg/w3c/dom/Node;Lorg/w3c/dom/Node;)Lorg/w3c/dom/Node;" type="org.eclipse.actf.model.dom.dombycom.impl.NodeImpl"/>
            <reference linenumber="-1" member="insertBefore" origin="org.eclipse.actf.model.dom.dombycom.impl.NodeImpl.insertBefore(Node, Node)" signature="(Lorg/w3c/dom/Node;Lorg/w3c/dom/Node;)Lorg/w3c/dom/Node;" type="org.eclipse.actf.model.dom.dombycom.impl.NodeImpl"/>
            <reference linenumber="-1" member="addRule" origin="org.eclipse.actf.model.dom.dombycom.impl.StyleSheetImpl.addRule(String, String)" signature="(Ljava/lang/String;Ljava/lang/String;)V" type="org.eclipse.actf.model.dom.dombycom.impl.StyleSheetImpl"/>
        <reference linenumber="-1" member="insertData" origin="org.eclipse.actf.model.dom.dombycom.impl.html.CharacterDataImpl.insertData(int, String)" signature="(ILjava/lang/String;)V" type="org.eclipse.actf.model.dom.dombycom.impl.html.CharacterDataImpl"/>
            <reference linenumber="-1" member="getCurrentAttribute" origin="org.eclipse.actf.model.dom.dombycom.impl.html.ElementImpl.getCurrentAttribute(String)" signature="(Ljava/lang/String;)Ljava/lang/String;" type="org.eclipse.actf.model.dom.dombycom.impl.html.ElementImpl"/>
            <reference linenumber="-1" member="replaceData" origin="org.eclipse.actf.model.dom.dombycom.impl.html.CharacterDataImpl.replaceData(int, int, String)" signature="(IILjava/lang/String;)V" type="org.eclipse.actf.model.dom.dombycom.impl.html.CharacterDataImpl"/>
            <reference linenumber="-1" member="setAttribute" origin="org.eclipse.actf.model.dom.dombycom.impl.html.ElementImpl.setAttribute(String, String)" signature="(Ljava/lang/String;Ljava/lang/String;)V" type="org.eclipse.actf.model.dom.dombycom.impl.html.ElementImpl"/>
            <reference linenumber="-1" member="substringData" origin="org.eclipse.actf.model.dom.dombycom.impl.html.CharacterDataImpl.substringData(int, int)" signature="(II)Ljava/lang/String;" type="org.eclipse.actf.model.dom.dombycom.impl.html.CharacterDataImpl"/>
            <reference linenumber="-1" member="deleteData" origin="org.eclipse.actf.model.dom.dombycom.impl.html.CharacterDataImpl.deleteData(int, int)" signature="(II)V" type="org.eclipse.actf.model.dom.dombycom.impl.html.CharacterDataImpl"/>
        </reference_kind>
    </target>
    <target member="invoke1" name="org.eclipse.actf.util.win32.comclutch.IDispatch.invoke1(String, Object)" signature="(Ljava/lang/String;Ljava/lang/Object;)Ljava/lang/Object;" type="org.eclipse.actf.util.win32.comclutch.IDispatch">
        <reference_kind flags="0" kind="512" reference_kind_name="INTERFACE_METHOD">
            <reference linenumber="-1" member="appendChild" origin="org.eclipse.actf.model.dom.dombycom.impl.NodeImpl.appendChild(Node)" signature="(Lorg/w3c/dom/Node;)Lorg/w3c/dom/Node;" type="org.eclipse.actf.model.dom.dombycom.impl.NodeImpl"/>
            <reference linenumber="-1" member="getNamedItem" origin="org.eclipse.actf.model.dom.dombycom.impl.NamedNodeMapImpl.getNamedItem(String)" signature="(Ljava/lang/String;)Lorg/w3c/dom/Node;" type="org.eclipse.actf.model.dom.dombycom.impl.NamedNodeMapImpl"/>
            <reference linenumber="-1" member="removeChild" origin="org.eclipse.actf.model.dom.dombycom.impl.NodeImpl.removeChild(Node)" signature="(Lorg/w3c/dom/Node;)Lorg/w3c/dom/Node;" type="org.eclipse.actf.model.dom.dombycom.impl.NodeImpl"/>
            <reference linenumber="-1" member="item" origin="org.eclipse.actf.model.dom.dombycom.impl.NamedNodeMapImpl.item(int)" signature="(I)Lorg/w3c/dom/Node;" type="org.eclipse.actf.model.dom.dombycom.impl.NamedNodeMapImpl"/>
            <reference linenumber="-1" member="getElementsByIdInFrames" origin="org.eclipse.actf.model.dom.dombycom.impl.DocumentImpl.getElementsByIdInFrames(IDispatch, String)" signature="(Lorg/eclipse/actf/util/win32/comclutch/IDispatch;Ljava/lang/String;)Ljava/util/List;" type="org.eclipse.actf.model.dom.dombycom.impl.DocumentImpl"/>
            <reference linenumber="-1" member="hasFrames" origin="org.eclipse.actf.model.dom.dombycom.impl.DocumentImpl.hasFrames(IDispatch)" signature="(Lorg/eclipse/actf/util/win32/comclutch/IDispatch;)Z" type="org.eclipse.actf.model.dom.dombycom.impl.DocumentImpl"/>
            <reference linenumber="-1" member="cloneNode" origin="org.eclipse.actf.model.dom.dombycom.impl.NodeImpl.cloneNode(boolean)" signature="(Z)Lorg/w3c/dom/Node;" type="org.eclipse.actf.model.dom.dombycom.impl.NodeImpl"/>
            <reference linenumber="-1" member="item" origin="org.eclipse.actf.model.dom.dombycom.impl.NodeListImpl.item(int)" signature="(I)Lorg/w3c/dom/Node;" type="org.eclipse.actf.model.dom.dombycom.impl.NodeListImpl"/>
            <reference linenumber="-1" member="setNamedItem" origin="org.eclipse.actf.model.dom.dombycom.impl.NamedNodeMapImpl.setNamedItem(Node)" signature="(Lorg/w3c/dom/Node;)Lorg/w3c/dom/Node;" type="org.eclipse.actf.model.dom.dombycom.impl.NamedNodeMapImpl"/>
            <reference linenumber="-1" member="getElementsByTagName" origin="org.eclipse.actf.model.dom.dombycom.impl.DocumentImpl.getElementsByTagName(String)" signature="(Ljava/lang/String;)Lorg/w3c/dom/NodeList;" type="org.eclipse.actf.model.dom.dombycom.impl.DocumentImpl"/>
            <reference linenumber="-1" member="getElementById" origin="org.eclipse.actf.model.dom.dombycom.impl.DocumentImpl.getElementById(String)" signature="(Ljava/lang/String;)Lorg/w3c/dom/Element;" type="org.eclipse.actf.model.dom.dombycom.impl.DocumentImpl"/>
            <reference linenumber="-1" member="removeNamedItem" origin="org.eclipse.actf.model.dom.dombycom.impl.NamedNodeMapImpl.removeNamedItem(String)" signature="(Ljava/lang/String;)Lorg/w3c/dom/Node;" type="org.eclipse.actf.model.dom.dombycom.impl.NamedNodeMapImpl"/>
        <reference linenumber="-1" member="removeAttribute" origin="org.eclipse.actf.model.dom.dombycom.impl.html.ElementImpl.removeAttribute(String)" signature="(Ljava/lang/String;)V" type="org.eclipse.actf.model.dom.dombycom.impl.html.ElementImpl"/>
            <reference linenumber="-1" member="setSelectedIndices" origin="org.eclipse.actf.model.dom.dombycom.impl.html.SelectElementImpl.setSelectedIndices(int[])" signature="([I)V" type="org.eclipse.actf.model.dom.dombycom.impl.html.SelectElementImpl"/>
            <reference linenumber="-1" member="getElementsByTagName" origin="org.eclipse.actf.model.dom.dombycom.impl.html.ElementImpl.getElementsByTagName(String)" signature="(Ljava/lang/String;)Lorg/w3c/dom/NodeList;" type="org.eclipse.actf.model.dom.dombycom.impl.html.ElementImpl"/>
            <reference linenumber="-1" member="splitText" origin="org.eclipse.actf.model.dom.dombycom.impl.html.TextImpl.splitText(int)" signature="(I)Lorg/w3c/dom/Text;" type="org.eclipse.actf.model.dom.dombycom.impl.html.TextImpl"/>
            <reference linenumber="-1" member="getAttributeNode" origin="org.eclipse.actf.model.dom.dombycom.impl.html.ElementImpl.getAttributeNode(String)" signature="(Ljava/lang/String;)Lorg/w3c/dom/Attr;" type="org.eclipse.actf.model.dom.dombycom.impl.html.ElementImpl"/>
            <reference linenumber="-1" member="getElementsByTagName" origin="org.eclipse.actf.model.dom.dombycom.impl.html.FrameNodeImpl.getElementsByTagName(String)" signature="(Ljava/lang/String;)Lorg/w3c/dom/NodeList;" type="org.eclipse.actf.model.dom.dombycom.impl.html.FrameNodeImpl"/>
            <reference linenumber="-1" member="appendData" origin="org.eclipse.actf.model.dom.dombycom.impl.html.CharacterDataImpl.appendData(String)" signature="(Ljava/lang/String;)V" type="org.eclipse.actf.model.dom.dombycom.impl.html.CharacterDataImpl"/>
            <reference linenumber="-1" member="getAttribute" origin="org.eclipse.actf.model.dom.dombycom.impl.html.ElementImpl.getAttribute(String)" signature="(Ljava/lang/String;)Ljava/lang/String;" type="org.eclipse.actf.model.dom.dombycom.impl.html.ElementImpl"/>
            <reference linenumber="-1" member="getSelectedIndices" origin="org.eclipse.actf.model.dom.dombycom.impl.html.SelectElementImpl.getSelectedIndices()" signature="()[I" type="org.eclipse.actf.model.dom.dombycom.impl.html.SelectElementImpl"/>
            <reference linenumber="-1" member="removeAttributeNode" origin="org.eclipse.actf.model.dom.dombycom.impl.html.ElementImpl.removeAttributeNode(Attr)" signature="(Lorg/w3c/dom/Attr;)Lorg/w3c/dom/Attr;" type="org.eclipse.actf.model.dom.dombycom.impl.html.ElementImpl"/>
            <reference linenumber="-1" member="setAttributeNode" origin="org.eclipse.actf.model.dom.dombycom.impl.html.ElementImpl.setAttributeNode(Attr)" signature="(Lorg/w3c/dom/Attr;)Lorg/w3c/dom/Attr;" type="org.eclipse.actf.model.dom.dombycom.impl.html.ElementImpl"/>
            <reference linenumber="-1" member="createElement" origin="org.eclipse.actf.model.dom.dombycom.impl.html.HTMLElementFactory.createElement(DocumentImpl, IDispatch, String)" signature="(Lorg/eclipse/actf/model/dom/dombycom/impl/DocumentImpl;Lorg/eclipse/actf/util/win32/comclutch/IDispatch;Ljava/lang/String;)Lorg/w3c/dom/Element;" type="org.eclipse.actf.model.dom.dombycom.impl.html.HTMLElementFactory"/>
            <reference linenumber="-1" member="getOptionTextAt" origin="org.eclipse.actf.model.dom.dombycom.impl.html.SelectElementImpl.getOptionTextAt(int)" signature="(I)Ljava/lang/String;" type="org.eclipse.actf.model.dom.dombycom.impl.html.SelectElementImpl"/>
        <reference linenumber="-1" member="exec1" origin="org.eclipse.actf.model.dom.dombycom.impl.object.RPNodeImpl.exec1(String, Object)" signature="(Ljava/lang/String;Ljava/lang/Object;)Ljava/lang/Object;" type="org.eclipse.actf.model.dom.dombycom.impl.object.RPNodeImpl"/>
            <reference linenumber="-1" member="exec1" origin="org.eclipse.actf.model.dom.dombycom.impl.object.QTNodeImpl.exec1(String, Object)" signature="(Ljava/lang/String;Ljava/lang/Object;)Ljava/lang/Object;" type="org.eclipse.actf.model.dom.dombycom.impl.object.QTNodeImpl"/>
        </reference_kind>
    </target>
    <target member="next" name="org.eclipse.actf.util.win32.comclutch.IEnumUnknown.next(int)" signature="(I)[Lorg/eclipse/actf/util/win32/comclutch/IUnknown;" type="org.eclipse.actf.util.win32.comclutch.IEnumUnknown">
        <reference_kind flags="0" kind="512" reference_kind_name="INTERFACE_METHOD">
            <reference linenumber="-1" member="getElementsByIdInFrames" origin="org.eclipse.actf.model.dom.dombycom.impl.DocumentImpl.getElementsByIdInFrames(IDispatch, String)" signature="(Lorg/eclipse/actf/util/win32/comclutch/IDispatch;Ljava/lang/String;)Ljava/util/List;" type="org.eclipse.actf.model.dom.dombycom.impl.DocumentImpl"/>
        <reference linenumber="-1" member="getFrameByIndex" origin="org.eclipse.actf.model.dom.dombycom.impl.html.FrameNodeImpl.getFrameByIndex(IDispatch, int)" signature="(Lorg/eclipse/actf/util/win32/comclutch/IDispatch;I)Lorg/eclipse/actf/util/win32/comclutch/IDispatch;" type="org.eclipse.actf.model.dom.dombycom.impl.html.FrameNodeImpl"/>
        </reference_kind>
    </target>
    <target member="put" name="org.eclipse.actf.util.win32.comclutch.IDispatch.put(String, Object)" signature="(Ljava/lang/String;Ljava/lang/Object;)V" type="org.eclipse.actf.util.win32.comclutch.IDispatch">
        <reference_kind flags="0" kind="512" reference_kind_name="INTERFACE_METHOD">
            <reference linenumber="-1" member="put" origin="org.eclipse.actf.model.dom.dombycom.impl.Helper.put(IDispatch, String, Object)" signature="(Lorg/eclipse/actf/util/win32/comclutch/IDispatch;Ljava/lang/String;Ljava/lang/Object;)Z" type="org.eclipse.actf.model.dom.dombycom.impl.Helper"/>
        <reference linenumber="-1" member="putSettings" origin="org.eclipse.actf.model.dom.dombycom.impl.object.WMP64NodeImpl.putSettings(String, Object)" signature="(Ljava/lang/String;Ljava/lang/Object;)Z" type="org.eclipse.actf.model.dom.dombycom.impl.object.WMP64NodeImpl"/>
            <reference linenumber="-1" member="putSettings" origin="org.eclipse.actf.model.dom.dombycom.impl.object.WMPNodeImpl.putSettings(String, Object)" signature="(Ljava/lang/String;Ljava/lang/Object;)Z" type="org.eclipse.actf.model.dom.dombycom.impl.object.WMPNodeImpl"/>
        </reference_kind>
    </target>
<target member="isVisited" name="org.eclipse.actf.util.win32.comclutch.BrowserHistory.isVisited(String)" signature="(Ljava/lang/String;)Z" type="org.eclipse.actf.util.win32.comclutch.BrowserHistory">
        <reference_kind flags="0" kind="512" reference_kind_name="INTERFACE_METHOD">
            <reference linenumber="-1" member="isVisitedLink" origin="org.eclipse.actf.model.dom.dombycom.impl.html.HTMLTerms.isVisitedLink(IEvalTarget)" signature="(Lorg/eclipse/actf/util/vocab/IEvalTarget;)Z" type="org.eclipse.actf.model.dom.dombycom.impl.html.HTMLTerms"/>
        </reference_kind>
    </target>
    <target member="getBrowserHistory" name="org.eclipse.actf.util.win32.comclutch.ComPlugin.getBrowserHistory()" signature="()Lorg/eclipse/actf/util/win32/comclutch/BrowserHistory;" type="org.eclipse.actf.util.win32.comclutch.ComPlugin">
        <reference_kind flags="0" kind="256" reference_kind_name="VIRTUAL_METHOD">
            <reference linenumber="-1" member="isVisitedLink" origin="org.eclipse.actf.model.dom.dombycom.impl.html.HTMLTerms.isVisitedLink(IEvalTarget)" signature="(Lorg/eclipse/actf/util/vocab/IEvalTarget;)Z" type="org.eclipse.actf.model.dom.dombycom.impl.html.HTMLTerms"/>
        </reference_kind>
    </target>
</references>
