<?xml version="1.0" encoding="UTF-8" standalone="no"?>
<references name="Types" origin="org.eclipse.actf.model.dom.dombycom (0.7.2.R201002031025)" referee="org.eclipse.actf.util.win32.comclutch (0.7.2.R201002031025)" reference_count="142" reference_visibility="1">
    <target name="org.eclipse.actf.util.win32.comclutch.IDispatch" type="org.eclipse.actf.util.win32.comclutch.IDispatch">
        <reference_kind flags="0" kind="262144" reference_kind_name="CASTS">
            <reference linenumber="-1" member="getDocument" origin="org.eclipse.actf.model.dom.dombycom.DomByCom.getDocument()" signature="()Lorg/eclipse/actf/model/dom/dombycom/IDocumentEx;" type="org.eclipse.actf.model.dom.dombycom.DomByCom"/>
        <reference linenumber="-1" member="getElementById" origin="org.eclipse.actf.model.dom.dombycom.impl.DocumentImpl.getElementById(String)" signature="(Ljava/lang/String;)Lorg/w3c/dom/Element;" type="org.eclipse.actf.model.dom.dombycom.impl.DocumentImpl"/>
            <reference linenumber="-1" member="getNodeValue" origin="org.eclipse.actf.model.dom.dombycom.impl.NodeImpl.getNodeValue()" signature="()Ljava/lang/String;" type="org.eclipse.actf.model.dom.dombycom.impl.NodeImpl"/>
            <reference linenumber="-1" member="cloneNode" origin="org.eclipse.actf.model.dom.dombycom.impl.NodeImpl.cloneNode(boolean)" signature="(Z)Lorg/w3c/dom/Node;" type="org.eclipse.actf.model.dom.dombycom.impl.NodeImpl"/>
            <reference linenumber="-1" member="getNextSibling" origin="org.eclipse.actf.model.dom.dombycom.impl.NodeImpl.getNextSibling()" signature="()Lorg/w3c/dom/Node;" type="org.eclipse.actf.model.dom.dombycom.impl.NodeImpl"/>
            <reference linenumber="-1" member="removeChild" origin="org.eclipse.actf.model.dom.dombycom.impl.NodeImpl.removeChild(Node)" signature="(Lorg/w3c/dom/Node;)Lorg/w3c/dom/Node;" type="org.eclipse.actf.model.dom.dombycom.impl.NodeImpl"/>
            <reference linenumber="-1" member="getWindow" origin="org.eclipse.actf.model.dom.dombycom.impl.DocumentImpl.getWindow()" signature="()Lorg/eclipse/actf/util/win32/comclutch/IDispatch;" type="org.eclipse.actf.model.dom.dombycom.impl.DocumentImpl"/>
            <reference linenumber="-1" member="insertBefore" origin="org.eclipse.actf.model.dom.dombycom.impl.NodeImpl.insertBefore(Node, Node)" signature="(Lorg/w3c/dom/Node;Lorg/w3c/dom/Node;)Lorg/w3c/dom/Node;" type="org.eclipse.actf.model.dom.dombycom.impl.NodeImpl"/>
            <reference linenumber="-1" member="getLastChild" origin="org.eclipse.actf.model.dom.dombycom.impl.NodeImpl.getLastChild()" signature="()Lorg/w3c/dom/Node;" type="org.eclipse.actf.model.dom.dombycom.impl.NodeImpl"/>
            <reference linenumber="-1" member="getElementsByTagName" origin="org.eclipse.actf.model.dom.dombycom.impl.DocumentImpl.getElementsByTagName(String)" signature="(Ljava/lang/String;)Lorg/w3c/dom/NodeList;" type="org.eclipse.actf.model.dom.dombycom.impl.DocumentImpl"/>
            <reference linenumber="-1" member="getDocument" origin="org.eclipse.actf.model.dom.dombycom.impl.DocumentImpl.getDocument()" signature="()Lorg/eclipse/actf/util/win32/comclutch/IDispatch;" type="org.eclipse.actf.model.dom.dombycom.impl.DocumentImpl"/>
            <reference linenumber="-1" member="getText" origin="org.eclipse.actf.model.dom.dombycom.impl.NodeImpl.getText()" signature="()Ljava/lang/String;" type="org.eclipse.actf.model.dom.dombycom.impl.NodeImpl"/>
            <reference linenumber="-1" member="getPreviousSibling" origin="org.eclipse.actf.model.dom.dombycom.impl.NodeImpl.getPreviousSibling()" signature="()Lorg/w3c/dom/Node;" type="org.eclipse.actf.model.dom.dombycom.impl.NodeImpl"/>
            <reference linenumber="-1" member="getNamedItem" origin="org.eclipse.actf.model.dom.dombycom.impl.NamedNodeMapImpl.getNamedItem(String)" signature="(Ljava/lang/String;)Lorg/w3c/dom/Node;" type="org.eclipse.actf.model.dom.dombycom.impl.NamedNodeMapImpl"/>
            <reference linenumber="-1" member="getAttributes" origin="org.eclipse.actf.model.dom.dombycom.impl.NodeImpl.getAttributes()" signature="()Lorg/w3c/dom/NamedNodeMap;" type="org.eclipse.actf.model.dom.dombycom.impl.NodeImpl"/>
            <reference linenumber="-1" member="getOwnerElement" origin="org.eclipse.actf.model.dom.dombycom.impl.AttrImpl.getOwnerElement()" signature="()Lorg/w3c/dom/Element;" type="org.eclipse.actf.model.dom.dombycom.impl.AttrImpl"/>
            <reference linenumber="-1" member="getOffset" origin="org.eclipse.actf.model.dom.dombycom.impl.Helper.getOffset(IDispatch, Rectangle)" signature="(Lorg/eclipse/actf/util/win32/comclutch/IDispatch;Lorg/eclipse/swt/graphics/Rectangle;)V" type="org.eclipse.actf.model.dom.dombycom.impl.Helper"/>
            <reference linenumber="-1" member="getElementsByIdInFrames" origin="org.eclipse.actf.model.dom.dombycom.impl.DocumentImpl.getElementsByIdInFrames(IDispatch, String)" signature="(Lorg/eclipse/actf/util/win32/comclutch/IDispatch;Ljava/lang/String;)Ljava/util/List;" type="org.eclipse.actf.model.dom.dombycom.impl.DocumentImpl"/>
            <reference linenumber="-1" member="setNamedItem" origin="org.eclipse.actf.model.dom.dombycom.impl.NamedNodeMapImpl.setNamedItem(Node)" signature="(Lorg/w3c/dom/Node;)Lorg/w3c/dom/Node;" type="org.eclipse.actf.model.dom.dombycom.impl.NamedNodeMapImpl"/>
            <reference linenumber="-1" member="appendChild" origin="org.eclipse.actf.model.dom.dombycom.impl.NodeImpl.appendChild(Node)" signature="(Lorg/w3c/dom/Node;)Lorg/w3c/dom/Node;" type="org.eclipse.actf.model.dom.dombycom.impl.NodeImpl"/>
            <reference linenumber="-1" member="getNth" origin="org.eclipse.actf.model.dom.dombycom.impl.NodeImpl.getNth()" signature="()I" type="org.eclipse.actf.model.dom.dombycom.impl.NodeImpl"/>
            <reference linenumber="-1" member="getFirstChild" origin="org.eclipse.actf.model.dom.dombycom.impl.NodeImpl.getFirstChild()" signature="()Lorg/w3c/dom/Node;" type="org.eclipse.actf.model.dom.dombycom.impl.NodeImpl"/>
            <reference linenumber="-1" member="hasFrames" origin="org.eclipse.actf.model.dom.dombycom.impl.DocumentImpl.hasFrames(IDispatch)" signature="(Lorg/eclipse/actf/util/win32/comclutch/IDispatch;)Z" type="org.eclipse.actf.model.dom.dombycom.impl.DocumentImpl"/>
            <reference linenumber="-1" member="setText" origin="org.eclipse.actf.model.dom.dombycom.impl.NodeImpl.setText(String)" signature="(Ljava/lang/String;)V" type="org.eclipse.actf.model.dom.dombycom.impl.NodeImpl"/>
            <reference linenumber="-1" member="item" origin="org.eclipse.actf.model.dom.dombycom.impl.NodeListImpl.item(int)" signature="(I)Lorg/w3c/dom/Node;" type="org.eclipse.actf.model.dom.dombycom.impl.NodeListImpl"/>
            <reference linenumber="-1" member="createStyleSheet" origin="org.eclipse.actf.model.dom.dombycom.impl.DocumentImpl.createStyleSheet()" signature="()Lorg/eclipse/actf/model/dom/dombycom/impl/StyleSheetImpl;" type="org.eclipse.actf.model.dom.dombycom.impl.DocumentImpl"/>
            <reference linenumber="-1" member="hasAttributes" origin="org.eclipse.actf.model.dom.dombycom.impl.NodeImpl.hasAttributes()" signature="()Z" type="org.eclipse.actf.model.dom.dombycom.impl.NodeImpl"/>
            <reference linenumber="-1" member="removeNamedItem" origin="org.eclipse.actf.model.dom.dombycom.impl.NamedNodeMapImpl.removeNamedItem(String)" signature="(Ljava/lang/String;)Lorg/w3c/dom/Node;" type="org.eclipse.actf.model.dom.dombycom.impl.NamedNodeMapImpl"/>
            <reference linenumber="-1" member="item" origin="org.eclipse.actf.model.dom.dombycom.impl.NamedNodeMapImpl.item(int)" signature="(I)Lorg/w3c/dom/Node;" type="org.eclipse.actf.model.dom.dombycom.impl.NamedNodeMapImpl"/>
            <reference linenumber="-1" member="getParentNode" origin="org.eclipse.actf.model.dom.dombycom.impl.NodeImpl.getParentNode()" signature="()Lorg/w3c/dom/Node;" type="org.eclipse.actf.model.dom.dombycom.impl.NodeImpl"/>
            <reference linenumber="-1" member="replaceChild" origin="org.eclipse.actf.model.dom.dombycom.impl.NodeImpl.replaceChild(Node, Node)" signature="(Lorg/w3c/dom/Node;Lorg/w3c/dom/Node;)Lorg/w3c/dom/Node;" type="org.eclipse.actf.model.dom.dombycom.impl.NodeImpl"/>
            <reference linenumber="-1" member="getDocumentElement" origin="org.eclipse.actf.model.dom.dombycom.impl.DocumentImpl.getDocumentElement()" signature="()Lorg/w3c/dom/Element;" type="org.eclipse.actf.model.dom.dombycom.impl.DocumentImpl"/>
        <reference linenumber="-1" member="getOptionTextAt" origin="org.eclipse.actf.model.dom.dombycom.impl.html.SelectElementImpl.getOptionTextAt(int)" signature="(I)Ljava/lang/String;" type="org.eclipse.actf.model.dom.dombycom.impl.html.SelectElementImpl"/>
            <reference linenumber="-1" member="highlight" origin="org.eclipse.actf.model.dom.dombycom.impl.html.ElementImpl.highlight()" signature="()Z" type="org.eclipse.actf.model.dom.dombycom.impl.html.ElementImpl"/>
            <reference linenumber="-1" member="setAttributeNode" origin="org.eclipse.actf.model.dom.dombycom.impl.html.ElementImpl.setAttributeNode(Attr)" signature="(Lorg/w3c/dom/Attr;)Lorg/w3c/dom/Attr;" type="org.eclipse.actf.model.dom.dombycom.impl.html.ElementImpl"/>
            <reference linenumber="-1" member="splitText" origin="org.eclipse.actf.model.dom.dombycom.impl.html.TextImpl.splitText(int)" signature="(I)Lorg/w3c/dom/Text;" type="org.eclipse.actf.model.dom.dombycom.impl.html.TextImpl"/>
            <reference linenumber="-1" member="setSelectedIndices" origin="org.eclipse.actf.model.dom.dombycom.impl.html.SelectElementImpl.setSelectedIndices(int[])" signature="([I)V" type="org.eclipse.actf.model.dom.dombycom.impl.html.SelectElementImpl"/>
            <reference linenumber="-1" member="getSelectedIndices" origin="org.eclipse.actf.model.dom.dombycom.impl.html.SelectElementImpl.getSelectedIndices()" signature="()[I" type="org.eclipse.actf.model.dom.dombycom.impl.html.SelectElementImpl"/>
            <reference linenumber="-1" member="createElement" origin="org.eclipse.actf.model.dom.dombycom.impl.html.HTMLElementFactory.createElement(DocumentImpl, IDispatch, String)" signature="(Lorg/eclipse/actf/model/dom/dombycom/impl/DocumentImpl;Lorg/eclipse/actf/util/win32/comclutch/IDispatch;Ljava/lang/String;)Lorg/w3c/dom/Element;" type="org.eclipse.actf.model.dom.dombycom.impl.html.HTMLElementFactory"/>
            <reference linenumber="-1" member="getElementsByTagName" origin="org.eclipse.actf.model.dom.dombycom.impl.html.ElementImpl.getElementsByTagName(String)" signature="(Ljava/lang/String;)Lorg/w3c/dom/NodeList;" type="org.eclipse.actf.model.dom.dombycom.impl.html.ElementImpl"/>
            <reference linenumber="-1" member="getFrameRootElement" origin="org.eclipse.actf.model.dom.dombycom.impl.html.FrameNodeImpl.getFrameRootElement()" signature="()Lorg/w3c/dom/Element;" type="org.eclipse.actf.model.dom.dombycom.impl.html.FrameNodeImpl"/>
            <reference linenumber="-1" member="getAttribute" origin="org.eclipse.actf.model.dom.dombycom.impl.html.ElementImpl.getAttribute(String)" signature="(Ljava/lang/String;)Ljava/lang/String;" type="org.eclipse.actf.model.dom.dombycom.impl.html.ElementImpl"/>
            <reference linenumber="-1" member="getElementsByTagName" origin="org.eclipse.actf.model.dom.dombycom.impl.html.FrameNodeImpl.getElementsByTagName(String)" signature="(Ljava/lang/String;)Lorg/w3c/dom/NodeList;" type="org.eclipse.actf.model.dom.dombycom.impl.html.FrameNodeImpl"/>
            <reference linenumber="-1" member="getAttributeNode" origin="org.eclipse.actf.model.dom.dombycom.impl.html.ElementImpl.getAttributeNode(String)" signature="(Ljava/lang/String;)Lorg/w3c/dom/Attr;" type="org.eclipse.actf.model.dom.dombycom.impl.html.ElementImpl"/>
            <reference linenumber="-1" member="initialize" origin="org.eclipse.actf.model.dom.dombycom.impl.html.FrameNodeImpl.initialize(IDispatch)" signature="(Lorg/eclipse/actf/util/win32/comclutch/IDispatch;)V" type="org.eclipse.actf.model.dom.dombycom.impl.html.FrameNodeImpl"/>
            <reference linenumber="-1" member="getStyle" origin="org.eclipse.actf.model.dom.dombycom.impl.html.ElementImpl.getStyle()" signature="()Lorg/eclipse/actf/model/dom/dombycom/IStyle;" type="org.eclipse.actf.model.dom.dombycom.impl.html.ElementImpl"/>
            <reference linenumber="-1" member="removeAttributeNode" origin="org.eclipse.actf.model.dom.dombycom.impl.html.ElementImpl.removeAttributeNode(Attr)" signature="(Lorg/w3c/dom/Attr;)Lorg/w3c/dom/Attr;" type="org.eclipse.actf.model.dom.dombycom.impl.html.ElementImpl"/>
            <reference linenumber="-1" member="unhighlight" origin="org.eclipse.actf.model.dom.dombycom.impl.html.ElementImpl.unhighlight()" signature="()Z" type="org.eclipse.actf.model.dom.dombycom.impl.html.ElementImpl"/>
            <reference linenumber="-1" member="getFrameByIndex" origin="org.eclipse.actf.model.dom.dombycom.impl.html.FrameNodeImpl.getFrameByIndex(IDispatch, int)" signature="(Lorg/eclipse/actf/util/win32/comclutch/IDispatch;I)Lorg/eclipse/actf/util/win32/comclutch/IDispatch;" type="org.eclipse.actf.model.dom.dombycom.impl.html.FrameNodeImpl"/>
        <reference linenumber="-1" member="&lt;init&gt;" origin="org.eclipse.actf.model.dom.dombycom.impl.object.WMPNodeImpl.WMPNodeImpl(NodeImpl, IDispatch, IDispatch)" signature="(Lorg/eclipse/actf/model/dom/dombycom/impl/NodeImpl;Lorg/eclipse/actf/util/win32/comclutch/IDispatch;Lorg/eclipse/actf/util/win32/comclutch/IDispatch;)V" type="org.eclipse.actf.model.dom.dombycom.impl.object.WMPNodeImpl"/>
            <reference linenumber="-1" member="create" origin="org.eclipse.actf.model.dom.dombycom.impl.object.ObjectElementFactory.create(NodeImpl, IDispatch)" signature="(Lorg/eclipse/actf/model/dom/dombycom/impl/NodeImpl;Lorg/eclipse/actf/util/win32/comclutch/IDispatch;)Lorg/eclipse/actf/model/dom/dombycom/impl/NodeImpl;" type="org.eclipse.actf.model.dom.dombycom.impl.object.ObjectElementFactory"/>
        </reference_kind>
        <reference_kind flags="0" kind="4" reference_kind_name="DECLARED_FIELD">
            <reference linenumber="-1" member="iWebBrowser2" origin="org.eclipse.actf.model.dom.dombycom.DomByCom.iWebBrowser2" type="org.eclipse.actf.model.dom.dombycom.DomByCom"/>
        <reference linenumber="-1" member="inodeCollection" origin="org.eclipse.actf.model.dom.dombycom.impl.NodeListImpl.inodeCollection" type="org.eclipse.actf.model.dom.dombycom.impl.NodeListImpl"/>
            <reference linenumber="-1" member="idispatch" origin="org.eclipse.actf.model.dom.dombycom.impl.StyleSheetImpl.idispatch" type="org.eclipse.actf.model.dom.dombycom.impl.StyleSheetImpl"/>
            <reference linenumber="-1" member="inode" origin="org.eclipse.actf.model.dom.dombycom.impl.NodeImpl.inode" type="org.eclipse.actf.model.dom.dombycom.impl.NodeImpl"/>
            <reference linenumber="-1" member="htmlDocument" origin="org.eclipse.actf.model.dom.dombycom.impl.DocumentImpl.htmlDocument" type="org.eclipse.actf.model.dom.dombycom.impl.DocumentImpl"/>
            <reference linenumber="-1" member="style" origin="org.eclipse.actf.model.dom.dombycom.impl.StyleImpl.style" type="org.eclipse.actf.model.dom.dombycom.impl.StyleImpl"/>
            <reference linenumber="-1" member="attributes" origin="org.eclipse.actf.model.dom.dombycom.impl.NamedNodeMapImpl.attributes" type="org.eclipse.actf.model.dom.dombycom.impl.NamedNodeMapImpl"/>
        <reference linenumber="-1" member="settings" origin="org.eclipse.actf.model.dom.dombycom.impl.object.WMPNodeImpl.settings" type="org.eclipse.actf.model.dom.dombycom.impl.object.WMPNodeImpl"/>
            <reference linenumber="-1" member="controls" origin="org.eclipse.actf.model.dom.dombycom.impl.object.WMPNodeImpl.controls" type="org.eclipse.actf.model.dom.dombycom.impl.object.WMPNodeImpl"/>
        </reference_kind>
        <reference_kind flags="0" kind="16" reference_kind_name="PARAMETER">
            <reference linenumber="-1" member="createTopNode" origin="org.eclipse.actf.model.dom.dombycom.IObjectElementFactory.createTopNode(NodeImpl, IDispatch)" signature="(Lorg/eclipse/actf/model/dom/dombycom/impl/NodeImpl;Lorg/eclipse/actf/util/win32/comclutch/IDispatch;)Lorg/eclipse/actf/model/dom/dombycom/impl/NodeImpl;" type="org.eclipse.actf.model.dom.dombycom.IObjectElementFactory"/>
        <reference linenumber="-1" member="newNode" origin="org.eclipse.actf.model.dom.dombycom.impl.NodeImpl.newNode(IDispatch, short, NodeImpl)" signature="(Lorg/eclipse/actf/util/win32/comclutch/IDispatch;SLorg/eclipse/actf/model/dom/dombycom/impl/NodeImpl;)Lorg/eclipse/actf/model/dom/dombycom/impl/NodeImpl;" type="org.eclipse.actf.model.dom.dombycom.impl.NodeImpl"/>
            <reference linenumber="-1" member="newNode" origin="org.eclipse.actf.model.dom.dombycom.impl.NodeImpl.newNode(IDispatch)" signature="(Lorg/eclipse/actf/util/win32/comclutch/IDispatch;)Lorg/eclipse/actf/model/dom/dombycom/impl/NodeImpl;" type="org.eclipse.actf.model.dom.dombycom.impl.NodeImpl"/>
            <reference linenumber="-1" member="newNode" origin="org.eclipse.actf.model.dom.dombycom.impl.NodeImpl.newNode(IDispatch, short)" signature="(Lorg/eclipse/actf/util/win32/comclutch/IDispatch;S)Lorg/eclipse/actf/model/dom/dombycom/impl/NodeImpl;" type="org.eclipse.actf.model.dom.dombycom.impl.NodeImpl"/>
            <reference linenumber="-1" member="hasFrames" origin="org.eclipse.actf.model.dom.dombycom.impl.DocumentImpl.hasFrames(IDispatch)" signature="(Lorg/eclipse/actf/util/win32/comclutch/IDispatch;)Z" type="org.eclipse.actf.model.dom.dombycom.impl.DocumentImpl"/>
            <reference linenumber="-1" member="newNodeByType" origin="org.eclipse.actf.model.dom.dombycom.impl.NodeImpl.newNodeByType(IDispatch, short)" signature="(Lorg/eclipse/actf/util/win32/comclutch/IDispatch;S)Lorg/eclipse/actf/model/dom/dombycom/impl/NodeImpl;" type="org.eclipse.actf.model.dom.dombycom.impl.NodeImpl"/>
            <reference linenumber="-1" member="&lt;init&gt;" origin="org.eclipse.actf.model.dom.dombycom.impl.StyleImpl.StyleImpl(IDispatch)" signature="(Lorg/eclipse/actf/util/win32/comclutch/IDispatch;)V" type="org.eclipse.actf.model.dom.dombycom.impl.StyleImpl"/>
            <reference linenumber="-1" member="getOffset" origin="org.eclipse.actf.model.dom.dombycom.impl.Helper.getOffset(IDispatch, Rectangle)" signature="(Lorg/eclipse/actf/util/win32/comclutch/IDispatch;Lorg/eclipse/swt/graphics/Rectangle;)V" type="org.eclipse.actf.model.dom.dombycom.impl.Helper"/>
            <reference linenumber="-1" member="&lt;init&gt;" origin="org.eclipse.actf.model.dom.dombycom.impl.AttrImpl.AttrImpl(NodeImpl, IDispatch)" signature="(Lorg/eclipse/actf/model/dom/dombycom/impl/NodeImpl;Lorg/eclipse/actf/util/win32/comclutch/IDispatch;)V" type="org.eclipse.actf.model.dom.dombycom.impl.AttrImpl"/>
            <reference linenumber="-1" member="&lt;init&gt;" origin="org.eclipse.actf.model.dom.dombycom.impl.StyleSheetImpl.StyleSheetImpl(IDispatch)" signature="(Lorg/eclipse/actf/util/win32/comclutch/IDispatch;)V" type="org.eclipse.actf.model.dom.dombycom.impl.StyleSheetImpl"/>
            <reference linenumber="-1" member="hasProperty" origin="org.eclipse.actf.model.dom.dombycom.impl.Helper.hasProperty(IDispatch, String)" signature="(Lorg/eclipse/actf/util/win32/comclutch/IDispatch;Ljava/lang/String;)Z" type="org.eclipse.actf.model.dom.dombycom.impl.Helper"/>
            <reference linenumber="-1" member="getLocation" origin="org.eclipse.actf.model.dom.dombycom.impl.Helper.getLocation(IDispatch)" signature="(Lorg/eclipse/actf/util/win32/comclutch/IDispatch;)Lorg/eclipse/swt/graphics/Rectangle;" type="org.eclipse.actf.model.dom.dombycom.impl.Helper"/>
            <reference linenumber="-1" member="get" origin="org.eclipse.actf.model.dom.dombycom.impl.Helper.get(IDispatch, String)" signature="(Lorg/eclipse/actf/util/win32/comclutch/IDispatch;Ljava/lang/String;)Ljava/lang/Object;" type="org.eclipse.actf.model.dom.dombycom.impl.Helper"/>
            <reference linenumber="-1" member="&lt;init&gt;" origin="org.eclipse.actf.model.dom.dombycom.impl.NodeListImpl.NodeListImpl(NodeImpl, IDispatch)" signature="(Lorg/eclipse/actf/model/dom/dombycom/impl/NodeImpl;Lorg/eclipse/actf/util/win32/comclutch/IDispatch;)V" type="org.eclipse.actf.model.dom.dombycom.impl.NodeListImpl"/>
            <reference linenumber="-1" member="&lt;init&gt;" origin="org.eclipse.actf.model.dom.dombycom.impl.DocumentImpl.DocumentImpl(IDispatch)" signature="(Lorg/eclipse/actf/util/win32/comclutch/IDispatch;)V" type="org.eclipse.actf.model.dom.dombycom.impl.DocumentImpl"/>
            <reference linenumber="-1" member="getUniqueName" origin="org.eclipse.actf.model.dom.dombycom.impl.NodeImpl.getUniqueName(IDispatch)" signature="(Lorg/eclipse/actf/util/win32/comclutch/IDispatch;)Ljava/lang/String;" type="org.eclipse.actf.model.dom.dombycom.impl.NodeImpl"/>
            <reference linenumber="-1" member="&lt;init&gt;" origin="org.eclipse.actf.model.dom.dombycom.impl.NamedNodeMapImpl.NamedNodeMapImpl(NodeImpl, IDispatch)" signature="(Lorg/eclipse/actf/model/dom/dombycom/impl/NodeImpl;Lorg/eclipse/actf/util/win32/comclutch/IDispatch;)V" type="org.eclipse.actf.model.dom.dombycom.impl.NamedNodeMapImpl"/>
            <reference linenumber="-1" member="getElementsByIdInFrames" origin="org.eclipse.actf.model.dom.dombycom.impl.DocumentImpl.getElementsByIdInFrames(IDispatch, String)" signature="(Lorg/eclipse/actf/util/win32/comclutch/IDispatch;Ljava/lang/String;)Ljava/util/List;" type="org.eclipse.actf.model.dom.dombycom.impl.DocumentImpl"/>
            <reference linenumber="-1" member="put" origin="org.eclipse.actf.model.dom.dombycom.impl.Helper.put(IDispatch, String, Object)" signature="(Lorg/eclipse/actf/util/win32/comclutch/IDispatch;Ljava/lang/String;Ljava/lang/Object;)Z" type="org.eclipse.actf.model.dom.dombycom.impl.Helper"/>
            <reference linenumber="-1" member="&lt;init&gt;" origin="org.eclipse.actf.model.dom.dombycom.impl.NodeImpl.NodeImpl(IDispatch)" signature="(Lorg/eclipse/actf/util/win32/comclutch/IDispatch;)V" type="org.eclipse.actf.model.dom.dombycom.impl.NodeImpl"/>
            <reference linenumber="-1" member="&lt;init&gt;" origin="org.eclipse.actf.model.dom.dombycom.impl.NodeImpl.NodeImpl(NodeImpl, IDispatch, short)" signature="(Lorg/eclipse/actf/model/dom/dombycom/impl/NodeImpl;Lorg/eclipse/actf/util/win32/comclutch/IDispatch;S)V" type="org.eclipse.actf.model.dom.dombycom.impl.NodeImpl"/>
        <reference linenumber="-1" member="&lt;init&gt;" origin="org.eclipse.actf.model.dom.dombycom.impl.html.CharacterDataImpl.CharacterDataImpl(NodeImpl, IDispatch, short)" signature="(Lorg/eclipse/actf/model/dom/dombycom/impl/NodeImpl;Lorg/eclipse/actf/util/win32/comclutch/IDispatch;S)V" type="org.eclipse.actf.model.dom.dombycom.impl.html.CharacterDataImpl"/>
            <reference linenumber="-1" member="createElement" origin="org.eclipse.actf.model.dom.dombycom.impl.html.HTMLElementFactory.createElement(DocumentImpl, IDispatch, String)" signature="(Lorg/eclipse/actf/model/dom/dombycom/impl/DocumentImpl;Lorg/eclipse/actf/util/win32/comclutch/IDispatch;Ljava/lang/String;)Lorg/w3c/dom/Element;" type="org.eclipse.actf.model.dom.dombycom.impl.html.HTMLElementFactory"/>
            <reference linenumber="-1" member="getFrameByIndex" origin="org.eclipse.actf.model.dom.dombycom.impl.html.FrameNodeImpl.getFrameByIndex(IDispatch, int)" signature="(Lorg/eclipse/actf/util/win32/comclutch/IDispatch;I)Lorg/eclipse/actf/util/win32/comclutch/IDispatch;" type="org.eclipse.actf.model.dom.dombycom.impl.html.FrameNodeImpl"/>
            <reference linenumber="-1" member="initialize" origin="org.eclipse.actf.model.dom.dombycom.impl.html.FrameNodeImpl.initialize(IDispatch)" signature="(Lorg/eclipse/actf/util/win32/comclutch/IDispatch;)V" type="org.eclipse.actf.model.dom.dombycom.impl.html.FrameNodeImpl"/>
            <reference linenumber="-1" member="create" origin="org.eclipse.actf.model.dom.dombycom.impl.html.HTMLElementFactory.create(NodeImpl, IDispatch, String)" signature="(Lorg/eclipse/actf/model/dom/dombycom/impl/NodeImpl;Lorg/eclipse/actf/util/win32/comclutch/IDispatch;Ljava/lang/String;)Lorg/eclipse/actf/model/dom/dombycom/impl/NodeImpl;" type="org.eclipse.actf.model.dom.dombycom.impl.html.HTMLElementFactory"/>
            <reference linenumber="-1" member="&lt;init&gt;" origin="org.eclipse.actf.model.dom.dombycom.impl.html.SelectElementImpl.SelectElementImpl(NodeImpl, IDispatch)" signature="(Lorg/eclipse/actf/model/dom/dombycom/impl/NodeImpl;Lorg/eclipse/actf/util/win32/comclutch/IDispatch;)V" type="org.eclipse.actf.model.dom.dombycom.impl.html.SelectElementImpl"/>
            <reference linenumber="-1" member="&lt;init&gt;" origin="org.eclipse.actf.model.dom.dombycom.impl.html.ImageElementImpl.ImageElementImpl(NodeImpl, IDispatch)" signature="(Lorg/eclipse/actf/model/dom/dombycom/impl/NodeImpl;Lorg/eclipse/actf/util/win32/comclutch/IDispatch;)V" type="org.eclipse.actf.model.dom.dombycom.impl.html.ImageElementImpl"/>
            <reference linenumber="-1" member="&lt;init&gt;" origin="org.eclipse.actf.model.dom.dombycom.impl.html.TitleElementImpl.TitleElementImpl(DocumentImpl, IDispatch)" signature="(Lorg/eclipse/actf/model/dom/dombycom/impl/DocumentImpl;Lorg/eclipse/actf/util/win32/comclutch/IDispatch;)V" type="org.eclipse.actf.model.dom.dombycom.impl.html.TitleElementImpl"/>
            <reference linenumber="-1" member="&lt;init&gt;" origin="org.eclipse.actf.model.dom.dombycom.impl.html.TitleElementImpl.TitleElementImpl(NodeImpl, IDispatch)" signature="(Lorg/eclipse/actf/model/dom/dombycom/impl/NodeImpl;Lorg/eclipse/actf/util/win32/comclutch/IDispatch;)V" type="org.eclipse.actf.model.dom.dombycom.impl.html.TitleElementImpl"/>
            <reference linenumber="-1" member="&lt;init&gt;" origin="org.eclipse.actf.model.dom.dombycom.impl.html.HTMLElementImpl.HTMLElementImpl(DocumentImpl, IDispatch)" signature="(Lorg/eclipse/actf/model/dom/dombycom/impl/DocumentImpl;Lorg/eclipse/actf/util/win32/comclutch/IDispatch;)V" type="org.eclipse.actf.model.dom.dombycom.impl.html.HTMLElementImpl"/>
            <reference linenumber="-1" member="&lt;init&gt;" origin="org.eclipse.actf.model.dom.dombycom.impl.html.HTMLElementImpl.HTMLElementImpl(NodeImpl, IDispatch)" signature="(Lorg/eclipse/actf/model/dom/dombycom/impl/NodeImpl;Lorg/eclipse/actf/util/win32/comclutch/IDispatch;)V" type="org.eclipse.actf.model.dom.dombycom.impl.html.HTMLElementImpl"/>
            <reference linenumber="-1" member="&lt;init&gt;" origin="org.eclipse.actf.model.dom.dombycom.impl.html.FrameNodeImpl.FrameNodeImpl(NodeImpl, IDispatch)" signature="(Lorg/eclipse/actf/model/dom/dombycom/impl/NodeImpl;Lorg/eclipse/actf/util/win32/comclutch/IDispatch;)V" type="org.eclipse.actf.model.dom.dombycom.impl.html.FrameNodeImpl"/>
            <reference linenumber="-1" member="&lt;init&gt;" origin="org.eclipse.actf.model.dom.dombycom.impl.html.ElementImpl.ElementImpl(DocumentImpl, IDispatch)" signature="(Lorg/eclipse/actf/model/dom/dombycom/impl/DocumentImpl;Lorg/eclipse/actf/util/win32/comclutch/IDispatch;)V" type="org.eclipse.actf.model.dom.dombycom.impl.html.ElementImpl"/>
            <reference linenumber="-1" member="&lt;init&gt;" origin="org.eclipse.actf.model.dom.dombycom.impl.html.ElementImpl.ElementImpl(NodeImpl, IDispatch)" signature="(Lorg/eclipse/actf/model/dom/dombycom/impl/NodeImpl;Lorg/eclipse/actf/util/win32/comclutch/IDispatch;)V" type="org.eclipse.actf.model.dom.dombycom.impl.html.ElementImpl"/>
            <reference linenumber="-1" member="&lt;init&gt;" origin="org.eclipse.actf.model.dom.dombycom.impl.html.TextImpl.TextImpl(NodeImpl, IDispatch)" signature="(Lorg/eclipse/actf/model/dom/dombycom/impl/NodeImpl;Lorg/eclipse/actf/util/win32/comclutch/IDispatch;)V" type="org.eclipse.actf.model.dom.dombycom.impl.html.TextImpl"/>
        <reference linenumber="-1" member="&lt;init&gt;" origin="org.eclipse.actf.model.dom.dombycom.impl.object.QTNodeImpl.QTNodeImpl(NodeImpl, IDispatch)" signature="(Lorg/eclipse/actf/model/dom/dombycom/impl/NodeImpl;Lorg/eclipse/actf/util/win32/comclutch/IDispatch;)V" type="org.eclipse.actf.model.dom.dombycom.impl.object.QTNodeImpl"/>
            <reference linenumber="-1" member="&lt;init&gt;" origin="org.eclipse.actf.model.dom.dombycom.impl.object.WMP64NodeImpl.WMP64NodeImpl(NodeImpl, IDispatch)" signature="(Lorg/eclipse/actf/model/dom/dombycom/impl/NodeImpl;Lorg/eclipse/actf/util/win32/comclutch/IDispatch;)V" type="org.eclipse.actf.model.dom.dombycom.impl.object.WMP64NodeImpl"/>
            <reference linenumber="-1" member="&lt;init&gt;" origin="org.eclipse.actf.model.dom.dombycom.impl.object.WMPNodeImpl.WMPNodeImpl(NodeImpl, IDispatch, IDispatch)" signature="(Lorg/eclipse/actf/model/dom/dombycom/impl/NodeImpl;Lorg/eclipse/actf/util/win32/comclutch/IDispatch;Lorg/eclipse/actf/util/win32/comclutch/IDispatch;)V" type="org.eclipse.actf.model.dom.dombycom.impl.object.WMPNodeImpl"/>
            <reference linenumber="-1" member="create" origin="org.eclipse.actf.model.dom.dombycom.impl.object.ObjectElementFactory.create(NodeImpl, IDispatch)" signature="(Lorg/eclipse/actf/model/dom/dombycom/impl/NodeImpl;Lorg/eclipse/actf/util/win32/comclutch/IDispatch;)Lorg/eclipse/actf/model/dom/dombycom/impl/NodeImpl;" type="org.eclipse.actf.model.dom.dombycom.impl.object.ObjectElementFactory"/>
            <reference linenumber="-1" member="&lt;init&gt;" origin="org.eclipse.actf.model.dom.dombycom.impl.object.RPNodeImpl.RPNodeImpl(NodeImpl, IDispatch)" signature="(Lorg/eclipse/actf/model/dom/dombycom/impl/NodeImpl;Lorg/eclipse/actf/util/win32/comclutch/IDispatch;)V" type="org.eclipse.actf.model.dom.dombycom.impl.object.RPNodeImpl"/>
            <reference linenumber="-1" member="&lt;init&gt;" origin="org.eclipse.actf.model.dom.dombycom.impl.object.MediaObjectImpl.MediaObjectImpl(NodeImpl, IDispatch)" signature="(Lorg/eclipse/actf/model/dom/dombycom/impl/NodeImpl;Lorg/eclipse/actf/util/win32/comclutch/IDispatch;)V" type="org.eclipse.actf.model.dom.dombycom.impl.object.MediaObjectImpl"/>
        </reference_kind>
    <reference_kind flags="0" kind="8" reference_kind_name="RETURN_TYPE">
            <reference linenumber="-1" member="getINode" origin="org.eclipse.actf.model.dom.dombycom.impl.NodeImpl.getINode()" signature="()Lorg/eclipse/actf/util/win32/comclutch/IDispatch;" type="org.eclipse.actf.model.dom.dombycom.impl.NodeImpl"/>
            <reference linenumber="-1" member="getDocument" origin="org.eclipse.actf.model.dom.dombycom.impl.DocumentImpl.getDocument()" signature="()Lorg/eclipse/actf/util/win32/comclutch/IDispatch;" type="org.eclipse.actf.model.dom.dombycom.impl.DocumentImpl"/>
            <reference linenumber="-1" member="getWindow" origin="org.eclipse.actf.model.dom.dombycom.impl.DocumentImpl.getWindow()" signature="()Lorg/eclipse/actf/util/win32/comclutch/IDispatch;" type="org.eclipse.actf.model.dom.dombycom.impl.DocumentImpl"/>
            <reference linenumber="-1" member="getIDispatch" origin="org.eclipse.actf.model.dom.dombycom.impl.NodeImpl.getIDispatch()" signature="()Lorg/eclipse/actf/util/win32/comclutch/IDispatch;" type="org.eclipse.actf.model.dom.dombycom.impl.NodeImpl"/>
        <reference linenumber="-1" member="getFrameByIndex" origin="org.eclipse.actf.model.dom.dombycom.impl.html.FrameNodeImpl.getFrameByIndex(IDispatch, int)" signature="(Lorg/eclipse/actf/util/win32/comclutch/IDispatch;I)Lorg/eclipse/actf/util/win32/comclutch/IDispatch;" type="org.eclipse.actf.model.dom.dombycom.impl.html.FrameNodeImpl"/>
        </reference_kind>
        <reference_kind flags="0" kind="524288" reference_kind_name="INSTANCEOF">
            <reference linenumber="-1" member="getNodeValue" origin="org.eclipse.actf.model.dom.dombycom.impl.NodeImpl.getNodeValue()" signature="()Ljava/lang/String;" type="org.eclipse.actf.model.dom.dombycom.impl.NodeImpl"/>
        <reference linenumber="-1" member="&lt;init&gt;" origin="org.eclipse.actf.model.dom.dombycom.impl.object.WMPNodeImpl.WMPNodeImpl(NodeImpl, IDispatch, IDispatch)" signature="(Lorg/eclipse/actf/model/dom/dombycom/impl/NodeImpl;Lorg/eclipse/actf/util/win32/comclutch/IDispatch;Lorg/eclipse/actf/util/win32/comclutch/IDispatch;)V" type="org.eclipse.actf.model.dom.dombycom.impl.object.WMPNodeImpl"/>
            <reference linenumber="-1" member="create" origin="org.eclipse.actf.model.dom.dombycom.impl.object.ObjectElementFactory.create(NodeImpl, IDispatch)" signature="(Lorg/eclipse/actf/model/dom/dombycom/impl/NodeImpl;Lorg/eclipse/actf/util/win32/comclutch/IDispatch;)Lorg/eclipse/actf/model/dom/dombycom/impl/NodeImpl;" type="org.eclipse.actf.model.dom.dombycom.impl.object.ObjectElementFactory"/>
        </reference_kind>
    </target>
    <target name="org.eclipse.actf.util.win32.comclutch.ResourceManager" type="org.eclipse.actf.util.win32.comclutch.ResourceManager">
        <reference_kind flags="0" kind="4" reference_kind_name="DECLARED_FIELD">
            <reference linenumber="-1" member="resourceManager" origin="org.eclipse.actf.model.dom.dombycom.DomByCom.resourceManager" type="org.eclipse.actf.model.dom.dombycom.DomByCom"/>
        </reference_kind>
    </target>
<target name="org.eclipse.actf.util.win32.comclutch.IOleContainer" type="org.eclipse.actf.util.win32.comclutch.IOleContainer">
        <reference_kind flags="0" kind="262144" reference_kind_name="CASTS">
            <reference linenumber="-1" member="getElementsByIdInFrames" origin="org.eclipse.actf.model.dom.dombycom.impl.DocumentImpl.getElementsByIdInFrames(IDispatch, String)" signature="(Lorg/eclipse/actf/util/win32/comclutch/IDispatch;Ljava/lang/String;)Ljava/util/List;" type="org.eclipse.actf.model.dom.dombycom.impl.DocumentImpl"/>
        <reference linenumber="-1" member="getFrameByIndex" origin="org.eclipse.actf.model.dom.dombycom.impl.html.FrameNodeImpl.getFrameByIndex(IDispatch, int)" signature="(Lorg/eclipse/actf/util/win32/comclutch/IDispatch;I)Lorg/eclipse/actf/util/win32/comclutch/IDispatch;" type="org.eclipse.actf.model.dom.dombycom.impl.html.FrameNodeImpl"/>
        </reference_kind>
    </target>
    <target name="org.eclipse.actf.util.win32.comclutch.DispatchException" type="org.eclipse.actf.util.win32.comclutch.DispatchException">
        <reference_kind flags="0" kind="131072" reference_kind_name="CATCHES_EXCEPTION">
            <reference linenumber="-1" member="get" origin="org.eclipse.actf.model.dom.dombycom.impl.Helper.get(IDispatch, String)" signature="(Lorg/eclipse/actf/util/win32/comclutch/IDispatch;Ljava/lang/String;)Ljava/lang/Object;" type="org.eclipse.actf.model.dom.dombycom.impl.Helper"/>
            <reference linenumber="-1" member="hasProperty" origin="org.eclipse.actf.model.dom.dombycom.impl.Helper.hasProperty(IDispatch, String)" signature="(Lorg/eclipse/actf/util/win32/comclutch/IDispatch;Ljava/lang/String;)Z" type="org.eclipse.actf.model.dom.dombycom.impl.Helper"/>
            <reference linenumber="-1" member="getNamedItem" origin="org.eclipse.actf.model.dom.dombycom.impl.NamedNodeMapImpl.getNamedItem(String)" signature="(Ljava/lang/String;)Lorg/w3c/dom/Node;" type="org.eclipse.actf.model.dom.dombycom.impl.NamedNodeMapImpl"/>
            <reference linenumber="-1" member="removeNamedItem" origin="org.eclipse.actf.model.dom.dombycom.impl.NamedNodeMapImpl.removeNamedItem(String)" signature="(Ljava/lang/String;)Lorg/w3c/dom/Node;" type="org.eclipse.actf.model.dom.dombycom.impl.NamedNodeMapImpl"/>
            <reference linenumber="-1" member="put" origin="org.eclipse.actf.model.dom.dombycom.impl.Helper.put(IDispatch, String, Object)" signature="(Lorg/eclipse/actf/util/win32/comclutch/IDispatch;Ljava/lang/String;Ljava/lang/Object;)Z" type="org.eclipse.actf.model.dom.dombycom.impl.Helper"/>
            <reference linenumber="-1" member="item" origin="org.eclipse.actf.model.dom.dombycom.impl.NamedNodeMapImpl.item(int)" signature="(I)Lorg/w3c/dom/Node;" type="org.eclipse.actf.model.dom.dombycom.impl.NamedNodeMapImpl"/>
            <reference linenumber="-1" member="item" origin="org.eclipse.actf.model.dom.dombycom.impl.NodeListImpl.item(int)" signature="(I)Lorg/w3c/dom/Node;" type="org.eclipse.actf.model.dom.dombycom.impl.NodeListImpl"/>
            <reference linenumber="-1" member="createStyleSheet" origin="org.eclipse.actf.model.dom.dombycom.impl.DocumentImpl.createStyleSheet()" signature="()Lorg/eclipse/actf/model/dom/dombycom/impl/StyleSheetImpl;" type="org.eclipse.actf.model.dom.dombycom.impl.DocumentImpl"/>
            <reference linenumber="-1" member="setNamedItem" origin="org.eclipse.actf.model.dom.dombycom.impl.NamedNodeMapImpl.setNamedItem(Node)" signature="(Lorg/w3c/dom/Node;)Lorg/w3c/dom/Node;" type="org.eclipse.actf.model.dom.dombycom.impl.NamedNodeMapImpl"/>
            <reference linenumber="-1" member="getElementsByIdInFrames" origin="org.eclipse.actf.model.dom.dombycom.impl.DocumentImpl.getElementsByIdInFrames(IDispatch, String)" signature="(Lorg/eclipse/actf/util/win32/comclutch/IDispatch;Ljava/lang/String;)Ljava/util/List;" type="org.eclipse.actf.model.dom.dombycom.impl.DocumentImpl"/>
        <reference linenumber="-1" member="create" origin="org.eclipse.actf.model.dom.dombycom.impl.html.HTMLElementFactory.create(NodeImpl, IDispatch, String)" signature="(Lorg/eclipse/actf/model/dom/dombycom/impl/NodeImpl;Lorg/eclipse/actf/util/win32/comclutch/IDispatch;Ljava/lang/String;)Lorg/eclipse/actf/model/dom/dombycom/impl/NodeImpl;" type="org.eclipse.actf.model.dom.dombycom.impl.html.HTMLElementFactory"/>
            <reference linenumber="-1" member="setFocus" origin="org.eclipse.actf.model.dom.dombycom.impl.html.ElementImpl.setFocus()" signature="()Z" type="org.eclipse.actf.model.dom.dombycom.impl.html.ElementImpl"/>
            <reference linenumber="-1" member="splitText" origin="org.eclipse.actf.model.dom.dombycom.impl.html.TextImpl.splitText(int)" signature="(I)Lorg/w3c/dom/Text;" type="org.eclipse.actf.model.dom.dombycom.impl.html.TextImpl"/>
            <reference linenumber="-1" member="initialize" origin="org.eclipse.actf.model.dom.dombycom.impl.html.FrameNodeImpl.initialize(IDispatch)" signature="(Lorg/eclipse/actf/util/win32/comclutch/IDispatch;)V" type="org.eclipse.actf.model.dom.dombycom.impl.html.FrameNodeImpl"/>
            <reference linenumber="-1" member="doClick" origin="org.eclipse.actf.model.dom.dombycom.impl.html.ElementImpl.doClick()" signature="()Z" type="org.eclipse.actf.model.dom.dombycom.impl.html.ElementImpl"/>
            <reference linenumber="-1" member="unhighlight" origin="org.eclipse.actf.model.dom.dombycom.impl.html.ElementImpl.unhighlight()" signature="()Z" type="org.eclipse.actf.model.dom.dombycom.impl.html.ElementImpl"/>
            <reference linenumber="-1" member="createElement" origin="org.eclipse.actf.model.dom.dombycom.impl.html.HTMLElementFactory.createElement(DocumentImpl, IDispatch, String)" signature="(Lorg/eclipse/actf/model/dom/dombycom/impl/DocumentImpl;Lorg/eclipse/actf/util/win32/comclutch/IDispatch;Ljava/lang/String;)Lorg/w3c/dom/Element;" type="org.eclipse.actf.model.dom.dombycom.impl.html.HTMLElementFactory"/>
            <reference linenumber="-1" member="getFrameByIndex" origin="org.eclipse.actf.model.dom.dombycom.impl.html.FrameNodeImpl.getFrameByIndex(IDispatch, int)" signature="(Lorg/eclipse/actf/util/win32/comclutch/IDispatch;I)Lorg/eclipse/actf/util/win32/comclutch/IDispatch;" type="org.eclipse.actf.model.dom.dombycom.impl.html.FrameNodeImpl"/>
            <reference linenumber="-1" member="setTextContent" origin="org.eclipse.actf.model.dom.dombycom.impl.html.ElementImpl.setTextContent(String)" signature="(Ljava/lang/String;)V" type="org.eclipse.actf.model.dom.dombycom.impl.html.ElementImpl"/>
            <reference linenumber="-1" member="highlight" origin="org.eclipse.actf.model.dom.dombycom.impl.html.ElementImpl.highlight()" signature="()Z" type="org.eclipse.actf.model.dom.dombycom.impl.html.ElementImpl"/>
        <reference linenumber="-1" member="execControls" origin="org.eclipse.actf.model.dom.dombycom.impl.object.WMPNodeImpl.execControls(String)" signature="(Ljava/lang/String;)Z" type="org.eclipse.actf.model.dom.dombycom.impl.object.WMPNodeImpl"/>
            <reference linenumber="-1" member="execControls" origin="org.eclipse.actf.model.dom.dombycom.impl.object.WMP64NodeImpl.execControls(String)" signature="(Ljava/lang/String;)Z" type="org.eclipse.actf.model.dom.dombycom.impl.object.WMP64NodeImpl"/>
            <reference linenumber="-1" member="exec1" origin="org.eclipse.actf.model.dom.dombycom.impl.object.RPNodeImpl.exec1(String, Object)" signature="(Ljava/lang/String;Ljava/lang/Object;)Ljava/lang/Object;" type="org.eclipse.actf.model.dom.dombycom.impl.object.RPNodeImpl"/>
            <reference linenumber="-1" member="create" origin="org.eclipse.actf.model.dom.dombycom.impl.object.ObjectElementFactory.create(NodeImpl, IDispatch)" signature="(Lorg/eclipse/actf/model/dom/dombycom/impl/NodeImpl;Lorg/eclipse/actf/util/win32/comclutch/IDispatch;)Lorg/eclipse/actf/model/dom/dombycom/impl/NodeImpl;" type="org.eclipse.actf.model.dom.dombycom.impl.object.ObjectElementFactory"/>
            <reference linenumber="-1" member="putSettings" origin="org.eclipse.actf.model.dom.dombycom.impl.object.WMPNodeImpl.putSettings(String, Object)" signature="(Ljava/lang/String;Ljava/lang/Object;)Z" type="org.eclipse.actf.model.dom.dombycom.impl.object.WMPNodeImpl"/>
            <reference linenumber="-1" member="exec1" origin="org.eclipse.actf.model.dom.dombycom.impl.object.QTNodeImpl.exec1(String, Object)" signature="(Ljava/lang/String;Ljava/lang/Object;)Ljava/lang/Object;" type="org.eclipse.actf.model.dom.dombycom.impl.object.QTNodeImpl"/>
            <reference linenumber="-1" member="exec0" origin="org.eclipse.actf.model.dom.dombycom.impl.object.QTNodeImpl.exec0(String)" signature="(Ljava/lang/String;)Ljava/lang/Object;" type="org.eclipse.actf.model.dom.dombycom.impl.object.QTNodeImpl"/>
            <reference linenumber="-1" member="putSettings" origin="org.eclipse.actf.model.dom.dombycom.impl.object.WMP64NodeImpl.putSettings(String, Object)" signature="(Ljava/lang/String;Ljava/lang/Object;)Z" type="org.eclipse.actf.model.dom.dombycom.impl.object.WMP64NodeImpl"/>
            <reference linenumber="-1" member="exec0" origin="org.eclipse.actf.model.dom.dombycom.impl.object.RPNodeImpl.exec0(String)" signature="(Ljava/lang/String;)Ljava/lang/Object;" type="org.eclipse.actf.model.dom.dombycom.impl.object.RPNodeImpl"/>
        </reference_kind>
    </target>
</references>
