<?xml version="1.0" encoding="UTF-8" standalone="no"?>
<references name="Methods" origin="org.eclipse.actf.visualization.blind (0.7.2.R201002031025)" referee="org.eclipse.actf.visualization.engines.blind (0.7.2.R201002031025)" reference_count="15" reference_visibility="1">
    <target member="getTempDirectory" name="org.eclipse.actf.visualization.engines.blind.BlindVizResourceUtil.getTempDirectory()" signature="()Ljava/io/File;" type="org.eclipse.actf.visualization.engines.blind.BlindVizResourceUtil">
        <reference_kind flags="0" kind="128" reference_kind_name="INVOKED_STATIC">
            <reference linenumber="-1" member="&lt;init&gt;" origin="org.eclipse.actf.visualization.blind.BlindVisualizerBase.BlindVisualizerBase()" signature="()V" type="org.eclipse.actf.visualization.blind.BlindVisualizerBase"/>
        <reference linenumber="-1" member="saveReport" origin="org.eclipse.actf.visualization.blind.ui.internal.SaveReportBlind.saveReport(Document, IACTFReport, String, String, String, PageEvaluation, boolean)" signature="(Lorg/w3c/dom/Document;Lorg/eclipse/actf/mediator/IACTFReport;Ljava/lang/String;Ljava/lang/String;Ljava/lang/String;Lorg/eclipse/actf/visualization/engines/blind/eval/PageEvaluation;Z)V" type="org.eclipse.actf.visualization.blind.ui.internal.SaveReportBlind"/>
            <reference linenumber="-1" member="doVisualize" origin="org.eclipse.actf.visualization.blind.ui.internal.PartControlBlind.doVisualize(boolean)" signature="(Z)I" type="org.eclipse.actf.visualization.blind.ui.internal.PartControlBlind"/>
        </reference_kind>
    </target>
    <target member="&lt;init&gt;" name="org.eclipse.actf.visualization.engines.blind.eval.EvaluationResultBlind.EvaluationResultBlind()" signature="()V" type="org.eclipse.actf.visualization.engines.blind.eval.EvaluationResultBlind">
        <reference_kind flags="0" kind="64" reference_kind_name="CONSTRUCTOR_METHOD">
            <reference linenumber="-1" member="&lt;init&gt;" origin="org.eclipse.actf.visualization.blind.BlindVisualizerBase.BlindVisualizerBase()" signature="()V" type="org.eclipse.actf.visualization.blind.BlindVisualizerBase"/>
        <reference linenumber="-1" member="&lt;init&gt;" origin="org.eclipse.actf.visualization.blind.ui.internal.PartControlBlind.PartControlBlind(IVisualizationView, Composite)" signature="(Lorg/eclipse/actf/visualization/ui/IVisualizationView;Lorg/eclipse/swt/widgets/Composite;)V" type="org.eclipse.actf.visualization.blind.ui.internal.PartControlBlind"/>
            <reference linenumber="-1" member="doVisualize" origin="org.eclipse.actf.visualization.blind.ui.internal.PartControlBlind.doVisualize(boolean)" signature="(Z)I" type="org.eclipse.actf.visualization.blind.ui.internal.PartControlBlind"/>
        </reference_kind>
    </target>
<target member="getImageDescriptor" name="org.eclipse.actf.visualization.engines.blind.BlindVizResourceUtil.getImageDescriptor(String)" signature="(Ljava/lang/String;)Lorg/eclipse/jface/resource/ImageDescriptor;" type="org.eclipse.actf.visualization.engines.blind.BlindVizResourceUtil">
        <reference_kind flags="0" kind="128" reference_kind_name="INVOKED_STATIC">
            <reference linenumber="-1" member="&lt;init&gt;" origin="org.eclipse.actf.visualization.blind.ui.actions.BlindSaveAction.BlindSaveAction(PartControlBlind)" signature="(Lorg/eclipse/actf/visualization/blind/ui/internal/PartControlBlind;)V" type="org.eclipse.actf.visualization.blind.ui.actions.BlindSaveAction"/>
            <reference linenumber="-1" member="&lt;init&gt;" origin="org.eclipse.actf.visualization.blind.ui.actions.BlindVisualizationAction.BlindVisualizationAction(PartControlBlind)" signature="(Lorg/eclipse/actf/visualization/blind/ui/internal/PartControlBlind;)V" type="org.eclipse.actf.visualization.blind.ui.actions.BlindVisualizationAction"/>
        </reference_kind>
    </target>
<target member="getHighLightStringListener" name="org.eclipse.actf.visualization.engines.blind.eval.PageEvaluation.getHighLightStringListener()" signature="()Lorg/eclipse/actf/ui/util/HighlightStringListener;" type="org.eclipse.actf.visualization.engines.blind.eval.PageEvaluation">
        <reference_kind flags="0" kind="128" reference_kind_name="INVOKED_STATIC">
            <reference linenumber="-1" member="run" origin="org.eclipse.actf.visualization.blind.ui.internal.PartControlBlind.CreateReport.run()" signature="()V" type="org.eclipse.actf.visualization.blind.ui.internal.PartControlBlind$CreateReport"/>
        </reference_kind>
    </target>
    <target member="setPageEvaluation" name="org.eclipse.actf.visualization.engines.blind.eval.EvaluationResultBlind.setPageEvaluation(PageEvaluation)" signature="(Lorg/eclipse/actf/visualization/engines/blind/eval/PageEvaluation;)V" type="org.eclipse.actf.visualization.engines.blind.eval.EvaluationResultBlind">
        <reference_kind flags="0" kind="256" reference_kind_name="VIRTUAL_METHOD">
            <reference linenumber="-1" member="run" origin="org.eclipse.actf.visualization.blind.ui.internal.PartControlBlind.CreateReport.run()" signature="()V" type="org.eclipse.actf.visualization.blind.ui.internal.PartControlBlind$CreateReport"/>
        </reference_kind>
    </target>
    <target member="saveImages" name="org.eclipse.actf.visualization.engines.blind.BlindVizResourceUtil.saveImages(String)" signature="(Ljava/lang/String;)V" type="org.eclipse.actf.visualization.engines.blind.BlindVizResourceUtil">
        <reference_kind flags="0" kind="128" reference_kind_name="INVOKED_STATIC">
            <reference linenumber="-1" member="saveReport" origin="org.eclipse.actf.visualization.blind.ui.internal.SaveReportBlind.saveReport(Document, IACTFReport, String, String, String, PageEvaluation, boolean)" signature="(Lorg/w3c/dom/Document;Lorg/eclipse/actf/mediator/IACTFReport;Ljava/lang/String;Ljava/lang/String;Ljava/lang/String;Lorg/eclipse/actf/visualization/engines/blind/eval/PageEvaluation;Z)V" type="org.eclipse.actf.visualization.blind.ui.internal.SaveReportBlind"/>
        </reference_kind>
    </target>
    <target member="saveScripts" name="org.eclipse.actf.visualization.engines.blind.BlindVizResourceUtil.saveScripts(String)" signature="(Ljava/lang/String;)V" type="org.eclipse.actf.visualization.engines.blind.BlindVizResourceUtil">
        <reference_kind flags="0" kind="128" reference_kind_name="INVOKED_STATIC">
            <reference linenumber="-1" member="saveReport" origin="org.eclipse.actf.visualization.blind.ui.internal.SaveReportBlind.saveReport(Document, IACTFReport, String, String, String, PageEvaluation, boolean)" signature="(Lorg/w3c/dom/Document;Lorg/eclipse/actf/mediator/IACTFReport;Ljava/lang/String;Ljava/lang/String;Ljava/lang/String;Lorg/eclipse/actf/visualization/engines/blind/eval/PageEvaluation;Z)V" type="org.eclipse.actf.visualization.blind.ui.internal.SaveReportBlind"/>
        </reference_kind>
    </target>
    <target member="getSummary" name="org.eclipse.actf.visualization.engines.blind.eval.PageEvaluation.getSummary()" signature="()Ljava/lang/String;" type="org.eclipse.actf.visualization.engines.blind.eval.PageEvaluation">
        <reference_kind flags="0" kind="256" reference_kind_name="VIRTUAL_METHOD">
            <reference linenumber="-1" member="run" origin="org.eclipse.actf.visualization.blind.ui.internal.PartControlBlind.CreateReport.run()" signature="()V" type="org.eclipse.actf.visualization.blind.ui.internal.PartControlBlind$CreateReport"/>
        </reference_kind>
    </target>
    <target member="&lt;init&gt;" name="org.eclipse.actf.visualization.engines.blind.eval.PageEvaluation.PageEvaluation(List, PageData)" signature="(Ljava/util/List;Lorg/eclipse/actf/visualization/eval/html/statistics/PageData;)V" type="org.eclipse.actf.visualization.engines.blind.eval.PageEvaluation">
        <reference_kind flags="0" kind="64" reference_kind_name="CONSTRUCTOR_METHOD">
            <reference linenumber="-1" member="run" origin="org.eclipse.actf.visualization.blind.ui.internal.PartControlBlind.CreateReport.run()" signature="()V" type="org.eclipse.actf.visualization.blind.ui.internal.PartControlBlind$CreateReport"/>
        </reference_kind>
    </target>
<target member="&lt;init&gt;" name="org.eclipse.actf.visualization.engines.blind.ui.actions.BlindSettingAction.BlindSettingAction()" signature="()V" type="org.eclipse.actf.visualization.engines.blind.ui.actions.BlindSettingAction">
        <reference_kind flags="0" kind="64" reference_kind_name="CONSTRUCTOR_METHOD">
            <reference linenumber="-1" member="createPartControl" origin="org.eclipse.actf.visualization.blind.ui.views.BlindView.createPartControl(Composite)" signature="(Lorg/eclipse/swt/widgets/Composite;)V" type="org.eclipse.actf.visualization.blind.ui.views.BlindView"/>
        </reference_kind>
    </target>
</references>
