<?xml version="1.0" encoding="UTF-8" standalone="no"?>
<references name="Types" origin="org.eclipse.actf.visualization.blind (0.7.2.R201002031025)" referee="org.eclipse.actf.visualization.engines.blind (0.7.2.R201002031025)" reference_count="9" reference_visibility="1">
    <target name="org.eclipse.actf.visualization.engines.blind.eval.EvaluationResultBlind" type="org.eclipse.actf.visualization.engines.blind.eval.EvaluationResultBlind">
        <reference_kind flags="0" kind="134217728" reference_kind_name="INSTANTIATION">
            <reference linenumber="-1" member="&lt;init&gt;" origin="org.eclipse.actf.visualization.blind.BlindVisualizerBase.BlindVisualizerBase()" signature="()V" type="org.eclipse.actf.visualization.blind.BlindVisualizerBase"/>
        <reference linenumber="-1" member="doVisualize" origin="org.eclipse.actf.visualization.blind.ui.internal.PartControlBlind.doVisualize(boolean)" signature="(Z)I" type="org.eclipse.actf.visualization.blind.ui.internal.PartControlBlind"/>
            <reference linenumber="-1" member="&lt;init&gt;" origin="org.eclipse.actf.visualization.blind.ui.internal.PartControlBlind.PartControlBlind(IVisualizationView, Composite)" signature="(Lorg/eclipse/actf/visualization/ui/IVisualizationView;Lorg/eclipse/swt/widgets/Composite;)V" type="org.eclipse.actf.visualization.blind.ui.internal.PartControlBlind"/>
        </reference_kind>
    <reference_kind flags="0" kind="524288" reference_kind_name="INSTANCEOF">
            <reference linenumber="-1" member="run" origin="org.eclipse.actf.visualization.blind.ui.internal.PartControlBlind.CreateReport.run()" signature="()V" type="org.eclipse.actf.visualization.blind.ui.internal.PartControlBlind$CreateReport"/>
        </reference_kind>
        <reference_kind flags="0" kind="262144" reference_kind_name="CASTS">
            <reference linenumber="-1" member="run" origin="org.eclipse.actf.visualization.blind.ui.internal.PartControlBlind.CreateReport.run()" signature="()V" type="org.eclipse.actf.visualization.blind.ui.internal.PartControlBlind$CreateReport"/>
        </reference_kind>
    </target>
<target name="org.eclipse.actf.visualization.engines.blind.eval.PageEvaluation" type="org.eclipse.actf.visualization.engines.blind.eval.PageEvaluation">
        <reference_kind flags="0" kind="4" reference_kind_name="DECLARED_FIELD">
            <reference linenumber="-1" member="_pageEval" origin="org.eclipse.actf.visualization.blind.ui.internal.PartControlBlind._pageEval" type="org.eclipse.actf.visualization.blind.ui.internal.PartControlBlind"/>
        </reference_kind>
        <reference_kind flags="0" kind="134217728" reference_kind_name="INSTANTIATION">
            <reference linenumber="-1" member="run" origin="org.eclipse.actf.visualization.blind.ui.internal.PartControlBlind.CreateReport.run()" signature="()V" type="org.eclipse.actf.visualization.blind.ui.internal.PartControlBlind$CreateReport"/>
        </reference_kind>
        <reference_kind flags="0" kind="16" reference_kind_name="PARAMETER">
            <reference linenumber="-1" member="saveReport" origin="org.eclipse.actf.visualization.blind.ui.internal.SaveReportBlind.saveReport(Document, IACTFReport, String, String, String, PageEvaluation, boolean)" signature="(Lorg/w3c/dom/Document;Lorg/eclipse/actf/mediator/IACTFReport;Ljava/lang/String;Ljava/lang/String;Ljava/lang/String;Lorg/eclipse/actf/visualization/engines/blind/eval/PageEvaluation;Z)V" type="org.eclipse.actf.visualization.blind.ui.internal.SaveReportBlind"/>
        </reference_kind>
    </target>
<target name="org.eclipse.actf.visualization.engines.blind.ui.actions.BlindSettingAction" type="org.eclipse.actf.visualization.engines.blind.ui.actions.BlindSettingAction">
        <reference_kind flags="0" kind="134217728" reference_kind_name="INSTANTIATION">
            <reference linenumber="-1" member="createPartControl" origin="org.eclipse.actf.visualization.blind.ui.views.BlindView.createPartControl(Composite)" signature="(Lorg/eclipse/swt/widgets/Composite;)V" type="org.eclipse.actf.visualization.blind.ui.views.BlindView"/>
        </reference_kind>
    </target>
</references>
