<?xml version="1.0" encoding="UTF-8" standalone="no"?>
<references name="Methods" origin="org.eclipse.actf.visualization.lowvision (0.7.2.R201002031025)" referee="org.eclipse.actf.visualization.engines.lowvision (0.7.2.R201002031025)" reference_count="24" reference_visibility="1">
    <target member="getHeight" name="org.eclipse.actf.visualization.engines.lowvision.image.IPageImage.getHeight()" signature="()I" type="org.eclipse.actf.visualization.engines.lowvision.image.IPageImage">
        <reference_kind flags="0" kind="512" reference_kind_name="INTERFACE_METHOD">
            <reference linenumber="-1" member="setFrameOffsetToProblems" origin="org.eclipse.actf.visualization.lowvision.eval.CheckResultLowVision.setFrameOffsetToProblems(IPageImage[])" signature="([Lorg/eclipse/actf/visualization/engines/lowvision/image/IPageImage;)V" type="org.eclipse.actf.visualization.lowvision.eval.CheckResultLowVision"/>
        <reference linenumber="-1" member="prepareInt2Ds" origin="org.eclipse.actf.visualization.lowvision.ui.internal.PartControlLowVision.prepareInt2Ds(IModelService, int, int)" signature="(Lorg/eclipse/actf/model/ui/IModelService;II)V" type="org.eclipse.actf.visualization.lowvision.ui.internal.PartControlLowVision"/>
        </reference_kind>
    </target>
<target member="unsupportedModeReport" name="org.eclipse.actf.visualization.engines.lowvision.PageEvaluation.unsupportedModeReport(File)" signature="(Ljava/io/File;)V" type="org.eclipse.actf.visualization.engines.lowvision.PageEvaluation">
        <reference_kind flags="0" kind="256" reference_kind_name="VIRTUAL_METHOD">
            <reference linenumber="-1" member="run" origin="org.eclipse.actf.visualization.lowvision.ui.internal.PartControlLowVision.ExtractCheckThread.run()" signature="()V" type="org.eclipse.actf.visualization.lowvision.ui.internal.PartControlLowVision$ExtractCheckThread"/>
        </reference_kind>
    </target>
    <target member="setCurrentStyles" name="org.eclipse.actf.visualization.engines.lowvision.PageEvaluation.setCurrentStyles(Map)" signature="(Ljava/util/Map;)V" type="org.eclipse.actf.visualization.engines.lowvision.PageEvaluation">
        <reference_kind flags="0" kind="256" reference_kind_name="VIRTUAL_METHOD">
            <reference linenumber="-1" member="run" origin="org.eclipse.actf.visualization.lowvision.ui.internal.PartControlLowVision.ExtractCheckThread.run()" signature="()V" type="org.eclipse.actf.visualization.lowvision.ui.internal.PartControlLowVision$ExtractCheckThread"/>
        </reference_kind>
    </target>
    <target member="&lt;init&gt;" name="org.eclipse.actf.visualization.engines.lowvision.PageEvaluation.PageEvaluation(IPageImage)" signature="(Lorg/eclipse/actf/visualization/engines/lowvision/image/IPageImage;)V" type="org.eclipse.actf.visualization.engines.lowvision.PageEvaluation">
        <reference_kind flags="0" kind="64" reference_kind_name="CONSTRUCTOR_METHOD">
            <reference linenumber="-1" member="run" origin="org.eclipse.actf.visualization.lowvision.ui.internal.PartControlLowVision.ExtractCheckThread.run()" signature="()V" type="org.eclipse.actf.visualization.lowvision.ui.internal.PartControlLowVision$ExtractCheckThread"/>
        </reference_kind>
    </target>
    <target member="check" name="org.eclipse.actf.visualization.engines.lowvision.PageEvaluation.check(LowVisionType, String, int)" signature="(Lorg/eclipse/actf/visualization/engines/lowvision/LowVisionType;Ljava/lang/String;I)Ljava/util/List;" type="org.eclipse.actf.visualization.engines.lowvision.PageEvaluation">
        <reference_kind flags="0" kind="256" reference_kind_name="VIRTUAL_METHOD">
            <reference linenumber="-1" member="run" origin="org.eclipse.actf.visualization.lowvision.ui.internal.PartControlLowVision.ExtractCheckThread.run()" signature="()V" type="org.eclipse.actf.visualization.lowvision.ui.internal.PartControlLowVision$ExtractCheckThread"/>
        </reference_kind>
    </target>
    <target member="createPageImage" name="org.eclipse.actf.visualization.engines.lowvision.image.PageImageFactory.createPageImage(String)" signature="(Ljava/lang/String;)Lorg/eclipse/actf/visualization/engines/lowvision/image/IPageImage;" type="org.eclipse.actf.visualization.engines.lowvision.image.PageImageFactory">
        <reference_kind flags="0" kind="128" reference_kind_name="INVOKED_STATIC">
            <reference linenumber="-1" member="prepareInt2Ds" origin="org.eclipse.actf.visualization.lowvision.ui.internal.PartControlLowVision.prepareInt2Ds(IModelService, int, int)" signature="(Lorg/eclipse/actf/model/ui/IModelService;II)V" type="org.eclipse.actf.visualization.lowvision.ui.internal.PartControlLowVision"/>
        </reference_kind>
    </target>
    <target member="setInteriorImagePosition" name="org.eclipse.actf.visualization.engines.lowvision.PageEvaluation.setInteriorImagePosition(ImagePositionInfo[])" signature="([Lorg/eclipse/actf/model/ui/ImagePositionInfo;)V" type="org.eclipse.actf.visualization.engines.lowvision.PageEvaluation">
        <reference_kind flags="0" kind="256" reference_kind_name="VIRTUAL_METHOD">
            <reference linenumber="-1" member="run" origin="org.eclipse.actf.visualization.lowvision.ui.internal.PartControlLowVision.ExtractCheckThread.run()" signature="()V" type="org.eclipse.actf.visualization.lowvision.ui.internal.PartControlLowVision$ExtractCheckThread"/>
        </reference_kind>
    </target>
    <target member="generateReport" name="org.eclipse.actf.visualization.engines.lowvision.PageEvaluation.generateReport(String, String, String, List)" signature="(Ljava/lang/String;Ljava/lang/String;Ljava/lang/String;Ljava/util/List;)V" type="org.eclipse.actf.visualization.engines.lowvision.PageEvaluation">
        <reference_kind flags="0" kind="256" reference_kind_name="VIRTUAL_METHOD">
            <reference linenumber="-1" member="run" origin="org.eclipse.actf.visualization.lowvision.ui.internal.PartControlLowVision.ExtractCheckThread.run()" signature="()V" type="org.eclipse.actf.visualization.lowvision.ui.internal.PartControlLowVision$ExtractCheckThread"/>
        </reference_kind>
    </target>
    <target member="joinPageImages" name="org.eclipse.actf.visualization.engines.lowvision.image.PageImageFactory.joinPageImages(IPageImage[])" signature="([Lorg/eclipse/actf/visualization/engines/lowvision/image/IPageImage;)Lorg/eclipse/actf/visualization/engines/lowvision/image/IPageImage;" type="org.eclipse.actf.visualization.engines.lowvision.image.PageImageFactory">
        <reference_kind flags="0" kind="128" reference_kind_name="INVOKED_STATIC">
            <reference linenumber="-1" member="doSimulateAfterHalf" origin="org.eclipse.actf.visualization.lowvision.ui.internal.PartControlLowVision.doSimulateAfterHalf()" signature="()V" type="org.eclipse.actf.visualization.lowvision.ui.internal.PartControlLowVision"/>
        </reference_kind>
    </target>
<target member="createPageImage" name="org.eclipse.actf.visualization.engines.lowvision.image.PageImageFactory.createPageImage()" signature="()Lorg/eclipse/actf/visualization/engines/lowvision/image/IPageImage;" type="org.eclipse.actf.visualization.engines.lowvision.image.PageImageFactory">
        <reference_kind flags="0" kind="128" reference_kind_name="INVOKED_STATIC">
            <reference linenumber="-1" member="initSampleImage" origin="org.eclipse.actf.visualization.lowvision.ui.preferences.LowVisionPreferencePage.initSampleImage()" signature="()V" type="org.eclipse.actf.visualization.lowvision.ui.preferences.LowVisionPreferencePage"/>
        <reference linenumber="-1" member="getSimulatedPageImage" origin="org.eclipse.actf.visualization.lowvision.util.SimulateLowVision.getSimulatedPageImage(IPageImage, ParamLowVision)" signature="(Lorg/eclipse/actf/visualization/engines/lowvision/image/IPageImage;Lorg/eclipse/actf/visualization/lowvision/util/ParamLowVision;)Lorg/eclipse/actf/visualization/engines/lowvision/image/IPageImage;" type="org.eclipse.actf.visualization.lowvision.util.SimulateLowVision"/>
        </reference_kind>
    </target>
    <target member="createPageImage" name="org.eclipse.actf.visualization.engines.lowvision.image.PageImageFactory.createPageImage(InputStream)" signature="(Ljava/io/InputStream;)Lorg/eclipse/actf/visualization/engines/lowvision/image/IPageImage;" type="org.eclipse.actf.visualization.engines.lowvision.image.PageImageFactory">
        <reference_kind flags="0" kind="128" reference_kind_name="INVOKED_STATIC">
            <reference linenumber="-1" member="initSampleImage" origin="org.eclipse.actf.visualization.lowvision.ui.preferences.LowVisionPreferencePage.initSampleImage()" signature="()V" type="org.eclipse.actf.visualization.lowvision.ui.preferences.LowVisionPreferencePage"/>
        </reference_kind>
    </target>
<target member="setCVDType" name="org.eclipse.actf.visualization.engines.lowvision.LowVisionType.setCVDType(int)" signature="(I)V" type="org.eclipse.actf.visualization.engines.lowvision.LowVisionType">
        <reference_kind flags="0" kind="256" reference_kind_name="VIRTUAL_METHOD">
            <reference linenumber="-1" member="getLowVisionType" origin="org.eclipse.actf.visualization.lowvision.util.ParamLowVision.getLowVisionType()" signature="()Lorg/eclipse/actf/visualization/engines/lowvision/LowVisionType;" type="org.eclipse.actf.visualization.lowvision.util.ParamLowVision"/>
        </reference_kind>
    </target>
    <target member="setEyesightDegree" name="org.eclipse.actf.visualization.engines.lowvision.LowVisionType.setEyesightDegree(float)" signature="(F)V" type="org.eclipse.actf.visualization.engines.lowvision.LowVisionType">
        <reference_kind flags="0" kind="256" reference_kind_name="VIRTUAL_METHOD">
            <reference linenumber="-1" member="getLowVisionType" origin="org.eclipse.actf.visualization.lowvision.util.ParamLowVision.getLowVisionType()" signature="()Lorg/eclipse/actf/visualization/engines/lowvision/LowVisionType;" type="org.eclipse.actf.visualization.lowvision.util.ParamLowVision"/>
        </reference_kind>
    </target>
    <target member="createSimulationPageImage" name="org.eclipse.actf.visualization.engines.lowvision.image.PageImageFactory.createSimulationPageImage(IPageImage, LowVisionType)" signature="(Lorg/eclipse/actf/visualization/engines/lowvision/image/IPageImage;Lorg/eclipse/actf/visualization/engines/lowvision/LowVisionType;)Lorg/eclipse/actf/visualization/engines/lowvision/image/IPageImage;" type="org.eclipse.actf.visualization.engines.lowvision.image.PageImageFactory">
        <reference_kind flags="0" kind="128" reference_kind_name="INVOKED_STATIC">
            <reference linenumber="-1" member="getSimulatedPageImage" origin="org.eclipse.actf.visualization.lowvision.util.SimulateLowVision.getSimulatedPageImage(IPageImage, ParamLowVision)" signature="(Lorg/eclipse/actf/visualization/engines/lowvision/image/IPageImage;Lorg/eclipse/actf/visualization/lowvision/util/ParamLowVision;)Lorg/eclipse/actf/visualization/engines/lowvision/image/IPageImage;" type="org.eclipse.actf.visualization.lowvision.util.SimulateLowVision"/>
            <reference linenumber="-1" member="doSimulate" origin="org.eclipse.actf.visualization.lowvision.util.SimulateLowVision.doSimulate(IPageImage, ParamLowVision, Display, String)" signature="(Lorg/eclipse/actf/visualization/engines/lowvision/image/IPageImage;Lorg/eclipse/actf/visualization/lowvision/util/ParamLowVision;Lorg/eclipse/swt/widgets/Display;Ljava/lang/String;)Lorg/eclipse/swt/graphics/Image;" type="org.eclipse.actf.visualization.lowvision.util.SimulateLowVision"/>
        </reference_kind>
    </target>
    <target member="setCVD" name="org.eclipse.actf.visualization.engines.lowvision.LowVisionType.setCVD(boolean)" signature="(Z)V" type="org.eclipse.actf.visualization.engines.lowvision.LowVisionType">
        <reference_kind flags="0" kind="256" reference_kind_name="VIRTUAL_METHOD">
            <reference linenumber="-1" member="getLowVisionType" origin="org.eclipse.actf.visualization.lowvision.util.ParamLowVision.getLowVisionType()" signature="()Lorg/eclipse/actf/visualization/engines/lowvision/LowVisionType;" type="org.eclipse.actf.visualization.lowvision.util.ParamLowVision"/>
        </reference_kind>
    </target>
    <target member="setColorFilterDegree" name="org.eclipse.actf.visualization.engines.lowvision.LowVisionType.setColorFilterDegree(float)" signature="(F)V" type="org.eclipse.actf.visualization.engines.lowvision.LowVisionType">
        <reference_kind flags="0" kind="256" reference_kind_name="VIRTUAL_METHOD">
            <reference linenumber="-1" member="getLowVisionType" origin="org.eclipse.actf.visualization.lowvision.util.ParamLowVision.getLowVisionType()" signature="()Lorg/eclipse/actf/visualization/engines/lowvision/LowVisionType;" type="org.eclipse.actf.visualization.lowvision.util.ParamLowVision"/>
        </reference_kind>
    </target>
    <target member="setColorFilter" name="org.eclipse.actf.visualization.engines.lowvision.LowVisionType.setColorFilter(boolean)" signature="(Z)V" type="org.eclipse.actf.visualization.engines.lowvision.LowVisionType">
        <reference_kind flags="0" kind="256" reference_kind_name="VIRTUAL_METHOD">
            <reference linenumber="-1" member="getLowVisionType" origin="org.eclipse.actf.visualization.lowvision.util.ParamLowVision.getLowVisionType()" signature="()Lorg/eclipse/actf/visualization/engines/lowvision/LowVisionType;" type="org.eclipse.actf.visualization.lowvision.util.ParamLowVision"/>
        </reference_kind>
    </target>
    <target member="&lt;init&gt;" name="org.eclipse.actf.visualization.engines.lowvision.LowVisionType.LowVisionType()" signature="()V" type="org.eclipse.actf.visualization.engines.lowvision.LowVisionType">
        <reference_kind flags="0" kind="64" reference_kind_name="CONSTRUCTOR_METHOD">
            <reference linenumber="-1" member="&lt;init&gt;" origin="org.eclipse.actf.visualization.lowvision.util.ParamLowVision.ParamLowVision()" signature="()V" type="org.eclipse.actf.visualization.lowvision.util.ParamLowVision"/>
        </reference_kind>
    </target>
    <target member="writeToBMPFile" name="org.eclipse.actf.visualization.engines.lowvision.image.IPageImage.writeToBMPFile(String)" signature="(Ljava/lang/String;)V" type="org.eclipse.actf.visualization.engines.lowvision.image.IPageImage">
        <reference_kind flags="0" kind="512" reference_kind_name="INTERFACE_METHOD">
            <reference linenumber="-1" member="doSimulate" origin="org.eclipse.actf.visualization.lowvision.util.SimulateLowVision.doSimulate(IPageImage, ParamLowVision, String)" signature="(Lorg/eclipse/actf/visualization/engines/lowvision/image/IPageImage;Lorg/eclipse/actf/visualization/lowvision/util/ParamLowVision;Ljava/lang/String;)[Lorg/eclipse/swt/graphics/ImageData;" type="org.eclipse.actf.visualization.lowvision.util.SimulateLowVision"/>
            <reference linenumber="-1" member="doSimulate" origin="org.eclipse.actf.visualization.lowvision.util.SimulateLowVision.doSimulate(IPageImage, ParamLowVision, Display, String)" signature="(Lorg/eclipse/actf/visualization/engines/lowvision/image/IPageImage;Lorg/eclipse/actf/visualization/lowvision/util/ParamLowVision;Lorg/eclipse/swt/widgets/Display;Ljava/lang/String;)Lorg/eclipse/swt/graphics/Image;" type="org.eclipse.actf.visualization.lowvision.util.SimulateLowVision"/>
        </reference_kind>
    </target>
    <target member="setEyesight" name="org.eclipse.actf.visualization.engines.lowvision.LowVisionType.setEyesight(boolean)" signature="(Z)V" type="org.eclipse.actf.visualization.engines.lowvision.LowVisionType">
        <reference_kind flags="0" kind="256" reference_kind_name="VIRTUAL_METHOD">
            <reference linenumber="-1" member="getLowVisionType" origin="org.eclipse.actf.visualization.lowvision.util.ParamLowVision.getLowVisionType()" signature="()Lorg/eclipse/actf/visualization/engines/lowvision/LowVisionType;" type="org.eclipse.actf.visualization.lowvision.util.ParamLowVision"/>
        </reference_kind>
    </target>
</references>
