<?xml version="1.0" encoding="UTF-8" standalone="no"?>
<references name="Methods" origin="org.eclipse.birt.data.aggregation (2.5.2.v20100205)" referee="org.eclipse.birt.data (2.5.2.v20100209)" reference_count="98" reference_visibility="1">
    <target member="wrap" name="org.eclipse.birt.data.engine.core.DataException.wrap(BirtException)" signature="(Lorg/eclipse/birt/core/exception/BirtException;)Lorg/eclipse/birt/data/engine/core/DataException;" type="org.eclipse.birt.data.engine.core.DataException">
        <reference_kind flags="0" kind="128" reference_kind_name="INVOKED_STATIC">
            <reference linenumber="133" member="toDouble" origin="org.eclipse.birt.data.aggregation.calculator.StringCalculator.toDouble(String)" signature="(Ljava/lang/String;)Ljava/lang/Double;" type="org.eclipse.birt.data.aggregation.calculator.StringCalculator"/>
            <reference linenumber="126" member="getTypedObject" origin="org.eclipse.birt.data.aggregation.calculator.BigDecimalCalculator.getTypedObject(Object)" signature="(Ljava/lang/Object;)Ljava/lang/Object;" type="org.eclipse.birt.data.aggregation.calculator.BigDecimalCalculator"/>
            <reference linenumber="105" member="getTypedObject" origin="org.eclipse.birt.data.aggregation.calculator.NumberCalculator.getTypedObject(Object)" signature="(Ljava/lang/Object;)Ljava/lang/Object;" type="org.eclipse.birt.data.aggregation.calculator.NumberCalculator"/>
            <reference linenumber="140" member="toDouble" origin="org.eclipse.birt.data.aggregation.calculator.StringCalculator.toDouble(String)" signature="(Ljava/lang/String;)Ljava/lang/Double;" type="org.eclipse.birt.data.aggregation.calculator.StringCalculator"/>
        <reference linenumber="113" member="sln" origin="org.eclipse.birt.data.aggregation.impl.Finance.sln(double, double, double)" signature="(DDD)D" type="org.eclipse.birt.data.aggregation.impl.Finance"/>
            <reference linenumber="149" member="onRow" origin="org.eclipse.birt.data.aggregation.impl.TotalMovingAve.MyAccumulator.onRow(Object[])" signature="([Ljava/lang/Object;)V" type="org.eclipse.birt.data.aggregation.impl.TotalMovingAve$MyAccumulator"/>
            <reference linenumber="289" member="pmt" origin="org.eclipse.birt.data.aggregation.impl.Finance.pmt(double, int, double, double, int)" signature="(DIDDI)D" type="org.eclipse.birt.data.aggregation.impl.Finance"/>
            <reference linenumber="206" member="fv" origin="org.eclipse.birt.data.aggregation.impl.Finance.fv(double, int, double, double, int)" signature="(DIDDI)D" type="org.eclipse.birt.data.aggregation.impl.Finance"/>
            <reference linenumber="149" member="syd" origin="org.eclipse.birt.data.aggregation.impl.Finance.syd(double, double, double, int)" signature="(DDDI)D" type="org.eclipse.birt.data.aggregation.impl.Finance"/>
            <reference linenumber="420" member="ppmt" origin="org.eclipse.birt.data.aggregation.impl.Finance.ppmt(double, int, int, double, double, int)" signature="(DIIDDI)D" type="org.eclipse.birt.data.aggregation.impl.Finance"/>
            <reference linenumber="833" member="rate" origin="org.eclipse.birt.data.aggregation.impl.Finance.rate(int, double, double, double, int, double)" signature="(IDDDID)D" type="org.eclipse.birt.data.aggregation.impl.Finance"/>
            <reference linenumber="161" member="finish" origin="org.eclipse.birt.data.aggregation.impl.TotalMirr.MyAccumulator.finish()" signature="()V" type="org.eclipse.birt.data.aggregation.impl.TotalMirr$MyAccumulator"/>
            <reference linenumber="136" member="onRow" origin="org.eclipse.birt.data.aggregation.impl.TotalIrr.MyAccumulator.onRow(Object[])" signature="([Ljava/lang/Object;)V" type="org.eclipse.birt.data.aggregation.impl.TotalIrr$MyAccumulator"/>
            <reference linenumber="272" member="setMaxLength" origin="org.eclipse.birt.data.aggregation.impl.TotalConcatenate.MyAccumulator.setMaxLength(Object)" signature="(Ljava/lang/Object;)V" type="org.eclipse.birt.data.aggregation.impl.TotalConcatenate$MyAccumulator"/>
            <reference linenumber="591" member="pv" origin="org.eclipse.birt.data.aggregation.impl.Finance.pv(double, int, double, double, int)" signature="(DIDDI)D" type="org.eclipse.birt.data.aggregation.impl.Finance"/>
            <reference linenumber="134" member="onRow" origin="org.eclipse.birt.data.aggregation.impl.TotalRunningNpv.MyAccumulator.onRow(Object[])" signature="([Ljava/lang/Object;)V" type="org.eclipse.birt.data.aggregation.impl.TotalRunningNpv$MyAccumulator"/>
            <reference linenumber="150" member="onRow" origin="org.eclipse.birt.data.aggregation.impl.TotalMirr.MyAccumulator.onRow(Object[])" signature="([Ljava/lang/Object;)V" type="org.eclipse.birt.data.aggregation.impl.TotalMirr$MyAccumulator"/>
            <reference linenumber="475" member="nPer" origin="org.eclipse.birt.data.aggregation.impl.Finance.nPer(double, double, double, double, int)" signature="(DDDDI)I" type="org.eclipse.birt.data.aggregation.impl.Finance"/>
            <reference linenumber="82" member="ddb" origin="org.eclipse.birt.data.aggregation.impl.Finance.ddb(double, double, double, int)" signature="(DDDI)D" type="org.eclipse.birt.data.aggregation.impl.Finance"/>
            <reference linenumber="837" member="rate" origin="org.eclipse.birt.data.aggregation.impl.Finance.rate(int, double, double, double, int, double)" signature="(IDDDID)D" type="org.eclipse.birt.data.aggregation.impl.Finance"/>
            <reference linenumber="222" member="fv" origin="org.eclipse.birt.data.aggregation.impl.Finance.fv(double, int, double, double, int)" signature="(DIDDI)D" type="org.eclipse.birt.data.aggregation.impl.Finance"/>
            <reference linenumber="780" member="rate" origin="org.eclipse.birt.data.aggregation.impl.Finance.rate(int, double, double, double, int, double)" signature="(IDDDID)D" type="org.eclipse.birt.data.aggregation.impl.Finance"/>
            <reference linenumber="1034" member="irr" origin="org.eclipse.birt.data.aggregation.impl.Finance.irr(Object[], double)" signature="([Ljava/lang/Object;D)D" type="org.eclipse.birt.data.aggregation.impl.Finance"/>
            <reference linenumber="185" member="onRow" origin="org.eclipse.birt.data.aggregation.impl.TotalConcatenate.MyAccumulator.onRow(Object[])" signature="([Ljava/lang/Object;)V" type="org.eclipse.birt.data.aggregation.impl.TotalConcatenate$MyAccumulator"/>
            <reference linenumber="1203" member="mirr" origin="org.eclipse.birt.data.aggregation.impl.Finance.mirr(Object[], double, double)" signature="([Ljava/lang/Object;DD)D" type="org.eclipse.birt.data.aggregation.impl.Finance"/>
            <reference linenumber="905" member="npv" origin="org.eclipse.birt.data.aggregation.impl.Finance.npv(Object[], double)" signature="([Ljava/lang/Object;D)Ljava/lang/Number;" type="org.eclipse.birt.data.aggregation.impl.Finance"/>
            <reference linenumber="154" member="finish" origin="org.eclipse.birt.data.aggregation.impl.TotalIrr.MyAccumulator.finish()" signature="()V" type="org.eclipse.birt.data.aggregation.impl.TotalIrr$MyAccumulator"/>
            <reference linenumber="993" member="irr" origin="org.eclipse.birt.data.aggregation.impl.Finance.irr(Object[], double)" signature="([Ljava/lang/Object;D)D" type="org.eclipse.birt.data.aggregation.impl.Finance"/>
            <reference linenumber="744" member="rate" origin="org.eclipse.birt.data.aggregation.impl.Finance.rate(int, double, double, double, int, double)" signature="(IDDDID)D" type="org.eclipse.birt.data.aggregation.impl.Finance"/>
            <reference linenumber="359" member="ipmt" origin="org.eclipse.birt.data.aggregation.impl.Finance.ipmt(double, int, int, double, double, int)" signature="(DIIDDI)D" type="org.eclipse.birt.data.aggregation.impl.Finance"/>
            <reference linenumber="1190" member="mirr" origin="org.eclipse.birt.data.aggregation.impl.Finance.mirr(Object[], double, double)" signature="([Ljava/lang/Object;DD)D" type="org.eclipse.birt.data.aggregation.impl.Finance"/>
            <reference linenumber="139" member="onRow" origin="org.eclipse.birt.data.aggregation.impl.TotalNpv.MyAccumulator.onRow(Object[])" signature="([Ljava/lang/Object;)V" type="org.eclipse.birt.data.aggregation.impl.TotalNpv$MyAccumulator"/>
            <reference linenumber="750" member="rate" origin="org.eclipse.birt.data.aggregation.impl.Finance.rate(int, double, double, double, int, double)" signature="(IDDDID)D" type="org.eclipse.birt.data.aggregation.impl.Finance"/>
        <reference linenumber="162" member="onRow" origin="org.eclipse.birt.data.aggregation.impl.rank.TotalPercentSum.MyAccumulator.onRow(Object[])" signature="([Ljava/lang/Object;)V" type="org.eclipse.birt.data.aggregation.impl.rank.TotalPercentSum$MyAccumulator"/>
            <reference linenumber="100" member="getPctValue" origin="org.eclipse.birt.data.aggregation.impl.rank.TotalPercentile.MyAccumulator.getPctValue(Double)" signature="(Ljava/lang/Double;)D" type="org.eclipse.birt.data.aggregation.impl.rank.TotalPercentile$MyAccumulator"/>
            <reference linenumber="103" member="getPctValue" origin="org.eclipse.birt.data.aggregation.impl.rank.TotalPercentile.MyAccumulator.getPctValue(Double)" signature="(Ljava/lang/Double;)D" type="org.eclipse.birt.data.aggregation.impl.rank.TotalPercentile$MyAccumulator"/>
            <reference linenumber="156" member="getNumericValue" origin="org.eclipse.birt.data.aggregation.impl.rank.RankAggregationUtil.getNumericValue(Object)" signature="(Ljava/lang/Object;)Ljava/lang/Double;" type="org.eclipse.birt.data.aggregation.impl.rank.RankAggregationUtil"/>
            <reference linenumber="93" member="getSummaryValue" origin="org.eclipse.birt.data.aggregation.impl.rank.PercentileAccumulator.getSummaryValue()" signature="()Ljava/lang/Object;" type="org.eclipse.birt.data.aggregation.impl.rank.PercentileAccumulator"/>
            <reference linenumber="135" member="validatePctValue" origin="org.eclipse.birt.data.aggregation.impl.rank.TotalQuartile.MyAccumulator.validatePctValue(Double)" signature="(Ljava/lang/Double;)V" type="org.eclipse.birt.data.aggregation.impl.rank.TotalQuartile$MyAccumulator"/>
            <reference linenumber="139" member="onRow" origin="org.eclipse.birt.data.aggregation.impl.rank.TotalPercentSum.MyAccumulator.onRow(Object[])" signature="([Ljava/lang/Object;)V" type="org.eclipse.birt.data.aggregation.impl.rank.TotalPercentSum$MyAccumulator"/>
        </reference_kind>
    </target>
<target member="getValue" name="org.eclipse.birt.data.engine.api.aggregation.Accumulator.getValue()" signature="()Ljava/lang/Object;" type="org.eclipse.birt.data.engine.api.aggregation.Accumulator">
        <reference_kind flags="0" kind="268435456" reference_kind_name="OVERRIDE">
            <reference linenumber="-1" member="getValue" origin="org.eclipse.birt.data.aggregation.impl.TotalRunningSum.MyAccumulator.getValue()" signature="()Ljava/lang/Object;" type="org.eclipse.birt.data.aggregation.impl.TotalRunningSum$MyAccumulator"/>
            <reference linenumber="-1" member="getValue" origin="org.eclipse.birt.data.aggregation.impl.SummaryAccumulator.getValue()" signature="()Ljava/lang/Object;" type="org.eclipse.birt.data.aggregation.impl.SummaryAccumulator"/>
            <reference linenumber="-1" member="getValue" origin="org.eclipse.birt.data.aggregation.impl.TotalRunningCount.MyAccumulator.getValue()" signature="()Ljava/lang/Object;" type="org.eclipse.birt.data.aggregation.impl.TotalRunningCount$MyAccumulator"/>
            <reference linenumber="-1" member="getValue" origin="org.eclipse.birt.data.aggregation.impl.TotalRunningNpv.MyAccumulator.getValue()" signature="()Ljava/lang/Object;" type="org.eclipse.birt.data.aggregation.impl.TotalRunningNpv$MyAccumulator"/>
            <reference linenumber="-1" member="getValue" origin="org.eclipse.birt.data.aggregation.impl.TotalMovingAve.MyAccumulator.getValue()" signature="()Ljava/lang/Object;" type="org.eclipse.birt.data.aggregation.impl.TotalMovingAve$MyAccumulator"/>
        <reference linenumber="-1" member="getValue" origin="org.eclipse.birt.data.aggregation.impl.rank.TotalPercentSum.MyAccumulator.getValue()" signature="()Ljava/lang/Object;" type="org.eclipse.birt.data.aggregation.impl.rank.TotalPercentSum$MyAccumulator"/>
            <reference linenumber="-1" member="getValue" origin="org.eclipse.birt.data.aggregation.impl.rank.TotalPercentRank.MyAccumulator.getValue()" signature="()Ljava/lang/Object;" type="org.eclipse.birt.data.aggregation.impl.rank.TotalPercentRank$MyAccumulator"/>
            <reference linenumber="-1" member="getValue" origin="org.eclipse.birt.data.aggregation.impl.rank.BaseTopBottomAccumulator.getValue()" signature="()Ljava/lang/Object;" type="org.eclipse.birt.data.aggregation.impl.rank.BaseTopBottomAccumulator"/>
            <reference linenumber="-1" member="getValue" origin="org.eclipse.birt.data.aggregation.impl.rank.TotalRank.MyAccumulator.getValue()" signature="()Ljava/lang/Object;" type="org.eclipse.birt.data.aggregation.impl.rank.TotalRank$MyAccumulator"/>
        </reference_kind>
    </target>
    <target member="&lt;init&gt;" name="org.eclipse.birt.data.engine.core.DataException.DataException(String, Object[])" signature="(Ljava/lang/String;[Ljava/lang/Object;)V" type="org.eclipse.birt.data.engine.core.DataException">
        <reference_kind flags="0" kind="64" reference_kind_name="CONSTRUCTOR_METHOD">
            <reference linenumber="262" member="setMaxLength" origin="org.eclipse.birt.data.aggregation.impl.TotalConcatenate.MyAccumulator.setMaxLength(Object)" signature="(Ljava/lang/Object;)V" type="org.eclipse.birt.data.aggregation.impl.TotalConcatenate$MyAccumulator"/>
        </reference_kind>
    </target>
    <target member="&lt;init&gt;" name="org.eclipse.birt.data.engine.core.DataException.DataException(String, Throwable)" signature="(Ljava/lang/String;Ljava/lang/Throwable;)V" type="org.eclipse.birt.data.engine.core.DataException">
        <reference_kind flags="0" kind="64" reference_kind_name="CONSTRUCTOR_METHOD">
            <reference linenumber="110" member="toDouble" origin="org.eclipse.birt.data.aggregation.impl.SummaryAccumulator.toDouble(Object)" signature="(Ljava/lang/Object;)Ljava/lang/Object;" type="org.eclipse.birt.data.aggregation.impl.SummaryAccumulator"/>
        <reference linenumber="38" member="populateNValue" origin="org.eclipse.birt.data.aggregation.impl.rank.PercentAccumulator.populateNValue(Object)" signature="(Ljava/lang/Object;)D" type="org.eclipse.birt.data.aggregation.impl.rank.PercentAccumulator"/>
            <reference linenumber="38" member="populateNValue" origin="org.eclipse.birt.data.aggregation.impl.rank.NAccumulator.populateNValue(Object)" signature="(Ljava/lang/Object;)D" type="org.eclipse.birt.data.aggregation.impl.rank.NAccumulator"/>
        </reference_kind>
    </target>
    <target member="&lt;init&gt;" name="org.eclipse.birt.data.engine.api.aggregation.Accumulator.Accumulator()" signature="()V" type="org.eclipse.birt.data.engine.api.aggregation.Accumulator">
        <reference_kind flags="0" kind="536870912" reference_kind_name="SUPER_CONSTRUCTORMETHOD">
            <reference linenumber="31" member="&lt;init&gt;" origin="org.eclipse.birt.data.aggregation.impl.SummaryAccumulator.SummaryAccumulator()" signature="()V" type="org.eclipse.birt.data.aggregation.impl.SummaryAccumulator"/>
            <reference linenumber="25" member="&lt;init&gt;" origin="org.eclipse.birt.data.aggregation.impl.RunningAccumulator.RunningAccumulator()" signature="()V" type="org.eclipse.birt.data.aggregation.impl.RunningAccumulator"/>
        </reference_kind>
        <reference_kind flags="0" kind="268435456" reference_kind_name="OVERRIDE">
            <reference linenumber="-1" member="&lt;init&gt;" origin="org.eclipse.birt.data.aggregation.impl.SummaryAccumulator.SummaryAccumulator()" signature="()V" type="org.eclipse.birt.data.aggregation.impl.SummaryAccumulator"/>
            <reference linenumber="-1" member="&lt;init&gt;" origin="org.eclipse.birt.data.aggregation.impl.RunningAccumulator.RunningAccumulator()" signature="()V" type="org.eclipse.birt.data.aggregation.impl.RunningAccumulator"/>
        </reference_kind>
    </target>
    <target member="onRow" name="org.eclipse.birt.data.engine.api.aggregation.Accumulator.onRow(Object[])" signature="([Ljava/lang/Object;)V" type="org.eclipse.birt.data.engine.api.aggregation.Accumulator">
        <reference_kind flags="0" kind="268435456" reference_kind_name="OVERRIDE">
            <reference linenumber="-1" member="onRow" origin="org.eclipse.birt.data.aggregation.impl.TotalMin.MyAccumulator.onRow(Object[])" signature="([Ljava/lang/Object;)V" type="org.eclipse.birt.data.aggregation.impl.TotalMin$MyAccumulator"/>
            <reference linenumber="-1" member="onRow" origin="org.eclipse.birt.data.aggregation.impl.TotalRunningNpv.MyAccumulator.onRow(Object[])" signature="([Ljava/lang/Object;)V" type="org.eclipse.birt.data.aggregation.impl.TotalRunningNpv$MyAccumulator"/>
            <reference linenumber="-1" member="onRow" origin="org.eclipse.birt.data.aggregation.impl.TotalMax.MyAccumulator.onRow(Object[])" signature="([Ljava/lang/Object;)V" type="org.eclipse.birt.data.aggregation.impl.TotalMax$MyAccumulator"/>
            <reference linenumber="-1" member="onRow" origin="org.eclipse.birt.data.aggregation.impl.TotalStdDev.MyAccumulator.onRow(Object[])" signature="([Ljava/lang/Object;)V" type="org.eclipse.birt.data.aggregation.impl.TotalStdDev$MyAccumulator"/>
            <reference linenumber="-1" member="onRow" origin="org.eclipse.birt.data.aggregation.impl.TotalMirr.MyAccumulator.onRow(Object[])" signature="([Ljava/lang/Object;)V" type="org.eclipse.birt.data.aggregation.impl.TotalMirr$MyAccumulator"/>
            <reference linenumber="-1" member="onRow" origin="org.eclipse.birt.data.aggregation.impl.TotalSum.MyAccumulator.onRow(Object[])" signature="([Ljava/lang/Object;)V" type="org.eclipse.birt.data.aggregation.impl.TotalSum$MyAccumulator"/>
            <reference linenumber="-1" member="onRow" origin="org.eclipse.birt.data.aggregation.impl.TotalMedian.MyAccumulator.onRow(Object[])" signature="([Ljava/lang/Object;)V" type="org.eclipse.birt.data.aggregation.impl.TotalMedian$MyAccumulator"/>
            <reference linenumber="-1" member="onRow" origin="org.eclipse.birt.data.aggregation.impl.TotalMode.MyAccumulator.onRow(Object[])" signature="([Ljava/lang/Object;)V" type="org.eclipse.birt.data.aggregation.impl.TotalMode$MyAccumulator"/>
            <reference linenumber="-1" member="onRow" origin="org.eclipse.birt.data.aggregation.impl.TotalNpv.MyAccumulator.onRow(Object[])" signature="([Ljava/lang/Object;)V" type="org.eclipse.birt.data.aggregation.impl.TotalNpv$MyAccumulator"/>
            <reference linenumber="-1" member="onRow" origin="org.eclipse.birt.data.aggregation.impl.TotalConcatenate.MyAccumulator.onRow(Object[])" signature="([Ljava/lang/Object;)V" type="org.eclipse.birt.data.aggregation.impl.TotalConcatenate$MyAccumulator"/>
            <reference linenumber="-1" member="onRow" origin="org.eclipse.birt.data.aggregation.impl.TotalWeightedAve.MyAccumulator.onRow(Object[])" signature="([Ljava/lang/Object;)V" type="org.eclipse.birt.data.aggregation.impl.TotalWeightedAve$MyAccumulator"/>
            <reference linenumber="-1" member="onRow" origin="org.eclipse.birt.data.aggregation.impl.TotalVariance.MyAccumulator.onRow(Object[])" signature="([Ljava/lang/Object;)V" type="org.eclipse.birt.data.aggregation.impl.TotalVariance$MyAccumulator"/>
            <reference linenumber="-1" member="onRow" origin="org.eclipse.birt.data.aggregation.impl.TotalFirst.MyAccumulator.onRow(Object[])" signature="([Ljava/lang/Object;)V" type="org.eclipse.birt.data.aggregation.impl.TotalFirst$MyAccumulator"/>
            <reference linenumber="-1" member="onRow" origin="org.eclipse.birt.data.aggregation.impl.TotalLast.MyAccumulator.onRow(Object[])" signature="([Ljava/lang/Object;)V" type="org.eclipse.birt.data.aggregation.impl.TotalLast$MyAccumulator"/>
            <reference linenumber="-1" member="onRow" origin="org.eclipse.birt.data.aggregation.impl.TotalCount.MyAccumulator.onRow(Object[])" signature="([Ljava/lang/Object;)V" type="org.eclipse.birt.data.aggregation.impl.TotalCount$MyAccumulator"/>
            <reference linenumber="-1" member="onRow" origin="org.eclipse.birt.data.aggregation.impl.TotalRunningCount.MyAccumulator.onRow(Object[])" signature="([Ljava/lang/Object;)V" type="org.eclipse.birt.data.aggregation.impl.TotalRunningCount$MyAccumulator"/>
            <reference linenumber="-1" member="onRow" origin="org.eclipse.birt.data.aggregation.impl.TotalRunningSum.MyAccumulator.onRow(Object[])" signature="([Ljava/lang/Object;)V" type="org.eclipse.birt.data.aggregation.impl.TotalRunningSum$MyAccumulator"/>
            <reference linenumber="-1" member="onRow" origin="org.eclipse.birt.data.aggregation.impl.TotalCountDistinct.MyAccumulator.onRow(Object[])" signature="([Ljava/lang/Object;)V" type="org.eclipse.birt.data.aggregation.impl.TotalCountDistinct$MyAccumulator"/>
            <reference linenumber="-1" member="onRow" origin="org.eclipse.birt.data.aggregation.impl.TotalMovingAve.MyAccumulator.onRow(Object[])" signature="([Ljava/lang/Object;)V" type="org.eclipse.birt.data.aggregation.impl.TotalMovingAve$MyAccumulator"/>
            <reference linenumber="-1" member="onRow" origin="org.eclipse.birt.data.aggregation.impl.TotalAve.MyAccumulator.onRow(Object[])" signature="([Ljava/lang/Object;)V" type="org.eclipse.birt.data.aggregation.impl.TotalAve$MyAccumulator"/>
            <reference linenumber="-1" member="onRow" origin="org.eclipse.birt.data.aggregation.impl.TotalIrr.MyAccumulator.onRow(Object[])" signature="([Ljava/lang/Object;)V" type="org.eclipse.birt.data.aggregation.impl.TotalIrr$MyAccumulator"/>
        <reference linenumber="-1" member="onRow" origin="org.eclipse.birt.data.aggregation.impl.rank.TotalPercentSum.MyAccumulator.onRow(Object[])" signature="([Ljava/lang/Object;)V" type="org.eclipse.birt.data.aggregation.impl.rank.TotalPercentSum$MyAccumulator"/>
            <reference linenumber="-1" member="onRow" origin="org.eclipse.birt.data.aggregation.impl.rank.TotalPercentRank.MyAccumulator.onRow(Object[])" signature="([Ljava/lang/Object;)V" type="org.eclipse.birt.data.aggregation.impl.rank.TotalPercentRank$MyAccumulator"/>
            <reference linenumber="-1" member="onRow" origin="org.eclipse.birt.data.aggregation.impl.rank.BaseTopBottomAccumulator.onRow(Object[])" signature="([Ljava/lang/Object;)V" type="org.eclipse.birt.data.aggregation.impl.rank.BaseTopBottomAccumulator"/>
            <reference linenumber="-1" member="onRow" origin="org.eclipse.birt.data.aggregation.impl.rank.TotalRank.MyAccumulator.onRow(Object[])" signature="([Ljava/lang/Object;)V" type="org.eclipse.birt.data.aggregation.impl.rank.TotalRank$MyAccumulator"/>
            <reference linenumber="-1" member="onRow" origin="org.eclipse.birt.data.aggregation.impl.rank.PercentileAccumulator.onRow(Object[])" signature="([Ljava/lang/Object;)V" type="org.eclipse.birt.data.aggregation.impl.rank.PercentileAccumulator"/>
        </reference_kind>
    </target>
    <target member="&lt;init&gt;" name="org.eclipse.birt.data.engine.core.DataException.DataException(String, Object)" signature="(Ljava/lang/String;Ljava/lang/Object;)V" type="org.eclipse.birt.data.engine.core.DataException">
        <reference_kind flags="0" kind="64" reference_kind_name="CONSTRUCTOR_METHOD">
            <reference linenumber="102" member="onRow" origin="org.eclipse.birt.data.aggregation.impl.TotalCountDistinct.MyAccumulator.onRow(Object[])" signature="([Ljava/lang/Object;)V" type="org.eclipse.birt.data.aggregation.impl.TotalCountDistinct$MyAccumulator"/>
        </reference_kind>
    </target>
    <target member="finish" name="org.eclipse.birt.data.engine.api.aggregation.Accumulator.finish()" signature="()V" type="org.eclipse.birt.data.engine.api.aggregation.Accumulator">
        <reference_kind flags="0" kind="268435456" reference_kind_name="OVERRIDE">
            <reference linenumber="-1" member="finish" origin="org.eclipse.birt.data.aggregation.impl.SummaryAccumulator.finish()" signature="()V" type="org.eclipse.birt.data.aggregation.impl.SummaryAccumulator"/>
        <reference linenumber="-1" member="finish" origin="org.eclipse.birt.data.aggregation.impl.rank.TotalRank.MyAccumulator.finish()" signature="()V" type="org.eclipse.birt.data.aggregation.impl.rank.TotalRank$MyAccumulator"/>
            <reference linenumber="-1" member="finish" origin="org.eclipse.birt.data.aggregation.impl.rank.TotalPercentRank.MyAccumulator.finish()" signature="()V" type="org.eclipse.birt.data.aggregation.impl.rank.TotalPercentRank$MyAccumulator"/>
        </reference_kind>
    </target>
    <target member="&lt;init&gt;" name="org.eclipse.birt.data.engine.core.DataException.DataException(String)" signature="(Ljava/lang/String;)V" type="org.eclipse.birt.data.engine.core.DataException">
        <reference_kind flags="0" kind="64" reference_kind_name="CONSTRUCTOR_METHOD">
            <reference linenumber="293" member="setShowAllValues" origin="org.eclipse.birt.data.aggregation.impl.TotalConcatenate.MyAccumulator.setShowAllValues(Object)" signature="(Ljava/lang/Object;)V" type="org.eclipse.birt.data.aggregation.impl.TotalConcatenate$MyAccumulator"/>
        <reference linenumber="41" member="populateNValue" origin="org.eclipse.birt.data.aggregation.impl.rank.NAccumulator.populateNValue(Object)" signature="(Ljava/lang/Object;)D" type="org.eclipse.birt.data.aggregation.impl.rank.NAccumulator"/>
            <reference linenumber="41" member="populateNValue" origin="org.eclipse.birt.data.aggregation.impl.rank.PercentAccumulator.populateNValue(Object)" signature="(Ljava/lang/Object;)D" type="org.eclipse.birt.data.aggregation.impl.rank.PercentAccumulator"/>
            <reference linenumber="113" member="onRow" origin="org.eclipse.birt.data.aggregation.impl.rank.BaseTopBottomAccumulator.onRow(Object[])" signature="([Ljava/lang/Object;)V" type="org.eclipse.birt.data.aggregation.impl.rank.BaseTopBottomAccumulator"/>
        </reference_kind>
    </target>
    <target member="start" name="org.eclipse.birt.data.engine.api.aggregation.Accumulator.start()" signature="()V" type="org.eclipse.birt.data.engine.api.aggregation.Accumulator">
        <reference_kind flags="0" kind="268435456" reference_kind_name="OVERRIDE">
            <reference linenumber="-1" member="start" origin="org.eclipse.birt.data.aggregation.impl.SummaryAccumulator.start()" signature="()V" type="org.eclipse.birt.data.aggregation.impl.SummaryAccumulator"/>
            <reference linenumber="-1" member="start" origin="org.eclipse.birt.data.aggregation.impl.RunningAccumulator.start()" signature="()V" type="org.eclipse.birt.data.aggregation.impl.RunningAccumulator"/>
        </reference_kind>
    </target>
    <target member="getDisplayName" name="org.eclipse.birt.data.engine.api.aggregation.IParameterDefn.getDisplayName()" signature="()Ljava/lang/String;" type="org.eclipse.birt.data.engine.api.aggregation.IParameterDefn">
        <reference_kind flags="0" kind="512" reference_kind_name="INTERFACE_METHOD">
            <reference linenumber="263" member="setMaxLength" origin="org.eclipse.birt.data.aggregation.impl.TotalConcatenate.MyAccumulator.setMaxLength(Object)" signature="(Ljava/lang/Object;)V" type="org.eclipse.birt.data.aggregation.impl.TotalConcatenate$MyAccumulator"/>
        </reference_kind>
    </target>
<target member="evalConditionalExpr" name="org.eclipse.birt.data.engine.script.ScriptEvalUtil.evalConditionalExpr(Object, int, Object, Object)" signature="(Ljava/lang/Object;ILjava/lang/Object;Ljava/lang/Object;)Ljava/lang/Object;" type="org.eclipse.birt.data.engine.script.ScriptEvalUtil">
        <reference_kind flags="0" kind="128" reference_kind_name="INVOKED_STATIC">
            <reference linenumber="110" member="compareTop" origin="org.eclipse.birt.data.aggregation.impl.rank.RankAggregationUtil.compareTop(Object, Object)" signature="(Ljava/lang/Object;Ljava/lang/Object;)Z" type="org.eclipse.birt.data.aggregation.impl.rank.RankAggregationUtil"/>
            <reference linenumber="133" member="compareBottom" origin="org.eclipse.birt.data.aggregation.impl.rank.RankAggregationUtil.compareBottom(Object, Object)" signature="(Ljava/lang/Object;Ljava/lang/Object;)Z" type="org.eclipse.birt.data.aggregation.impl.rank.RankAggregationUtil"/>
            <reference linenumber="205" member="compare" origin="org.eclipse.birt.data.aggregation.impl.rank.ValueComparator.compare(Object, Object)" signature="(Ljava/lang/Object;Ljava/lang/Object;)I" type="org.eclipse.birt.data.aggregation.impl.rank.ValueComparator"/>
            <reference linenumber="212" member="compare" origin="org.eclipse.birt.data.aggregation.impl.rank.ValueComparator.compare(Object, Object)" signature="(Ljava/lang/Object;Ljava/lang/Object;)I" type="org.eclipse.birt.data.aggregation.impl.rank.ValueComparator"/>
        </reference_kind>
    </target>
</references>
