<?xml version="1.0" encoding="UTF-8" standalone="no"?>
<references name="Methods" origin="org.eclipse.acceleo.ide.ui (0.8.1.v200909161003)" referee="org.eclipse.acceleo.common (0.8.1.v200909161003)" reference_count="7" reference_visibility="1">
    <target member="load" name="org.eclipse.acceleo.common.utils.ModelUtils.load(URI, ResourceSet)" signature="(Lorg/eclipse/emf/common/util/URI;Lorg/eclipse/emf/ecore/resource/ResourceSet;)Lorg/eclipse/emf/ecore/EObject;" type="org.eclipse.acceleo.common.utils.ModelUtils">
        <reference_kind flags="0" kind="128" reference_kind_name="INVOKED_STATIC">
            <reference linenumber="517" member="loadAccessibleOutputFiles" origin="org.eclipse.acceleo.ide.ui.resources.AcceleoProject.loadAccessibleOutputFiles()" signature="()Lorg/eclipse/emf/ecore/resource/ResourceSet;" type="org.eclipse.acceleo.ide.ui.resources.AcceleoProject"/>
        <reference linenumber="130" member="run" origin="org.eclipse.acceleo.internal.ide.ui.builders.runner.CreateRunnableAcceleoOperation.run(IProgressMonitor)" signature="(Lorg/eclipse/core/runtime/IProgressMonitor;)V" type="org.eclipse.acceleo.internal.ide.ui.builders.runner.CreateRunnableAcceleoOperation"/>
        <reference linenumber="226" member="getInputOutputAcceleoFiles" origin="org.eclipse.acceleo.internal.ide.ui.debug.core.AcceleoDebugger.getInputOutputAcceleoFiles(IProject, ResourceSet)" signature="(Lorg/eclipse/core/resources/IProject;Lorg/eclipse/emf/ecore/resource/ResourceSet;)Ljava/util/Map;" type="org.eclipse.acceleo.internal.ide.ui.debug.core.AcceleoDebugger"/>
        <reference linenumber="865" member="getModule" origin="org.eclipse.acceleo.internal.ide.ui.editors.template.AcceleoSourceContent.getModule(ResourceSet, URI)" signature="(Lorg/eclipse/emf/ecore/resource/ResourceSet;Lorg/eclipse/emf/common/util/URI;)Lorg/eclipse/acceleo/model/mtl/Module;" type="org.eclipse.acceleo.internal.ide.ui.editors.template.AcceleoSourceContent"/>
        <reference linenumber="168" member="findReferencesForFile" origin="org.eclipse.acceleo.internal.ide.ui.editors.template.actions.references.ReferencesSearchQuery.findReferencesForFile()" signature="()V" type="org.eclipse.acceleo.internal.ide.ui.editors.template.actions.references.ReferencesSearchQuery"/>
        </reference_kind>
    </target>
<target member="createResource" name="org.eclipse.acceleo.common.utils.ModelUtils.createResource(URI, ResourceSet)" signature="(Lorg/eclipse/emf/common/util/URI;Lorg/eclipse/emf/ecore/resource/ResourceSet;)Lorg/eclipse/emf/ecore/resource/Resource;" type="org.eclipse.acceleo.common.utils.ModelUtils">
        <reference_kind flags="0" kind="128" reference_kind_name="INVOKED_STATIC">
            <reference linenumber="893" member="getTypes" origin="org.eclipse.acceleo.internal.ide.ui.editors.template.AcceleoSourceContent.getTypes()" signature="()Ljava/util/List;" type="org.eclipse.acceleo.internal.ide.ui.editors.template.AcceleoSourceContent"/>
            <reference linenumber="952" member="createAST" origin="org.eclipse.acceleo.internal.ide.ui.editors.template.AcceleoSourceContent.createAST()" signature="()V" type="org.eclipse.acceleo.internal.ide.ui.editors.template.AcceleoSourceContent"/>
        </reference_kind>
    </target>
</references>
