<?xml version="1.0" encoding="UTF-8" standalone="no"?>
<references name="Methods" origin="org.eclipse.actf.model.ui.editors.ooo (0.7.2.R201002031025)" referee="org.eclipse.actf.model.ui.editors.ooo.initializer (0.7.2.R201002031025)" reference_count="3" reference_visibility="1">
    <target member="isOOoInstalled" name="org.eclipse.actf.model.ui.editors.ooo.initializer.util.OOoEditorInitUtil.isOOoInstalled(boolean)" signature="(Z)Z" type="org.eclipse.actf.model.ui.editors.ooo.initializer.util.OOoEditorInitUtil">
        <reference_kind flags="0" kind="128" reference_kind_name="INVOKED_STATIC">
            <reference linenumber="-1" member="&lt;init&gt;" origin="org.eclipse.actf.model.internal.ui.editors.ooo.OOoComposite.OOoComposite(Composite, int, IModelServiceHolder)" signature="(Lorg/eclipse/swt/widgets/Composite;ILorg/eclipse/actf/model/ui/IModelServiceHolder;)V" type="org.eclipse.actf.model.internal.ui.editors.ooo.OOoComposite"/>
        </reference_kind>
    </target>
<target member="getOpenOfficePath" name="org.eclipse.actf.model.ui.editors.ooo.initializer.util.OOoEditorInitUtil.getOpenOfficePath()" signature="()Ljava/lang/String;" type="org.eclipse.actf.model.ui.editors.ooo.initializer.util.OOoEditorInitUtil">
        <reference_kind flags="0" kind="128" reference_kind_name="INVOKED_STATIC">
            <reference linenumber="-1" member="loadOpenOfficeLibs" origin="org.eclipse.actf.model.internal.ui.editors.ooo.util.ODFUtils.loadOpenOfficeLibs()" signature="()Ljava/lang/ClassLoader;" type="org.eclipse.actf.model.internal.ui.editors.ooo.util.ODFUtils"/>
            <reference linenumber="-1" member="bootstrap" origin="org.eclipse.actf.model.internal.ui.editors.ooo.util.BootstrapForOOoComposite.bootstrap(ClassLoader)" signature="(Ljava/lang/ClassLoader;)Ljava/lang/Process;" type="org.eclipse.actf.model.internal.ui.editors.ooo.util.BootstrapForOOoComposite"/>
        </reference_kind>
    </target>
</references>
