<?xml version="1.0" encoding="UTF-8" standalone="no"?>
<references name="Methods" origin="org.eclipse.birt.report.designer.ui (2.5.2.v20100208)" referee="org.eclipse.birt.data (2.5.2.v20100209)" reference_count="140" reference_visibility="1">
    <target member="getLeftDataSetDesignName" name="org.eclipse.birt.data.engine.api.IJointDataSetDesign.getLeftDataSetDesignName()" signature="()Ljava/lang/String;" type="org.eclipse.birt.data.engine.api.IJointDataSetDesign">
        <reference_kind flags="0" kind="512" reference_kind_name="INTERFACE_METHOD">
            <reference linenumber="998" member="defineSourceDataSets" origin="org.eclipse.birt.report.designer.data.ui.util.DataSetProvider.defineSourceDataSets(DataRequestSession, DataSetHandle, IBaseDataSetDesign)" signature="(Lorg/eclipse/birt/report/data/adapter/api/DataRequestSession;Lorg/eclipse/birt/report/model/api/DataSetHandle;Lorg/eclipse/birt/data/engine/api/IBaseDataSetDesign;)V" type="org.eclipse.birt.report.designer.data.ui.util.DataSetProvider"/>
        <reference linenumber="272" member="defineSourceDataSets" origin="org.eclipse.birt.report.designer.internal.ui.util.DataUtil.defineSourceDataSets(DataEngine, DataSetHandle, IBaseDataSetDesign)" signature="(Lorg/eclipse/birt/data/engine/api/DataEngine;Lorg/eclipse/birt/report/model/api/DataSetHandle;Lorg/eclipse/birt/data/engine/api/IBaseDataSetDesign;)V" type="org.eclipse.birt.report.designer.internal.ui.util.DataUtil"/>
        </reference_kind>
    </target>
    <target member="getText" name="org.eclipse.birt.data.engine.api.querydefn.ScriptExpression.getText()" signature="()Ljava/lang/String;" type="org.eclipse.birt.data.engine.api.querydefn.ScriptExpression">
        <reference_kind flags="0" kind="256" reference_kind_name="VIRTUAL_METHOD">
            <reference linenumber="104" member="getAdaptedExprText" origin="org.eclipse.birt.report.designer.data.ui.util.DataUtil.getAdaptedExprText(IModelAdapter, ComputedColumnHandle)" signature="(Lorg/eclipse/birt/report/data/adapter/api/IModelAdapter;Lorg/eclipse/birt/report/model/api/ComputedColumnHandle;)Ljava/lang/String;" type="org.eclipse.birt.report.designer.data.ui.util.DataUtil"/>
            <reference linenumber="148" member="getSelectValueList" origin="org.eclipse.birt.report.designer.data.ui.util.SelectValueFetcher.getSelectValueList(Expression, DataSetHandle, boolean)" signature="(Lorg/eclipse/birt/report/model/api/Expression;Lorg/eclipse/birt/report/model/api/DataSetHandle;Z)Ljava/util/List;" type="org.eclipse.birt.report.designer.data.ui.util.SelectValueFetcher"/>
            <reference linenumber="138" member="getSelectValueList" origin="org.eclipse.birt.report.designer.data.ui.util.SelectValueFetcher.getSelectValueList(Expression, DataSetHandle, boolean)" signature="(Lorg/eclipse/birt/report/model/api/Expression;Lorg/eclipse/birt/report/model/api/DataSetHandle;Z)Ljava/util/List;" type="org.eclipse.birt.report.designer.data.ui.util.SelectValueFetcher"/>
            <reference linenumber="152" member="getSelectValueList" origin="org.eclipse.birt.report.designer.data.ui.util.SelectValueFetcher.getSelectValueList(Expression, DataSetHandle, boolean)" signature="(Lorg/eclipse/birt/report/model/api/Expression;Lorg/eclipse/birt/report/model/api/DataSetHandle;Z)Ljava/util/List;" type="org.eclipse.birt.report.designer.data.ui.util.SelectValueFetcher"/>
            <reference linenumber="136" member="getSelectValueList" origin="org.eclipse.birt.report.designer.data.ui.util.SelectValueFetcher.getSelectValueList(Expression, DataSetHandle, boolean)" signature="(Lorg/eclipse/birt/report/model/api/Expression;Lorg/eclipse/birt/report/model/api/DataSetHandle;Z)Ljava/util/List;" type="org.eclipse.birt.report.designer.data.ui.util.SelectValueFetcher"/>
        </reference_kind>
    </target>
    <target member="getResultMetaData" name="org.eclipse.birt.data.engine.api.IQueryResults.getResultMetaData()" signature="()Lorg/eclipse/birt/data/engine/api/IResultMetaData;" type="org.eclipse.birt.data.engine.api.IQueryResults">
        <reference_kind flags="0" kind="512" reference_kind_name="INTERFACE_METHOD">
            <reference linenumber="481" member="saveResultToDataItems" origin="org.eclipse.birt.report.designer.data.ui.util.DataSetProvider.saveResultToDataItems(DataSetHandle, IQueryResults)" signature="(Lorg/eclipse/birt/report/model/api/DataSetHandle;Lorg/eclipse/birt/data/engine/api/IQueryResults;)V" type="org.eclipse.birt.report.designer.data.ui.util.DataSetProvider"/>
        </reference_kind>
    </target>
    <target member="&lt;init&gt;" name="org.eclipse.birt.data.engine.api.querydefn.InputParameterBinding.InputParameterBinding(String, IBaseExpression)" signature="(Ljava/lang/String;Lorg/eclipse/birt/data/engine/api/IBaseExpression;)V" type="org.eclipse.birt.data.engine.api.querydefn.InputParameterBinding">
        <reference_kind flags="0" kind="64" reference_kind_name="CONSTRUCTOR_METHOD">
            <reference linenumber="610" member="getQueryDefinition" origin="org.eclipse.birt.report.designer.data.ui.util.DataSetProvider.getQueryDefinition(IBaseDataSetDesign, int)" signature="(Lorg/eclipse/birt/data/engine/api/IBaseDataSetDesign;I)Lorg/eclipse/birt/data/engine/api/querydefn/QueryDefinition;" type="org.eclipse.birt.report.designer.data.ui.util.DataSetProvider"/>
            <reference linenumber="658" member="getQueryDefinition" origin="org.eclipse.birt.report.designer.data.ui.util.DataSetProvider.getQueryDefinition(IBaseDataSetDesign, ParamBindingHandle[], int)" signature="(Lorg/eclipse/birt/data/engine/api/IBaseDataSetDesign;[Lorg/eclipse/birt/report/model/api/ParamBindingHandle;I)Lorg/eclipse/birt/data/engine/api/querydefn/QueryDefinition;" type="org.eclipse.birt.report.designer.data.ui.util.DataSetProvider"/>
        <reference linenumber="358" member="getQueryDefinition" origin="org.eclipse.birt.report.designer.internal.ui.util.DataUtil.getQueryDefinition(IBaseDataSetDesign, int)" signature="(Lorg/eclipse/birt/data/engine/api/IBaseDataSetDesign;I)Lorg/eclipse/birt/data/engine/api/querydefn/QueryDefinition;" type="org.eclipse.birt.report.designer.internal.ui.util.DataUtil"/>
            <reference linenumber="320" member="getQueryDefinition" origin="org.eclipse.birt.report.designer.internal.ui.util.DataUtil.getQueryDefinition(IBaseDataSetDesign, ParamBindingHandle[], int)" signature="(Lorg/eclipse/birt/data/engine/api/IBaseDataSetDesign;[Lorg/eclipse/birt/report/model/api/ParamBindingHandle;I)Lorg/eclipse/birt/data/engine/api/querydefn/QueryDefinition;" type="org.eclipse.birt.report.designer.internal.ui.util.DataUtil"/>
        </reference_kind>
    </target>
    <target member="getColumnType" name="org.eclipse.birt.data.engine.api.IBaseResultMetaData.getColumnType(int)" signature="(I)I" type="org.eclipse.birt.data.engine.api.IBaseResultMetaData">
        <reference_kind flags="0" kind="512" reference_kind_name="INTERFACE_METHOD">
            <reference linenumber="251" member="populateAllCachedMetaData" origin="org.eclipse.birt.report.designer.data.ui.util.DataSetProvider.populateAllCachedMetaData(DataSetHandle, DataRequestSession)" signature="(Lorg/eclipse/birt/report/model/api/DataSetHandle;Lorg/eclipse/birt/report/data/adapter/api/DataRequestSession;)[Lorg/eclipse/birt/report/designer/data/ui/dataset/DataSetViewData;" type="org.eclipse.birt.report.designer.data.ui.util.DataSetProvider"/>
            <reference linenumber="216" member="populateAllOutputColumns" origin="org.eclipse.birt.report.designer.data.ui.util.DataSetProvider.populateAllOutputColumns(DataSetHandle, DataRequestSession)" signature="(Lorg/eclipse/birt/report/model/api/DataSetHandle;Lorg/eclipse/birt/report/data/adapter/api/DataRequestSession;)[Lorg/eclipse/birt/report/designer/data/ui/dataset/DataSetViewData;" type="org.eclipse.birt.report.designer.data.ui.util.DataSetProvider"/>
            <reference linenumber="505" member="saveResultToDataItems" origin="org.eclipse.birt.report.designer.data.ui.util.DataSetProvider.saveResultToDataItems(DataSetHandle, IQueryResults)" signature="(Lorg/eclipse/birt/report/model/api/DataSetHandle;Lorg/eclipse/birt/data/engine/api/IQueryResults;)V" type="org.eclipse.birt.report.designer.data.ui.util.DataSetProvider"/>
            <reference linenumber="247" member="populateAllCachedMetaData" origin="org.eclipse.birt.report.designer.data.ui.util.DataSetProvider.populateAllCachedMetaData(DataSetHandle, DataRequestSession)" signature="(Lorg/eclipse/birt/report/model/api/DataSetHandle;Lorg/eclipse/birt/report/data/adapter/api/DataRequestSession;)[Lorg/eclipse/birt/report/designer/data/ui/dataset/DataSetViewData;" type="org.eclipse.birt.report.designer.data.ui.util.DataSetProvider"/>
            <reference linenumber="212" member="populateAllOutputColumns" origin="org.eclipse.birt.report.designer.data.ui.util.DataSetProvider.populateAllOutputColumns(DataSetHandle, DataRequestSession)" signature="(Lorg/eclipse/birt/report/model/api/DataSetHandle;Lorg/eclipse/birt/report/data/adapter/api/DataRequestSession;)[Lorg/eclipse/birt/report/designer/data/ui/dataset/DataSetViewData;" type="org.eclipse.birt.report.designer.data.ui.util.DataSetProvider"/>
        </reference_kind>
    </target>
    <target member="getFilters" name="org.eclipse.birt.data.engine.api.IBaseDataSetDesign.getFilters()" signature="()Ljava/util/List;" type="org.eclipse.birt.data.engine.api.IBaseDataSetDesign">
        <reference_kind flags="0" kind="512" reference_kind_name="INTERFACE_METHOD">
            <reference linenumber="965" member="getDataSetDesign" origin="org.eclipse.birt.report.designer.data.ui.util.DataSetProvider.getDataSetDesign(DataSetHandle, boolean, boolean, DataRequestSession)" signature="(Lorg/eclipse/birt/report/model/api/DataSetHandle;ZZLorg/eclipse/birt/report/data/adapter/api/DataRequestSession;)Lorg/eclipse/birt/data/engine/api/IBaseDataSetDesign;" type="org.eclipse.birt.report.designer.data.ui.util.DataSetProvider"/>
        <reference linenumber="237" member="getDataSetDesign" origin="org.eclipse.birt.report.designer.internal.ui.util.DataUtil.getDataSetDesign(DataEngine, DataSetHandle, boolean, boolean)" signature="(Lorg/eclipse/birt/data/engine/api/DataEngine;Lorg/eclipse/birt/report/model/api/DataSetHandle;ZZ)Lorg/eclipse/birt/data/engine/api/IBaseDataSetDesign;" type="org.eclipse.birt.report.designer.internal.ui.util.DataUtil"/>
        </reference_kind>
    </target>
    <target member="&lt;init&gt;" name="org.eclipse.birt.data.engine.api.querydefn.ScriptExpression.ScriptExpression(String)" signature="(Ljava/lang/String;)V" type="org.eclipse.birt.data.engine.api.querydefn.ScriptExpression">
        <reference_kind flags="0" kind="64" reference_kind_name="CONSTRUCTOR_METHOD">
            <reference linenumber="611" member="getQueryDefinition" origin="org.eclipse.birt.report.designer.data.ui.util.DataSetProvider.getQueryDefinition(IBaseDataSetDesign, int)" signature="(Lorg/eclipse/birt/data/engine/api/IBaseDataSetDesign;I)Lorg/eclipse/birt/data/engine/api/querydefn/QueryDefinition;" type="org.eclipse.birt.report.designer.data.ui.util.DataSetProvider"/>
            <reference linenumber="659" member="getQueryDefinition" origin="org.eclipse.birt.report.designer.data.ui.util.DataSetProvider.getQueryDefinition(IBaseDataSetDesign, ParamBindingHandle[], int)" signature="(Lorg/eclipse/birt/data/engine/api/IBaseDataSetDesign;[Lorg/eclipse/birt/report/model/api/ParamBindingHandle;I)Lorg/eclipse/birt/data/engine/api/querydefn/QueryDefinition;" type="org.eclipse.birt.report.designer.data.ui.util.DataSetProvider"/>
        <reference linenumber="360" member="getQueryDefinition" origin="org.eclipse.birt.report.designer.internal.ui.util.DataUtil.getQueryDefinition(IBaseDataSetDesign, int)" signature="(Lorg/eclipse/birt/data/engine/api/IBaseDataSetDesign;I)Lorg/eclipse/birt/data/engine/api/querydefn/QueryDefinition;" type="org.eclipse.birt.report.designer.internal.ui.util.DataUtil"/>
            <reference linenumber="322" member="getQueryDefinition" origin="org.eclipse.birt.report.designer.internal.ui.util.DataUtil.getQueryDefinition(IBaseDataSetDesign, ParamBindingHandle[], int)" signature="(Lorg/eclipse/birt/data/engine/api/IBaseDataSetDesign;[Lorg/eclipse/birt/report/model/api/ParamBindingHandle;I)Lorg/eclipse/birt/data/engine/api/querydefn/QueryDefinition;" type="org.eclipse.birt.report.designer.internal.ui.util.DataUtil"/>
        </reference_kind>
    </target>
    <target member="getDefaultInputValue" name="org.eclipse.birt.data.engine.api.querydefn.ParameterDefinition.getDefaultInputValue()" signature="()Ljava/lang/String;" type="org.eclipse.birt.data.engine.api.querydefn.ParameterDefinition">
        <reference_kind flags="0" kind="256" reference_kind_name="VIRTUAL_METHOD">
            <reference linenumber="608" member="getQueryDefinition" origin="org.eclipse.birt.report.designer.data.ui.util.DataSetProvider.getQueryDefinition(IBaseDataSetDesign, int)" signature="(Lorg/eclipse/birt/data/engine/api/IBaseDataSetDesign;I)Lorg/eclipse/birt/data/engine/api/querydefn/QueryDefinition;" type="org.eclipse.birt.report.designer.data.ui.util.DataSetProvider"/>
            <reference linenumber="611" member="getQueryDefinition" origin="org.eclipse.birt.report.designer.data.ui.util.DataSetProvider.getQueryDefinition(IBaseDataSetDesign, int)" signature="(Lorg/eclipse/birt/data/engine/api/IBaseDataSetDesign;I)Lorg/eclipse/birt/data/engine/api/querydefn/QueryDefinition;" type="org.eclipse.birt.report.designer.data.ui.util.DataSetProvider"/>
        <reference linenumber="360" member="getQueryDefinition" origin="org.eclipse.birt.report.designer.internal.ui.util.DataUtil.getQueryDefinition(IBaseDataSetDesign, int)" signature="(Lorg/eclipse/birt/data/engine/api/IBaseDataSetDesign;I)Lorg/eclipse/birt/data/engine/api/querydefn/QueryDefinition;" type="org.eclipse.birt.report.designer.internal.ui.util.DataUtil"/>
            <reference linenumber="356" member="getQueryDefinition" origin="org.eclipse.birt.report.designer.internal.ui.util.DataUtil.getQueryDefinition(IBaseDataSetDesign, int)" signature="(Lorg/eclipse/birt/data/engine/api/IBaseDataSetDesign;I)Lorg/eclipse/birt/data/engine/api/querydefn/QueryDefinition;" type="org.eclipse.birt.report.designer.internal.ui.util.DataUtil"/>
        </reference_kind>
    </target>
    <target member="getAggregation" name="org.eclipse.birt.data.engine.api.aggregation.AggregationManager.getAggregation(String)" signature="(Ljava/lang/String;)Lorg/eclipse/birt/data/engine/api/aggregation/IAggrFunction;" type="org.eclipse.birt.data.engine.api.aggregation.AggregationManager">
        <reference_kind flags="0" kind="256" reference_kind_name="VIRTUAL_METHOD">
            <reference linenumber="408" member="getAggregationExpression" origin="org.eclipse.birt.report.designer.data.ui.util.DataUtil.getAggregationExpression(ComputedColumnHandle)" signature="(Lorg/eclipse/birt/report/model/api/ComputedColumnHandle;)Ljava/lang/String;" type="org.eclipse.birt.report.designer.data.ui.util.DataUtil"/>
        <reference linenumber="1288" member="getArgumentDisplayNameByName" origin="org.eclipse.birt.report.designer.internal.ui.dialogs.BindingDialogHelper.getArgumentDisplayNameByName(String, String)" signature="(Ljava/lang/String;Ljava/lang/String;)Ljava/lang/String;" type="org.eclipse.birt.report.designer.internal.ui.dialogs.BindingDialogHelper"/>
            <reference linenumber="566" member="getFunctionDisplayName" origin="org.eclipse.birt.report.designer.internal.ui.dialogs.BindingDialogHelper.getFunctionDisplayName(String)" signature="(Ljava/lang/String;)Ljava/lang/String;" type="org.eclipse.birt.report.designer.internal.ui.dialogs.BindingDialogHelper"/>
            <reference linenumber="1206" member="handleFunctionSelectEvent" origin="org.eclipse.birt.report.designer.internal.ui.dialogs.BindingDialogHelper.handleFunctionSelectEvent()" signature="()V" type="org.eclipse.birt.report.designer.internal.ui.dialogs.BindingDialogHelper"/>
            <reference linenumber="1589" member="canProcessWithWarning" origin="org.eclipse.birt.report.designer.internal.ui.dialogs.BindingDialogHelper.canProcessWithWarning()" signature="()Z" type="org.eclipse.birt.report.designer.internal.ui.dialogs.BindingDialogHelper"/>
            <reference linenumber="1046" member="verifyInput" origin="org.eclipse.birt.report.designer.internal.ui.dialogs.BindingDialogHelper.verifyInput()" signature="()V" type="org.eclipse.birt.report.designer.internal.ui.dialogs.BindingDialogHelper"/>
            <reference linenumber="1268" member="getArgumentByDisplayName" origin="org.eclipse.birt.report.designer.internal.ui.dialogs.BindingDialogHelper.getArgumentByDisplayName(String, String)" signature="(Ljava/lang/String;Ljava/lang/String;)Ljava/lang/String;" type="org.eclipse.birt.report.designer.internal.ui.dialogs.BindingDialogHelper"/>
        <reference linenumber="327" member="getColumnText" origin="org.eclipse.birt.report.designer.internal.ui.views.dialogs.provider.DataSetColumnBindingsFormHandleProvider.getColumnText(Object, int)" signature="(Ljava/lang/Object;I)Ljava/lang/String;" type="org.eclipse.birt.report.designer.internal.ui.views.dialogs.provider.DataSetColumnBindingsFormHandleProvider"/>
            <reference linenumber="329" member="getColumnText" origin="org.eclipse.birt.report.designer.internal.ui.views.dialogs.provider.DataSetColumnBindingsFormHandleProvider.getColumnText(Object, int)" signature="(Ljava/lang/Object;I)Ljava/lang/String;" type="org.eclipse.birt.report.designer.internal.ui.views.dialogs.provider.DataSetColumnBindingsFormHandleProvider"/>
        <reference linenumber="339" member="getColumnText" origin="org.eclipse.birt.report.designer.ui.dialogs.ColumnBindingDialog.2.getColumnText(Object, int)" signature="(Ljava/lang/Object;I)Ljava/lang/String;" type="org.eclipse.birt.report.designer.ui.dialogs.ColumnBindingDialog$2"/>
            <reference linenumber="341" member="getColumnText" origin="org.eclipse.birt.report.designer.ui.dialogs.ColumnBindingDialog.2.getColumnText(Object, int)" signature="(Ljava/lang/Object;I)Ljava/lang/String;" type="org.eclipse.birt.report.designer.ui.dialogs.ColumnBindingDialog$2"/>
        </reference_kind>
    </target>
    <target member="&lt;init&gt;" name="org.eclipse.birt.data.engine.core.DataException.DataException(String)" signature="(Ljava/lang/String;)V" type="org.eclipse.birt.data.engine.core.DataException">
        <reference_kind flags="0" kind="64" reference_kind_name="CONSTRUCTOR_METHOD">
            <reference linenumber="142" member="getSelectValueList" origin="org.eclipse.birt.report.designer.data.ui.util.SelectValueFetcher.getSelectValueList(Expression, DataSetHandle, boolean)" signature="(Lorg/eclipse/birt/report/model/api/Expression;Lorg/eclipse/birt/report/model/api/DataSetHandle;Z)Ljava/util/List;" type="org.eclipse.birt.report.designer.data.ui.util.SelectValueFetcher"/>
        </reference_kind>
    </target>
    <target member="isComputedColumn" name="org.eclipse.birt.data.engine.api.IResultMetaData.isComputedColumn(int)" signature="(I)Z" type="org.eclipse.birt.data.engine.api.IResultMetaData">
        <reference_kind flags="0" kind="512" reference_kind_name="INTERFACE_METHOD">
            <reference linenumber="214" member="populateAllOutputColumns" origin="org.eclipse.birt.report.designer.data.ui.util.DataSetProvider.populateAllOutputColumns(DataSetHandle, DataRequestSession)" signature="(Lorg/eclipse/birt/report/model/api/DataSetHandle;Lorg/eclipse/birt/report/data/adapter/api/DataRequestSession;)[Lorg/eclipse/birt/report/designer/data/ui/dataset/DataSetViewData;" type="org.eclipse.birt.report.designer.data.ui.util.DataSetProvider"/>
            <reference linenumber="249" member="populateAllCachedMetaData" origin="org.eclipse.birt.report.designer.data.ui.util.DataSetProvider.populateAllCachedMetaData(DataSetHandle, DataRequestSession)" signature="(Lorg/eclipse/birt/report/model/api/DataSetHandle;Lorg/eclipse/birt/report/data/adapter/api/DataRequestSession;)[Lorg/eclipse/birt/report/designer/data/ui/dataset/DataSetViewData;" type="org.eclipse.birt.report.designer.data.ui.util.DataSetProvider"/>
            <reference linenumber="509" member="saveResultToDataItems" origin="org.eclipse.birt.report.designer.data.ui.util.DataSetProvider.saveResultToDataItems(DataSetHandle, IQueryResults)" signature="(Lorg/eclipse/birt/report/model/api/DataSetHandle;Lorg/eclipse/birt/data/engine/api/IQueryResults;)V" type="org.eclipse.birt.report.designer.data.ui.util.DataSetProvider"/>
        </reference_kind>
    </target>
    <target member="setDataSetName" name="org.eclipse.birt.data.engine.api.querydefn.QueryDefinition.setDataSetName(String)" signature="(Ljava/lang/String;)V" type="org.eclipse.birt.data.engine.api.querydefn.QueryDefinition">
        <reference_kind flags="0" kind="256" reference_kind_name="VIRTUAL_METHOD">
            <reference linenumber="649" member="getQueryDefinition" origin="org.eclipse.birt.report.designer.data.ui.util.DataSetProvider.getQueryDefinition(IBaseDataSetDesign, ParamBindingHandle[], int)" signature="(Lorg/eclipse/birt/data/engine/api/IBaseDataSetDesign;[Lorg/eclipse/birt/report/model/api/ParamBindingHandle;I)Lorg/eclipse/birt/data/engine/api/querydefn/QueryDefinition;" type="org.eclipse.birt.report.designer.data.ui.util.DataSetProvider"/>
            <reference linenumber="596" member="getQueryDefinition" origin="org.eclipse.birt.report.designer.data.ui.util.DataSetProvider.getQueryDefinition(IBaseDataSetDesign, int)" signature="(Lorg/eclipse/birt/data/engine/api/IBaseDataSetDesign;I)Lorg/eclipse/birt/data/engine/api/querydefn/QueryDefinition;" type="org.eclipse.birt.report.designer.data.ui.util.DataSetProvider"/>
        <reference linenumber="343" member="getQueryDefinition" origin="org.eclipse.birt.report.designer.internal.ui.util.DataUtil.getQueryDefinition(IBaseDataSetDesign, int)" signature="(Lorg/eclipse/birt/data/engine/api/IBaseDataSetDesign;I)Lorg/eclipse/birt/data/engine/api/querydefn/QueryDefinition;" type="org.eclipse.birt.report.designer.internal.ui.util.DataUtil"/>
            <reference linenumber="311" member="getQueryDefinition" origin="org.eclipse.birt.report.designer.internal.ui.util.DataUtil.getQueryDefinition(IBaseDataSetDesign, ParamBindingHandle[], int)" signature="(Lorg/eclipse/birt/data/engine/api/IBaseDataSetDesign;[Lorg/eclipse/birt/report/model/api/ParamBindingHandle;I)Lorg/eclipse/birt/data/engine/api/querydefn/QueryDefinition;" type="org.eclipse.birt.report.designer.internal.ui.util.DataUtil"/>
        </reference_kind>
    </target>
    <target member="setMaxRows" name="org.eclipse.birt.data.engine.api.querydefn.BaseQueryDefinition.setMaxRows(int)" signature="(I)V" type="org.eclipse.birt.data.engine.api.querydefn.BaseQueryDefinition">
        <reference_kind flags="0" kind="256" reference_kind_name="VIRTUAL_METHOD">
            <reference linenumber="599" member="getQueryDefinition" origin="org.eclipse.birt.report.designer.data.ui.util.DataSetProvider.getQueryDefinition(IBaseDataSetDesign, int)" signature="(Lorg/eclipse/birt/data/engine/api/IBaseDataSetDesign;I)Lorg/eclipse/birt/data/engine/api/querydefn/QueryDefinition;" type="org.eclipse.birt.report.designer.data.ui.util.DataSetProvider"/>
            <reference linenumber="652" member="getQueryDefinition" origin="org.eclipse.birt.report.designer.data.ui.util.DataSetProvider.getQueryDefinition(IBaseDataSetDesign, ParamBindingHandle[], int)" signature="(Lorg/eclipse/birt/data/engine/api/IBaseDataSetDesign;[Lorg/eclipse/birt/report/model/api/ParamBindingHandle;I)Lorg/eclipse/birt/data/engine/api/querydefn/QueryDefinition;" type="org.eclipse.birt.report.designer.data.ui.util.DataSetProvider"/>
        <reference linenumber="314" member="getQueryDefinition" origin="org.eclipse.birt.report.designer.internal.ui.util.DataUtil.getQueryDefinition(IBaseDataSetDesign, ParamBindingHandle[], int)" signature="(Lorg/eclipse/birt/data/engine/api/IBaseDataSetDesign;[Lorg/eclipse/birt/report/model/api/ParamBindingHandle;I)Lorg/eclipse/birt/data/engine/api/querydefn/QueryDefinition;" type="org.eclipse.birt.report.designer.internal.ui.util.DataUtil"/>
            <reference linenumber="346" member="getQueryDefinition" origin="org.eclipse.birt.report.designer.internal.ui.util.DataUtil.getQueryDefinition(IBaseDataSetDesign, int)" signature="(Lorg/eclipse/birt/data/engine/api/IBaseDataSetDesign;I)Lorg/eclipse/birt/data/engine/api/querydefn/QueryDefinition;" type="org.eclipse.birt.report.designer.internal.ui.util.DataUtil"/>
        </reference_kind>
    </target>
    <target member="getName" name="org.eclipse.birt.data.engine.api.aggregation.IParameterDefn.getName()" signature="()Ljava/lang/String;" type="org.eclipse.birt.data.engine.api.aggregation.IParameterDefn">
        <reference_kind flags="0" kind="512" reference_kind_name="INTERFACE_METHOD">
            <reference linenumber="419" member="getAggregationExpression" origin="org.eclipse.birt.report.designer.data.ui.util.DataUtil.getAggregationExpression(ComputedColumnHandle)" signature="(Lorg/eclipse/birt/report/model/api/ComputedColumnHandle;)Ljava/lang/String;" type="org.eclipse.birt.report.designer.data.ui.util.DataUtil"/>
        <reference linenumber="1055" member="verifyInput" origin="org.eclipse.birt.report.designer.internal.ui.dialogs.BindingDialogHelper.verifyInput()" signature="()V" type="org.eclipse.birt.report.designer.internal.ui.dialogs.BindingDialogHelper"/>
            <reference linenumber="608" member="initTextField" origin="org.eclipse.birt.report.designer.internal.ui.dialogs.BindingDialogHelper.initTextField(Text, IParameterDefn)" signature="(Lorg/eclipse/swt/widgets/Text;Lorg/eclipse/birt/data/engine/api/aggregation/IParameterDefn;)V" type="org.eclipse.birt.report.designer.internal.ui.dialogs.BindingDialogHelper"/>
            <reference linenumber="1179" member="modifyText" origin="org.eclipse.birt.report.designer.internal.ui.dialogs.BindingDialogHelper.15.modifyText(ModifyEvent)" signature="(Lorg/eclipse/swt/events/ModifyEvent;)V" type="org.eclipse.birt.report.designer.internal.ui.dialogs.BindingDialogHelper$15"/>
            <reference linenumber="1291" member="getArgumentDisplayNameByName" origin="org.eclipse.birt.report.designer.internal.ui.dialogs.BindingDialogHelper.getArgumentDisplayNameByName(String, String)" signature="(Ljava/lang/String;Ljava/lang/String;)Ljava/lang/String;" type="org.eclipse.birt.report.designer.internal.ui.dialogs.BindingDialogHelper"/>
            <reference linenumber="1142" member="modifyText" origin="org.eclipse.birt.report.designer.internal.ui.dialogs.BindingDialogHelper.13.modifyText(ModifyEvent)" signature="(Lorg/eclipse/swt/events/ModifyEvent;)V" type="org.eclipse.birt.report.designer.internal.ui.dialogs.BindingDialogHelper$13"/>
            <reference linenumber="643" member="initDataFields" origin="org.eclipse.birt.report.designer.internal.ui.dialogs.BindingDialogHelper.initDataFields(Combo, IParameterDefn)" signature="(Lorg/eclipse/swt/widgets/Combo;Lorg/eclipse/birt/data/engine/api/aggregation/IParameterDefn;)V" type="org.eclipse.birt.report.designer.internal.ui.dialogs.BindingDialogHelper"/>
            <reference linenumber="597" member="initTextField" origin="org.eclipse.birt.report.designer.internal.ui.dialogs.BindingDialogHelper.initTextField(Text, IParameterDefn)" signature="(Lorg/eclipse/swt/widgets/Text;Lorg/eclipse/birt/data/engine/api/aggregation/IParameterDefn;)V" type="org.eclipse.birt.report.designer.internal.ui.dialogs.BindingDialogHelper"/>
            <reference linenumber="595" member="initTextField" origin="org.eclipse.birt.report.designer.internal.ui.dialogs.BindingDialogHelper.initTextField(Text, IParameterDefn)" signature="(Lorg/eclipse/swt/widgets/Text;Lorg/eclipse/birt/data/engine/api/aggregation/IParameterDefn;)V" type="org.eclipse.birt.report.designer.internal.ui.dialogs.BindingDialogHelper"/>
            <reference linenumber="1167" member="handleFunctionSelectEvent" origin="org.eclipse.birt.report.designer.internal.ui.dialogs.BindingDialogHelper.handleFunctionSelectEvent()" signature="()V" type="org.eclipse.birt.report.designer.internal.ui.dialogs.BindingDialogHelper"/>
            <reference linenumber="1272" member="getArgumentByDisplayName" origin="org.eclipse.birt.report.designer.internal.ui.dialogs.BindingDialogHelper.getArgumentByDisplayName(String, String)" signature="(Ljava/lang/String;Ljava/lang/String;)Ljava/lang/String;" type="org.eclipse.birt.report.designer.internal.ui.dialogs.BindingDialogHelper"/>
            <reference linenumber="593" member="initTextField" origin="org.eclipse.birt.report.designer.internal.ui.dialogs.BindingDialogHelper.initTextField(Text, IParameterDefn)" signature="(Lorg/eclipse/swt/widgets/Text;Lorg/eclipse/birt/data/engine/api/aggregation/IParameterDefn;)V" type="org.eclipse.birt.report.designer.internal.ui.dialogs.BindingDialogHelper"/>
            <reference linenumber="631" member="initDataFields" origin="org.eclipse.birt.report.designer.internal.ui.dialogs.BindingDialogHelper.initDataFields(Combo, IParameterDefn)" signature="(Lorg/eclipse/swt/widgets/Combo;Lorg/eclipse/birt/data/engine/api/aggregation/IParameterDefn;)V" type="org.eclipse.birt.report.designer.internal.ui.dialogs.BindingDialogHelper"/>
            <reference linenumber="629" member="initDataFields" origin="org.eclipse.birt.report.designer.internal.ui.dialogs.BindingDialogHelper.initDataFields(Combo, IParameterDefn)" signature="(Lorg/eclipse/swt/widgets/Combo;Lorg/eclipse/birt/data/engine/api/aggregation/IParameterDefn;)V" type="org.eclipse.birt.report.designer.internal.ui.dialogs.BindingDialogHelper"/>
            <reference linenumber="627" member="initDataFields" origin="org.eclipse.birt.report.designer.internal.ui.dialogs.BindingDialogHelper.initDataFields(Combo, IParameterDefn)" signature="(Lorg/eclipse/swt/widgets/Combo;Lorg/eclipse/birt/data/engine/api/aggregation/IParameterDefn;)V" type="org.eclipse.birt.report.designer.internal.ui.dialogs.BindingDialogHelper"/>
            <reference linenumber="1190" member="handleFunctionSelectEvent" origin="org.eclipse.birt.report.designer.internal.ui.dialogs.BindingDialogHelper.handleFunctionSelectEvent()" signature="()V" type="org.eclipse.birt.report.designer.internal.ui.dialogs.BindingDialogHelper"/>
            <reference linenumber="1626" member="canProcessWithWarning" origin="org.eclipse.birt.report.designer.internal.ui.dialogs.BindingDialogHelper.canProcessWithWarning()" signature="()Z" type="org.eclipse.birt.report.designer.internal.ui.dialogs.BindingDialogHelper"/>
        </reference_kind>
    </target>
    <target member="&lt;init&gt;" name="org.eclipse.birt.data.engine.api.querydefn.QueryDefinition.QueryDefinition(BaseQueryDefinition)" signature="(Lorg/eclipse/birt/data/engine/api/querydefn/BaseQueryDefinition;)V" type="org.eclipse.birt.data.engine.api.querydefn.QueryDefinition">
        <reference_kind flags="0" kind="64" reference_kind_name="CONSTRUCTOR_METHOD">
            <reference linenumber="595" member="getQueryDefinition" origin="org.eclipse.birt.report.designer.data.ui.util.DataSetProvider.getQueryDefinition(IBaseDataSetDesign, int)" signature="(Lorg/eclipse/birt/data/engine/api/IBaseDataSetDesign;I)Lorg/eclipse/birt/data/engine/api/querydefn/QueryDefinition;" type="org.eclipse.birt.report.designer.data.ui.util.DataSetProvider"/>
            <reference linenumber="648" member="getQueryDefinition" origin="org.eclipse.birt.report.designer.data.ui.util.DataSetProvider.getQueryDefinition(IBaseDataSetDesign, ParamBindingHandle[], int)" signature="(Lorg/eclipse/birt/data/engine/api/IBaseDataSetDesign;[Lorg/eclipse/birt/report/model/api/ParamBindingHandle;I)Lorg/eclipse/birt/data/engine/api/querydefn/QueryDefinition;" type="org.eclipse.birt.report.designer.data.ui.util.DataSetProvider"/>
        <reference linenumber="342" member="getQueryDefinition" origin="org.eclipse.birt.report.designer.internal.ui.util.DataUtil.getQueryDefinition(IBaseDataSetDesign, int)" signature="(Lorg/eclipse/birt/data/engine/api/IBaseDataSetDesign;I)Lorg/eclipse/birt/data/engine/api/querydefn/QueryDefinition;" type="org.eclipse.birt.report.designer.internal.ui.util.DataUtil"/>
            <reference linenumber="310" member="getQueryDefinition" origin="org.eclipse.birt.report.designer.internal.ui.util.DataUtil.getQueryDefinition(IBaseDataSetDesign, ParamBindingHandle[], int)" signature="(Lorg/eclipse/birt/data/engine/api/IBaseDataSetDesign;[Lorg/eclipse/birt/report/model/api/ParamBindingHandle;I)Lorg/eclipse/birt/data/engine/api/querydefn/QueryDefinition;" type="org.eclipse.birt.report.designer.internal.ui.util.DataUtil"/>
        </reference_kind>
    </target>
    <target member="getRightDataSetDesignName" name="org.eclipse.birt.data.engine.api.IJointDataSetDesign.getRightDataSetDesignName()" signature="()Ljava/lang/String;" type="org.eclipse.birt.data.engine.api.IJointDataSetDesign">
        <reference_kind flags="0" kind="512" reference_kind_name="INTERFACE_METHOD">
            <reference linenumber="1000" member="defineSourceDataSets" origin="org.eclipse.birt.report.designer.data.ui.util.DataSetProvider.defineSourceDataSets(DataRequestSession, DataSetHandle, IBaseDataSetDesign)" signature="(Lorg/eclipse/birt/report/data/adapter/api/DataRequestSession;Lorg/eclipse/birt/report/model/api/DataSetHandle;Lorg/eclipse/birt/data/engine/api/IBaseDataSetDesign;)V" type="org.eclipse.birt.report.designer.data.ui.util.DataSetProvider"/>
        <reference linenumber="275" member="defineSourceDataSets" origin="org.eclipse.birt.report.designer.internal.ui.util.DataUtil.defineSourceDataSets(DataEngine, DataSetHandle, IBaseDataSetDesign)" signature="(Lorg/eclipse/birt/data/engine/api/DataEngine;Lorg/eclipse/birt/report/model/api/DataSetHandle;Lorg/eclipse/birt/data/engine/api/IBaseDataSetDesign;)V" type="org.eclipse.birt.report.designer.internal.ui.util.DataUtil"/>
        </reference_kind>
    </target>
    <target member="getParameters" name="org.eclipse.birt.data.engine.api.IBaseDataSetDesign.getParameters()" signature="()Ljava/util/List;" type="org.eclipse.birt.data.engine.api.IBaseDataSetDesign">
        <reference_kind flags="0" kind="512" reference_kind_name="INTERFACE_METHOD">
            <reference linenumber="601" member="getQueryDefinition" origin="org.eclipse.birt.report.designer.data.ui.util.DataSetProvider.getQueryDefinition(IBaseDataSetDesign, int)" signature="(Lorg/eclipse/birt/data/engine/api/IBaseDataSetDesign;I)Lorg/eclipse/birt/data/engine/api/querydefn/QueryDefinition;" type="org.eclipse.birt.report.designer.data.ui.util.DataSetProvider"/>
        <reference linenumber="348" member="getQueryDefinition" origin="org.eclipse.birt.report.designer.internal.ui.util.DataUtil.getQueryDefinition(IBaseDataSetDesign, int)" signature="(Lorg/eclipse/birt/data/engine/api/IBaseDataSetDesign;I)Lorg/eclipse/birt/data/engine/api/querydefn/QueryDefinition;" type="org.eclipse.birt.report.designer.internal.ui.util.DataUtil"/>
        </reference_kind>
    </target>
    <target member="getParameterMetaData" name="org.eclipse.birt.data.engine.api.IPreparedQuery.getParameterMetaData()" signature="()Ljava/util/Collection;" type="org.eclipse.birt.data.engine.api.IPreparedQuery">
        <reference_kind flags="0" kind="512" reference_kind_name="INTERFACE_METHOD">
            <reference linenumber="1038" member="getParametersFromDataSet" origin="org.eclipse.birt.report.designer.data.ui.util.DataSetProvider.getParametersFromDataSet(DataSetHandle)" signature="(Lorg/eclipse/birt/report/model/api/DataSetHandle;)Ljava/util/Collection;" type="org.eclipse.birt.report.designer.data.ui.util.DataSetProvider"/>
        </reference_kind>
    </target>
    <target member="getColumnName" name="org.eclipse.birt.data.engine.api.IBaseResultMetaData.getColumnName(int)" signature="(I)Ljava/lang/String;" type="org.eclipse.birt.data.engine.api.IBaseResultMetaData">
        <reference_kind flags="0" kind="512" reference_kind_name="INTERFACE_METHOD">
            <reference linenumber="246" member="populateAllCachedMetaData" origin="org.eclipse.birt.report.designer.data.ui.util.DataSetProvider.populateAllCachedMetaData(DataSetHandle, DataRequestSession)" signature="(Lorg/eclipse/birt/report/model/api/DataSetHandle;Lorg/eclipse/birt/report/data/adapter/api/DataRequestSession;)[Lorg/eclipse/birt/report/designer/data/ui/dataset/DataSetViewData;" type="org.eclipse.birt.report.designer.data.ui.util.DataSetProvider"/>
            <reference linenumber="211" member="populateAllOutputColumns" origin="org.eclipse.birt.report.designer.data.ui.util.DataSetProvider.populateAllOutputColumns(DataSetHandle, DataRequestSession)" signature="(Lorg/eclipse/birt/report/model/api/DataSetHandle;Lorg/eclipse/birt/report/data/adapter/api/DataRequestSession;)[Lorg/eclipse/birt/report/designer/data/ui/dataset/DataSetViewData;" type="org.eclipse.birt.report.designer.data.ui.util.DataSetProvider"/>
            <reference linenumber="510" member="saveResultToDataItems" origin="org.eclipse.birt.report.designer.data.ui.util.DataSetProvider.saveResultToDataItems(DataSetHandle, IQueryResults)" signature="(Lorg/eclipse/birt/report/model/api/DataSetHandle;Lorg/eclipse/birt/data/engine/api/IQueryResults;)V" type="org.eclipse.birt.report.designer.data.ui.util.DataSetProvider"/>
            <reference linenumber="498" member="saveResultToDataItems" origin="org.eclipse.birt.report.designer.data.ui.util.DataSetProvider.saveResultToDataItems(DataSetHandle, IQueryResults)" signature="(Lorg/eclipse/birt/report/model/api/DataSetHandle;Lorg/eclipse/birt/data/engine/api/IQueryResults;)V" type="org.eclipse.birt.report.designer.data.ui.util.DataSetProvider"/>
        </reference_kind>
    </target>
    <target member="getResultSetHints" name="org.eclipse.birt.data.engine.api.IBaseDataSetDesign.getResultSetHints()" signature="()Ljava/util/List;" type="org.eclipse.birt.data.engine.api.IBaseDataSetDesign">
        <reference_kind flags="0" kind="512" reference_kind_name="INTERFACE_METHOD">
            <reference linenumber="961" member="getDataSetDesign" origin="org.eclipse.birt.report.designer.data.ui.util.DataSetProvider.getDataSetDesign(DataSetHandle, boolean, boolean, DataRequestSession)" signature="(Lorg/eclipse/birt/report/model/api/DataSetHandle;ZZLorg/eclipse/birt/report/data/adapter/api/DataRequestSession;)Lorg/eclipse/birt/data/engine/api/IBaseDataSetDesign;" type="org.eclipse.birt.report.designer.data.ui.util.DataSetProvider"/>
        <reference linenumber="233" member="getDataSetDesign" origin="org.eclipse.birt.report.designer.internal.ui.util.DataUtil.getDataSetDesign(DataEngine, DataSetHandle, boolean, boolean)" signature="(Lorg/eclipse/birt/data/engine/api/DataEngine;Lorg/eclipse/birt/report/model/api/DataSetHandle;ZZ)Lorg/eclipse/birt/data/engine/api/IBaseDataSetDesign;" type="org.eclipse.birt.report.designer.internal.ui.util.DataUtil"/>
        </reference_kind>
    </target>
    <target member="getColumnAlias" name="org.eclipse.birt.data.engine.api.IResultMetaData.getColumnAlias(int)" signature="(I)Ljava/lang/String;" type="org.eclipse.birt.data.engine.api.IResultMetaData">
        <reference_kind flags="0" kind="512" reference_kind_name="INTERFACE_METHOD">
            <reference linenumber="248" member="populateAllCachedMetaData" origin="org.eclipse.birt.report.designer.data.ui.util.DataSetProvider.populateAllCachedMetaData(DataSetHandle, DataRequestSession)" signature="(Lorg/eclipse/birt/report/model/api/DataSetHandle;Lorg/eclipse/birt/report/data/adapter/api/DataRequestSession;)[Lorg/eclipse/birt/report/designer/data/ui/dataset/DataSetViewData;" type="org.eclipse.birt.report.designer.data.ui.util.DataSetProvider"/>
            <reference linenumber="508" member="saveResultToDataItems" origin="org.eclipse.birt.report.designer.data.ui.util.DataSetProvider.saveResultToDataItems(DataSetHandle, IQueryResults)" signature="(Lorg/eclipse/birt/report/model/api/DataSetHandle;Lorg/eclipse/birt/data/engine/api/IQueryResults;)V" type="org.eclipse.birt.report.designer.data.ui.util.DataSetProvider"/>
            <reference linenumber="213" member="populateAllOutputColumns" origin="org.eclipse.birt.report.designer.data.ui.util.DataSetProvider.populateAllOutputColumns(DataSetHandle, DataRequestSession)" signature="(Lorg/eclipse/birt/report/model/api/DataSetHandle;Lorg/eclipse/birt/report/data/adapter/api/DataRequestSession;)[Lorg/eclipse/birt/report/designer/data/ui/dataset/DataSetViewData;" type="org.eclipse.birt.report.designer.data.ui.util.DataSetProvider"/>
        </reference_kind>
    </target>
    <target member="isInputMode" name="org.eclipse.birt.data.engine.api.querydefn.ParameterDefinition.isInputMode()" signature="()Z" type="org.eclipse.birt.data.engine.api.querydefn.ParameterDefinition">
        <reference_kind flags="0" kind="256" reference_kind_name="VIRTUAL_METHOD">
            <reference linenumber="606" member="getQueryDefinition" origin="org.eclipse.birt.report.designer.data.ui.util.DataSetProvider.getQueryDefinition(IBaseDataSetDesign, int)" signature="(Lorg/eclipse/birt/data/engine/api/IBaseDataSetDesign;I)Lorg/eclipse/birt/data/engine/api/querydefn/QueryDefinition;" type="org.eclipse.birt.report.designer.data.ui.util.DataSetProvider"/>
        <reference linenumber="354" member="getQueryDefinition" origin="org.eclipse.birt.report.designer.internal.ui.util.DataUtil.getQueryDefinition(IBaseDataSetDesign, int)" signature="(Lorg/eclipse/birt/data/engine/api/IBaseDataSetDesign;I)Lorg/eclipse/birt/data/engine/api/querydefn/QueryDefinition;" type="org.eclipse.birt.report.designer.internal.ui.util.DataUtil"/>
        </reference_kind>
    </target>
    <target member="getName" name="org.eclipse.birt.data.engine.api.querydefn.ParameterDefinition.getName()" signature="()Ljava/lang/String;" type="org.eclipse.birt.data.engine.api.querydefn.ParameterDefinition">
        <reference_kind flags="0" kind="256" reference_kind_name="VIRTUAL_METHOD">
            <reference linenumber="610" member="getQueryDefinition" origin="org.eclipse.birt.report.designer.data.ui.util.DataSetProvider.getQueryDefinition(IBaseDataSetDesign, int)" signature="(Lorg/eclipse/birt/data/engine/api/IBaseDataSetDesign;I)Lorg/eclipse/birt/data/engine/api/querydefn/QueryDefinition;" type="org.eclipse.birt.report.designer.data.ui.util.DataSetProvider"/>
        <reference linenumber="359" member="getQueryDefinition" origin="org.eclipse.birt.report.designer.internal.ui.util.DataUtil.getQueryDefinition(IBaseDataSetDesign, int)" signature="(Lorg/eclipse/birt/data/engine/api/IBaseDataSetDesign;I)Lorg/eclipse/birt/data/engine/api/querydefn/QueryDefinition;" type="org.eclipse.birt.report.designer.internal.ui.util.DataUtil"/>
        </reference_kind>
    </target>
    <target member="getColumnTypeName" name="org.eclipse.birt.data.engine.api.IResultMetaData.getColumnTypeName(int)" signature="(I)Ljava/lang/String;" type="org.eclipse.birt.data.engine.api.IResultMetaData">
        <reference_kind flags="0" kind="512" reference_kind_name="INTERFACE_METHOD">
            <reference linenumber="506" member="saveResultToDataItems" origin="org.eclipse.birt.report.designer.data.ui.util.DataSetProvider.saveResultToDataItems(DataSetHandle, IQueryResults)" signature="(Lorg/eclipse/birt/report/model/api/DataSetHandle;Lorg/eclipse/birt/data/engine/api/IQueryResults;)V" type="org.eclipse.birt.report.designer.data.ui.util.DataSetProvider"/>
        </reference_kind>
    </target>
    <target member="getName" name="org.eclipse.birt.data.engine.api.IBaseDataSetDesign.getName()" signature="()Ljava/lang/String;" type="org.eclipse.birt.data.engine.api.IBaseDataSetDesign">
        <reference_kind flags="0" kind="512" reference_kind_name="INTERFACE_METHOD">
            <reference linenumber="649" member="getQueryDefinition" origin="org.eclipse.birt.report.designer.data.ui.util.DataSetProvider.getQueryDefinition(IBaseDataSetDesign, ParamBindingHandle[], int)" signature="(Lorg/eclipse/birt/data/engine/api/IBaseDataSetDesign;[Lorg/eclipse/birt/report/model/api/ParamBindingHandle;I)Lorg/eclipse/birt/data/engine/api/querydefn/QueryDefinition;" type="org.eclipse.birt.report.designer.data.ui.util.DataSetProvider"/>
            <reference linenumber="596" member="getQueryDefinition" origin="org.eclipse.birt.report.designer.data.ui.util.DataSetProvider.getQueryDefinition(IBaseDataSetDesign, int)" signature="(Lorg/eclipse/birt/data/engine/api/IBaseDataSetDesign;I)Lorg/eclipse/birt/data/engine/api/querydefn/QueryDefinition;" type="org.eclipse.birt.report.designer.data.ui.util.DataSetProvider"/>
        <reference linenumber="311" member="getQueryDefinition" origin="org.eclipse.birt.report.designer.internal.ui.util.DataUtil.getQueryDefinition(IBaseDataSetDesign, ParamBindingHandle[], int)" signature="(Lorg/eclipse/birt/data/engine/api/IBaseDataSetDesign;[Lorg/eclipse/birt/report/model/api/ParamBindingHandle;I)Lorg/eclipse/birt/data/engine/api/querydefn/QueryDefinition;" type="org.eclipse.birt.report.designer.internal.ui.util.DataUtil"/>
            <reference linenumber="343" member="getQueryDefinition" origin="org.eclipse.birt.report.designer.internal.ui.util.DataUtil.getQueryDefinition(IBaseDataSetDesign, int)" signature="(Lorg/eclipse/birt/data/engine/api/IBaseDataSetDesign;I)Lorg/eclipse/birt/data/engine/api/querydefn/QueryDefinition;" type="org.eclipse.birt.report.designer.internal.ui.util.DataUtil"/>
        </reference_kind>
    </target>
    <target member="getParameterDefn" name="org.eclipse.birt.data.engine.api.aggregation.IAggrFunction.getParameterDefn()" signature="()[Lorg/eclipse/birt/data/engine/api/aggregation/IParameterDefn;" type="org.eclipse.birt.data.engine.api.aggregation.IAggrFunction">
        <reference_kind flags="0" kind="512" reference_kind_name="INTERFACE_METHOD">
            <reference linenumber="411" member="getAggregationExpression" origin="org.eclipse.birt.report.designer.data.ui.util.DataUtil.getAggregationExpression(ComputedColumnHandle)" signature="(Lorg/eclipse/birt/report/model/api/ComputedColumnHandle;)Ljava/lang/String;" type="org.eclipse.birt.report.designer.data.ui.util.DataUtil"/>
        <reference linenumber="1269" member="getArgumentByDisplayName" origin="org.eclipse.birt.report.designer.internal.ui.dialogs.BindingDialogHelper.getArgumentByDisplayName(String, String)" signature="(Ljava/lang/String;Ljava/lang/String;)Ljava/lang/String;" type="org.eclipse.birt.report.designer.internal.ui.dialogs.BindingDialogHelper"/>
            <reference linenumber="1109" member="handleFunctionSelectEvent" origin="org.eclipse.birt.report.designer.internal.ui.dialogs.BindingDialogHelper.handleFunctionSelectEvent()" signature="()V" type="org.eclipse.birt.report.designer.internal.ui.dialogs.BindingDialogHelper"/>
            <reference linenumber="1048" member="verifyInput" origin="org.eclipse.birt.report.designer.internal.ui.dialogs.BindingDialogHelper.verifyInput()" signature="()V" type="org.eclipse.birt.report.designer.internal.ui.dialogs.BindingDialogHelper"/>
            <reference linenumber="1050" member="verifyInput" origin="org.eclipse.birt.report.designer.internal.ui.dialogs.BindingDialogHelper.verifyInput()" signature="()V" type="org.eclipse.birt.report.designer.internal.ui.dialogs.BindingDialogHelper"/>
            <reference linenumber="1289" member="getArgumentDisplayNameByName" origin="org.eclipse.birt.report.designer.internal.ui.dialogs.BindingDialogHelper.getArgumentDisplayNameByName(String, String)" signature="(Ljava/lang/String;Ljava/lang/String;)Ljava/lang/String;" type="org.eclipse.birt.report.designer.internal.ui.dialogs.BindingDialogHelper"/>
            <reference linenumber="1622" member="canProcessWithWarning" origin="org.eclipse.birt.report.designer.internal.ui.dialogs.BindingDialogHelper.canProcessWithWarning()" signature="()Z" type="org.eclipse.birt.report.designer.internal.ui.dialogs.BindingDialogHelper"/>
        </reference_kind>
    </target>
    <target member="addInputParamBinding" name="org.eclipse.birt.data.engine.api.querydefn.QueryDefinition.addInputParamBinding(InputParameterBinding)" signature="(Lorg/eclipse/birt/data/engine/api/querydefn/InputParameterBinding;)V" type="org.eclipse.birt.data.engine.api.querydefn.QueryDefinition">
        <reference_kind flags="0" kind="256" reference_kind_name="VIRTUAL_METHOD">
            <reference linenumber="660" member="getQueryDefinition" origin="org.eclipse.birt.report.designer.data.ui.util.DataSetProvider.getQueryDefinition(IBaseDataSetDesign, ParamBindingHandle[], int)" signature="(Lorg/eclipse/birt/data/engine/api/IBaseDataSetDesign;[Lorg/eclipse/birt/report/model/api/ParamBindingHandle;I)Lorg/eclipse/birt/data/engine/api/querydefn/QueryDefinition;" type="org.eclipse.birt.report.designer.data.ui.util.DataSetProvider"/>
            <reference linenumber="612" member="getQueryDefinition" origin="org.eclipse.birt.report.designer.data.ui.util.DataSetProvider.getQueryDefinition(IBaseDataSetDesign, int)" signature="(Lorg/eclipse/birt/data/engine/api/IBaseDataSetDesign;I)Lorg/eclipse/birt/data/engine/api/querydefn/QueryDefinition;" type="org.eclipse.birt.report.designer.data.ui.util.DataSetProvider"/>
        <reference linenumber="361" member="getQueryDefinition" origin="org.eclipse.birt.report.designer.internal.ui.util.DataUtil.getQueryDefinition(IBaseDataSetDesign, int)" signature="(Lorg/eclipse/birt/data/engine/api/IBaseDataSetDesign;I)Lorg/eclipse/birt/data/engine/api/querydefn/QueryDefinition;" type="org.eclipse.birt.report.designer.internal.ui.util.DataUtil"/>
            <reference linenumber="323" member="getQueryDefinition" origin="org.eclipse.birt.report.designer.internal.ui.util.DataUtil.getQueryDefinition(IBaseDataSetDesign, ParamBindingHandle[], int)" signature="(Lorg/eclipse/birt/data/engine/api/IBaseDataSetDesign;[Lorg/eclipse/birt/report/model/api/ParamBindingHandle;I)Lorg/eclipse/birt/data/engine/api/querydefn/QueryDefinition;" type="org.eclipse.birt.report.designer.internal.ui.util.DataUtil"/>
        </reference_kind>
    </target>
    <target member="getColumnCount" name="org.eclipse.birt.data.engine.api.IBaseResultMetaData.getColumnCount()" signature="()I" type="org.eclipse.birt.data.engine.api.IBaseResultMetaData">
        <reference_kind flags="0" kind="512" reference_kind_name="INTERFACE_METHOD">
            <reference linenumber="208" member="populateAllOutputColumns" origin="org.eclipse.birt.report.designer.data.ui.util.DataSetProvider.populateAllOutputColumns(DataSetHandle, DataRequestSession)" signature="(Lorg/eclipse/birt/report/model/api/DataSetHandle;Lorg/eclipse/birt/report/data/adapter/api/DataRequestSession;)[Lorg/eclipse/birt/report/designer/data/ui/dataset/DataSetViewData;" type="org.eclipse.birt.report.designer.data.ui.util.DataSetProvider"/>
            <reference linenumber="241" member="populateAllCachedMetaData" origin="org.eclipse.birt.report.designer.data.ui.util.DataSetProvider.populateAllCachedMetaData(DataSetHandle, DataRequestSession)" signature="(Lorg/eclipse/birt/report/model/api/DataSetHandle;Lorg/eclipse/birt/report/data/adapter/api/DataRequestSession;)[Lorg/eclipse/birt/report/designer/data/ui/dataset/DataSetViewData;" type="org.eclipse.birt.report.designer.data.ui.util.DataSetProvider"/>
            <reference linenumber="206" member="populateAllOutputColumns" origin="org.eclipse.birt.report.designer.data.ui.util.DataSetProvider.populateAllOutputColumns(DataSetHandle, DataRequestSession)" signature="(Lorg/eclipse/birt/report/model/api/DataSetHandle;Lorg/eclipse/birt/report/data/adapter/api/DataRequestSession;)[Lorg/eclipse/birt/report/designer/data/ui/dataset/DataSetViewData;" type="org.eclipse.birt.report.designer.data.ui.util.DataSetProvider"/>
            <reference linenumber="485" member="saveResultToDataItems" origin="org.eclipse.birt.report.designer.data.ui.util.DataSetProvider.saveResultToDataItems(DataSetHandle, IQueryResults)" signature="(Lorg/eclipse/birt/report/model/api/DataSetHandle;Lorg/eclipse/birt/data/engine/api/IQueryResults;)V" type="org.eclipse.birt.report.designer.data.ui.util.DataSetProvider"/>
            <reference linenumber="243" member="populateAllCachedMetaData" origin="org.eclipse.birt.report.designer.data.ui.util.DataSetProvider.populateAllCachedMetaData(DataSetHandle, DataRequestSession)" signature="(Lorg/eclipse/birt/report/model/api/DataSetHandle;Lorg/eclipse/birt/report/data/adapter/api/DataRequestSession;)[Lorg/eclipse/birt/report/designer/data/ui/dataset/DataSetViewData;" type="org.eclipse.birt.report.designer.data.ui.util.DataSetProvider"/>
        </reference_kind>
    </target>
    <target member="isDataField" name="org.eclipse.birt.data.engine.api.aggregation.IParameterDefn.isDataField()" signature="()Z" type="org.eclipse.birt.data.engine.api.aggregation.IParameterDefn">
        <reference_kind flags="0" kind="512" reference_kind_name="INTERFACE_METHOD">
            <reference linenumber="413" member="getAggregationExpression" origin="org.eclipse.birt.report.designer.data.ui.util.DataUtil.getAggregationExpression(ComputedColumnHandle)" signature="(Lorg/eclipse/birt/report/model/api/ComputedColumnHandle;)Ljava/lang/String;" type="org.eclipse.birt.report.designer.data.ui.util.DataUtil"/>
        <reference linenumber="1624" member="canProcessWithWarning" origin="org.eclipse.birt.report.designer.internal.ui.dialogs.BindingDialogHelper.canProcessWithWarning()" signature="()Z" type="org.eclipse.birt.report.designer.internal.ui.dialogs.BindingDialogHelper"/>
            <reference linenumber="1125" member="handleFunctionSelectEvent" origin="org.eclipse.birt.report.designer.internal.ui.dialogs.BindingDialogHelper.handleFunctionSelectEvent()" signature="()V" type="org.eclipse.birt.report.designer.internal.ui.dialogs.BindingDialogHelper"/>
        </reference_kind>
    </target>
<target member="getAggregations" name="org.eclipse.birt.data.engine.api.aggregation.AggregationManager.getAggregations(int)" signature="(I)Ljava/util/List;" type="org.eclipse.birt.data.engine.api.aggregation.AggregationManager">
        <reference_kind flags="0" kind="256" reference_kind_name="VIRTUAL_METHOD">
            <reference linenumber="581" member="getFunctions" origin="org.eclipse.birt.report.designer.internal.ui.dialogs.BindingDialogHelper.getFunctions()" signature="()[Lorg/eclipse/birt/data/engine/api/aggregation/IAggrFunction;" type="org.eclipse.birt.report.designer.internal.ui.dialogs.BindingDialogHelper"/>
        </reference_kind>
    </target>
    <target member="getDataType" name="org.eclipse.birt.data.engine.api.aggregation.IAggrFunction.getDataType()" signature="()I" type="org.eclipse.birt.data.engine.api.aggregation.IAggrFunction">
        <reference_kind flags="0" kind="512" reference_kind_name="INTERFACE_METHOD">
            <reference linenumber="1207" member="handleFunctionSelectEvent" origin="org.eclipse.birt.report.designer.internal.ui.dialogs.BindingDialogHelper.handleFunctionSelectEvent()" signature="()V" type="org.eclipse.birt.report.designer.internal.ui.dialogs.BindingDialogHelper"/>
            <reference linenumber="1590" member="canProcessWithWarning" origin="org.eclipse.birt.report.designer.internal.ui.dialogs.BindingDialogHelper.canProcessWithWarning()" signature="()Z" type="org.eclipse.birt.report.designer.internal.ui.dialogs.BindingDialogHelper"/>
        </reference_kind>
    </target>
    <target member="getDisplayName" name="org.eclipse.birt.data.engine.api.aggregation.IAggrFunction.getDisplayName()" signature="()Ljava/lang/String;" type="org.eclipse.birt.data.engine.api.aggregation.IAggrFunction">
        <reference_kind flags="0" kind="512" reference_kind_name="INTERFACE_METHOD">
            <reference linenumber="553" member="getFunctionByDisplayName" origin="org.eclipse.birt.report.designer.internal.ui.dialogs.BindingDialogHelper.getFunctionByDisplayName(String)" signature="(Ljava/lang/String;)Lorg/eclipse/birt/data/engine/api/aggregation/IAggrFunction;" type="org.eclipse.birt.report.designer.internal.ui.dialogs.BindingDialogHelper"/>
            <reference linenumber="539" member="getFunctionDisplayNames" origin="org.eclipse.birt.report.designer.internal.ui.dialogs.BindingDialogHelper.getFunctionDisplayNames()" signature="()[Ljava/lang/String;" type="org.eclipse.birt.report.designer.internal.ui.dialogs.BindingDialogHelper"/>
            <reference linenumber="567" member="getFunctionDisplayName" origin="org.eclipse.birt.report.designer.internal.ui.dialogs.BindingDialogHelper.getFunctionDisplayName(String)" signature="(Ljava/lang/String;)Ljava/lang/String;" type="org.eclipse.birt.report.designer.internal.ui.dialogs.BindingDialogHelper"/>
        <reference linenumber="330" member="getColumnText" origin="org.eclipse.birt.report.designer.internal.ui.views.dialogs.provider.DataSetColumnBindingsFormHandleProvider.getColumnText(Object, int)" signature="(Ljava/lang/Object;I)Ljava/lang/String;" type="org.eclipse.birt.report.designer.internal.ui.views.dialogs.provider.DataSetColumnBindingsFormHandleProvider"/>
        <reference linenumber="342" member="getColumnText" origin="org.eclipse.birt.report.designer.ui.dialogs.ColumnBindingDialog.2.getColumnText(Object, int)" signature="(Ljava/lang/Object;I)Ljava/lang/String;" type="org.eclipse.birt.report.designer.ui.dialogs.ColumnBindingDialog$2"/>
        </reference_kind>
    </target>
    <target member="getName" name="org.eclipse.birt.data.engine.api.aggregation.IAggrFunction.getName()" signature="()Ljava/lang/String;" type="org.eclipse.birt.data.engine.api.aggregation.IAggrFunction">
        <reference_kind flags="0" kind="512" reference_kind_name="INTERFACE_METHOD">
            <reference linenumber="1206" member="handleFunctionSelectEvent" origin="org.eclipse.birt.report.designer.internal.ui.dialogs.BindingDialogHelper.handleFunctionSelectEvent()" signature="()V" type="org.eclipse.birt.report.designer.internal.ui.dialogs.BindingDialogHelper"/>
            <reference linenumber="1589" member="canProcessWithWarning" origin="org.eclipse.birt.report.designer.internal.ui.dialogs.BindingDialogHelper.canProcessWithWarning()" signature="()Z" type="org.eclipse.birt.report.designer.internal.ui.dialogs.BindingDialogHelper"/>
            <reference linenumber="1046" member="verifyInput" origin="org.eclipse.birt.report.designer.internal.ui.dialogs.BindingDialogHelper.verifyInput()" signature="()V" type="org.eclipse.birt.report.designer.internal.ui.dialogs.BindingDialogHelper"/>
            <reference linenumber="1504" member="editBinding" origin="org.eclipse.birt.report.designer.internal.ui.dialogs.BindingDialogHelper.editBinding(ComputedColumnHandle)" signature="(Lorg/eclipse/birt/report/model/api/ComputedColumnHandle;)Lorg/eclipse/birt/report/model/api/ComputedColumnHandle;" type="org.eclipse.birt.report.designer.internal.ui.dialogs.BindingDialogHelper"/>
            <reference linenumber="1329" member="differs" origin="org.eclipse.birt.report.designer.internal.ui.dialogs.BindingDialogHelper.differs(ComputedColumnHandle)" signature="(Lorg/eclipse/birt/report/model/api/ComputedColumnHandle;)Z" type="org.eclipse.birt.report.designer.internal.ui.dialogs.BindingDialogHelper"/>
        </reference_kind>
    </target>
    <target member="supportDataType" name="org.eclipse.birt.data.engine.api.aggregation.IParameterDefn.supportDataType(int)" signature="(I)Z" type="org.eclipse.birt.data.engine.api.aggregation.IParameterDefn">
        <reference_kind flags="0" kind="512" reference_kind_name="INTERFACE_METHOD">
            <reference linenumber="1660" member="canProcessWithWarning" origin="org.eclipse.birt.report.designer.internal.ui.dialogs.BindingDialogHelper.canProcessWithWarning()" signature="()Z" type="org.eclipse.birt.report.designer.internal.ui.dialogs.BindingDialogHelper"/>
            <reference linenumber="1638" member="canProcessWithWarning" origin="org.eclipse.birt.report.designer.internal.ui.dialogs.BindingDialogHelper.canProcessWithWarning()" signature="()Z" type="org.eclipse.birt.report.designer.internal.ui.dialogs.BindingDialogHelper"/>
        </reference_kind>
    </target>
    <target member="getDisplayName" name="org.eclipse.birt.data.engine.api.aggregation.IParameterDefn.getDisplayName()" signature="()Ljava/lang/String;" type="org.eclipse.birt.data.engine.api.aggregation.IParameterDefn">
        <reference_kind flags="0" kind="512" reference_kind_name="INTERFACE_METHOD">
            <reference linenumber="1271" member="getArgumentByDisplayName" origin="org.eclipse.birt.report.designer.internal.ui.dialogs.BindingDialogHelper.getArgumentByDisplayName(String, String)" signature="(Ljava/lang/String;Ljava/lang/String;)Ljava/lang/String;" type="org.eclipse.birt.report.designer.internal.ui.dialogs.BindingDialogHelper"/>
            <reference linenumber="1663" member="canProcessWithWarning" origin="org.eclipse.birt.report.designer.internal.ui.dialogs.BindingDialogHelper.canProcessWithWarning()" signature="()Z" type="org.eclipse.birt.report.designer.internal.ui.dialogs.BindingDialogHelper"/>
            <reference linenumber="1292" member="getArgumentDisplayNameByName" origin="org.eclipse.birt.report.designer.internal.ui.dialogs.BindingDialogHelper.getArgumentDisplayNameByName(String, String)" signature="(Ljava/lang/String;Ljava/lang/String;)Ljava/lang/String;" type="org.eclipse.birt.report.designer.internal.ui.dialogs.BindingDialogHelper"/>
            <reference linenumber="1641" member="canProcessWithWarning" origin="org.eclipse.birt.report.designer.internal.ui.dialogs.BindingDialogHelper.canProcessWithWarning()" signature="()Z" type="org.eclipse.birt.report.designer.internal.ui.dialogs.BindingDialogHelper"/>
            <reference linenumber="1118" member="handleFunctionSelectEvent" origin="org.eclipse.birt.report.designer.internal.ui.dialogs.BindingDialogHelper.handleFunctionSelectEvent()" signature="()V" type="org.eclipse.birt.report.designer.internal.ui.dialogs.BindingDialogHelper"/>
        </reference_kind>
    </target>
    <target member="isOptional" name="org.eclipse.birt.data.engine.api.aggregation.IParameterDefn.isOptional()" signature="()Z" type="org.eclipse.birt.data.engine.api.aggregation.IParameterDefn">
        <reference_kind flags="0" kind="512" reference_kind_name="INTERFACE_METHOD">
            <reference linenumber="1053" member="verifyInput" origin="org.eclipse.birt.report.designer.internal.ui.dialogs.BindingDialogHelper.verifyInput()" signature="()V" type="org.eclipse.birt.report.designer.internal.ui.dialogs.BindingDialogHelper"/>
        </reference_kind>
    </target>
<target member="shutdown" name="org.eclipse.birt.data.engine.api.DataEngine.shutdown()" signature="()V" type="org.eclipse.birt.data.engine.api.DataEngine">
        <reference_kind flags="0" kind="256" reference_kind_name="VIRTUAL_METHOD">
            <reference linenumber="746" member="close" origin="org.eclipse.birt.report.designer.internal.ui.dialogs.ImportValueDialog.close()" signature="()Z" type="org.eclipse.birt.report.designer.internal.ui.dialogs.ImportValueDialog"/>
        </reference_kind>
    </target>
    <target member="newDataEngine" name="org.eclipse.birt.data.engine.api.DataEngine.newDataEngine(DataEngineContext)" signature="(Lorg/eclipse/birt/data/engine/api/DataEngineContext;)Lorg/eclipse/birt/data/engine/api/DataEngine;" type="org.eclipse.birt.data.engine.api.DataEngine">
        <reference_kind flags="0" kind="128" reference_kind_name="INVOKED_STATIC">
            <reference linenumber="443" member="initDialog" origin="org.eclipse.birt.report.designer.internal.ui.dialogs.ImportValueDialog.initDialog()" signature="()Z" type="org.eclipse.birt.report.designer.internal.ui.dialogs.ImportValueDialog"/>
        </reference_kind>
    </target>
    <target member="newInstance" name="org.eclipse.birt.data.engine.api.DataEngineContext.newInstance(int, Scriptable, IDocArchiveReader, IDocArchiveWriter)" signature="(ILorg/mozilla/javascript/Scriptable;Lorg/eclipse/birt/core/archive/IDocArchiveReader;Lorg/eclipse/birt/core/archive/IDocArchiveWriter;)Lorg/eclipse/birt/data/engine/api/DataEngineContext;" type="org.eclipse.birt.data.engine.api.DataEngineContext">
        <reference_kind flags="0" kind="128" reference_kind_name="INVOKED_STATIC">
            <reference linenumber="443" member="initDialog" origin="org.eclipse.birt.report.designer.internal.ui.dialogs.ImportValueDialog.initDialog()" signature="()Z" type="org.eclipse.birt.report.designer.internal.ui.dialogs.ImportValueDialog"/>
        </reference_kind>
    </target>
<target member="prepare" name="org.eclipse.birt.data.engine.api.DataEngine.prepare(IQueryDefinition)" signature="(Lorg/eclipse/birt/data/engine/api/IQueryDefinition;)Lorg/eclipse/birt/data/engine/api/IPreparedQuery;" type="org.eclipse.birt.data.engine.api.DataEngine">
        <reference_kind flags="0" kind="256" reference_kind_name="VIRTUAL_METHOD">
            <reference linenumber="208" member="getPreparedQuery" origin="org.eclipse.birt.report.designer.internal.ui.util.DataUtil.getPreparedQuery(DataEngine, DataSetHandle, ParamBindingHandle[], boolean, boolean)" signature="(Lorg/eclipse/birt/data/engine/api/DataEngine;Lorg/eclipse/birt/report/model/api/DataSetHandle;[Lorg/eclipse/birt/report/model/api/ParamBindingHandle;ZZ)Lorg/eclipse/birt/data/engine/api/IPreparedQuery;" type="org.eclipse.birt.report.designer.internal.ui.util.DataUtil"/>
        </reference_kind>
    </target>
    <target member="defineDataSet" name="org.eclipse.birt.data.engine.api.DataEngine.defineDataSet(IBaseDataSetDesign)" signature="(Lorg/eclipse/birt/data/engine/api/IBaseDataSetDesign;)V" type="org.eclipse.birt.data.engine.api.DataEngine">
        <reference_kind flags="0" kind="256" reference_kind_name="VIRTUAL_METHOD">
            <reference linenumber="248" member="getDataSetDesign" origin="org.eclipse.birt.report.designer.internal.ui.util.DataUtil.getDataSetDesign(DataEngine, DataSetHandle, boolean, boolean)" signature="(Lorg/eclipse/birt/data/engine/api/DataEngine;Lorg/eclipse/birt/report/model/api/DataSetHandle;ZZ)Lorg/eclipse/birt/data/engine/api/IBaseDataSetDesign;" type="org.eclipse.birt.report.designer.internal.ui.util.DataUtil"/>
        </reference_kind>
    </target>
    <target member="defineDataSource" name="org.eclipse.birt.data.engine.api.DataEngine.defineDataSource(IBaseDataSourceDesign)" signature="(Lorg/eclipse/birt/data/engine/api/IBaseDataSourceDesign;)V" type="org.eclipse.birt.data.engine.api.DataEngine">
        <reference_kind flags="0" kind="256" reference_kind_name="VIRTUAL_METHOD">
            <reference linenumber="242" member="getDataSetDesign" origin="org.eclipse.birt.report.designer.internal.ui.util.DataUtil.getDataSetDesign(DataEngine, DataSetHandle, boolean, boolean)" signature="(Lorg/eclipse/birt/data/engine/api/DataEngine;Lorg/eclipse/birt/report/model/api/DataSetHandle;ZZ)Lorg/eclipse/birt/data/engine/api/IBaseDataSetDesign;" type="org.eclipse.birt.report.designer.internal.ui.util.DataUtil"/>
        </reference_kind>
    </target>
</references>
