<?xml version="1.0" encoding="UTF-8" standalone="no"?>
<references name="Methods" origin="org.eclipse.pde.build (3.5.2.R35x_20100114)" referee="org.eclipse.ant.core (3.2.101.v20091110_r352)" reference_count="5" reference_visibility="1">
    <target member="run" name="org.eclipse.ant.core.AntRunner.run()" signature="()V" type="org.eclipse.ant.core.AntRunner">
        <reference_kind flags="0" kind="256" reference_kind_name="VIRTUAL_METHOD">
            <reference linenumber="486" member="retrieveFeature" origin="org.eclipse.pde.internal.build.FetchScriptGenerator.retrieveFeature(String, String, Map)" signature="(Ljava/lang/String;Ljava/lang/String;Ljava/util/Map;)V" type="org.eclipse.pde.internal.build.FetchScriptGenerator"/>
        </reference_kind>
    </target>
    <target member="setBuildFileLocation" name="org.eclipse.ant.core.AntRunner.setBuildFileLocation(String)" signature="(Ljava/lang/String;)V" type="org.eclipse.ant.core.AntRunner">
        <reference_kind flags="0" kind="256" reference_kind_name="VIRTUAL_METHOD">
            <reference linenumber="478" member="retrieveFeature" origin="org.eclipse.pde.internal.build.FetchScriptGenerator.retrieveFeature(String, String, Map)" signature="(Ljava/lang/String;Ljava/lang/String;Ljava/util/Map;)V" type="org.eclipse.pde.internal.build.FetchScriptGenerator"/>
        </reference_kind>
    </target>
    <target member="addUserProperties" name="org.eclipse.ant.core.AntRunner.addUserProperties(Map)" signature="(Ljava/util/Map;)V" type="org.eclipse.ant.core.AntRunner">
        <reference_kind flags="0" kind="256" reference_kind_name="VIRTUAL_METHOD">
            <reference linenumber="481" member="retrieveFeature" origin="org.eclipse.pde.internal.build.FetchScriptGenerator.retrieveFeature(String, String, Map)" signature="(Ljava/lang/String;Ljava/lang/String;Ljava/util/Map;)V" type="org.eclipse.pde.internal.build.FetchScriptGenerator"/>
        </reference_kind>
    </target>
    <target member="addBuildLogger" name="org.eclipse.ant.core.AntRunner.addBuildLogger(String)" signature="(Ljava/lang/String;)V" type="org.eclipse.ant.core.AntRunner">
        <reference_kind flags="0" kind="256" reference_kind_name="VIRTUAL_METHOD">
            <reference linenumber="484" member="retrieveFeature" origin="org.eclipse.pde.internal.build.FetchScriptGenerator.retrieveFeature(String, String, Map)" signature="(Ljava/lang/String;Ljava/lang/String;Ljava/util/Map;)V" type="org.eclipse.pde.internal.build.FetchScriptGenerator"/>
        </reference_kind>
    </target>
    <target member="&lt;init&gt;" name="org.eclipse.ant.core.AntRunner.AntRunner()" signature="()V" type="org.eclipse.ant.core.AntRunner">
        <reference_kind flags="0" kind="64" reference_kind_name="CONSTRUCTOR_METHOD">
            <reference linenumber="477" member="retrieveFeature" origin="org.eclipse.pde.internal.build.FetchScriptGenerator.retrieveFeature(String, String, Map)" signature="(Ljava/lang/String;Ljava/lang/String;Ljava/util/Map;)V" type="org.eclipse.pde.internal.build.FetchScriptGenerator"/>
        </reference_kind>
    </target>
</references>
