<?xml version="1.0" encoding="UTF-8" standalone="no"?>
<references name="Methods" origin="org.eclipse.mat.chart.ui (0.8.0.200906170940)" referee="org.eclipse.birt.chart.engine (2.5.2.v20100209)" reference_count="19" reference_visibility="1">
    <target member="scale" name="org.eclipse.birt.chart.model.attribute.Bounds.scale(double)" signature="(D)V" type="org.eclipse.birt.chart.model.attribute.Bounds">
        <reference_kind flags="0" kind="512" reference_kind_name="INTERFACE_METHOD">
            <reference linenumber="117" member="generateChartState" origin="org.eclipse.mat.ui.internal.chart.ChartCanvas.generateChartState()" signature="()V" type="org.eclipse.mat.ui.internal.chart.ChartCanvas"/>
        </reference_kind>
    </target>
    <target member="instance" name="org.eclipse.birt.chart.factory.Generator.instance()" signature="()Lorg/eclipse/birt/chart/factory/Generator;" type="org.eclipse.birt.chart.factory.Generator">
        <reference_kind flags="0" kind="128" reference_kind_name="INVOKED_STATIC">
            <reference linenumber="118" member="generateChartState" origin="org.eclipse.mat.ui.internal.chart.ChartCanvas.generateChartState()" signature="()V" type="org.eclipse.mat.ui.internal.chart.ChartCanvas"/>
            <reference linenumber="152" member="drawToCachedImage" origin="org.eclipse.mat.ui.internal.chart.ChartCanvas.drawToCachedImage(Rectangle)" signature="(Lorg/eclipse/swt/graphics/Rectangle;)V" type="org.eclipse.mat.ui.internal.chart.ChartCanvas"/>
        </reference_kind>
    </target>
    <target member="&lt;init&gt;" name="org.eclipse.birt.chart.factory.RunTimeContext.RunTimeContext()" signature="()V" type="org.eclipse.birt.chart.factory.RunTimeContext">
        <reference_kind flags="0" kind="64" reference_kind_name="CONSTRUCTOR_METHOD">
            <reference linenumber="120" member="generateChartState" origin="org.eclipse.mat.ui.internal.chart.ChartCanvas.generateChartState()" signature="()V" type="org.eclipse.mat.ui.internal.chart.ChartCanvas"/>
        </reference_kind>
    </target>
    <target member="create" name="org.eclipse.birt.chart.model.attribute.impl.BoundsImpl.create(double, double, double, double)" signature="(DDDD)Lorg/eclipse/birt/chart/model/attribute/Bounds;" type="org.eclipse.birt.chart.model.attribute.impl.BoundsImpl">
        <reference_kind flags="0" kind="128" reference_kind_name="INVOKED_STATIC">
            <reference linenumber="115" member="generateChartState" origin="org.eclipse.mat.ui.internal.chart.ChartCanvas.generateChartState()" signature="()V" type="org.eclipse.mat.ui.internal.chart.ChartCanvas"/>
        </reference_kind>
    </target>
    <target member="getDevice" name="org.eclipse.birt.chart.util.PluginSettings.getDevice(String)" signature="(Ljava/lang/String;)Lorg/eclipse/birt/chart/device/IDeviceRenderer;" type="org.eclipse.birt.chart.util.PluginSettings">
        <reference_kind flags="0" kind="256" reference_kind_name="VIRTUAL_METHOD">
            <reference linenumber="59" member="&lt;init&gt;" origin="org.eclipse.mat.ui.internal.chart.ChartCanvas.ChartCanvas(Composite, int)" signature="(Lorg/eclipse/swt/widgets/Composite;I)V" type="org.eclipse.mat.ui.internal.chart.ChartCanvas"/>
        </reference_kind>
    </target>
    <target member="render" name="org.eclipse.birt.chart.factory.Generator.render(IDeviceRenderer, GeneratedChartState)" signature="(Lorg/eclipse/birt/chart/device/IDeviceRenderer;Lorg/eclipse/birt/chart/factory/GeneratedChartState;)V" type="org.eclipse.birt.chart.factory.Generator">
        <reference_kind flags="0" kind="256" reference_kind_name="VIRTUAL_METHOD">
            <reference linenumber="153" member="drawToCachedImage" origin="org.eclipse.mat.ui.internal.chart.ChartCanvas.drawToCachedImage(Rectangle)" signature="(Lorg/eclipse/swt/graphics/Rectangle;)V" type="org.eclipse.mat.ui.internal.chart.ChartCanvas"/>
        </reference_kind>
    </target>
    <target member="setProperty" name="org.eclipse.birt.chart.device.IDeviceRenderer.setProperty(String, Object)" signature="(Ljava/lang/String;Ljava/lang/Object;)V" type="org.eclipse.birt.chart.device.IDeviceRenderer">
        <reference_kind flags="0" kind="512" reference_kind_name="INTERFACE_METHOD">
            <reference linenumber="97" member="createPartControl" origin="org.eclipse.mat.ui.internal.chart.PieChartPane.createPartControl(Composite)" signature="(Lorg/eclipse/swt/widgets/Composite;)V" type="org.eclipse.mat.ui.internal.chart.PieChartPane"/>
            <reference linenumber="147" member="drawToCachedImage" origin="org.eclipse.mat.ui.internal.chart.ChartCanvas.drawToCachedImage(Rectangle)" signature="(Lorg/eclipse/swt/graphics/Rectangle;)V" type="org.eclipse.mat.ui.internal.chart.ChartCanvas"/>
        </reference_kind>
    </target>
    <target member="instance" name="org.eclipse.birt.chart.util.PluginSettings.instance()" signature="()Lorg/eclipse/birt/chart/util/PluginSettings;" type="org.eclipse.birt.chart.util.PluginSettings">
        <reference_kind flags="0" kind="128" reference_kind_name="INVOKED_STATIC">
            <reference linenumber="58" member="&lt;init&gt;" origin="org.eclipse.mat.ui.internal.chart.ChartCanvas.ChartCanvas(Composite, int)" signature="(Lorg/eclipse/swt/widgets/Composite;I)V" type="org.eclipse.mat.ui.internal.chart.ChartCanvas"/>
        </reference_kind>
    </target>
    <target member="setScriptClassLoader" name="org.eclipse.birt.chart.factory.RunTimeContext.setScriptClassLoader(IScriptClassLoader)" signature="(Lorg/eclipse/birt/chart/script/IScriptClassLoader;)V" type="org.eclipse.birt.chart.factory.RunTimeContext">
        <reference_kind flags="0" kind="256" reference_kind_name="VIRTUAL_METHOD">
            <reference linenumber="121" member="generateChartState" origin="org.eclipse.mat.ui.internal.chart.ChartCanvas.generateChartState()" signature="()V" type="org.eclipse.mat.ui.internal.chart.ChartCanvas"/>
        </reference_kind>
    </target>
    <target member="getIndex" name="org.eclipse.birt.chart.computation.DataPointHints.getIndex()" signature="()I" type="org.eclipse.birt.chart.computation.DataPointHints">
        <reference_kind flags="0" kind="256" reference_kind_name="VIRTUAL_METHOD">
            <reference linenumber="127" member="callback" origin="org.eclipse.mat.ui.internal.chart.PieChartPane.CallBackListener.callback(Object, Object, CallBackValue)" signature="(Ljava/lang/Object;Ljava/lang/Object;Lorg/eclipse/birt/chart/model/attribute/CallBackValue;)V" type="org.eclipse.mat.ui.internal.chart.PieChartPane$CallBackListener"/>
        </reference_kind>
    </target>
    <target member="getDisplayServer" name="org.eclipse.birt.chart.device.IDeviceRenderer.getDisplayServer()" signature="()Lorg/eclipse/birt/chart/device/IDisplayServer;" type="org.eclipse.birt.chart.device.IDeviceRenderer">
        <reference_kind flags="0" kind="512" reference_kind_name="INTERFACE_METHOD">
            <reference linenumber="131" member="generateChartState" origin="org.eclipse.mat.ui.internal.chart.ChartCanvas.generateChartState()" signature="()V" type="org.eclipse.mat.ui.internal.chart.ChartCanvas"/>
            <reference linenumber="116" member="generateChartState" origin="org.eclipse.mat.ui.internal.chart.ChartCanvas.generateChartState()" signature="()V" type="org.eclipse.mat.ui.internal.chart.ChartCanvas"/>
        </reference_kind>
    </target>
    <target member="build" name="org.eclipse.birt.chart.factory.Generator.build(IDisplayServer, Chart, Bounds, IExternalContext, RunTimeContext, IStyleProcessor)" signature="(Lorg/eclipse/birt/chart/device/IDisplayServer;Lorg/eclipse/birt/chart/model/Chart;Lorg/eclipse/birt/chart/model/attribute/Bounds;Lorg/eclipse/birt/chart/script/IExternalContext;Lorg/eclipse/birt/chart/factory/RunTimeContext;Lorg/eclipse/birt/chart/style/IStyleProcessor;)Lorg/eclipse/birt/chart/factory/GeneratedChartState;" type="org.eclipse.birt.chart.factory.Generator">
        <reference_kind flags="0" kind="256" reference_kind_name="VIRTUAL_METHOD">
            <reference linenumber="131" member="generateChartState" origin="org.eclipse.mat.ui.internal.chart.ChartCanvas.generateChartState()" signature="()V" type="org.eclipse.mat.ui.internal.chart.ChartCanvas"/>
        </reference_kind>
    </target>
    <target member="getIdentifier" name="org.eclipse.birt.chart.model.attribute.CallBackValue.getIdentifier()" signature="()Ljava/lang/String;" type="org.eclipse.birt.chart.model.attribute.CallBackValue">
        <reference_kind flags="0" kind="512" reference_kind_name="INTERFACE_METHOD">
            <reference linenumber="136" member="callback" origin="org.eclipse.mat.ui.internal.chart.PieChartPane.CallBackListener.callback(Object, Object, CallBackValue)" signature="(Ljava/lang/Object;Ljava/lang/Object;Lorg/eclipse/birt/chart/model/attribute/CallBackValue;)V" type="org.eclipse.mat.ui.internal.chart.PieChartPane$CallBackListener"/>
        </reference_kind>
    </target>
    <target member="getSource" name="org.eclipse.birt.chart.event.StructureSource.getSource()" signature="()Ljava/lang/Object;" type="org.eclipse.birt.chart.event.StructureSource">
        <reference_kind flags="0" kind="256" reference_kind_name="VIRTUAL_METHOD">
            <reference linenumber="126" member="callback" origin="org.eclipse.mat.ui.internal.chart.PieChartPane.CallBackListener.callback(Object, Object, CallBackValue)" signature="(Ljava/lang/Object;Ljava/lang/Object;Lorg/eclipse/birt/chart/model/attribute/CallBackValue;)V" type="org.eclipse.mat.ui.internal.chart.PieChartPane$CallBackListener"/>
        </reference_kind>
    </target>
    <target member="getDpiResolution" name="org.eclipse.birt.chart.device.IDisplayServer.getDpiResolution()" signature="()I" type="org.eclipse.birt.chart.device.IDisplayServer">
        <reference_kind flags="0" kind="512" reference_kind_name="INTERFACE_METHOD">
            <reference linenumber="116" member="generateChartState" origin="org.eclipse.mat.ui.internal.chart.ChartCanvas.generateChartState()" signature="()V" type="org.eclipse.mat.ui.internal.chart.ChartCanvas"/>
        </reference_kind>
    </target>
    <target member="getChartModel" name="org.eclipse.birt.chart.factory.GeneratedChartState.getChartModel()" signature="()Lorg/eclipse/birt/chart/model/Chart;" type="org.eclipse.birt.chart.factory.GeneratedChartState">
        <reference_kind flags="0" kind="256" reference_kind_name="VIRTUAL_METHOD">
            <reference linenumber="183" member="getRunTimeModel" origin="org.eclipse.mat.ui.internal.chart.ChartCanvas.getRunTimeModel()" signature="()Lorg/eclipse/birt/chart/model/Chart;" type="org.eclipse.mat.ui.internal.chart.ChartCanvas"/>
        </reference_kind>
    </target>
</references>
