<?xml version="1.0" encoding="UTF-8" standalone="no"?>
<references name="Types" origin="org.eclipse.mat.chart.ui (0.8.0.200906170940)" referee="org.eclipse.birt.chart.engine (2.5.2.v20100209)" reference_count="27" reference_visibility="1">
    <target name="org.eclipse.birt.chart.factory.Generator" type="org.eclipse.birt.chart.factory.Generator">
        <reference_kind flags="0" kind="33554432" reference_kind_name="LOCAL_VAR_DECLARED">
            <reference linenumber="152" member="drawToCachedImage" origin="org.eclipse.mat.ui.internal.chart.ChartCanvas.drawToCachedImage(Rectangle)" signature="(Lorg/eclipse/swt/graphics/Rectangle;)V" type="org.eclipse.mat.ui.internal.chart.ChartCanvas"/>
            <reference linenumber="118" member="generateChartState" origin="org.eclipse.mat.ui.internal.chart.ChartCanvas.generateChartState()" signature="()V" type="org.eclipse.mat.ui.internal.chart.ChartCanvas"/>
        </reference_kind>
    </target>
    <target name="org.eclipse.birt.chart.model.attribute.CallBackValue" type="org.eclipse.birt.chart.model.attribute.CallBackValue">
        <reference_kind flags="0" kind="16" reference_kind_name="PARAMETER">
            <reference linenumber="-1" member="callback" origin="org.eclipse.mat.ui.internal.chart.PieChartPane.CallBackListener.callback(Object, Object, CallBackValue)" signature="(Ljava/lang/Object;Ljava/lang/Object;Lorg/eclipse/birt/chart/model/attribute/CallBackValue;)V" type="org.eclipse.mat.ui.internal.chart.PieChartPane$CallBackListener"/>
        </reference_kind>
    </target>
    <target name="org.eclipse.birt.chart.util.PluginSettings" type="org.eclipse.birt.chart.util.PluginSettings">
        <reference_kind flags="0" kind="33554432" reference_kind_name="LOCAL_VAR_DECLARED">
            <reference linenumber="58" member="&lt;init&gt;" origin="org.eclipse.mat.ui.internal.chart.ChartCanvas.ChartCanvas(Composite, int)" signature="(Lorg/eclipse/swt/widgets/Composite;I)V" type="org.eclipse.mat.ui.internal.chart.ChartCanvas"/>
        </reference_kind>
    </target>
    <target name="org.eclipse.birt.chart.exception.ChartException" type="org.eclipse.birt.chart.exception.ChartException">
        <reference_kind flags="0" kind="33554432" reference_kind_name="LOCAL_VAR_DECLARED">
            <reference linenumber="89" member="paintControl" origin="org.eclipse.mat.ui.internal.chart.ChartCanvas.1.paintControl(PaintEvent)" signature="(Lorg/eclipse/swt/events/PaintEvent;)V" type="org.eclipse.mat.ui.internal.chart.ChartCanvas$1"/>
            <reference linenumber="61" member="&lt;init&gt;" origin="org.eclipse.mat.ui.internal.chart.ChartCanvas.ChartCanvas(Composite, int)" signature="(Lorg/eclipse/swt/widgets/Composite;I)V" type="org.eclipse.mat.ui.internal.chart.ChartCanvas"/>
        </reference_kind>
        <reference_kind flags="0" kind="131072" reference_kind_name="CATCHES_EXCEPTION">
            <reference linenumber="89" member="paintControl" origin="org.eclipse.mat.ui.internal.chart.ChartCanvas.1.paintControl(PaintEvent)" signature="(Lorg/eclipse/swt/events/PaintEvent;)V" type="org.eclipse.mat.ui.internal.chart.ChartCanvas$1"/>
            <reference linenumber="61" member="&lt;init&gt;" origin="org.eclipse.mat.ui.internal.chart.ChartCanvas.ChartCanvas(Composite, int)" signature="(Lorg/eclipse/swt/widgets/Composite;I)V" type="org.eclipse.mat.ui.internal.chart.ChartCanvas"/>
        </reference_kind>
        <reference_kind flags="0" kind="32" reference_kind_name="THROWS">
            <reference linenumber="-1" member="generateChartState" origin="org.eclipse.mat.ui.internal.chart.ChartCanvas.generateChartState()" signature="()V" type="org.eclipse.mat.ui.internal.chart.ChartCanvas"/>
            <reference linenumber="-1" member="drawToCachedImage" origin="org.eclipse.mat.ui.internal.chart.ChartCanvas.drawToCachedImage(Rectangle)" signature="(Lorg/eclipse/swt/graphics/Rectangle;)V" type="org.eclipse.mat.ui.internal.chart.ChartCanvas"/>
        </reference_kind>
    </target>
    <target name="org.eclipse.birt.chart.model.attribute.Bounds" type="org.eclipse.birt.chart.model.attribute.Bounds">
        <reference_kind flags="0" kind="33554432" reference_kind_name="LOCAL_VAR_DECLARED">
            <reference linenumber="115" member="generateChartState" origin="org.eclipse.mat.ui.internal.chart.ChartCanvas.generateChartState()" signature="()V" type="org.eclipse.mat.ui.internal.chart.ChartCanvas"/>
        </reference_kind>
    </target>
    <target name="org.eclipse.birt.chart.device.ICallBackNotifier" type="org.eclipse.birt.chart.device.ICallBackNotifier">
        <reference_kind flags="0" kind="2" reference_kind_name="IMPLEMENTS">
            <reference linenumber="-1" origin="org.eclipse.mat.ui.internal.chart.PieChartPane.CallBackListener" type="org.eclipse.mat.ui.internal.chart.PieChartPane$CallBackListener"/>
        </reference_kind>
    </target>
    <target name="org.eclipse.birt.chart.model.Chart" type="org.eclipse.birt.chart.model.Chart">
        <reference_kind flags="0" kind="4" reference_kind_name="DECLARED_FIELD">
            <reference linenumber="-1" member="chart" origin="org.eclipse.mat.ui.internal.chart.ChartCanvas.chart" type="org.eclipse.mat.ui.internal.chart.ChartCanvas"/>
        </reference_kind>
        <reference_kind flags="0" kind="8" reference_kind_name="RETURN_TYPE">
            <reference linenumber="-1" member="getDesignTimeModel" origin="org.eclipse.mat.ui.internal.chart.PieChartPane.CallBackListener.getDesignTimeModel()" signature="()Lorg/eclipse/birt/chart/model/Chart;" type="org.eclipse.mat.ui.internal.chart.PieChartPane$CallBackListener"/>
            <reference linenumber="-1" member="getRunTimeModel" origin="org.eclipse.mat.ui.internal.chart.PieChartPane.CallBackListener.getRunTimeModel()" signature="()Lorg/eclipse/birt/chart/model/Chart;" type="org.eclipse.mat.ui.internal.chart.PieChartPane$CallBackListener"/>
            <reference linenumber="-1" member="getRunTimeModel" origin="org.eclipse.mat.ui.internal.chart.ChartCanvas.getRunTimeModel()" signature="()Lorg/eclipse/birt/chart/model/Chart;" type="org.eclipse.mat.ui.internal.chart.ChartCanvas"/>
            <reference linenumber="-1" member="getChart" origin="org.eclipse.mat.ui.internal.chart.ChartCanvas.getChart()" signature="()Lorg/eclipse/birt/chart/model/Chart;" type="org.eclipse.mat.ui.internal.chart.ChartCanvas"/>
        </reference_kind>
        <reference_kind flags="0" kind="16" reference_kind_name="PARAMETER">
            <reference linenumber="-1" member="setChart" origin="org.eclipse.mat.ui.internal.chart.ChartCanvas.setChart(Chart)" signature="(Lorg/eclipse/birt/chart/model/Chart;)V" type="org.eclipse.mat.ui.internal.chart.ChartCanvas"/>
        </reference_kind>
    </target>
    <target name="org.eclipse.birt.chart.factory.RunTimeContext" type="org.eclipse.birt.chart.factory.RunTimeContext">
        <reference_kind flags="0" kind="33554432" reference_kind_name="LOCAL_VAR_DECLARED">
            <reference linenumber="120" member="generateChartState" origin="org.eclipse.mat.ui.internal.chart.ChartCanvas.generateChartState()" signature="()V" type="org.eclipse.mat.ui.internal.chart.ChartCanvas"/>
        </reference_kind>
        <reference_kind flags="0" kind="134217728" reference_kind_name="INSTANTIATION">
            <reference linenumber="120" member="generateChartState" origin="org.eclipse.mat.ui.internal.chart.ChartCanvas.generateChartState()" signature="()V" type="org.eclipse.mat.ui.internal.chart.ChartCanvas"/>
        </reference_kind>
    </target>
    <target name="org.eclipse.birt.chart.device.IDeviceRenderer" type="org.eclipse.birt.chart.device.IDeviceRenderer">
        <reference_kind flags="0" kind="4" reference_kind_name="DECLARED_FIELD">
            <reference linenumber="-1" member="renderer" origin="org.eclipse.mat.ui.internal.chart.ChartCanvas.renderer" type="org.eclipse.mat.ui.internal.chart.ChartCanvas"/>
        </reference_kind>
    </target>
    <target name="org.eclipse.birt.chart.event.StructureSource" type="org.eclipse.birt.chart.event.StructureSource">
        <reference_kind flags="0" kind="33554432" reference_kind_name="LOCAL_VAR_DECLARED">
            <reference linenumber="125" member="callback" origin="org.eclipse.mat.ui.internal.chart.PieChartPane.CallBackListener.callback(Object, Object, CallBackValue)" signature="(Ljava/lang/Object;Ljava/lang/Object;Lorg/eclipse/birt/chart/model/attribute/CallBackValue;)V" type="org.eclipse.mat.ui.internal.chart.PieChartPane$CallBackListener"/>
        </reference_kind>
        <reference_kind flags="0" kind="262144" reference_kind_name="CASTS">
            <reference linenumber="125" member="callback" origin="org.eclipse.mat.ui.internal.chart.PieChartPane.CallBackListener.callback(Object, Object, CallBackValue)" signature="(Ljava/lang/Object;Ljava/lang/Object;Lorg/eclipse/birt/chart/model/attribute/CallBackValue;)V" type="org.eclipse.mat.ui.internal.chart.PieChartPane$CallBackListener"/>
        </reference_kind>
    </target>
    <target name="org.eclipse.birt.chart.factory.GeneratedChartState" type="org.eclipse.birt.chart.factory.GeneratedChartState">
        <reference_kind flags="0" kind="4" reference_kind_name="DECLARED_FIELD">
            <reference linenumber="-1" member="state" origin="org.eclipse.mat.ui.internal.chart.ChartCanvas.state" type="org.eclipse.mat.ui.internal.chart.ChartCanvas"/>
        </reference_kind>
    </target>
    <target name="org.eclipse.birt.chart.script.IScriptClassLoader" type="org.eclipse.birt.chart.script.IScriptClassLoader">
        <reference_kind flags="0" kind="2" reference_kind_name="IMPLEMENTS">
            <reference linenumber="-1" origin="org.eclipse.mat.ui.internal.chart.ChartCanvas.3" type="org.eclipse.mat.ui.internal.chart.ChartCanvas$3"/>
        </reference_kind>
    </target>
    <target name="org.eclipse.birt.chart.computation.DataPointHints" type="org.eclipse.birt.chart.computation.DataPointHints">
        <reference_kind flags="0" kind="33554432" reference_kind_name="LOCAL_VAR_DECLARED">
            <reference linenumber="126" member="callback" origin="org.eclipse.mat.ui.internal.chart.PieChartPane.CallBackListener.callback(Object, Object, CallBackValue)" signature="(Ljava/lang/Object;Ljava/lang/Object;Lorg/eclipse/birt/chart/model/attribute/CallBackValue;)V" type="org.eclipse.mat.ui.internal.chart.PieChartPane$CallBackListener"/>
        </reference_kind>
        <reference_kind flags="0" kind="262144" reference_kind_name="CASTS">
            <reference linenumber="126" member="callback" origin="org.eclipse.mat.ui.internal.chart.PieChartPane.CallBackListener.callback(Object, Object, CallBackValue)" signature="(Ljava/lang/Object;Ljava/lang/Object;Lorg/eclipse/birt/chart/model/attribute/CallBackValue;)V" type="org.eclipse.mat.ui.internal.chart.PieChartPane$CallBackListener"/>
        </reference_kind>
    </target>
</references>
