<?xml version="1.0" encoding="UTF-8" standalone="no"?>
<references name="Methods" origin="org.eclipse.acceleo.ide.ui (0.8.1.v200909161003)" referee="org.eclipse.acceleo.common (0.8.1.v200909161003)" reference_count="3" reference_visibility="8">
    <target member="addWorkspaceContribution" name="org.eclipse.acceleo.common.internal.utils.workspace.AcceleoWorkspaceUtil.addWorkspaceContribution(IProject)" signature="(Lorg/eclipse/core/resources/IProject;)V" type="org.eclipse.acceleo.common.internal.utils.workspace.AcceleoWorkspaceUtil">
        <reference_kind flags="0" kind="256" reference_kind_name="VIRTUAL_METHOD">
            <reference linenumber="90" member="run" origin="org.eclipse.acceleo.internal.ide.ui.launching.AcceleoLaunchOperation.run(IProgressMonitor)" signature="(Lorg/eclipse/core/runtime/IProgressMonitor;)V" type="org.eclipse.acceleo.internal.ide.ui.launching.AcceleoLaunchOperation"/>
        </reference_kind>
    </target>
    <target member="reset" name="org.eclipse.acceleo.common.internal.utils.workspace.AcceleoWorkspaceUtil.reset()" signature="()V" type="org.eclipse.acceleo.common.internal.utils.workspace.AcceleoWorkspaceUtil">
        <reference_kind flags="0" kind="256" reference_kind_name="VIRTUAL_METHOD">
            <reference linenumber="123" member="run" origin="org.eclipse.acceleo.internal.ide.ui.launching.AcceleoLaunchOperation.run(IProgressMonitor)" signature="(Lorg/eclipse/core/runtime/IProgressMonitor;)V" type="org.eclipse.acceleo.internal.ide.ui.launching.AcceleoLaunchOperation"/>
        </reference_kind>
    </target>
    <target member="getClass" name="org.eclipse.acceleo.common.internal.utils.workspace.AcceleoWorkspaceUtil.getClass(String)" signature="(Ljava/lang/String;)Ljava/lang/Class;" type="org.eclipse.acceleo.common.internal.utils.workspace.AcceleoWorkspaceUtil">
        <reference_kind flags="0" kind="256" reference_kind_name="VIRTUAL_METHOD">
            <reference linenumber="91" member="run" origin="org.eclipse.acceleo.internal.ide.ui.launching.AcceleoLaunchOperation.run(IProgressMonitor)" signature="(Lorg/eclipse/core/runtime/IProgressMonitor;)V" type="org.eclipse.acceleo.internal.ide.ui.launching.AcceleoLaunchOperation"/>
        </reference_kind>
    </target>
</references>
