<?xml version="1.0" encoding="UTF-8" standalone="no"?>
<references name="Types" origin="org.eclipse.actf.visualization.presentation (0.7.2.R201002031025)" referee="org.eclipse.actf.visualization (0.7.2.R201002031025)" reference_count="11" reference_visibility="1">
    <target name="org.eclipse.actf.visualization.IVisualizationConst" type="org.eclipse.actf.visualization.IVisualizationConst">
        <reference_kind flags="0" kind="2" reference_kind_name="IMPLEMENTS">
            <reference linenumber="-1" origin="org.eclipse.actf.visualization.presentation.ui.internal.PartControlRoom" type="org.eclipse.actf.visualization.presentation.ui.internal.PartControlRoom"/>
        </reference_kind>
    </target>
    <target name="org.eclipse.actf.visualization.ui.IPositionSize" type="org.eclipse.actf.visualization.ui.IPositionSize">
        <reference_kind flags="0" kind="8388608" reference_kind_name="DECLARED_PARAMETERIZED_METHOD">
            <reference linenumber="-1" member="setHighlightPositions" origin="org.eclipse.actf.visualization.presentation.ui.internal.PartControlRoom.setHighlightPositions(List)" signature="(Ljava/util/List;)V" type="org.eclipse.actf.visualization.presentation.ui.internal.PartControlRoom"/>
            <reference linenumber="-1" member="highlight" origin="org.eclipse.actf.visualization.presentation.ui.internal.RoomView.highlight(List)" signature="(Ljava/util/List;)V" type="org.eclipse.actf.visualization.presentation.ui.internal.RoomView"/>
        </reference_kind>
    </target>
    <target name="org.eclipse.actf.visualization.ui.IVisualizationView" type="org.eclipse.actf.visualization.ui.IVisualizationView">
        <reference_kind flags="0" kind="4" reference_kind_name="DECLARED_FIELD">
            <reference linenumber="-1" member="checker" origin="org.eclipse.actf.visualization.presentation.ui.internal.PartControlRoom.checker" type="org.eclipse.actf.visualization.presentation.ui.internal.PartControlRoom"/>
        </reference_kind>
        <reference_kind flags="0" kind="16" reference_kind_name="PARAMETER">
            <reference linenumber="-1" member="&lt;init&gt;" origin="org.eclipse.actf.visualization.presentation.ui.internal.PartControlRoom.PartControlRoom(IVisualizationView, Composite)" signature="(Lorg/eclipse/actf/visualization/ui/IVisualizationView;Lorg/eclipse/swt/widgets/Composite;)V" type="org.eclipse.actf.visualization.presentation.ui.internal.PartControlRoom"/>
        </reference_kind>
    <reference_kind flags="0" kind="2" reference_kind_name="IMPLEMENTS">
            <reference linenumber="-1" origin="org.eclipse.actf.visualization.presentation.ui.views.RoomView" type="org.eclipse.actf.visualization.presentation.ui.views.RoomView"/>
        </reference_kind>
    </target>
    <target name="org.eclipse.actf.visualization.ui.VisualizationCanvas" type="org.eclipse.actf.visualization.ui.VisualizationCanvas">
        <reference_kind flags="0" kind="134217728" reference_kind_name="INSTANTIATION">
            <reference linenumber="-1" member="&lt;init&gt;" origin="org.eclipse.actf.visualization.presentation.ui.internal.RoomView.RoomView(Composite)" signature="(Lorg/eclipse/swt/widgets/Composite;)V" type="org.eclipse.actf.visualization.presentation.ui.internal.RoomView"/>
        </reference_kind>
        <reference_kind flags="0" kind="4" reference_kind_name="DECLARED_FIELD">
            <reference linenumber="-1" member="_imageCanvas" origin="org.eclipse.actf.visualization.presentation.ui.internal.RoomView._imageCanvas" type="org.eclipse.actf.visualization.presentation.ui.internal.RoomView"/>
        </reference_kind>
    </target>
<target name="org.eclipse.actf.visualization.ui.VisualizationStatusLineContributionItem" type="org.eclipse.actf.visualization.ui.VisualizationStatusLineContributionItem">
        <reference_kind flags="0" kind="134217728" reference_kind_name="INSTANTIATION">
            <reference linenumber="-1" member="setStatusLine" origin="org.eclipse.actf.visualization.presentation.ui.views.RoomView.setStatusLine()" signature="()V" type="org.eclipse.actf.visualization.presentation.ui.views.RoomView"/>
        </reference_kind>
        <reference_kind flags="0" kind="262144" reference_kind_name="CASTS">
            <reference linenumber="-1" member="setStatusMessage" origin="org.eclipse.actf.visualization.presentation.ui.views.RoomView.setStatusMessage(String)" signature="(Ljava/lang/String;)V" type="org.eclipse.actf.visualization.presentation.ui.views.RoomView"/>
            <reference linenumber="-1" member="setInfoMessage" origin="org.eclipse.actf.visualization.presentation.ui.views.RoomView.setInfoMessage(String)" signature="(Ljava/lang/String;)V" type="org.eclipse.actf.visualization.presentation.ui.views.RoomView"/>
        </reference_kind>
    </target>
</references>
