<?xml version="1.0" encoding="UTF-8" standalone="no"?>
<references name="Methods" origin="org.eclipse.actf.visualization.lowvision (0.7.2.R201002031025)" referee="org.eclipse.actf.visualization (0.7.2.R201002031025)" reference_count="19" reference_visibility="1">
    <target member="getArea" name="org.eclipse.actf.visualization.ui.IPositionSize.getArea()" signature="()I" type="org.eclipse.actf.visualization.ui.IPositionSize">
        <reference_kind flags="0" kind="512" reference_kind_name="INTERFACE_METHOD">
            <reference linenumber="-1" member="run" origin="org.eclipse.actf.visualization.lowvision.eval.SaveReportLowVision.SaveBmpFileThread.run()" signature="()V" type="org.eclipse.actf.visualization.lowvision.eval.SaveReportLowVision$SaveBmpFileThread"/>
        </reference_kind>
    </target>
    <target member="getY" name="org.eclipse.actf.visualization.ui.IPositionSize.getY()" signature="()I" type="org.eclipse.actf.visualization.ui.IPositionSize">
        <reference_kind flags="0" kind="512" reference_kind_name="INTERFACE_METHOD">
            <reference linenumber="-1" member="run" origin="org.eclipse.actf.visualization.lowvision.eval.SaveReportLowVision.SaveBmpFileThread.run()" signature="()V" type="org.eclipse.actf.visualization.lowvision.eval.SaveReportLowVision$SaveBmpFileThread"/>
            <reference linenumber="-1" member="prepareJavaScript" origin="org.eclipse.actf.visualization.lowvision.eval.SaveReportLowVision.SaveBmpFileThread.prepareJavaScript(Writer, IProblemItemImage[], String)" signature="(Ljava/io/Writer;[Lorg/eclipse/actf/visualization/eval/problem/IProblemItemImage;Ljava/lang/String;)V" type="org.eclipse.actf.visualization.lowvision.eval.SaveReportLowVision$SaveBmpFileThread"/>
            <reference linenumber="-1" member="setFrameOffsetToProblems" origin="org.eclipse.actf.visualization.lowvision.eval.CheckResultLowVision.setFrameOffsetToProblems(IPageImage[])" signature="([Lorg/eclipse/actf/visualization/engines/lowvision/image/IPageImage;)V" type="org.eclipse.actf.visualization.lowvision.eval.CheckResultLowVision"/>
        </reference_kind>
    </target>
    <target member="getHeight" name="org.eclipse.actf.visualization.ui.IPositionSize.getHeight()" signature="()I" type="org.eclipse.actf.visualization.ui.IPositionSize">
        <reference_kind flags="0" kind="512" reference_kind_name="INTERFACE_METHOD">
            <reference linenumber="-1" member="prepareJavaScript" origin="org.eclipse.actf.visualization.lowvision.eval.SaveReportLowVision.SaveBmpFileThread.prepareJavaScript(Writer, IProblemItemImage[], String)" signature="(Ljava/io/Writer;[Lorg/eclipse/actf/visualization/eval/problem/IProblemItemImage;Ljava/lang/String;)V" type="org.eclipse.actf.visualization.lowvision.eval.SaveReportLowVision$SaveBmpFileThread"/>
        </reference_kind>
    </target>
    <target member="getWidth" name="org.eclipse.actf.visualization.ui.IPositionSize.getWidth()" signature="()I" type="org.eclipse.actf.visualization.ui.IPositionSize">
        <reference_kind flags="0" kind="512" reference_kind_name="INTERFACE_METHOD">
            <reference linenumber="-1" member="prepareJavaScript" origin="org.eclipse.actf.visualization.lowvision.eval.SaveReportLowVision.SaveBmpFileThread.prepareJavaScript(Writer, IProblemItemImage[], String)" signature="(Ljava/io/Writer;[Lorg/eclipse/actf/visualization/eval/problem/IProblemItemImage;Ljava/lang/String;)V" type="org.eclipse.actf.visualization.lowvision.eval.SaveReportLowVision$SaveBmpFileThread"/>
        </reference_kind>
    </target>
    <target member="setY" name="org.eclipse.actf.visualization.ui.IPositionSize.setY(int)" signature="(I)V" type="org.eclipse.actf.visualization.ui.IPositionSize">
        <reference_kind flags="0" kind="512" reference_kind_name="INTERFACE_METHOD">
            <reference linenumber="-1" member="setFrameOffsetToProblems" origin="org.eclipse.actf.visualization.lowvision.eval.CheckResultLowVision.setFrameOffsetToProblems(IPageImage[])" signature="([Lorg/eclipse/actf/visualization/engines/lowvision/image/IPageImage;)V" type="org.eclipse.actf.visualization.lowvision.eval.CheckResultLowVision"/>
        </reference_kind>
    </target>
    <target member="getX" name="org.eclipse.actf.visualization.ui.IPositionSize.getX()" signature="()I" type="org.eclipse.actf.visualization.ui.IPositionSize">
        <reference_kind flags="0" kind="512" reference_kind_name="INTERFACE_METHOD">
            <reference linenumber="-1" member="prepareJavaScript" origin="org.eclipse.actf.visualization.lowvision.eval.SaveReportLowVision.SaveBmpFileThread.prepareJavaScript(Writer, IProblemItemImage[], String)" signature="(Ljava/io/Writer;[Lorg/eclipse/actf/visualization/eval/problem/IProblemItemImage;Ljava/lang/String;)V" type="org.eclipse.actf.visualization.lowvision.eval.SaveReportLowVision$SaveBmpFileThread"/>
            <reference linenumber="-1" member="run" origin="org.eclipse.actf.visualization.lowvision.eval.SaveReportLowVision.SaveBmpFileThread.run()" signature="()V" type="org.eclipse.actf.visualization.lowvision.eval.SaveReportLowVision$SaveBmpFileThread"/>
        </reference_kind>
    </target>
<target member="doVisualize" name="org.eclipse.actf.visualization.ui.IVisualizationView.doVisualize()" signature="()V" type="org.eclipse.actf.visualization.ui.IVisualizationView">
        <reference_kind flags="0" kind="512" reference_kind_name="INTERFACE_METHOD">
            <reference linenumber="-1" member="run" origin="org.eclipse.actf.visualization.lowvision.ui.actions.SimulationAction.run(IAction)" signature="(Lorg/eclipse/jface/action/IAction;)V" type="org.eclipse.actf.visualization.lowvision.ui.actions.SimulationAction"/>
        </reference_kind>
    </target>
<target member="setCurrentModelService" name="org.eclipse.actf.visualization.ui.VisualizationCanvas.setCurrentModelService(IModelService)" signature="(Lorg/eclipse/actf/model/ui/IModelService;)V" type="org.eclipse.actf.visualization.ui.VisualizationCanvas">
        <reference_kind flags="0" kind="256" reference_kind_name="VIRTUAL_METHOD">
            <reference linenumber="-1" member="setCurrentModelService" origin="org.eclipse.actf.visualization.lowvision.ui.internal.LowVisionSimulationView.setCurrentModelService(IModelService)" signature="(Lorg/eclipse/actf/model/ui/IModelService;)V" type="org.eclipse.actf.visualization.lowvision.ui.internal.LowVisionSimulationView"/>
        </reference_kind>
    </target>
    <target member="&lt;init&gt;" name="org.eclipse.actf.visualization.ui.VisualizationCanvas.VisualizationCanvas(Composite)" signature="(Lorg/eclipse/swt/widgets/Composite;)V" type="org.eclipse.actf.visualization.ui.VisualizationCanvas">
        <reference_kind flags="0" kind="64" reference_kind_name="CONSTRUCTOR_METHOD">
            <reference linenumber="-1" member="&lt;init&gt;" origin="org.eclipse.actf.visualization.lowvision.ui.internal.LowVisionSimulationView.LowVisionSimulationView(Composite)" signature="(Lorg/eclipse/swt/widgets/Composite;)V" type="org.eclipse.actf.visualization.lowvision.ui.internal.LowVisionSimulationView"/>
        </reference_kind>
    </target>
    <target member="clear" name="org.eclipse.actf.visualization.ui.VisualizationCanvas.clear()" signature="()V" type="org.eclipse.actf.visualization.ui.VisualizationCanvas">
        <reference_kind flags="0" kind="256" reference_kind_name="VIRTUAL_METHOD">
            <reference linenumber="-1" member="clearImage" origin="org.eclipse.actf.visualization.lowvision.ui.internal.LowVisionSimulationView.clearImage()" signature="()V" type="org.eclipse.actf.visualization.lowvision.ui.internal.LowVisionSimulationView"/>
        </reference_kind>
    </target>
    <target member="highlight" name="org.eclipse.actf.visualization.ui.VisualizationCanvas.highlight(List)" signature="(Ljava/util/List;)V" type="org.eclipse.actf.visualization.ui.VisualizationCanvas">
        <reference_kind flags="0" kind="256" reference_kind_name="VIRTUAL_METHOD">
            <reference linenumber="-1" member="highlight" origin="org.eclipse.actf.visualization.lowvision.ui.internal.LowVisionSimulationView.highlight(List)" signature="(Ljava/util/List;)V" type="org.eclipse.actf.visualization.lowvision.ui.internal.LowVisionSimulationView"/>
        </reference_kind>
    </target>
    <target member="setSync" name="org.eclipse.actf.visualization.ui.VisualizationCanvas.setSync(boolean)" signature="(Z)V" type="org.eclipse.actf.visualization.ui.VisualizationCanvas">
        <reference_kind flags="0" kind="256" reference_kind_name="VIRTUAL_METHOD">
            <reference linenumber="-1" member="displayImage" origin="org.eclipse.actf.visualization.lowvision.ui.internal.LowVisionSimulationView.displayImage(ImageData, IModelService, boolean)" signature="(Lorg/eclipse/swt/graphics/ImageData;Lorg/eclipse/actf/model/ui/IModelService;Z)V" type="org.eclipse.actf.visualization.lowvision.ui.internal.LowVisionSimulationView"/>
        </reference_kind>
    </target>
    <target member="showImage" name="org.eclipse.actf.visualization.ui.VisualizationCanvas.showImage(ImageData, IModelService)" signature="(Lorg/eclipse/swt/graphics/ImageData;Lorg/eclipse/actf/model/ui/IModelService;)V" type="org.eclipse.actf.visualization.ui.VisualizationCanvas">
        <reference_kind flags="0" kind="256" reference_kind_name="VIRTUAL_METHOD">
            <reference linenumber="-1" member="displayImage" origin="org.eclipse.actf.visualization.lowvision.ui.internal.LowVisionSimulationView.displayImage(ImageData, IModelService, boolean)" signature="(Lorg/eclipse/swt/graphics/ImageData;Lorg/eclipse/actf/model/ui/IModelService;Z)V" type="org.eclipse.actf.visualization.lowvision.ui.internal.LowVisionSimulationView"/>
        </reference_kind>
    </target>
<target member="setStatusMessage" name="org.eclipse.actf.visualization.ui.VisualizationStatusLineContributionItem.setStatusMessage(String)" signature="(Ljava/lang/String;)V" type="org.eclipse.actf.visualization.ui.VisualizationStatusLineContributionItem">
        <reference_kind flags="0" kind="256" reference_kind_name="VIRTUAL_METHOD">
            <reference linenumber="-1" member="setStatusMessage" origin="org.eclipse.actf.visualization.lowvision.ui.views.LowVisionView.setStatusMessage(String)" signature="(Ljava/lang/String;)V" type="org.eclipse.actf.visualization.lowvision.ui.views.LowVisionView"/>
        </reference_kind>
    </target>
    <target member="&lt;init&gt;" name="org.eclipse.actf.visualization.ui.VisualizationStatusLineContributionItem.VisualizationStatusLineContributionItem(String)" signature="(Ljava/lang/String;)V" type="org.eclipse.actf.visualization.ui.VisualizationStatusLineContributionItem">
        <reference_kind flags="0" kind="64" reference_kind_name="CONSTRUCTOR_METHOD">
            <reference linenumber="-1" member="setStatusLine" origin="org.eclipse.actf.visualization.lowvision.ui.views.LowVisionView.setStatusLine()" signature="()V" type="org.eclipse.actf.visualization.lowvision.ui.views.LowVisionView"/>
        </reference_kind>
    </target>
    <target member="setInfoMessage" name="org.eclipse.actf.visualization.ui.VisualizationStatusLineContributionItem.setInfoMessage(String)" signature="(Ljava/lang/String;)V" type="org.eclipse.actf.visualization.ui.VisualizationStatusLineContributionItem">
        <reference_kind flags="0" kind="256" reference_kind_name="VIRTUAL_METHOD">
            <reference linenumber="-1" member="setInfoMessage" origin="org.eclipse.actf.visualization.lowvision.ui.views.LowVisionView.setInfoMessage(String)" signature="(Ljava/lang/String;)V" type="org.eclipse.actf.visualization.lowvision.ui.views.LowVisionView"/>
        </reference_kind>
    </target>
</references>
