<?xml version="1.0" encoding="UTF-8" standalone="no"?>
<references name="Methods" origin="org.eclipse.actf.visualization.presentation (0.7.2.R201002031025)" referee="org.eclipse.actf.model.ui (0.7.2.R201002031025)" reference_count="6" reference_visibility="1">
    <target member="getTargetComposite" name="org.eclipse.actf.model.ui.IModelService.getTargetComposite()" signature="()Lorg/eclipse/swt/widgets/Composite;" type="org.eclipse.actf.model.ui.IModelService">
        <reference_kind flags="0" kind="512" reference_kind_name="INTERFACE_METHOD">
            <reference linenumber="-1" member="doSimulateAfterHalf" origin="org.eclipse.actf.visualization.presentation.ui.internal.PartControlRoom.doSimulateAfterHalf(IModelService)" signature="(Lorg/eclipse/actf/model/ui/IModelService;)V" type="org.eclipse.actf.visualization.presentation.ui.internal.PartControlRoom"/>
        </reference_kind>
    </target>
    <target member="&lt;init&gt;" name="org.eclipse.actf.model.ui.ModelServiceImageCreator.ModelServiceImageCreator(IModelService)" signature="(Lorg/eclipse/actf/model/ui/IModelService;)V" type="org.eclipse.actf.model.ui.ModelServiceImageCreator">
        <reference_kind flags="0" kind="64" reference_kind_name="CONSTRUCTOR_METHOD">
            <reference linenumber="-1" member="prepareInt2Ds" origin="org.eclipse.actf.visualization.presentation.ui.internal.PartControlRoom.prepareInt2Ds(IModelService)" signature="(Lorg/eclipse/actf/model/ui/IModelService;)V" type="org.eclipse.actf.visualization.presentation.ui.internal.PartControlRoom"/>
        </reference_kind>
    </target>
    <target member="getScreenImageAsBMP" name="org.eclipse.actf.model.ui.ModelServiceImageCreator.getScreenImageAsBMP(String, boolean)" signature="(Ljava/lang/String;Z)Ljava/io/File;" type="org.eclipse.actf.model.ui.ModelServiceImageCreator">
        <reference_kind flags="0" kind="256" reference_kind_name="VIRTUAL_METHOD">
            <reference linenumber="-1" member="prepareInt2Ds" origin="org.eclipse.actf.visualization.presentation.ui.internal.PartControlRoom.prepareInt2Ds(IModelService)" signature="(Lorg/eclipse/actf/model/ui/IModelService;)V" type="org.eclipse.actf.visualization.presentation.ui.internal.PartControlRoom"/>
        </reference_kind>
    </target>
    <target member="getActiveModelService" name="org.eclipse.actf.model.ui.util.ModelServiceUtils.getActiveModelService()" signature="()Lorg/eclipse/actf/model/ui/IModelService;" type="org.eclipse.actf.model.ui.util.ModelServiceUtils">
        <reference_kind flags="0" kind="128" reference_kind_name="INVOKED_STATIC">
            <reference linenumber="-1" member="doSimulate" origin="org.eclipse.actf.visualization.presentation.ui.internal.PartControlRoom.doSimulate()" signature="()V" type="org.eclipse.actf.visualization.presentation.ui.internal.PartControlRoom"/>
        </reference_kind>
    </target>
<target member="getModelService" name="org.eclipse.actf.model.ui.IModelServiceHolder.getModelService()" signature="()Lorg/eclipse/actf/model/ui/IModelService;" type="org.eclipse.actf.model.ui.IModelServiceHolder">
        <reference_kind flags="0" kind="512" reference_kind_name="INTERFACE_METHOD">
            <reference linenumber="-1" member="modelserviceChanged" origin="org.eclipse.actf.visualization.presentation.ui.views.RoomView.modelserviceChanged(MediatorEvent)" signature="(Lorg/eclipse/actf/mediator/MediatorEvent;)V" type="org.eclipse.actf.visualization.presentation.ui.views.RoomView"/>
            <reference linenumber="-1" member="modelserviceInputChanged" origin="org.eclipse.actf.visualization.presentation.ui.views.RoomView.modelserviceInputChanged(MediatorEvent)" signature="(Lorg/eclipse/actf/mediator/MediatorEvent;)V" type="org.eclipse.actf.visualization.presentation.ui.views.RoomView"/>
        </reference_kind>
    </target>
</references>
