<?xml version="1.0" encoding="UTF-8" standalone="no"?>
<references name="Types" origin="org.eclipse.birt.report.engine.script.javascript (2.5.2.v20091224)" referee="org.eclipse.birt.core (2.5.2.v20100208)" reference_count="27" reference_visibility="1">
    <target name="org.eclipse.birt.core.script.IJavascriptWrapper" type="org.eclipse.birt.core.script.IJavascriptWrapper">
        <reference_kind flags="0" kind="4" reference_kind_name="DECLARED_FIELD">
            <reference linenumber="-1" member="coreWrapper" origin="org.eclipse.birt.report.engine.javascript.JavascriptEngine.2.coreWrapper" type="org.eclipse.birt.report.engine.javascript.JavascriptEngine$2"/>
        </reference_kind>
    </target>
    <target name="org.eclipse.birt.core.script.CoreJavaScriptInitializer" type="org.eclipse.birt.core.script.CoreJavaScriptInitializer">
        <reference_kind flags="0" kind="134217728" reference_kind_name="INSTANTIATION">
            <reference linenumber="161" member="initWrapFactory" origin="org.eclipse.birt.report.engine.javascript.JavascriptEngine.initWrapFactory()" signature="()V" type="org.eclipse.birt.report.engine.javascript.JavascriptEngine"/>
        </reference_kind>
    </target>
    <target name="org.eclipse.birt.core.script.IScriptEngine" type="org.eclipse.birt.core.script.IScriptEngine">
        <reference_kind flags="0" kind="2" reference_kind_name="IMPLEMENTS">
            <reference linenumber="-1" origin="org.eclipse.birt.report.engine.javascript.JavascriptEngine" type="org.eclipse.birt.report.engine.javascript.JavascriptEngine"/>
        </reference_kind>
        <reference_kind flags="0" kind="8" reference_kind_name="RETURN_TYPE">
            <reference linenumber="-1" member="createScriptEngine" origin="org.eclipse.birt.report.engine.javascript.JavascriptEngineFactory.createScriptEngine()" signature="()Lorg/eclipse/birt/core/script/IScriptEngine;" type="org.eclipse.birt.report.engine.javascript.JavascriptEngineFactory"/>
        </reference_kind>
    </target>
    <target name="org.eclipse.birt.core.exception.CoreException" type="org.eclipse.birt.core.exception.CoreException">
        <reference_kind flags="0" kind="134217728" reference_kind_name="INSTANTIATION">
            <reference linenumber="287" member="evaluate" origin="org.eclipse.birt.report.engine.javascript.JavascriptEngine.evaluate(ScriptContext, ICompiledScript)" signature="(Lorg/eclipse/birt/core/script/ScriptContext;Lorg/eclipse/birt/core/script/ICompiledScript;)Ljava/lang/Object;" type="org.eclipse.birt.report.engine.javascript.JavascriptEngine"/>
        </reference_kind>
    </target>
    <target name="org.eclipse.birt.core.script.ICompiledScript" type="org.eclipse.birt.core.script.ICompiledScript">
        <reference_kind flags="0" kind="2" reference_kind_name="IMPLEMENTS">
            <reference linenumber="-1" origin="org.eclipse.birt.report.engine.javascript.CompiledJavascript" type="org.eclipse.birt.report.engine.javascript.CompiledJavascript"/>
        </reference_kind>
        <reference_kind flags="0" kind="16" reference_kind_name="PARAMETER">
            <reference linenumber="-1" member="evaluate" origin="org.eclipse.birt.report.engine.javascript.JavascriptEngine.evaluate(ScriptContext, ICompiledScript)" signature="(Lorg/eclipse/birt/core/script/ScriptContext;Lorg/eclipse/birt/core/script/ICompiledScript;)Ljava/lang/Object;" type="org.eclipse.birt.report.engine.javascript.JavascriptEngine"/>
        </reference_kind>
    </target>
    <target name="org.eclipse.birt.core.script.ScriptableParameters" type="org.eclipse.birt.core.script.ScriptableParameters">
        <reference_kind flags="0" kind="134217728" reference_kind_name="INSTANTIATION">
            <reference linenumber="83" member="wrap" origin="org.eclipse.birt.report.engine.javascript.JavascriptContext.wrap(Scriptable, String, Object)" signature="(Lorg/mozilla/javascript/Scriptable;Ljava/lang/String;Ljava/lang/Object;)Ljava/lang/Object;" type="org.eclipse.birt.report.engine.javascript.JavascriptContext"/>
        </reference_kind>
    </target>
    <target name="org.eclipse.birt.core.script.IScriptContext" type="org.eclipse.birt.core.script.IScriptContext">
        <reference_kind flags="0" kind="2" reference_kind_name="IMPLEMENTS">
            <reference linenumber="-1" origin="org.eclipse.birt.report.engine.javascript.JavascriptContext" type="org.eclipse.birt.report.engine.javascript.JavascriptContext"/>
        </reference_kind>
    </target>
    <target name="org.eclipse.birt.core.script.CoreJavaScriptWrapper" type="org.eclipse.birt.core.script.CoreJavaScriptWrapper">
        <reference_kind flags="0" kind="134217728" reference_kind_name="INSTANTIATION">
            <reference linenumber="144" member="&lt;init&gt;" origin="org.eclipse.birt.report.engine.javascript.JavascriptEngine.2.2(JavascriptEngine)" signature="(Lorg/eclipse/birt/report/engine/javascript/JavascriptEngine;)V" type="org.eclipse.birt.report.engine.javascript.JavascriptEngine$2"/>
        </reference_kind>
    </target>
    <target name="org.eclipse.birt.core.script.ScriptContext" type="org.eclipse.birt.core.script.ScriptContext">
        <reference_kind flags="0" kind="16" reference_kind_name="PARAMETER">
            <reference linenumber="-1" member="&lt;init&gt;" origin="org.eclipse.birt.report.engine.javascript.JavascriptContext.JavascriptContext(ScriptContext, Scriptable)" signature="(Lorg/eclipse/birt/core/script/ScriptContext;Lorg/mozilla/javascript/Scriptable;)V" type="org.eclipse.birt.report.engine.javascript.JavascriptContext"/>
            <reference linenumber="-1" member="getJSContext" origin="org.eclipse.birt.report.engine.javascript.JavascriptEngine.getJSContext(ScriptContext)" signature="(Lorg/eclipse/birt/core/script/ScriptContext;)Lorg/mozilla/javascript/Context;" type="org.eclipse.birt.report.engine.javascript.JavascriptEngine"/>
            <reference linenumber="-1" member="getJSScope" origin="org.eclipse.birt.report.engine.javascript.JavascriptEngine.getJSScope(ScriptContext)" signature="(Lorg/eclipse/birt/core/script/ScriptContext;)Lorg/mozilla/javascript/Scriptable;" type="org.eclipse.birt.report.engine.javascript.JavascriptEngine"/>
            <reference linenumber="-1" member="createJsContext" origin="org.eclipse.birt.report.engine.javascript.JavascriptEngine.createJsContext(ScriptContext)" signature="(Lorg/eclipse/birt/core/script/ScriptContext;)Lorg/eclipse/birt/report/engine/javascript/JavascriptContext;" type="org.eclipse.birt.report.engine.javascript.JavascriptEngine"/>
            <reference linenumber="-1" member="compile" origin="org.eclipse.birt.report.engine.javascript.JavascriptEngine.compile(ScriptContext, String, int, String)" signature="(Lorg/eclipse/birt/core/script/ScriptContext;Ljava/lang/String;ILjava/lang/String;)Lorg/eclipse/birt/report/engine/javascript/CompiledJavascript;" type="org.eclipse.birt.report.engine.javascript.JavascriptEngine"/>
            <reference linenumber="-1" member="evaluate" origin="org.eclipse.birt.report.engine.javascript.JavascriptEngine.evaluate(ScriptContext, ICompiledScript)" signature="(Lorg/eclipse/birt/core/script/ScriptContext;Lorg/eclipse/birt/core/script/ICompiledScript;)Ljava/lang/Object;" type="org.eclipse.birt.report.engine.javascript.JavascriptEngine"/>
        </reference_kind>
        <reference_kind flags="0" kind="33554432" reference_kind_name="LOCAL_VAR_DECLARED">
            <reference linenumber="241" member="createJsContext" origin="org.eclipse.birt.report.engine.javascript.JavascriptEngine.createJsContext(ScriptContext)" signature="(Lorg/eclipse/birt/core/script/ScriptContext;)Lorg/eclipse/birt/report/engine/javascript/JavascriptContext;" type="org.eclipse.birt.report.engine.javascript.JavascriptEngine"/>
        </reference_kind>
        <reference_kind flags="0" kind="4" reference_kind_name="DECLARED_FIELD">
            <reference linenumber="-1" member="scriptContext" origin="org.eclipse.birt.report.engine.javascript.JavascriptContext.scriptContext" type="org.eclipse.birt.report.engine.javascript.JavascriptContext"/>
        </reference_kind>
    </target>
    <target name="org.eclipse.birt.core.script.functionservice.IScriptFunctionContext" type="org.eclipse.birt.core.script.functionservice.IScriptFunctionContext">
        <reference_kind flags="0" kind="2" reference_kind_name="IMPLEMENTS">
            <reference linenumber="-1" origin="org.eclipse.birt.report.engine.javascript.JavascriptEngine.1" type="org.eclipse.birt.report.engine.javascript.JavascriptEngine$1"/>
        </reference_kind>
        <reference_kind flags="0" kind="33554432" reference_kind_name="LOCAL_VAR_DECLARED">
            <reference linenumber="117" member="&lt;init&gt;" origin="org.eclipse.birt.report.engine.javascript.JavascriptEngine.JavascriptEngine(JavascriptEngineFactory, ScriptableObject)" signature="(Lorg/eclipse/birt/report/engine/javascript/JavascriptEngineFactory;Lorg/mozilla/javascript/ScriptableObject;)V" type="org.eclipse.birt.report.engine.javascript.JavascriptEngine"/>
        </reference_kind>
    </target>
    <target name="org.eclipse.birt.core.script.IScriptEngineFactory" type="org.eclipse.birt.core.script.IScriptEngineFactory">
        <reference_kind flags="0" kind="2" reference_kind_name="IMPLEMENTS">
            <reference linenumber="-1" origin="org.eclipse.birt.report.engine.javascript.JavascriptEngineFactory" type="org.eclipse.birt.report.engine.javascript.JavascriptEngineFactory"/>
        </reference_kind>
    </target>
    <target name="org.eclipse.birt.core.exception.BirtException" type="org.eclipse.birt.core.exception.BirtException">
        <reference_kind flags="0" kind="32" reference_kind_name="THROWS">
            <reference linenumber="-1" member="compile" origin="org.eclipse.birt.report.engine.javascript.JavascriptEngine.compile(ScriptContext, String, int, String)" signature="(Lorg/eclipse/birt/core/script/ScriptContext;Ljava/lang/String;ILjava/lang/String;)Lorg/eclipse/birt/report/engine/javascript/CompiledJavascript;" type="org.eclipse.birt.report.engine.javascript.JavascriptEngine"/>
            <reference linenumber="-1" member="&lt;init&gt;" origin="org.eclipse.birt.report.engine.javascript.JavascriptEngine.JavascriptEngine(JavascriptEngineFactory, ScriptableObject)" signature="(Lorg/eclipse/birt/report/engine/javascript/JavascriptEngineFactory;Lorg/mozilla/javascript/ScriptableObject;)V" type="org.eclipse.birt.report.engine.javascript.JavascriptEngine"/>
            <reference linenumber="-1" member="createScriptEngine" origin="org.eclipse.birt.report.engine.javascript.JavascriptEngineFactory.createScriptEngine()" signature="()Lorg/eclipse/birt/core/script/IScriptEngine;" type="org.eclipse.birt.report.engine.javascript.JavascriptEngineFactory"/>
            <reference linenumber="-1" member="evaluate" origin="org.eclipse.birt.report.engine.javascript.JavascriptEngine.evaluate(ScriptContext, ICompiledScript)" signature="(Lorg/eclipse/birt/core/script/ScriptContext;Lorg/eclipse/birt/core/script/ICompiledScript;)Ljava/lang/Object;" type="org.eclipse.birt.report.engine.javascript.JavascriptEngine"/>
        </reference_kind>
        <reference_kind flags="0" kind="134217728" reference_kind_name="INSTANTIATION">
            <reference linenumber="136" member="&lt;init&gt;" origin="org.eclipse.birt.report.engine.javascript.JavascriptEngine.JavascriptEngine(JavascriptEngineFactory, ScriptableObject)" signature="(Lorg/eclipse/birt/report/engine/javascript/JavascriptEngineFactory;Lorg/mozilla/javascript/ScriptableObject;)V" type="org.eclipse.birt.report.engine.javascript.JavascriptEngine"/>
        </reference_kind>
    </target>
<target name="org.eclipse.birt.core.plugin.BIRTPlugin" type="org.eclipse.birt.core.plugin.BIRTPlugin">
        <reference_kind flags="0" kind="1" reference_kind_name="EXTENDS">
            <reference linenumber="-1" origin="org.eclipse.birt.report.engine.javascript.plugin.JavaScriptPlugin" type="org.eclipse.birt.report.engine.javascript.plugin.JavaScriptPlugin"/>
        </reference_kind>
    </target>
</references>
