<?xml version="1.0" encoding="UTF-8" standalone="no"?>
<references name="Methods" origin="org.eclipse.actf.visualization.blind (0.7.2.R201002031025)" referee="org.eclipse.actf.visualization (0.7.2.R201002031025)" reference_count="9" reference_visibility="1">
    <target member="setStatusMessage" name="org.eclipse.actf.visualization.ui.IVisualizationView.setStatusMessage(String)" signature="(Ljava/lang/String;)V" type="org.eclipse.actf.visualization.ui.IVisualizationView">
        <reference_kind flags="0" kind="512" reference_kind_name="INTERFACE_METHOD">
            <reference linenumber="-1" member="setStatusMessage" origin="org.eclipse.actf.visualization.blind.BlindVisualizerBase.setStatusMessage(String)" signature="(Ljava/lang/String;)V" type="org.eclipse.actf.visualization.blind.BlindVisualizerBase"/>
        <reference linenumber="-1" member="doVisualize" origin="org.eclipse.actf.visualization.blind.ui.internal.PartControlBlind.doVisualize(boolean)" signature="(Z)I" type="org.eclipse.actf.visualization.blind.ui.internal.PartControlBlind"/>
            <reference linenumber="-1" member="run" origin="org.eclipse.actf.visualization.blind.ui.internal.PartControlBlind.CreateReport.1.run()" signature="()V" type="org.eclipse.actf.visualization.blind.ui.internal.PartControlBlind$CreateReport$1"/>
            <reference linenumber="-1" member="saveReportFile" origin="org.eclipse.actf.visualization.blind.ui.internal.PartControlBlind.saveReportFile(String, String, boolean)" signature="(Ljava/lang/String;Ljava/lang/String;Z)V" type="org.eclipse.actf.visualization.blind.ui.internal.PartControlBlind"/>
        </reference_kind>
    </target>
    <target member="setInfoMessage" name="org.eclipse.actf.visualization.ui.IVisualizationView.setInfoMessage(String)" signature="(Ljava/lang/String;)V" type="org.eclipse.actf.visualization.ui.IVisualizationView">
        <reference_kind flags="0" kind="512" reference_kind_name="INTERFACE_METHOD">
            <reference linenumber="-1" member="setInfoMessage" origin="org.eclipse.actf.visualization.blind.BlindVisualizerBase.setInfoMessage(String)" signature="(Ljava/lang/String;)V" type="org.eclipse.actf.visualization.blind.BlindVisualizerBase"/>
        </reference_kind>
    </target>
<target member="doVisualize" name="org.eclipse.actf.visualization.ui.IVisualizationView.doVisualize()" signature="()V" type="org.eclipse.actf.visualization.ui.IVisualizationView">
        <reference_kind flags="0" kind="512" reference_kind_name="INTERFACE_METHOD">
            <reference linenumber="-1" member="run" origin="org.eclipse.actf.visualization.blind.ui.actions.VisualizeAction.run(IAction)" signature="(Lorg/eclipse/jface/action/IAction;)V" type="org.eclipse.actf.visualization.blind.ui.actions.VisualizeAction"/>
        </reference_kind>
    </target>
<target member="setStatusMessage" name="org.eclipse.actf.visualization.ui.VisualizationStatusLineContributionItem.setStatusMessage(String)" signature="(Ljava/lang/String;)V" type="org.eclipse.actf.visualization.ui.VisualizationStatusLineContributionItem">
        <reference_kind flags="0" kind="256" reference_kind_name="VIRTUAL_METHOD">
            <reference linenumber="-1" member="setStatusMessage" origin="org.eclipse.actf.visualization.blind.ui.views.BlindView.setStatusMessage(String)" signature="(Ljava/lang/String;)V" type="org.eclipse.actf.visualization.blind.ui.views.BlindView"/>
        </reference_kind>
    </target>
    <target member="&lt;init&gt;" name="org.eclipse.actf.visualization.ui.VisualizationStatusLineContributionItem.VisualizationStatusLineContributionItem(String)" signature="(Ljava/lang/String;)V" type="org.eclipse.actf.visualization.ui.VisualizationStatusLineContributionItem">
        <reference_kind flags="0" kind="64" reference_kind_name="CONSTRUCTOR_METHOD">
            <reference linenumber="-1" member="setStatusLine" origin="org.eclipse.actf.visualization.blind.ui.views.BlindView.setStatusLine()" signature="()V" type="org.eclipse.actf.visualization.blind.ui.views.BlindView"/>
        </reference_kind>
    </target>
    <target member="setInfoMessage" name="org.eclipse.actf.visualization.ui.VisualizationStatusLineContributionItem.setInfoMessage(String)" signature="(Ljava/lang/String;)V" type="org.eclipse.actf.visualization.ui.VisualizationStatusLineContributionItem">
        <reference_kind flags="0" kind="256" reference_kind_name="VIRTUAL_METHOD">
            <reference linenumber="-1" member="setInfoMessage" origin="org.eclipse.actf.visualization.blind.ui.views.BlindView.setInfoMessage(String)" signature="(Ljava/lang/String;)V" type="org.eclipse.actf.visualization.blind.ui.views.BlindView"/>
        </reference_kind>
    </target>
</references>
