<?xml version="1.0" encoding="UTF-8" standalone="no"?>
<references name="Methods" origin="org.eclipse.acceleo.engine (0.8.1.v200909161003)" referee="org.eclipse.acceleo.model (0.8.1.v200909161003)" reference_count="137" reference_visibility="1">
    <target member="getParameter" name="org.eclipse.acceleo.model.mtl.Template.getParameter()" signature="()Lorg/eclipse/emf/common/util/EList;" type="org.eclipse.acceleo.model.mtl.Template">
        <reference_kind flags="0" kind="512" reference_kind_name="INTERFACE_METHOD">
            <reference linenumber="148" member="doEvaluate" origin="org.eclipse.acceleo.engine.generation.AcceleoGenericEngine.doEvaluate(Template, List)" signature="(Lorg/eclipse/acceleo/model/mtl/Template;Ljava/util/List;)V" type="org.eclipse.acceleo.engine.generation.AcceleoGenericEngine"/>
            <reference linenumber="147" member="doEvaluate" origin="org.eclipse.acceleo.engine.generation.AcceleoGenericEngine.doEvaluate(Template, List)" signature="(Lorg/eclipse/acceleo/model/mtl/Template;Ljava/util/List;)V" type="org.eclipse.acceleo.engine.generation.AcceleoGenericEngine"/>
            <reference linenumber="75" member="evaluate" origin="org.eclipse.acceleo.engine.generation.AcceleoGenericEngine.evaluate(Template, List, File, boolean, Monitor)" signature="(Lorg/eclipse/acceleo/model/mtl/Template;Ljava/util/List;Ljava/io/File;ZLorg/eclipse/emf/common/util/Monitor;)Ljava/util/Map;" type="org.eclipse.acceleo.engine.generation.AcceleoGenericEngine"/>
            <reference linenumber="127" member="doEvaluate" origin="org.eclipse.acceleo.engine.generation.AcceleoGenericEngine.doEvaluate(Template, List)" signature="(Lorg/eclipse/acceleo/model/mtl/Template;Ljava/util/List;)V" type="org.eclipse.acceleo.engine.generation.AcceleoGenericEngine"/>
            <reference linenumber="126" member="doEvaluate" origin="org.eclipse.acceleo.engine.generation.AcceleoGenericEngine.doEvaluate(Template, List)" signature="(Lorg/eclipse/acceleo/model/mtl/Template;Ljava/util/List;)V" type="org.eclipse.acceleo.engine.generation.AcceleoGenericEngine"/>
        <reference linenumber="527" member="applicableTemplates" origin="org.eclipse.acceleo.engine.internal.environment.AcceleoEvaluationEnvironment.applicableTemplates(Set, List)" signature="(Ljava/util/Set;Ljava/util/List;)Ljava/util/Set;" type="org.eclipse.acceleo.engine.internal.environment.AcceleoEvaluationEnvironment"/>
            <reference linenumber="1003" member="mostSpecificTemplate" origin="org.eclipse.acceleo.engine.internal.environment.AcceleoEvaluationEnvironment.mostSpecificTemplate(Template, Template, List)" signature="(Lorg/eclipse/acceleo/model/mtl/Template;Lorg/eclipse/acceleo/model/mtl/Template;Ljava/util/List;)Lorg/eclipse/acceleo/model/mtl/Template;" type="org.eclipse.acceleo.engine.internal.environment.AcceleoEvaluationEnvironment"/>
            <reference linenumber="1002" member="mostSpecificTemplate" origin="org.eclipse.acceleo.engine.internal.environment.AcceleoEvaluationEnvironment.mostSpecificTemplate(Template, Template, List)" signature="(Lorg/eclipse/acceleo/model/mtl/Template;Lorg/eclipse/acceleo/model/mtl/Template;Ljava/util/List;)Lorg/eclipse/acceleo/model/mtl/Template;" type="org.eclipse.acceleo.engine.internal.environment.AcceleoEvaluationEnvironment"/>
            <reference linenumber="533" member="applicableTemplates" origin="org.eclipse.acceleo.engine.internal.environment.AcceleoEvaluationEnvironment.applicableTemplates(Set, List)" signature="(Ljava/util/Set;Ljava/util/List;)Ljava/util/Set;" type="org.eclipse.acceleo.engine.internal.environment.AcceleoEvaluationEnvironment"/>
        <reference linenumber="930" member="evaluateGuards" origin="org.eclipse.acceleo.engine.internal.evaluation.AcceleoEvaluationVisitor.evaluateGuards(List, List)" signature="(Ljava/util/List;Ljava/util/List;)V" type="org.eclipse.acceleo.engine.internal.evaluation.AcceleoEvaluationVisitor"/>
            <reference linenumber="932" member="evaluateGuards" origin="org.eclipse.acceleo.engine.internal.evaluation.AcceleoEvaluationVisitor.evaluateGuards(List, List)" signature="(Ljava/util/List;Ljava/util/List;)V" type="org.eclipse.acceleo.engine.internal.evaluation.AcceleoEvaluationVisitor"/>
            <reference linenumber="931" member="evaluateGuards" origin="org.eclipse.acceleo.engine.internal.evaluation.AcceleoEvaluationVisitor.evaluateGuards(List, List)" signature="(Ljava/util/List;Ljava/util/List;)V" type="org.eclipse.acceleo.engine.internal.evaluation.AcceleoEvaluationVisitor"/>
            <reference linenumber="963" member="evaluateGuards" origin="org.eclipse.acceleo.engine.internal.evaluation.AcceleoEvaluationVisitor.evaluateGuards(List, List)" signature="(Ljava/util/List;Ljava/util/List;)V" type="org.eclipse.acceleo.engine.internal.evaluation.AcceleoEvaluationVisitor"/>
            <reference linenumber="962" member="evaluateGuards" origin="org.eclipse.acceleo.engine.internal.evaluation.AcceleoEvaluationVisitor.evaluateGuards(List, List)" signature="(Ljava/util/List;Ljava/util/List;)V" type="org.eclipse.acceleo.engine.internal.evaluation.AcceleoEvaluationVisitor"/>
            <reference linenumber="694" member="visitAcceleoTemplateInvocation" origin="org.eclipse.acceleo.engine.internal.evaluation.AcceleoEvaluationVisitor.visitAcceleoTemplateInvocation(TemplateInvocation)" signature="(Lorg/eclipse/acceleo/model/mtl/TemplateInvocation;)Ljava/lang/Object;" type="org.eclipse.acceleo.engine.internal.evaluation.AcceleoEvaluationVisitor"/>
            <reference linenumber="967" member="evaluateGuards" origin="org.eclipse.acceleo.engine.internal.evaluation.AcceleoEvaluationVisitor.evaluateGuards(List, List)" signature="(Ljava/util/List;Ljava/util/List;)V" type="org.eclipse.acceleo.engine.internal.evaluation.AcceleoEvaluationVisitor"/>
            <reference linenumber="730" member="visitAcceleoTemplateInvocation" origin="org.eclipse.acceleo.engine.internal.evaluation.AcceleoEvaluationVisitor.visitAcceleoTemplateInvocation(TemplateInvocation)" signature="(Lorg/eclipse/acceleo/model/mtl/TemplateInvocation;)Ljava/lang/Object;" type="org.eclipse.acceleo.engine.internal.evaluation.AcceleoEvaluationVisitor"/>
            <reference linenumber="726" member="visitAcceleoTemplateInvocation" origin="org.eclipse.acceleo.engine.internal.evaluation.AcceleoEvaluationVisitor.visitAcceleoTemplateInvocation(TemplateInvocation)" signature="(Lorg/eclipse/acceleo/model/mtl/TemplateInvocation;)Ljava/lang/Object;" type="org.eclipse.acceleo.engine.internal.evaluation.AcceleoEvaluationVisitor"/>
            <reference linenumber="695" member="visitAcceleoTemplateInvocation" origin="org.eclipse.acceleo.engine.internal.evaluation.AcceleoEvaluationVisitor.visitAcceleoTemplateInvocation(TemplateInvocation)" signature="(Lorg/eclipse/acceleo/model/mtl/TemplateInvocation;)Ljava/lang/Object;" type="org.eclipse.acceleo.engine.internal.evaluation.AcceleoEvaluationVisitor"/>
            <reference linenumber="725" member="visitAcceleoTemplateInvocation" origin="org.eclipse.acceleo.engine.internal.evaluation.AcceleoEvaluationVisitor.visitAcceleoTemplateInvocation(TemplateInvocation)" signature="(Lorg/eclipse/acceleo/model/mtl/TemplateInvocation;)Ljava/lang/Object;" type="org.eclipse.acceleo.engine.internal.evaluation.AcceleoEvaluationVisitor"/>
            <reference linenumber="651" member="visitAcceleoTemplateInvocation" origin="org.eclipse.acceleo.engine.internal.evaluation.AcceleoEvaluationVisitor.visitAcceleoTemplateInvocation(TemplateInvocation)" signature="(Lorg/eclipse/acceleo/model/mtl/TemplateInvocation;)Ljava/lang/Object;" type="org.eclipse.acceleo.engine.internal.evaluation.AcceleoEvaluationVisitor"/>
            <reference linenumber="652" member="visitAcceleoTemplateInvocation" origin="org.eclipse.acceleo.engine.internal.evaluation.AcceleoEvaluationVisitor.visitAcceleoTemplateInvocation(TemplateInvocation)" signature="(Lorg/eclipse/acceleo/model/mtl/TemplateInvocation;)Ljava/lang/Object;" type="org.eclipse.acceleo.engine.internal.evaluation.AcceleoEvaluationVisitor"/>
            <reference linenumber="655" member="visitAcceleoTemplateInvocation" origin="org.eclipse.acceleo.engine.internal.evaluation.AcceleoEvaluationVisitor.visitAcceleoTemplateInvocation(TemplateInvocation)" signature="(Lorg/eclipse/acceleo/model/mtl/TemplateInvocation;)Ljava/lang/Object;" type="org.eclipse.acceleo.engine.internal.evaluation.AcceleoEvaluationVisitor"/>
            <reference linenumber="650" member="visitAcceleoTemplateInvocation" origin="org.eclipse.acceleo.engine.internal.evaluation.AcceleoEvaluationVisitor.visitAcceleoTemplateInvocation(TemplateInvocation)" signature="(Lorg/eclipse/acceleo/model/mtl/TemplateInvocation;)Ljava/lang/Object;" type="org.eclipse.acceleo.engine.internal.evaluation.AcceleoEvaluationVisitor"/>
        <reference linenumber="469" member="findTemplate" origin="org.eclipse.acceleo.engine.service.AcceleoService.findTemplate(Module, String, int)" signature="(Lorg/eclipse/acceleo/model/mtl/Module;Ljava/lang/String;I)Lorg/eclipse/acceleo/model/mtl/Template;" type="org.eclipse.acceleo.engine.service.AcceleoService"/>
            <reference linenumber="499" member="findTemplate" origin="org.eclipse.acceleo.engine.service.AcceleoService.findTemplate(Module, String, List)" signature="(Lorg/eclipse/acceleo/model/mtl/Module;Ljava/lang/String;Ljava/util/List;)Lorg/eclipse/acceleo/model/mtl/Template;" type="org.eclipse.acceleo.engine.service.AcceleoService"/>
            <reference linenumber="332" member="doGenerate" origin="org.eclipse.acceleo.engine.service.AcceleoService.doGenerate(Template, EObject, File, boolean, Monitor)" signature="(Lorg/eclipse/acceleo/model/mtl/Template;Lorg/eclipse/emf/ecore/EObject;Ljava/io/File;ZLorg/eclipse/emf/common/util/Monitor;)Ljava/util/Map;" type="org.eclipse.acceleo.engine.service.AcceleoService"/>
            <reference linenumber="500" member="findTemplate" origin="org.eclipse.acceleo.engine.service.AcceleoService.findTemplate(Module, String, List)" signature="(Lorg/eclipse/acceleo/model/mtl/Module;Ljava/lang/String;Ljava/util/List;)Lorg/eclipse/acceleo/model/mtl/Template;" type="org.eclipse.acceleo.engine.service.AcceleoService"/>
            <reference linenumber="497" member="findTemplate" origin="org.eclipse.acceleo.engine.service.AcceleoService.findTemplate(Module, String, List)" signature="(Lorg/eclipse/acceleo/model/mtl/Module;Ljava/lang/String;Ljava/util/List;)Lorg/eclipse/acceleo/model/mtl/Template;" type="org.eclipse.acceleo.engine.service.AcceleoService"/>
            <reference linenumber="119" member="doGenerate" origin="org.eclipse.acceleo.engine.service.AcceleoService.doGenerate(Map, EObject, File, boolean, Monitor)" signature="(Ljava/util/Map;Lorg/eclipse/emf/ecore/EObject;Ljava/io/File;ZLorg/eclipse/emf/common/util/Monitor;)Ljava/util/Map;" type="org.eclipse.acceleo.engine.service.AcceleoService"/>
            <reference linenumber="340" member="doGenerate" origin="org.eclipse.acceleo.engine.service.AcceleoService.doGenerate(Template, EObject, File, boolean, Monitor)" signature="(Lorg/eclipse/acceleo/model/mtl/Template;Lorg/eclipse/emf/ecore/EObject;Ljava/io/File;ZLorg/eclipse/emf/common/util/Monitor;)Ljava/util/Map;" type="org.eclipse.acceleo.engine.service.AcceleoService"/>
            <reference linenumber="261" member="doGenerate" origin="org.eclipse.acceleo.engine.service.AcceleoService.doGenerate(Module, String, EObject, List, File, boolean, Monitor)" signature="(Lorg/eclipse/acceleo/model/mtl/Module;Ljava/lang/String;Lorg/eclipse/emf/ecore/EObject;Ljava/util/List;Ljava/io/File;ZLorg/eclipse/emf/common/util/Monitor;)Ljava/util/Map;" type="org.eclipse.acceleo.engine.service.AcceleoService"/>
        </reference_kind>
    </target>
    <target member="getVisibility" name="org.eclipse.acceleo.model.mtl.ModuleElement.getVisibility()" signature="()Lorg/eclipse/acceleo/model/mtl/VisibilityKind;" type="org.eclipse.acceleo.model.mtl.ModuleElement">
        <reference_kind flags="0" kind="512" reference_kind_name="INTERFACE_METHOD">
            <reference linenumber="71" member="evaluate" origin="org.eclipse.acceleo.engine.generation.AcceleoGenericEngine.evaluate(Template, List, File, boolean, Monitor)" signature="(Lorg/eclipse/acceleo/model/mtl/Template;Ljava/util/List;Ljava/io/File;ZLorg/eclipse/emf/common/util/Monitor;)Ljava/util/Map;" type="org.eclipse.acceleo.engine.generation.AcceleoGenericEngine"/>
        <reference linenumber="253" member="doGenerate" origin="org.eclipse.acceleo.engine.service.AcceleoService.doGenerate(Module, String, EObject, List, File, boolean, Monitor)" signature="(Lorg/eclipse/acceleo/model/mtl/Module;Ljava/lang/String;Lorg/eclipse/emf/ecore/EObject;Ljava/util/List;Ljava/io/File;ZLorg/eclipse/emf/common/util/Monitor;)Ljava/util/Map;" type="org.eclipse.acceleo.engine.service.AcceleoService"/>
            <reference linenumber="328" member="doGenerate" origin="org.eclipse.acceleo.engine.service.AcceleoService.doGenerate(Template, EObject, File, boolean, Monitor)" signature="(Lorg/eclipse/acceleo/model/mtl/Template;Lorg/eclipse/emf/ecore/EObject;Ljava/io/File;ZLorg/eclipse/emf/common/util/Monitor;)Ljava/util/Map;" type="org.eclipse.acceleo.engine.service.AcceleoService"/>
            <reference linenumber="467" member="findTemplate" origin="org.eclipse.acceleo.engine.service.AcceleoService.findTemplate(Module, String, int)" signature="(Lorg/eclipse/acceleo/model/mtl/Module;Ljava/lang/String;I)Lorg/eclipse/acceleo/model/mtl/Template;" type="org.eclipse.acceleo.engine.service.AcceleoService"/>
            <reference linenumber="495" member="findTemplate" origin="org.eclipse.acceleo.engine.service.AcceleoService.findTemplate(Module, String, List)" signature="(Lorg/eclipse/acceleo/model/mtl/Module;Ljava/lang/String;Ljava/util/List;)Lorg/eclipse/acceleo/model/mtl/Template;" type="org.eclipse.acceleo.engine.service.AcceleoService"/>
        </reference_kind>
    </target>
    <target member="getGuard" name="org.eclipse.acceleo.model.mtl.Template.getGuard()" signature="()Lorg/eclipse/ocl/ecore/OCLExpression;" type="org.eclipse.acceleo.model.mtl.Template">
        <reference_kind flags="0" kind="512" reference_kind_name="INTERFACE_METHOD">
            <reference linenumber="124" member="doEvaluate" origin="org.eclipse.acceleo.engine.generation.AcceleoGenericEngine.doEvaluate(Template, List)" signature="(Lorg/eclipse/acceleo/model/mtl/Template;Ljava/util/List;)V" type="org.eclipse.acceleo.engine.generation.AcceleoGenericEngine"/>
            <reference linenumber="123" member="doEvaluate" origin="org.eclipse.acceleo.engine.generation.AcceleoGenericEngine.doEvaluate(Template, List)" signature="(Lorg/eclipse/acceleo/model/mtl/Template;Ljava/util/List;)V" type="org.eclipse.acceleo.engine.generation.AcceleoGenericEngine"/>
        <reference linenumber="942" member="evaluateGuards" origin="org.eclipse.acceleo.engine.internal.evaluation.AcceleoEvaluationVisitor.evaluateGuards(List, List)" signature="(Ljava/util/List;Ljava/util/List;)V" type="org.eclipse.acceleo.engine.internal.evaluation.AcceleoEvaluationVisitor"/>
            <reference linenumber="951" member="evaluateGuards" origin="org.eclipse.acceleo.engine.internal.evaluation.AcceleoEvaluationVisitor.evaluateGuards(List, List)" signature="(Ljava/util/List;Ljava/util/List;)V" type="org.eclipse.acceleo.engine.internal.evaluation.AcceleoEvaluationVisitor"/>
            <reference linenumber="945" member="evaluateGuards" origin="org.eclipse.acceleo.engine.internal.evaluation.AcceleoEvaluationVisitor.evaluateGuards(List, List)" signature="(Ljava/util/List;Ljava/util/List;)V" type="org.eclipse.acceleo.engine.internal.evaluation.AcceleoEvaluationVisitor"/>
        </reference_kind>
    </target>
<target member="getImports" name="org.eclipse.acceleo.model.mtl.Module.getImports()" signature="()Lorg/eclipse/emf/common/util/EList;" type="org.eclipse.acceleo.model.mtl.Module">
        <reference_kind flags="0" kind="512" reference_kind_name="INTERFACE_METHOD">
            <reference linenumber="1056" member="reorderCandidatesPriority" origin="org.eclipse.acceleo.engine.internal.environment.AcceleoEvaluationEnvironment.reorderCandidatesPriority(Module, Set)" signature="(Lorg/eclipse/acceleo/model/mtl/Module;Ljava/util/Set;)Ljava/util/List;" type="org.eclipse.acceleo.engine.internal.environment.AcceleoEvaluationEnvironment"/>
            <reference linenumber="897" member="mapAllTemplates" origin="org.eclipse.acceleo.engine.internal.environment.AcceleoEvaluationEnvironment.mapAllTemplates(Module)" signature="(Lorg/eclipse/acceleo/model/mtl/Module;)V" type="org.eclipse.acceleo.engine.internal.environment.AcceleoEvaluationEnvironment"/>
            <reference linenumber="921" member="mapDynamicOverrides" origin="org.eclipse.acceleo.engine.internal.environment.AcceleoEvaluationEnvironment.mapDynamicOverrides()" signature="()V" type="org.eclipse.acceleo.engine.internal.environment.AcceleoEvaluationEnvironment"/>
        </reference_kind>
    </target>
    <target member="getOverrides" name="org.eclipse.acceleo.model.mtl.Template.getOverrides()" signature="()Lorg/eclipse/emf/common/util/EList;" type="org.eclipse.acceleo.model.mtl.Template">
        <reference_kind flags="0" kind="512" reference_kind_name="INTERFACE_METHOD">
            <reference linenumber="952" member="mapDynamicOverrides" origin="org.eclipse.acceleo.engine.internal.environment.AcceleoEvaluationEnvironment.mapDynamicOverrides()" signature="()V" type="org.eclipse.acceleo.engine.internal.environment.AcceleoEvaluationEnvironment"/>
            <reference linenumber="972" member="mapOverridingTemplate" origin="org.eclipse.acceleo.engine.internal.environment.AcceleoEvaluationEnvironment.mapOverridingTemplate(Template)" signature="(Lorg/eclipse/acceleo/model/mtl/Template;)V" type="org.eclipse.acceleo.engine.internal.environment.AcceleoEvaluationEnvironment"/>
            <reference linenumber="934" member="mapDynamicOverrides" origin="org.eclipse.acceleo.engine.internal.environment.AcceleoEvaluationEnvironment.mapDynamicOverrides()" signature="()V" type="org.eclipse.acceleo.engine.internal.environment.AcceleoEvaluationEnvironment"/>
        <reference linenumber="646" member="visitAcceleoTemplateInvocation" origin="org.eclipse.acceleo.engine.internal.evaluation.AcceleoEvaluationVisitor.visitAcceleoTemplateInvocation(TemplateInvocation)" signature="(Lorg/eclipse/acceleo/model/mtl/TemplateInvocation;)Ljava/lang/Object;" type="org.eclipse.acceleo.engine.internal.evaluation.AcceleoEvaluationVisitor"/>
        </reference_kind>
    </target>
    <target member="getOwnedModuleElement" name="org.eclipse.acceleo.model.mtl.Module.getOwnedModuleElement()" signature="()Lorg/eclipse/emf/common/util/EList;" type="org.eclipse.acceleo.model.mtl.Module">
        <reference_kind flags="0" kind="512" reference_kind_name="INTERFACE_METHOD">
            <reference linenumber="931" member="mapDynamicOverrides" origin="org.eclipse.acceleo.engine.internal.environment.AcceleoEvaluationEnvironment.mapDynamicOverrides()" signature="()V" type="org.eclipse.acceleo.engine.internal.environment.AcceleoEvaluationEnvironment"/>
            <reference linenumber="883" member="mapAllTemplates" origin="org.eclipse.acceleo.engine.internal.environment.AcceleoEvaluationEnvironment.mapAllTemplates(Module)" signature="(Lorg/eclipse/acceleo/model/mtl/Module;)V" type="org.eclipse.acceleo.engine.internal.environment.AcceleoEvaluationEnvironment"/>
        <reference linenumber="492" member="findTemplate" origin="org.eclipse.acceleo.engine.service.AcceleoService.findTemplate(Module, String, List)" signature="(Lorg/eclipse/acceleo/model/mtl/Module;Ljava/lang/String;Ljava/util/List;)Lorg/eclipse/acceleo/model/mtl/Template;" type="org.eclipse.acceleo.engine.service.AcceleoService"/>
            <reference linenumber="464" member="findTemplate" origin="org.eclipse.acceleo.engine.service.AcceleoService.findTemplate(Module, String, int)" signature="(Lorg/eclipse/acceleo/model/mtl/Module;Ljava/lang/String;I)Lorg/eclipse/acceleo/model/mtl/Template;" type="org.eclipse.acceleo.engine.service.AcceleoService"/>
        </reference_kind>
    </target>
    <target member="getExtends" name="org.eclipse.acceleo.model.mtl.Module.getExtends()" signature="()Lorg/eclipse/emf/common/util/EList;" type="org.eclipse.acceleo.model.mtl.Module">
        <reference_kind flags="0" kind="512" reference_kind_name="INTERFACE_METHOD">
            <reference linenumber="894" member="mapAllTemplates" origin="org.eclipse.acceleo.engine.internal.environment.AcceleoEvaluationEnvironment.mapAllTemplates(Module)" signature="(Lorg/eclipse/acceleo/model/mtl/Module;)V" type="org.eclipse.acceleo.engine.internal.environment.AcceleoEvaluationEnvironment"/>
            <reference linenumber="1047" member="reorderCandidatesPriority" origin="org.eclipse.acceleo.engine.internal.environment.AcceleoEvaluationEnvironment.reorderCandidatesPriority(Module, Set)" signature="(Lorg/eclipse/acceleo/model/mtl/Module;Ljava/util/Set;)Ljava/util/List;" type="org.eclipse.acceleo.engine.internal.environment.AcceleoEvaluationEnvironment"/>
            <reference linenumber="909" member="mapDynamicOverrides" origin="org.eclipse.acceleo.engine.internal.environment.AcceleoEvaluationEnvironment.mapDynamicOverrides()" signature="()V" type="org.eclipse.acceleo.engine.internal.environment.AcceleoEvaluationEnvironment"/>
        </reference_kind>
    </target>
<target member="getBefore" name="org.eclipse.acceleo.model.mtl.TemplateInvocation.getBefore()" signature="()Lorg/eclipse/ocl/ecore/OCLExpression;" type="org.eclipse.acceleo.model.mtl.TemplateInvocation">
        <reference_kind flags="0" kind="512" reference_kind_name="INTERFACE_METHOD">
            <reference linenumber="712" member="visitAcceleoTemplateInvocation" origin="org.eclipse.acceleo.engine.internal.evaluation.AcceleoEvaluationVisitor.visitAcceleoTemplateInvocation(TemplateInvocation)" signature="(Lorg/eclipse/acceleo/model/mtl/TemplateInvocation;)Ljava/lang/Object;" type="org.eclipse.acceleo.engine.internal.evaluation.AcceleoEvaluationVisitor"/>
            <reference linenumber="711" member="visitAcceleoTemplateInvocation" origin="org.eclipse.acceleo.engine.internal.evaluation.AcceleoEvaluationVisitor.visitAcceleoTemplateInvocation(TemplateInvocation)" signature="(Lorg/eclipse/acceleo/model/mtl/TemplateInvocation;)Ljava/lang/Object;" type="org.eclipse.acceleo.engine.internal.evaluation.AcceleoEvaluationVisitor"/>
        </reference_kind>
    </target>
    <target member="getEach" name="org.eclipse.acceleo.model.mtl.ForBlock.getEach()" signature="()Lorg/eclipse/ocl/ecore/OCLExpression;" type="org.eclipse.acceleo.model.mtl.ForBlock">
        <reference_kind flags="0" kind="512" reference_kind_name="INTERFACE_METHOD">
            <reference linenumber="276" member="visitAcceleoForBlock" origin="org.eclipse.acceleo.engine.internal.evaluation.AcceleoEvaluationVisitor.visitAcceleoForBlock(ForBlock)" signature="(Lorg/eclipse/acceleo/model/mtl/ForBlock;)V" type="org.eclipse.acceleo.engine.internal.evaluation.AcceleoEvaluationVisitor"/>
            <reference linenumber="277" member="visitAcceleoForBlock" origin="org.eclipse.acceleo.engine.internal.evaluation.AcceleoEvaluationVisitor.visitAcceleoForBlock(ForBlock)" signature="(Lorg/eclipse/acceleo/model/mtl/ForBlock;)V" type="org.eclipse.acceleo.engine.internal.evaluation.AcceleoEvaluationVisitor"/>
        </reference_kind>
    </target>
    <target member="getGuard" name="org.eclipse.acceleo.model.mtl.ForBlock.getGuard()" signature="()Lorg/eclipse/ocl/ecore/OCLExpression;" type="org.eclipse.acceleo.model.mtl.ForBlock">
        <reference_kind flags="0" kind="512" reference_kind_name="INTERFACE_METHOD">
            <reference linenumber="293" member="visitAcceleoForBlock" origin="org.eclipse.acceleo.engine.internal.evaluation.AcceleoEvaluationVisitor.visitAcceleoForBlock(ForBlock)" signature="(Lorg/eclipse/acceleo/model/mtl/ForBlock;)V" type="org.eclipse.acceleo.engine.internal.evaluation.AcceleoEvaluationVisitor"/>
            <reference linenumber="260" member="visitAcceleoForBlock" origin="org.eclipse.acceleo.engine.internal.evaluation.AcceleoEvaluationVisitor.visitAcceleoForBlock(ForBlock)" signature="(Lorg/eclipse/acceleo/model/mtl/ForBlock;)V" type="org.eclipse.acceleo.engine.internal.evaluation.AcceleoEvaluationVisitor"/>
            <reference linenumber="297" member="visitAcceleoForBlock" origin="org.eclipse.acceleo.engine.internal.evaluation.AcceleoEvaluationVisitor.visitAcceleoForBlock(ForBlock)" signature="(Lorg/eclipse/acceleo/model/mtl/ForBlock;)V" type="org.eclipse.acceleo.engine.internal.evaluation.AcceleoEvaluationVisitor"/>
            <reference linenumber="256" member="visitAcceleoForBlock" origin="org.eclipse.acceleo.engine.internal.evaluation.AcceleoEvaluationVisitor.visitAcceleoForBlock(ForBlock)" signature="(Lorg/eclipse/acceleo/model/mtl/ForBlock;)V" type="org.eclipse.acceleo.engine.internal.evaluation.AcceleoEvaluationVisitor"/>
            <reference linenumber="267" member="visitAcceleoForBlock" origin="org.eclipse.acceleo.engine.internal.evaluation.AcceleoEvaluationVisitor.visitAcceleoForBlock(ForBlock)" signature="(Lorg/eclipse/acceleo/model/mtl/ForBlock;)V" type="org.eclipse.acceleo.engine.internal.evaluation.AcceleoEvaluationVisitor"/>
            <reference linenumber="305" member="visitAcceleoForBlock" origin="org.eclipse.acceleo.engine.internal.evaluation.AcceleoEvaluationVisitor.visitAcceleoForBlock(ForBlock)" signature="(Lorg/eclipse/acceleo/model/mtl/ForBlock;)V" type="org.eclipse.acceleo.engine.internal.evaluation.AcceleoEvaluationVisitor"/>
        </reference_kind>
    </target>
    <target member="getFileUrl" name="org.eclipse.acceleo.model.mtl.FileBlock.getFileUrl()" signature="()Lorg/eclipse/ocl/ecore/OCLExpression;" type="org.eclipse.acceleo.model.mtl.FileBlock">
        <reference_kind flags="0" kind="512" reference_kind_name="INTERFACE_METHOD">
            <reference linenumber="179" member="visitAcceleoFileBlock" origin="org.eclipse.acceleo.engine.internal.evaluation.AcceleoEvaluationVisitor.visitAcceleoFileBlock(FileBlock)" signature="(Lorg/eclipse/acceleo/model/mtl/FileBlock;)V" type="org.eclipse.acceleo.engine.internal.evaluation.AcceleoEvaluationVisitor"/>
        </reference_kind>
    </target>
    <target member="getDefinition" name="org.eclipse.acceleo.model.mtl.QueryInvocation.getDefinition()" signature="()Lorg/eclipse/acceleo/model/mtl/Query;" type="org.eclipse.acceleo.model.mtl.QueryInvocation">
        <reference_kind flags="0" kind="512" reference_kind_name="INTERFACE_METHOD">
            <reference linenumber="498" member="visitAcceleoQueryInvocation" origin="org.eclipse.acceleo.engine.internal.evaluation.AcceleoEvaluationVisitor.visitAcceleoQueryInvocation(QueryInvocation)" signature="(Lorg/eclipse/acceleo/model/mtl/QueryInvocation;)Ljava/lang/Object;" type="org.eclipse.acceleo.engine.internal.evaluation.AcceleoEvaluationVisitor"/>
        </reference_kind>
    </target>
    <target member="getBlock_Body" name="org.eclipse.acceleo.model.mtl.MtlPackage.getBlock_Body()" signature="()Lorg/eclipse/emf/ecore/EReference;" type="org.eclipse.acceleo.model.mtl.MtlPackage">
        <reference_kind flags="0" kind="512" reference_kind_name="INTERFACE_METHOD">
            <reference linenumber="1093" member="shouldGenerateText" origin="org.eclipse.acceleo.engine.internal.evaluation.AcceleoEvaluationVisitor.shouldGenerateText(EReference)" signature="(Lorg/eclipse/emf/ecore/EReference;)Z" type="org.eclipse.acceleo.engine.internal.evaluation.AcceleoEvaluationVisitor"/>
        </reference_kind>
    </target>
    <target member="getBefore" name="org.eclipse.acceleo.model.mtl.ForBlock.getBefore()" signature="()Lorg/eclipse/ocl/ecore/OCLExpression;" type="org.eclipse.acceleo.model.mtl.ForBlock">
        <reference_kind flags="0" kind="512" reference_kind_name="INTERFACE_METHOD">
            <reference linenumber="285" member="visitAcceleoForBlock" origin="org.eclipse.acceleo.engine.internal.evaluation.AcceleoEvaluationVisitor.visitAcceleoForBlock(ForBlock)" signature="(Lorg/eclipse/acceleo/model/mtl/ForBlock;)V" type="org.eclipse.acceleo.engine.internal.evaluation.AcceleoEvaluationVisitor"/>
            <reference linenumber="286" member="visitAcceleoForBlock" origin="org.eclipse.acceleo.engine.internal.evaluation.AcceleoEvaluationVisitor.visitAcceleoForBlock(ForBlock)" signature="(Lorg/eclipse/acceleo/model/mtl/ForBlock;)V" type="org.eclipse.acceleo.engine.internal.evaluation.AcceleoEvaluationVisitor"/>
            <reference linenumber="246" member="visitAcceleoForBlock" origin="org.eclipse.acceleo.engine.internal.evaluation.AcceleoEvaluationVisitor.visitAcceleoForBlock(ForBlock)" signature="(Lorg/eclipse/acceleo/model/mtl/ForBlock;)V" type="org.eclipse.acceleo.engine.internal.evaluation.AcceleoEvaluationVisitor"/>
            <reference linenumber="245" member="visitAcceleoForBlock" origin="org.eclipse.acceleo.engine.internal.evaluation.AcceleoEvaluationVisitor.visitAcceleoForBlock(ForBlock)" signature="(Lorg/eclipse/acceleo/model/mtl/ForBlock;)V" type="org.eclipse.acceleo.engine.internal.evaluation.AcceleoEvaluationVisitor"/>
        </reference_kind>
    </target>
    <target member="getParameter" name="org.eclipse.acceleo.model.mtl.Query.getParameter()" signature="()Lorg/eclipse/emf/common/util/EList;" type="org.eclipse.acceleo.model.mtl.Query">
        <reference_kind flags="0" kind="512" reference_kind_name="INTERFACE_METHOD">
            <reference linenumber="558" member="visitAcceleoQueryInvocation" origin="org.eclipse.acceleo.engine.internal.evaluation.AcceleoEvaluationVisitor.visitAcceleoQueryInvocation(QueryInvocation)" signature="(Lorg/eclipse/acceleo/model/mtl/QueryInvocation;)Ljava/lang/Object;" type="org.eclipse.acceleo.engine.internal.evaluation.AcceleoEvaluationVisitor"/>
            <reference linenumber="557" member="visitAcceleoQueryInvocation" origin="org.eclipse.acceleo.engine.internal.evaluation.AcceleoEvaluationVisitor.visitAcceleoQueryInvocation(QueryInvocation)" signature="(Lorg/eclipse/acceleo/model/mtl/QueryInvocation;)Ljava/lang/Object;" type="org.eclipse.acceleo.engine.internal.evaluation.AcceleoEvaluationVisitor"/>
            <reference linenumber="544" member="visitAcceleoQueryInvocation" origin="org.eclipse.acceleo.engine.internal.evaluation.AcceleoEvaluationVisitor.visitAcceleoQueryInvocation(QueryInvocation)" signature="(Lorg/eclipse/acceleo/model/mtl/QueryInvocation;)Ljava/lang/Object;" type="org.eclipse.acceleo.engine.internal.evaluation.AcceleoEvaluationVisitor"/>
            <reference linenumber="543" member="visitAcceleoQueryInvocation" origin="org.eclipse.acceleo.engine.internal.evaluation.AcceleoEvaluationVisitor.visitAcceleoQueryInvocation(QueryInvocation)" signature="(Lorg/eclipse/acceleo/model/mtl/QueryInvocation;)Ljava/lang/Object;" type="org.eclipse.acceleo.engine.internal.evaluation.AcceleoEvaluationVisitor"/>
            <reference linenumber="566" member="visitAcceleoQueryInvocation" origin="org.eclipse.acceleo.engine.internal.evaluation.AcceleoEvaluationVisitor.visitAcceleoQueryInvocation(QueryInvocation)" signature="(Lorg/eclipse/acceleo/model/mtl/QueryInvocation;)Ljava/lang/Object;" type="org.eclipse.acceleo.engine.internal.evaluation.AcceleoEvaluationVisitor"/>
            <reference linenumber="503" member="visitAcceleoQueryInvocation" origin="org.eclipse.acceleo.engine.internal.evaluation.AcceleoEvaluationVisitor.visitAcceleoQueryInvocation(QueryInvocation)" signature="(Lorg/eclipse/acceleo/model/mtl/QueryInvocation;)Ljava/lang/Object;" type="org.eclipse.acceleo.engine.internal.evaluation.AcceleoEvaluationVisitor"/>
        </reference_kind>
    </target>
    <target member="getElseLet" name="org.eclipse.acceleo.model.mtl.LetBlock.getElseLet()" signature="()Lorg/eclipse/emf/common/util/EList;" type="org.eclipse.acceleo.model.mtl.LetBlock">
        <reference_kind flags="0" kind="512" reference_kind_name="INTERFACE_METHOD">
            <reference linenumber="414" member="visitAcceleoLetBlock" origin="org.eclipse.acceleo.engine.internal.evaluation.AcceleoEvaluationVisitor.visitAcceleoLetBlock(LetBlock)" signature="(Lorg/eclipse/acceleo/model/mtl/LetBlock;)V" type="org.eclipse.acceleo.engine.internal.evaluation.AcceleoEvaluationVisitor"/>
            <reference linenumber="417" member="visitAcceleoLetBlock" origin="org.eclipse.acceleo.engine.internal.evaluation.AcceleoEvaluationVisitor.visitAcceleoLetBlock(LetBlock)" signature="(Lorg/eclipse/acceleo/model/mtl/LetBlock;)V" type="org.eclipse.acceleo.engine.internal.evaluation.AcceleoEvaluationVisitor"/>
        </reference_kind>
    </target>
    <target member="getForBlock_After" name="org.eclipse.acceleo.model.mtl.MtlPackage.getForBlock_After()" signature="()Lorg/eclipse/emf/ecore/EReference;" type="org.eclipse.acceleo.model.mtl.MtlPackage">
        <reference_kind flags="0" kind="512" reference_kind_name="INTERFACE_METHOD">
            <reference linenumber="1097" member="shouldGenerateText" origin="org.eclipse.acceleo.engine.internal.evaluation.AcceleoEvaluationVisitor.shouldGenerateText(EReference)" signature="(Lorg/eclipse/emf/ecore/EReference;)Z" type="org.eclipse.acceleo.engine.internal.evaluation.AcceleoEvaluationVisitor"/>
        </reference_kind>
    </target>
    <target member="getElse" name="org.eclipse.acceleo.model.mtl.LetBlock.getElse()" signature="()Lorg/eclipse/acceleo/model/mtl/Block;" type="org.eclipse.acceleo.model.mtl.LetBlock">
        <reference_kind flags="0" kind="512" reference_kind_name="INTERFACE_METHOD">
            <reference linenumber="442" member="visitAcceleoLetBlock" origin="org.eclipse.acceleo.engine.internal.evaluation.AcceleoEvaluationVisitor.visitAcceleoLetBlock(LetBlock)" signature="(Lorg/eclipse/acceleo/model/mtl/LetBlock;)V" type="org.eclipse.acceleo.engine.internal.evaluation.AcceleoEvaluationVisitor"/>
            <reference linenumber="441" member="visitAcceleoLetBlock" origin="org.eclipse.acceleo.engine.internal.evaluation.AcceleoEvaluationVisitor.visitAcceleoLetBlock(LetBlock)" signature="(Lorg/eclipse/acceleo/model/mtl/LetBlock;)V" type="org.eclipse.acceleo.engine.internal.evaluation.AcceleoEvaluationVisitor"/>
            <reference linenumber="445" member="visitAcceleoLetBlock" origin="org.eclipse.acceleo.engine.internal.evaluation.AcceleoEvaluationVisitor.visitAcceleoLetBlock(LetBlock)" signature="(Lorg/eclipse/acceleo/model/mtl/LetBlock;)V" type="org.eclipse.acceleo.engine.internal.evaluation.AcceleoEvaluationVisitor"/>
            <reference linenumber="444" member="visitAcceleoLetBlock" origin="org.eclipse.acceleo.engine.internal.evaluation.AcceleoEvaluationVisitor.visitAcceleoLetBlock(LetBlock)" signature="(Lorg/eclipse/acceleo/model/mtl/LetBlock;)V" type="org.eclipse.acceleo.engine.internal.evaluation.AcceleoEvaluationVisitor"/>
        </reference_kind>
    </target>
    <target member="getBody" name="org.eclipse.acceleo.model.mtl.Block.getBody()" signature="()Lorg/eclipse/emf/common/util/EList;" type="org.eclipse.acceleo.model.mtl.Block">
        <reference_kind flags="0" kind="512" reference_kind_name="INTERFACE_METHOD">
            <reference linenumber="311" member="visitAcceleoForBlock" origin="org.eclipse.acceleo.engine.internal.evaluation.AcceleoEvaluationVisitor.visitAcceleoForBlock(ForBlock)" signature="(Lorg/eclipse/acceleo/model/mtl/ForBlock;)V" type="org.eclipse.acceleo.engine.internal.evaluation.AcceleoEvaluationVisitor"/>
            <reference linenumber="164" member="visitAcceleoBlock" origin="org.eclipse.acceleo.engine.internal.evaluation.AcceleoEvaluationVisitor.visitAcceleoBlock(Block)" signature="(Lorg/eclipse/acceleo/model/mtl/Block;)V" type="org.eclipse.acceleo.engine.internal.evaluation.AcceleoEvaluationVisitor"/>
            <reference linenumber="348" member="visitAcceleoIfBlock" origin="org.eclipse.acceleo.engine.internal.evaluation.AcceleoEvaluationVisitor.visitAcceleoIfBlock(IfBlock)" signature="(Lorg/eclipse/acceleo/model/mtl/IfBlock;)V" type="org.eclipse.acceleo.engine.internal.evaluation.AcceleoEvaluationVisitor"/>
            <reference linenumber="410" member="visitAcceleoLetBlock" origin="org.eclipse.acceleo.engine.internal.evaluation.AcceleoEvaluationVisitor.visitAcceleoLetBlock(LetBlock)" signature="(Lorg/eclipse/acceleo/model/mtl/LetBlock;)V" type="org.eclipse.acceleo.engine.internal.evaluation.AcceleoEvaluationVisitor"/>
            <reference linenumber="211" member="visitAcceleoFileBlock" origin="org.eclipse.acceleo.engine.internal.evaluation.AcceleoEvaluationVisitor.visitAcceleoFileBlock(FileBlock)" signature="(Lorg/eclipse/acceleo/model/mtl/FileBlock;)V" type="org.eclipse.acceleo.engine.internal.evaluation.AcceleoEvaluationVisitor"/>
            <reference linenumber="273" member="visitAcceleoForBlock" origin="org.eclipse.acceleo.engine.internal.evaluation.AcceleoEvaluationVisitor.visitAcceleoForBlock(ForBlock)" signature="(Lorg/eclipse/acceleo/model/mtl/ForBlock;)V" type="org.eclipse.acceleo.engine.internal.evaluation.AcceleoEvaluationVisitor"/>
            <reference linenumber="616" member="visitAcceleoTemplate" origin="org.eclipse.acceleo.engine.internal.evaluation.AcceleoEvaluationVisitor.visitAcceleoTemplate(Template)" signature="(Lorg/eclipse/acceleo/model/mtl/Template;)Ljava/lang/String;" type="org.eclipse.acceleo.engine.internal.evaluation.AcceleoEvaluationVisitor"/>
            <reference linenumber="438" member="visitAcceleoLetBlock" origin="org.eclipse.acceleo.engine.internal.evaluation.AcceleoEvaluationVisitor.visitAcceleoLetBlock(LetBlock)" signature="(Lorg/eclipse/acceleo/model/mtl/LetBlock;)V" type="org.eclipse.acceleo.engine.internal.evaluation.AcceleoEvaluationVisitor"/>
            <reference linenumber="374" member="visitAcceleoIfBlock" origin="org.eclipse.acceleo.engine.internal.evaluation.AcceleoEvaluationVisitor.visitAcceleoIfBlock(IfBlock)" signature="(Lorg/eclipse/acceleo/model/mtl/IfBlock;)V" type="org.eclipse.acceleo.engine.internal.evaluation.AcceleoEvaluationVisitor"/>
        </reference_kind>
    </target>
    <target member="getOpenMode" name="org.eclipse.acceleo.model.mtl.FileBlock.getOpenMode()" signature="()Lorg/eclipse/acceleo/model/mtl/OpenModeKind;" type="org.eclipse.acceleo.model.mtl.FileBlock">
        <reference_kind flags="0" kind="512" reference_kind_name="INTERFACE_METHOD">
            <reference linenumber="197" member="visitAcceleoFileBlock" origin="org.eclipse.acceleo.engine.internal.evaluation.AcceleoEvaluationVisitor.visitAcceleoFileBlock(FileBlock)" signature="(Lorg/eclipse/acceleo/model/mtl/FileBlock;)V" type="org.eclipse.acceleo.engine.internal.evaluation.AcceleoEvaluationVisitor"/>
        </reference_kind>
    </target>
    <target member="getForBlock_Before" name="org.eclipse.acceleo.model.mtl.MtlPackage.getForBlock_Before()" signature="()Lorg/eclipse/emf/ecore/EReference;" type="org.eclipse.acceleo.model.mtl.MtlPackage">
        <reference_kind flags="0" kind="512" reference_kind_name="INTERFACE_METHOD">
            <reference linenumber="1096" member="shouldGenerateText" origin="org.eclipse.acceleo.engine.internal.evaluation.AcceleoEvaluationVisitor.shouldGenerateText(EReference)" signature="(Lorg/eclipse/emf/ecore/EReference;)Z" type="org.eclipse.acceleo.engine.internal.evaluation.AcceleoEvaluationVisitor"/>
        </reference_kind>
    </target>
    <target member="getAfter" name="org.eclipse.acceleo.model.mtl.ForBlock.getAfter()" signature="()Lorg/eclipse/ocl/ecore/OCLExpression;" type="org.eclipse.acceleo.model.mtl.ForBlock">
        <reference_kind flags="0" kind="512" reference_kind_name="INTERFACE_METHOD">
            <reference linenumber="316" member="visitAcceleoForBlock" origin="org.eclipse.acceleo.engine.internal.evaluation.AcceleoEvaluationVisitor.visitAcceleoForBlock(ForBlock)" signature="(Lorg/eclipse/acceleo/model/mtl/ForBlock;)V" type="org.eclipse.acceleo.engine.internal.evaluation.AcceleoEvaluationVisitor"/>
            <reference linenumber="282" member="visitAcceleoForBlock" origin="org.eclipse.acceleo.engine.internal.evaluation.AcceleoEvaluationVisitor.visitAcceleoForBlock(ForBlock)" signature="(Lorg/eclipse/acceleo/model/mtl/ForBlock;)V" type="org.eclipse.acceleo.engine.internal.evaluation.AcceleoEvaluationVisitor"/>
            <reference linenumber="281" member="visitAcceleoForBlock" origin="org.eclipse.acceleo.engine.internal.evaluation.AcceleoEvaluationVisitor.visitAcceleoForBlock(ForBlock)" signature="(Lorg/eclipse/acceleo/model/mtl/ForBlock;)V" type="org.eclipse.acceleo.engine.internal.evaluation.AcceleoEvaluationVisitor"/>
            <reference linenumber="315" member="visitAcceleoForBlock" origin="org.eclipse.acceleo.engine.internal.evaluation.AcceleoEvaluationVisitor.visitAcceleoForBlock(ForBlock)" signature="(Lorg/eclipse/acceleo/model/mtl/ForBlock;)V" type="org.eclipse.acceleo.engine.internal.evaluation.AcceleoEvaluationVisitor"/>
        </reference_kind>
    </target>
    <target member="getTemplateInvocation_Before" name="org.eclipse.acceleo.model.mtl.MtlPackage.getTemplateInvocation_Before()" signature="()Lorg/eclipse/emf/ecore/EReference;" type="org.eclipse.acceleo.model.mtl.MtlPackage">
        <reference_kind flags="0" kind="512" reference_kind_name="INTERFACE_METHOD">
            <reference linenumber="1098" member="shouldGenerateText" origin="org.eclipse.acceleo.engine.internal.evaluation.AcceleoEvaluationVisitor.shouldGenerateText(EReference)" signature="(Lorg/eclipse/emf/ecore/EReference;)Z" type="org.eclipse.acceleo.engine.internal.evaluation.AcceleoEvaluationVisitor"/>
        </reference_kind>
    </target>
    <target member="getElse" name="org.eclipse.acceleo.model.mtl.IfBlock.getElse()" signature="()Lorg/eclipse/acceleo/model/mtl/Block;" type="org.eclipse.acceleo.model.mtl.IfBlock">
        <reference_kind flags="0" kind="512" reference_kind_name="INTERFACE_METHOD">
            <reference linenumber="378" member="visitAcceleoIfBlock" origin="org.eclipse.acceleo.engine.internal.evaluation.AcceleoEvaluationVisitor.visitAcceleoIfBlock(IfBlock)" signature="(Lorg/eclipse/acceleo/model/mtl/IfBlock;)V" type="org.eclipse.acceleo.engine.internal.evaluation.AcceleoEvaluationVisitor"/>
            <reference linenumber="377" member="visitAcceleoIfBlock" origin="org.eclipse.acceleo.engine.internal.evaluation.AcceleoEvaluationVisitor.visitAcceleoIfBlock(IfBlock)" signature="(Lorg/eclipse/acceleo/model/mtl/IfBlock;)V" type="org.eclipse.acceleo.engine.internal.evaluation.AcceleoEvaluationVisitor"/>
            <reference linenumber="381" member="visitAcceleoIfBlock" origin="org.eclipse.acceleo.engine.internal.evaluation.AcceleoEvaluationVisitor.visitAcceleoIfBlock(IfBlock)" signature="(Lorg/eclipse/acceleo/model/mtl/IfBlock;)V" type="org.eclipse.acceleo.engine.internal.evaluation.AcceleoEvaluationVisitor"/>
            <reference linenumber="380" member="visitAcceleoIfBlock" origin="org.eclipse.acceleo.engine.internal.evaluation.AcceleoEvaluationVisitor.visitAcceleoIfBlock(IfBlock)" signature="(Lorg/eclipse/acceleo/model/mtl/IfBlock;)V" type="org.eclipse.acceleo.engine.internal.evaluation.AcceleoEvaluationVisitor"/>
        </reference_kind>
    </target>
    <target member="getElseIf" name="org.eclipse.acceleo.model.mtl.IfBlock.getElseIf()" signature="()Lorg/eclipse/emf/common/util/EList;" type="org.eclipse.acceleo.model.mtl.IfBlock">
        <reference_kind flags="0" kind="512" reference_kind_name="INTERFACE_METHOD">
            <reference linenumber="355" member="visitAcceleoIfBlock" origin="org.eclipse.acceleo.engine.internal.evaluation.AcceleoEvaluationVisitor.visitAcceleoIfBlock(IfBlock)" signature="(Lorg/eclipse/acceleo/model/mtl/IfBlock;)V" type="org.eclipse.acceleo.engine.internal.evaluation.AcceleoEvaluationVisitor"/>
            <reference linenumber="352" member="visitAcceleoIfBlock" origin="org.eclipse.acceleo.engine.internal.evaluation.AcceleoEvaluationVisitor.visitAcceleoIfBlock(IfBlock)" signature="(Lorg/eclipse/acceleo/model/mtl/IfBlock;)V" type="org.eclipse.acceleo.engine.internal.evaluation.AcceleoEvaluationVisitor"/>
        </reference_kind>
    </target>
    <target member="getExpression" name="org.eclipse.acceleo.model.mtl.Query.getExpression()" signature="()Lorg/eclipse/ocl/ecore/OCLExpression;" type="org.eclipse.acceleo.model.mtl.Query">
        <reference_kind flags="0" kind="512" reference_kind_name="INTERFACE_METHOD">
            <reference linenumber="593" member="visitAcceleoQueryInvocation" origin="org.eclipse.acceleo.engine.internal.evaluation.AcceleoEvaluationVisitor.visitAcceleoQueryInvocation(QueryInvocation)" signature="(Lorg/eclipse/acceleo/model/mtl/QueryInvocation;)Ljava/lang/Object;" type="org.eclipse.acceleo.engine.internal.evaluation.AcceleoEvaluationVisitor"/>
            <reference linenumber="527" member="visitAcceleoQueryInvocation" origin="org.eclipse.acceleo.engine.internal.evaluation.AcceleoEvaluationVisitor.visitAcceleoQueryInvocation(QueryInvocation)" signature="(Lorg/eclipse/acceleo/model/mtl/QueryInvocation;)Ljava/lang/Object;" type="org.eclipse.acceleo.engine.internal.evaluation.AcceleoEvaluationVisitor"/>
            <reference linenumber="554" member="visitAcceleoQueryInvocation" origin="org.eclipse.acceleo.engine.internal.evaluation.AcceleoEvaluationVisitor.visitAcceleoQueryInvocation(QueryInvocation)" signature="(Lorg/eclipse/acceleo/model/mtl/QueryInvocation;)Ljava/lang/Object;" type="org.eclipse.acceleo.engine.internal.evaluation.AcceleoEvaluationVisitor"/>
        </reference_kind>
    </target>
    <target member="getInit" name="org.eclipse.acceleo.model.mtl.Block.getInit()" signature="()Lorg/eclipse/acceleo/model/mtl/InitSection;" type="org.eclipse.acceleo.model.mtl.Block">
        <reference_kind flags="0" kind="512" reference_kind_name="INTERFACE_METHOD">
            <reference linenumber="765" member="visitExpression" origin="org.eclipse.acceleo.engine.internal.evaluation.AcceleoEvaluationVisitor.visitExpression(OCLExpression)" signature="(Lorg/eclipse/ocl/expressions/OCLExpression;)Ljava/lang/Object;" type="org.eclipse.acceleo.engine.internal.evaluation.AcceleoEvaluationVisitor"/>
            <reference linenumber="763" member="visitExpression" origin="org.eclipse.acceleo.engine.internal.evaluation.AcceleoEvaluationVisitor.visitExpression(OCLExpression)" signature="(Lorg/eclipse/ocl/expressions/OCLExpression;)Ljava/lang/Object;" type="org.eclipse.acceleo.engine.internal.evaluation.AcceleoEvaluationVisitor"/>
        </reference_kind>
    </target>
    <target member="getIterSet" name="org.eclipse.acceleo.model.mtl.ForBlock.getIterSet()" signature="()Lorg/eclipse/ocl/ecore/OCLExpression;" type="org.eclipse.acceleo.model.mtl.ForBlock">
        <reference_kind flags="0" kind="512" reference_kind_name="INTERFACE_METHOD">
            <reference linenumber="229" member="visitAcceleoForBlock" origin="org.eclipse.acceleo.engine.internal.evaluation.AcceleoEvaluationVisitor.visitAcceleoForBlock(ForBlock)" signature="(Lorg/eclipse/acceleo/model/mtl/ForBlock;)V" type="org.eclipse.acceleo.engine.internal.evaluation.AcceleoEvaluationVisitor"/>
        </reference_kind>
    </target>
    <target member="getMarker" name="org.eclipse.acceleo.model.mtl.ProtectedAreaBlock.getMarker()" signature="()Lorg/eclipse/ocl/ecore/OCLExpression;" type="org.eclipse.acceleo.model.mtl.ProtectedAreaBlock">
        <reference_kind flags="0" kind="512" reference_kind_name="INTERFACE_METHOD">
            <reference linenumber="460" member="visitAcceleoProtectedArea" origin="org.eclipse.acceleo.engine.internal.evaluation.AcceleoEvaluationVisitor.visitAcceleoProtectedArea(ProtectedAreaBlock)" signature="(Lorg/eclipse/acceleo/model/mtl/ProtectedAreaBlock;)V" type="org.eclipse.acceleo.engine.internal.evaluation.AcceleoEvaluationVisitor"/>
        </reference_kind>
    </target>
    <target member="getTemplateInvocation_After" name="org.eclipse.acceleo.model.mtl.MtlPackage.getTemplateInvocation_After()" signature="()Lorg/eclipse/emf/ecore/EReference;" type="org.eclipse.acceleo.model.mtl.MtlPackage">
        <reference_kind flags="0" kind="512" reference_kind_name="INTERFACE_METHOD">
            <reference linenumber="1099" member="shouldGenerateText" origin="org.eclipse.acceleo.engine.internal.evaluation.AcceleoEvaluationVisitor.shouldGenerateText(EReference)" signature="(Lorg/eclipse/emf/ecore/EReference;)Z" type="org.eclipse.acceleo.engine.internal.evaluation.AcceleoEvaluationVisitor"/>
        </reference_kind>
    </target>
    <target member="getArgument" name="org.eclipse.acceleo.model.mtl.QueryInvocation.getArgument()" signature="()Lorg/eclipse/emf/common/util/EList;" type="org.eclipse.acceleo.model.mtl.QueryInvocation">
        <reference_kind flags="0" kind="512" reference_kind_name="INTERFACE_METHOD">
            <reference linenumber="504" member="visitAcceleoQueryInvocation" origin="org.eclipse.acceleo.engine.internal.evaluation.AcceleoEvaluationVisitor.visitAcceleoQueryInvocation(QueryInvocation)" signature="(Lorg/eclipse/acceleo/model/mtl/QueryInvocation;)Ljava/lang/Object;" type="org.eclipse.acceleo.engine.internal.evaluation.AcceleoEvaluationVisitor"/>
            <reference linenumber="542" member="visitAcceleoQueryInvocation" origin="org.eclipse.acceleo.engine.internal.evaluation.AcceleoEvaluationVisitor.visitAcceleoQueryInvocation(QueryInvocation)" signature="(Lorg/eclipse/acceleo/model/mtl/QueryInvocation;)Ljava/lang/Object;" type="org.eclipse.acceleo.engine.internal.evaluation.AcceleoEvaluationVisitor"/>
            <reference linenumber="512" member="visitAcceleoQueryInvocation" origin="org.eclipse.acceleo.engine.internal.evaluation.AcceleoEvaluationVisitor.visitAcceleoQueryInvocation(QueryInvocation)" signature="(Lorg/eclipse/acceleo/model/mtl/QueryInvocation;)Ljava/lang/Object;" type="org.eclipse.acceleo.engine.internal.evaluation.AcceleoEvaluationVisitor"/>
        </reference_kind>
    </target>
    <target member="getTemplateInvocation_Each" name="org.eclipse.acceleo.model.mtl.MtlPackage.getTemplateInvocation_Each()" signature="()Lorg/eclipse/emf/ecore/EReference;" type="org.eclipse.acceleo.model.mtl.MtlPackage">
        <reference_kind flags="0" kind="512" reference_kind_name="INTERFACE_METHOD">
            <reference linenumber="1095" member="shouldGenerateText" origin="org.eclipse.acceleo.engine.internal.evaluation.AcceleoEvaluationVisitor.shouldGenerateText(EReference)" signature="(Lorg/eclipse/emf/ecore/EReference;)Z" type="org.eclipse.acceleo.engine.internal.evaluation.AcceleoEvaluationVisitor"/>
        </reference_kind>
    </target>
    <target member="getLetVariable" name="org.eclipse.acceleo.model.mtl.LetBlock.getLetVariable()" signature="()Lorg/eclipse/ocl/ecore/Variable;" type="org.eclipse.acceleo.model.mtl.LetBlock">
        <reference_kind flags="0" kind="512" reference_kind_name="INTERFACE_METHOD">
            <reference linenumber="418" member="visitAcceleoLetBlock" origin="org.eclipse.acceleo.engine.internal.evaluation.AcceleoEvaluationVisitor.visitAcceleoLetBlock(LetBlock)" signature="(Lorg/eclipse/acceleo/model/mtl/LetBlock;)V" type="org.eclipse.acceleo.engine.internal.evaluation.AcceleoEvaluationVisitor"/>
            <reference linenumber="395" member="visitAcceleoLetBlock" origin="org.eclipse.acceleo.engine.internal.evaluation.AcceleoEvaluationVisitor.visitAcceleoLetBlock(LetBlock)" signature="(Lorg/eclipse/acceleo/model/mtl/LetBlock;)V" type="org.eclipse.acceleo.engine.internal.evaluation.AcceleoEvaluationVisitor"/>
        </reference_kind>
    </target>
    <target member="getForBlock_Each" name="org.eclipse.acceleo.model.mtl.MtlPackage.getForBlock_Each()" signature="()Lorg/eclipse/emf/ecore/EReference;" type="org.eclipse.acceleo.model.mtl.MtlPackage">
        <reference_kind flags="0" kind="512" reference_kind_name="INTERFACE_METHOD">
            <reference linenumber="1094" member="shouldGenerateText" origin="org.eclipse.acceleo.engine.internal.evaluation.AcceleoEvaluationVisitor.shouldGenerateText(EReference)" signature="(Lorg/eclipse/emf/ecore/EReference;)Z" type="org.eclipse.acceleo.engine.internal.evaluation.AcceleoEvaluationVisitor"/>
        </reference_kind>
    </target>
    <target member="createTemplate" name="org.eclipse.acceleo.model.mtl.MtlFactory.createTemplate()" signature="()Lorg/eclipse/acceleo/model/mtl/Template;" type="org.eclipse.acceleo.model.mtl.MtlFactory">
        <reference_kind flags="0" kind="512" reference_kind_name="INTERFACE_METHOD">
            <reference linenumber="708" member="visitAcceleoTemplateInvocation" origin="org.eclipse.acceleo.engine.internal.evaluation.AcceleoEvaluationVisitor.visitAcceleoTemplateInvocation(TemplateInvocation)" signature="(Lorg/eclipse/acceleo/model/mtl/TemplateInvocation;)Ljava/lang/Object;" type="org.eclipse.acceleo.engine.internal.evaluation.AcceleoEvaluationVisitor"/>
        </reference_kind>
    </target>
    <target member="getAfter" name="org.eclipse.acceleo.model.mtl.TemplateInvocation.getAfter()" signature="()Lorg/eclipse/ocl/ecore/OCLExpression;" type="org.eclipse.acceleo.model.mtl.TemplateInvocation">
        <reference_kind flags="0" kind="512" reference_kind_name="INTERFACE_METHOD">
            <reference linenumber="721" member="visitAcceleoTemplateInvocation" origin="org.eclipse.acceleo.engine.internal.evaluation.AcceleoEvaluationVisitor.visitAcceleoTemplateInvocation(TemplateInvocation)" signature="(Lorg/eclipse/acceleo/model/mtl/TemplateInvocation;)Ljava/lang/Object;" type="org.eclipse.acceleo.engine.internal.evaluation.AcceleoEvaluationVisitor"/>
            <reference linenumber="720" member="visitAcceleoTemplateInvocation" origin="org.eclipse.acceleo.engine.internal.evaluation.AcceleoEvaluationVisitor.visitAcceleoTemplateInvocation(TemplateInvocation)" signature="(Lorg/eclipse/acceleo/model/mtl/TemplateInvocation;)Ljava/lang/Object;" type="org.eclipse.acceleo.engine.internal.evaluation.AcceleoEvaluationVisitor"/>
        </reference_kind>
    </target>
    <target member="getVariable" name="org.eclipse.acceleo.model.mtl.InitSection.getVariable()" signature="()Lorg/eclipse/emf/common/util/EList;" type="org.eclipse.acceleo.model.mtl.InitSection">
        <reference_kind flags="0" kind="512" reference_kind_name="INTERFACE_METHOD">
            <reference linenumber="991" member="handleAcceleoInitSection" origin="org.eclipse.acceleo.engine.internal.evaluation.AcceleoEvaluationVisitor.handleAcceleoInitSection(InitSection)" signature="(Lorg/eclipse/acceleo/model/mtl/InitSection;)V" type="org.eclipse.acceleo.engine.internal.evaluation.AcceleoEvaluationVisitor"/>
            <reference linenumber="990" member="handleAcceleoInitSection" origin="org.eclipse.acceleo.engine.internal.evaluation.AcceleoEvaluationVisitor.handleAcceleoInitSection(InitSection)" signature="(Lorg/eclipse/acceleo/model/mtl/InitSection;)V" type="org.eclipse.acceleo.engine.internal.evaluation.AcceleoEvaluationVisitor"/>
        </reference_kind>
    </target>
    <target member="getIfExpr" name="org.eclipse.acceleo.model.mtl.IfBlock.getIfExpr()" signature="()Lorg/eclipse/ocl/ecore/OCLExpression;" type="org.eclipse.acceleo.model.mtl.IfBlock">
        <reference_kind flags="0" kind="512" reference_kind_name="INTERFACE_METHOD">
            <reference linenumber="357" member="visitAcceleoIfBlock" origin="org.eclipse.acceleo.engine.internal.evaluation.AcceleoEvaluationVisitor.visitAcceleoIfBlock(IfBlock)" signature="(Lorg/eclipse/acceleo/model/mtl/IfBlock;)V" type="org.eclipse.acceleo.engine.internal.evaluation.AcceleoEvaluationVisitor"/>
            <reference linenumber="332" member="visitAcceleoIfBlock" origin="org.eclipse.acceleo.engine.internal.evaluation.AcceleoEvaluationVisitor.visitAcceleoIfBlock(IfBlock)" signature="(Lorg/eclipse/acceleo/model/mtl/IfBlock;)V" type="org.eclipse.acceleo.engine.internal.evaluation.AcceleoEvaluationVisitor"/>
        </reference_kind>
    </target>
    <target member="getDefinition" name="org.eclipse.acceleo.model.mtl.TemplateInvocation.getDefinition()" signature="()Lorg/eclipse/acceleo/model/mtl/Template;" type="org.eclipse.acceleo.model.mtl.TemplateInvocation">
        <reference_kind flags="0" kind="512" reference_kind_name="INTERFACE_METHOD">
            <reference linenumber="644" member="visitAcceleoTemplateInvocation" origin="org.eclipse.acceleo.engine.internal.evaluation.AcceleoEvaluationVisitor.visitAcceleoTemplateInvocation(TemplateInvocation)" signature="(Lorg/eclipse/acceleo/model/mtl/TemplateInvocation;)Ljava/lang/Object;" type="org.eclipse.acceleo.engine.internal.evaluation.AcceleoEvaluationVisitor"/>
            <reference linenumber="633" member="visitAcceleoTemplateInvocation" origin="org.eclipse.acceleo.engine.internal.evaluation.AcceleoEvaluationVisitor.visitAcceleoTemplateInvocation(TemplateInvocation)" signature="(Lorg/eclipse/acceleo/model/mtl/TemplateInvocation;)Ljava/lang/Object;" type="org.eclipse.acceleo.engine.internal.evaluation.AcceleoEvaluationVisitor"/>
        </reference_kind>
    </target>
    <target member="isSuper" name="org.eclipse.acceleo.model.mtl.TemplateInvocation.isSuper()" signature="()Z" type="org.eclipse.acceleo.model.mtl.TemplateInvocation">
        <reference_kind flags="0" kind="512" reference_kind_name="INTERFACE_METHOD">
            <reference linenumber="638" member="visitAcceleoTemplateInvocation" origin="org.eclipse.acceleo.engine.internal.evaluation.AcceleoEvaluationVisitor.visitAcceleoTemplateInvocation(TemplateInvocation)" signature="(Lorg/eclipse/acceleo/model/mtl/TemplateInvocation;)Ljava/lang/Object;" type="org.eclipse.acceleo.engine.internal.evaluation.AcceleoEvaluationVisitor"/>
        </reference_kind>
    </target>
    <target member="getArgument" name="org.eclipse.acceleo.model.mtl.TemplateInvocation.getArgument()" signature="()Lorg/eclipse/emf/common/util/EList;" type="org.eclipse.acceleo.model.mtl.TemplateInvocation">
        <reference_kind flags="0" kind="512" reference_kind_name="INTERFACE_METHOD">
            <reference linenumber="666" member="visitAcceleoTemplateInvocation" origin="org.eclipse.acceleo.engine.internal.evaluation.AcceleoEvaluationVisitor.visitAcceleoTemplateInvocation(TemplateInvocation)" signature="(Lorg/eclipse/acceleo/model/mtl/TemplateInvocation;)Ljava/lang/Object;" type="org.eclipse.acceleo.engine.internal.evaluation.AcceleoEvaluationVisitor"/>
            <reference linenumber="670" member="visitAcceleoTemplateInvocation" origin="org.eclipse.acceleo.engine.internal.evaluation.AcceleoEvaluationVisitor.visitAcceleoTemplateInvocation(TemplateInvocation)" signature="(Lorg/eclipse/acceleo/model/mtl/TemplateInvocation;)Ljava/lang/Object;" type="org.eclipse.acceleo.engine.internal.evaluation.AcceleoEvaluationVisitor"/>
        </reference_kind>
    </target>
    <target member="getLoopVariable" name="org.eclipse.acceleo.model.mtl.ForBlock.getLoopVariable()" signature="()Lorg/eclipse/ocl/ecore/Variable;" type="org.eclipse.acceleo.model.mtl.ForBlock">
        <reference_kind flags="0" kind="512" reference_kind_name="INTERFACE_METHOD">
            <reference linenumber="231" member="visitAcceleoForBlock" origin="org.eclipse.acceleo.engine.internal.evaluation.AcceleoEvaluationVisitor.visitAcceleoForBlock(ForBlock)" signature="(Lorg/eclipse/acceleo/model/mtl/ForBlock;)V" type="org.eclipse.acceleo.engine.internal.evaluation.AcceleoEvaluationVisitor"/>
        </reference_kind>
    </target>
    <target member="getValue" name="org.eclipse.acceleo.model.mtl.OpenModeKind.getValue()" signature="()I" type="org.eclipse.acceleo.model.mtl.OpenModeKind">
        <reference_kind flags="0" kind="256" reference_kind_name="VIRTUAL_METHOD">
            <reference linenumber="197" member="visitAcceleoFileBlock" origin="org.eclipse.acceleo.engine.internal.evaluation.AcceleoEvaluationVisitor.visitAcceleoFileBlock(FileBlock)" signature="(Lorg/eclipse/acceleo/model/mtl/FileBlock;)V" type="org.eclipse.acceleo.engine.internal.evaluation.AcceleoEvaluationVisitor"/>
        </reference_kind>
    </target>
</references>
