<?xml version="1.0" encoding="UTF-8" standalone="no"?>
<references name="Types" origin="org.eclipse.actf.visualization.presentation (0.7.2.R201002031025)" referee="org.eclipse.actf.visualization.ui.report (0.7.2.R201002031025)" reference_count="2" reference_visibility="1">
    <target name="org.eclipse.actf.visualization.ui.report.table.ResultTableLabelProviderLV" type="org.eclipse.actf.visualization.ui.report.table.ResultTableLabelProviderLV">
        <reference_kind flags="0" kind="134217728" reference_kind_name="INSTANTIATION">
            <reference linenumber="-1" member="&lt;init&gt;" origin="org.eclipse.actf.visualization.presentation.ui.views.RoomView.RoomView()" signature="()V" type="org.eclipse.actf.visualization.presentation.ui.views.RoomView"/>
        </reference_kind>
    </target>
    <target name="org.eclipse.actf.visualization.ui.report.table.ResultTableSorterLV" type="org.eclipse.actf.visualization.ui.report.table.ResultTableSorterLV">
        <reference_kind flags="0" kind="134217728" reference_kind_name="INSTANTIATION">
            <reference linenumber="-1" member="&lt;init&gt;" origin="org.eclipse.actf.visualization.presentation.ui.views.RoomView.RoomView()" signature="()V" type="org.eclipse.actf.visualization.presentation.ui.views.RoomView"/>
        </reference_kind>
    </target>
</references>
