<?xml version="1.0" encoding="UTF-8" standalone="no"?>
<references name="Types" origin="org.eclipse.actf.model.ui.editors.ie (0.7.2.R201002031025)" referee="org.eclipse.actf.model.dom.dombycom (0.7.2.R201002031025)" reference_count="5" reference_visibility="1">
    <target name="org.eclipse.actf.model.dom.dombycom.IElementEx" type="org.eclipse.actf.model.dom.dombycom.IElementEx">
        <reference_kind flags="0" kind="262144" reference_kind_name="CASTS">
            <reference linenumber="-1" member="getCurrentStyles" origin="org.eclipse.actf.model.internal.ui.editors.ie.WebBrowserStyleInfoImpl.getCurrentStyles()" signature="()Ljava/util/HashMap;" type="org.eclipse.actf.model.internal.ui.editors.ie.WebBrowserStyleInfoImpl"/>
        </reference_kind>
        <reference_kind flags="0" kind="524288" reference_kind_name="INSTANCEOF">
            <reference linenumber="-1" member="getCurrentStyles" origin="org.eclipse.actf.model.internal.ui.editors.ie.WebBrowserStyleInfoImpl.getCurrentStyles()" signature="()Ljava/util/HashMap;" type="org.eclipse.actf.model.internal.ui.editors.ie.WebBrowserStyleInfoImpl"/>
        </reference_kind>
        <reference_kind flags="0" kind="16" reference_kind_name="PARAMETER">
            <reference linenumber="-1" member="&lt;init&gt;" origin="org.eclipse.actf.model.internal.ui.editors.ie.CurrentStylesImpl.CurrentStylesImpl(IElementEx, URL)" signature="(Lorg/eclipse/actf/model/dom/dombycom/IElementEx;Ljava/net/URL;)V" type="org.eclipse.actf.model.internal.ui.editors.ie.CurrentStylesImpl"/>
        </reference_kind>
    </target>
    <target name="org.eclipse.actf.model.dom.dombycom.DomByCom" type="org.eclipse.actf.model.dom.dombycom.DomByCom">
        <reference_kind flags="0" kind="134217728" reference_kind_name="INSTANTIATION">
            <reference linenumber="-1" member="&lt;init&gt;" origin="org.eclipse.actf.model.internal.ui.editors.ie.WebBrowserIEImpl.WebBrowserIEImpl(IModelServiceHolder, Composite, String)" signature="(Lorg/eclipse/actf/model/ui/IModelServiceHolder;Lorg/eclipse/swt/widgets/Composite;Ljava/lang/String;)V" type="org.eclipse.actf.model.internal.ui.editors.ie.WebBrowserIEImpl"/>
        </reference_kind>
        <reference_kind flags="0" kind="4" reference_kind_name="DECLARED_FIELD">
            <reference linenumber="-1" member="domByCom" origin="org.eclipse.actf.model.internal.ui.editors.ie.WebBrowserIEImpl.domByCom" type="org.eclipse.actf.model.internal.ui.editors.ie.WebBrowserIEImpl"/>
        </reference_kind>
    </target>
</references>
