<project name="Custom Targets MyTest" default="noDefault">

<target name="noDefault" />
	
<!-- This goal of this target is to get the packaging map files of the things you care for 
       The files must be fetched into the downloadDirectory folder -->
<target name="getMapFiles" unless="mapsFetched">
	<get src="http://dev.eclipse.org/viewcvs/index.cgi/pde-build-home/articles/packager/all.maps?rev=HEAD" dest="${downloadDirectory}/initial.map" usetimestamp="true"/>
</target>

<target name="init">
	<property name="nameArchive" value="MyProduct"/>
</target>

<target name="assemble.win32.win32.x86.xml" depends="init">
	<ant antfile="${assembleScriptName}" target="assemble">
		<property name="archiveName" value="${nameArchive}-win32.zip"/>
	</ant>
</target>

<target name="assemble.linux.gtk.x86.xml">
	<ant antfile="${assembleScriptName}" target="assemble">
		<property name="archiveName" value="${nameArchive}-linux-gtk.zip"/>
	</ant>
</target>

<target name="assemble.linux.motif.x86.xml">
	<ant antfile="${assembleScriptName}" target="assemble">
		<property name="archiveName" value="${nameArchive}-linux-motif.zip"/>
	</ant>
</target>

<target name="assemble.solaris.motif.sparc.xml">
	<ant antfile="${assembleScriptName}" target="assemble">
		<property name="archiveName" value="${nameArchive}-solaris-motif.zip"/>
	</ant>
</target>

<target name="assemble.aix.motif.ppc.xml">
	<ant antfile="${assembleScriptName}" target="assemble">
		<property name="archiveName" value="${nameArchive}-aix-motif.zip"/>
	</ant>
</target>

<target name="assemble.hpux.motif.PA_RISC.xml">
	<ant antfile="${assembleScriptName}" target="assemble">
		<property name="archiveName" value="${nameArchive}-hpux-motif.zip"/>
	</ant>
</target>

<target name="assemble.macosx.carbon.ppc.xml">
	<ant antfile="${assembleScriptName}" target="assemble">
		<property name="archiveName" value="${nameArchive}-macosx.zip"/>
	</ant>
</target>


</project>