<?xml version="1.0" encoding="UTF-8" standalone="no"?>
<references name="Types" origin="org.eclipse.actf.model.dom.dombycom.flash (0.7.2.R201002031025)" referee="org.eclipse.actf.model.dom.dombycom (0.7.2.R201002031025)" reference_count="88" reference_visibility="1">
    <target name="org.eclipse.actf.model.dom.dombycom.INodeEx" type="org.eclipse.actf.model.dom.dombycom.INodeEx">
        <reference_kind flags="0" kind="8" reference_kind_name="RETURN_TYPE">
            <reference linenumber="-1" member="getBaseNode" origin="org.eclipse.actf.model.dom.dombycom.impl.flash.FlashMSAANodeImpl.getBaseNode()" signature="()Lorg/eclipse/actf/model/dom/dombycom/INodeEx;" type="org.eclipse.actf.model.dom.dombycom.impl.flash.FlashMSAANodeImpl"/>
            <reference linenumber="-1" member="getBaseNode" origin="org.eclipse.actf.model.dom.dombycom.impl.flash.FlashTopNodeImpl.getBaseNode()" signature="()Lorg/eclipse/actf/model/dom/dombycom/INodeEx;" type="org.eclipse.actf.model.dom.dombycom.impl.flash.FlashTopNodeImpl"/>
            <reference linenumber="-1" member="getReferenceNode" origin="org.eclipse.actf.model.dom.dombycom.impl.flash.FlashVideoImpl.getReferenceNode()" signature="()Lorg/eclipse/actf/model/dom/dombycom/INodeEx;" type="org.eclipse.actf.model.dom.dombycom.impl.flash.FlashVideoImpl"/>
            <reference linenumber="-1" member="getBaseNode" origin="org.eclipse.actf.model.dom.dombycom.impl.flash.FlashNodeImpl.getBaseNode()" signature="()Lorg/eclipse/actf/model/dom/dombycom/INodeEx;" type="org.eclipse.actf.model.dom.dombycom.impl.flash.FlashNodeImpl"/>
        <reference linenumber="-1" member="getBaseNode" origin="org.eclipse.actf.model.dom.dombycom.impl.flash.FlashMSAANodeImpl.getBaseNode()" signature="()Lorg/eclipse/actf/model/dom/dombycom/INodeEx;" type="org.eclipse.actf.model.dom.dombycom.impl.flash.FlashMSAANodeImpl"/>
            <reference linenumber="-1" member="getBaseNode" origin="org.eclipse.actf.model.dom.dombycom.impl.flash.FlashTopNodeImpl.getBaseNode()" signature="()Lorg/eclipse/actf/model/dom/dombycom/INodeEx;" type="org.eclipse.actf.model.dom.dombycom.impl.flash.FlashTopNodeImpl"/>
            <reference linenumber="-1" member="getReferenceNode" origin="org.eclipse.actf.model.dom.dombycom.impl.flash.FlashVideoImpl.getReferenceNode()" signature="()Lorg/eclipse/actf/model/dom/dombycom/INodeEx;" type="org.eclipse.actf.model.dom.dombycom.impl.flash.FlashVideoImpl"/>
            <reference linenumber="-1" member="getBaseNode" origin="org.eclipse.actf.model.dom.dombycom.impl.flash.FlashNodeImpl.getBaseNode()" signature="()Lorg/eclipse/actf/model/dom/dombycom/INodeEx;" type="org.eclipse.actf.model.dom.dombycom.impl.flash.FlashNodeImpl"/>
        </reference_kind>
    </target>
    <target name="org.eclipse.actf.model.dom.dombycom.IObjectElementFactory" type="org.eclipse.actf.model.dom.dombycom.IObjectElementFactory">
        <reference_kind flags="0" kind="2" reference_kind_name="IMPLEMENTS">
            <reference linenumber="-1" origin="org.eclipse.actf.model.dom.dombycom.impl.flash.FlashElementFactory" type="org.eclipse.actf.model.dom.dombycom.impl.flash.FlashElementFactory"/>
        <reference linenumber="-1" origin="org.eclipse.actf.model.dom.dombycom.impl.flash.FlashElementFactory" type="org.eclipse.actf.model.dom.dombycom.impl.flash.FlashElementFactory"/>
        </reference_kind>
    </target>
    <target name="org.eclipse.actf.model.dom.dombycom.INodeExSound" type="org.eclipse.actf.model.dom.dombycom.INodeExSound">
        <reference_kind flags="0" kind="2" reference_kind_name="IMPLEMENTS">
            <reference linenumber="-1" origin="org.eclipse.actf.model.dom.dombycom.impl.flash.FlashSoundImpl" type="org.eclipse.actf.model.dom.dombycom.impl.flash.FlashSoundImpl"/>
        <reference linenumber="-1" origin="org.eclipse.actf.model.dom.dombycom.impl.flash.FlashSoundImpl" type="org.eclipse.actf.model.dom.dombycom.impl.flash.FlashSoundImpl"/>
        </reference_kind>
        <reference_kind flags="0" kind="8" reference_kind_name="RETURN_TYPE">
            <reference linenumber="-1" member="searchSound" origin="org.eclipse.actf.model.dom.dombycom.impl.flash.FlashTopNodeImpl.searchSound()" signature="()[Lorg/eclipse/actf/model/dom/dombycom/INodeExSound;" type="org.eclipse.actf.model.dom.dombycom.impl.flash.FlashTopNodeImpl"/>
        <reference linenumber="-1" member="searchSound" origin="org.eclipse.actf.model.dom.dombycom.impl.flash.FlashTopNodeImpl.searchSound()" signature="()[Lorg/eclipse/actf/model/dom/dombycom/INodeExSound;" type="org.eclipse.actf.model.dom.dombycom.impl.flash.FlashTopNodeImpl"/>
        </reference_kind>
        <reference_kind flags="0" kind="32768" reference_kind_name="ALLOCATES_ARRAY">
            <reference linenumber="-1" member="searchSound" origin="org.eclipse.actf.model.dom.dombycom.impl.flash.FlashTopNodeImpl.searchSound()" signature="()[Lorg/eclipse/actf/model/dom/dombycom/INodeExSound;" type="org.eclipse.actf.model.dom.dombycom.impl.flash.FlashTopNodeImpl"/>
        <reference linenumber="-1" member="searchSound" origin="org.eclipse.actf.model.dom.dombycom.impl.flash.FlashTopNodeImpl.searchSound()" signature="()[Lorg/eclipse/actf/model/dom/dombycom/INodeExSound;" type="org.eclipse.actf.model.dom.dombycom.impl.flash.FlashTopNodeImpl"/>
        </reference_kind>
    </target>
    <target name="org.eclipse.actf.model.dom.dombycom.AnalyzedResult" type="org.eclipse.actf.model.dom.dombycom.AnalyzedResult">
        <reference_kind flags="0" kind="16" reference_kind_name="PARAMETER">
            <reference linenumber="-1" member="analyze" origin="org.eclipse.actf.model.dom.dombycom.impl.flash.FlashNodeImpl.analyze(AnalyzedResult)" signature="(Lorg/eclipse/actf/model/dom/dombycom/AnalyzedResult;)Lorg/eclipse/actf/model/dom/dombycom/AnalyzedResult;" type="org.eclipse.actf.model.dom.dombycom.impl.flash.FlashNodeImpl"/>
            <reference linenumber="-1" member="analyze" origin="org.eclipse.actf.model.dom.dombycom.impl.flash.FlashTopNodeImpl.analyze(AnalyzedResult)" signature="(Lorg/eclipse/actf/model/dom/dombycom/AnalyzedResult;)Lorg/eclipse/actf/model/dom/dombycom/AnalyzedResult;" type="org.eclipse.actf.model.dom.dombycom.impl.flash.FlashTopNodeImpl"/>
        <reference linenumber="-1" member="analyze" origin="org.eclipse.actf.model.dom.dombycom.impl.flash.FlashNodeImpl.analyze(AnalyzedResult)" signature="(Lorg/eclipse/actf/model/dom/dombycom/AnalyzedResult;)Lorg/eclipse/actf/model/dom/dombycom/AnalyzedResult;" type="org.eclipse.actf.model.dom.dombycom.impl.flash.FlashNodeImpl"/>
            <reference linenumber="-1" member="analyze" origin="org.eclipse.actf.model.dom.dombycom.impl.flash.FlashTopNodeImpl.analyze(AnalyzedResult)" signature="(Lorg/eclipse/actf/model/dom/dombycom/AnalyzedResult;)Lorg/eclipse/actf/model/dom/dombycom/AnalyzedResult;" type="org.eclipse.actf.model.dom.dombycom.impl.flash.FlashTopNodeImpl"/>
        </reference_kind>
        <reference_kind flags="0" kind="8" reference_kind_name="RETURN_TYPE">
            <reference linenumber="-1" member="analyze" origin="org.eclipse.actf.model.dom.dombycom.impl.flash.FlashTopNodeImpl.analyze(AnalyzedResult)" signature="(Lorg/eclipse/actf/model/dom/dombycom/AnalyzedResult;)Lorg/eclipse/actf/model/dom/dombycom/AnalyzedResult;" type="org.eclipse.actf.model.dom.dombycom.impl.flash.FlashTopNodeImpl"/>
            <reference linenumber="-1" member="analyze" origin="org.eclipse.actf.model.dom.dombycom.impl.flash.FlashNodeImpl.analyze(AnalyzedResult)" signature="(Lorg/eclipse/actf/model/dom/dombycom/AnalyzedResult;)Lorg/eclipse/actf/model/dom/dombycom/AnalyzedResult;" type="org.eclipse.actf.model.dom.dombycom.impl.flash.FlashNodeImpl"/>
        <reference linenumber="-1" member="analyze" origin="org.eclipse.actf.model.dom.dombycom.impl.flash.FlashTopNodeImpl.analyze(AnalyzedResult)" signature="(Lorg/eclipse/actf/model/dom/dombycom/AnalyzedResult;)Lorg/eclipse/actf/model/dom/dombycom/AnalyzedResult;" type="org.eclipse.actf.model.dom.dombycom.impl.flash.FlashTopNodeImpl"/>
            <reference linenumber="-1" member="analyze" origin="org.eclipse.actf.model.dom.dombycom.impl.flash.FlashNodeImpl.analyze(AnalyzedResult)" signature="(Lorg/eclipse/actf/model/dom/dombycom/AnalyzedResult;)Lorg/eclipse/actf/model/dom/dombycom/AnalyzedResult;" type="org.eclipse.actf.model.dom.dombycom.impl.flash.FlashNodeImpl"/>
        </reference_kind>
    </target>
    <target name="org.eclipse.actf.model.dom.dombycom.IFlashNode" type="org.eclipse.actf.model.dom.dombycom.IFlashNode">
        <reference_kind flags="0" kind="8" reference_kind_name="RETURN_TYPE">
            <reference linenumber="-1" member="translate" origin="org.eclipse.actf.model.dom.dombycom.impl.flash.FlashNodeImpl.translate()" signature="()[Lorg/eclipse/actf/model/dom/dombycom/IFlashNode;" type="org.eclipse.actf.model.dom.dombycom.impl.flash.FlashNodeImpl"/>
            <reference linenumber="-1" member="createIFlashNodeArray" origin="org.eclipse.actf.model.dom.dombycom.impl.flash.FlashNodeImpl.createIFlashNodeArray(IASNode[])" signature="([Lorg/eclipse/actf/model/flash/IASNode;)[Lorg/eclipse/actf/model/dom/dombycom/IFlashNode;" type="org.eclipse.actf.model.dom.dombycom.impl.flash.FlashNodeImpl"/>
            <reference linenumber="-1" member="getInnerNodes" origin="org.eclipse.actf.model.dom.dombycom.impl.flash.FlashTopNodeImpl.getInnerNodes()" signature="()[Lorg/eclipse/actf/model/dom/dombycom/IFlashNode;" type="org.eclipse.actf.model.dom.dombycom.impl.flash.FlashTopNodeImpl"/>
            <reference linenumber="-1" member="getNodeFromPath" origin="org.eclipse.actf.model.dom.dombycom.impl.flash.FlashNodeImpl.getNodeFromPath(String)" signature="(Ljava/lang/String;)Lorg/eclipse/actf/model/dom/dombycom/IFlashNode;" type="org.eclipse.actf.model.dom.dombycom.impl.flash.FlashNodeImpl"/>
            <reference linenumber="-1" member="translate" origin="org.eclipse.actf.model.dom.dombycom.impl.flash.FlashTopNodeImpl.translate()" signature="()[Lorg/eclipse/actf/model/dom/dombycom/IFlashNode;" type="org.eclipse.actf.model.dom.dombycom.impl.flash.FlashTopNodeImpl"/>
            <reference linenumber="-1" member="getNodeAtDepth" origin="org.eclipse.actf.model.dom.dombycom.impl.flash.FlashNodeImpl.getNodeAtDepth(int)" signature="(I)Lorg/eclipse/actf/model/dom/dombycom/IFlashNode;" type="org.eclipse.actf.model.dom.dombycom.impl.flash.FlashNodeImpl"/>
            <reference linenumber="-1" member="createIFlashNodeArray" origin="org.eclipse.actf.model.dom.dombycom.impl.flash.FlashTopNodeImpl.createIFlashNodeArray(IASNode[])" signature="([Lorg/eclipse/actf/model/flash/IASNode;)[Lorg/eclipse/actf/model/dom/dombycom/IFlashNode;" type="org.eclipse.actf.model.dom.dombycom.impl.flash.FlashTopNodeImpl"/>
            <reference linenumber="-1" member="getNodeFromPath" origin="org.eclipse.actf.model.dom.dombycom.impl.flash.FlashTopNodeImpl.getNodeFromPath(String)" signature="(Ljava/lang/String;)Lorg/eclipse/actf/model/dom/dombycom/IFlashNode;" type="org.eclipse.actf.model.dom.dombycom.impl.flash.FlashTopNodeImpl"/>
            <reference linenumber="-1" member="getNodeAtDepth" origin="org.eclipse.actf.model.dom.dombycom.impl.flash.FlashTopNodeImpl.getNodeAtDepth(int)" signature="(I)Lorg/eclipse/actf/model/dom/dombycom/IFlashNode;" type="org.eclipse.actf.model.dom.dombycom.impl.flash.FlashTopNodeImpl"/>
            <reference linenumber="-1" member="getSWFChildNodes" origin="org.eclipse.actf.model.dom.dombycom.impl.flash.FlashNodeImpl.getSWFChildNodes()" signature="()[Lorg/eclipse/actf/model/dom/dombycom/IFlashNode;" type="org.eclipse.actf.model.dom.dombycom.impl.flash.FlashNodeImpl"/>
            <reference linenumber="-1" member="getInnerNodes" origin="org.eclipse.actf.model.dom.dombycom.impl.flash.FlashNodeImpl.getInnerNodes()" signature="()[Lorg/eclipse/actf/model/dom/dombycom/IFlashNode;" type="org.eclipse.actf.model.dom.dombycom.impl.flash.FlashNodeImpl"/>
        <reference linenumber="-1" member="translate" origin="org.eclipse.actf.model.dom.dombycom.impl.flash.FlashNodeImpl.translate()" signature="()[Lorg/eclipse/actf/model/dom/dombycom/IFlashNode;" type="org.eclipse.actf.model.dom.dombycom.impl.flash.FlashNodeImpl"/>
            <reference linenumber="-1" member="createIFlashNodeArray" origin="org.eclipse.actf.model.dom.dombycom.impl.flash.FlashNodeImpl.createIFlashNodeArray(IASNode[])" signature="([Lorg/eclipse/actf/model/flash/IASNode;)[Lorg/eclipse/actf/model/dom/dombycom/IFlashNode;" type="org.eclipse.actf.model.dom.dombycom.impl.flash.FlashNodeImpl"/>
            <reference linenumber="-1" member="getInnerNodes" origin="org.eclipse.actf.model.dom.dombycom.impl.flash.FlashTopNodeImpl.getInnerNodes()" signature="()[Lorg/eclipse/actf/model/dom/dombycom/IFlashNode;" type="org.eclipse.actf.model.dom.dombycom.impl.flash.FlashTopNodeImpl"/>
            <reference linenumber="-1" member="getNodeFromPath" origin="org.eclipse.actf.model.dom.dombycom.impl.flash.FlashNodeImpl.getNodeFromPath(String)" signature="(Ljava/lang/String;)Lorg/eclipse/actf/model/dom/dombycom/IFlashNode;" type="org.eclipse.actf.model.dom.dombycom.impl.flash.FlashNodeImpl"/>
            <reference linenumber="-1" member="translate" origin="org.eclipse.actf.model.dom.dombycom.impl.flash.FlashTopNodeImpl.translate()" signature="()[Lorg/eclipse/actf/model/dom/dombycom/IFlashNode;" type="org.eclipse.actf.model.dom.dombycom.impl.flash.FlashTopNodeImpl"/>
            <reference linenumber="-1" member="getNodeAtDepth" origin="org.eclipse.actf.model.dom.dombycom.impl.flash.FlashNodeImpl.getNodeAtDepth(int)" signature="(I)Lorg/eclipse/actf/model/dom/dombycom/IFlashNode;" type="org.eclipse.actf.model.dom.dombycom.impl.flash.FlashNodeImpl"/>
            <reference linenumber="-1" member="createIFlashNodeArray" origin="org.eclipse.actf.model.dom.dombycom.impl.flash.FlashTopNodeImpl.createIFlashNodeArray(IASNode[])" signature="([Lorg/eclipse/actf/model/flash/IASNode;)[Lorg/eclipse/actf/model/dom/dombycom/IFlashNode;" type="org.eclipse.actf.model.dom.dombycom.impl.flash.FlashTopNodeImpl"/>
            <reference linenumber="-1" member="getNodeFromPath" origin="org.eclipse.actf.model.dom.dombycom.impl.flash.FlashTopNodeImpl.getNodeFromPath(String)" signature="(Ljava/lang/String;)Lorg/eclipse/actf/model/dom/dombycom/IFlashNode;" type="org.eclipse.actf.model.dom.dombycom.impl.flash.FlashTopNodeImpl"/>
            <reference linenumber="-1" member="getNodeAtDepth" origin="org.eclipse.actf.model.dom.dombycom.impl.flash.FlashTopNodeImpl.getNodeAtDepth(int)" signature="(I)Lorg/eclipse/actf/model/dom/dombycom/IFlashNode;" type="org.eclipse.actf.model.dom.dombycom.impl.flash.FlashTopNodeImpl"/>
            <reference linenumber="-1" member="getSWFChildNodes" origin="org.eclipse.actf.model.dom.dombycom.impl.flash.FlashNodeImpl.getSWFChildNodes()" signature="()[Lorg/eclipse/actf/model/dom/dombycom/IFlashNode;" type="org.eclipse.actf.model.dom.dombycom.impl.flash.FlashNodeImpl"/>
            <reference linenumber="-1" member="getInnerNodes" origin="org.eclipse.actf.model.dom.dombycom.impl.flash.FlashNodeImpl.getInnerNodes()" signature="()[Lorg/eclipse/actf/model/dom/dombycom/IFlashNode;" type="org.eclipse.actf.model.dom.dombycom.impl.flash.FlashNodeImpl"/>
        </reference_kind>
        <reference_kind flags="0" kind="2" reference_kind_name="IMPLEMENTS">
            <reference linenumber="-1" origin="org.eclipse.actf.model.dom.dombycom.impl.flash.FlashNodeImpl" type="org.eclipse.actf.model.dom.dombycom.impl.flash.FlashNodeImpl"/>
            <reference linenumber="-1" origin="org.eclipse.actf.model.dom.dombycom.impl.flash.FlashTopNodeImpl" type="org.eclipse.actf.model.dom.dombycom.impl.flash.FlashTopNodeImpl"/>
        <reference linenumber="-1" origin="org.eclipse.actf.model.dom.dombycom.impl.flash.FlashNodeImpl" type="org.eclipse.actf.model.dom.dombycom.impl.flash.FlashNodeImpl"/>
            <reference linenumber="-1" origin="org.eclipse.actf.model.dom.dombycom.impl.flash.FlashTopNodeImpl" type="org.eclipse.actf.model.dom.dombycom.impl.flash.FlashTopNodeImpl"/>
        </reference_kind>
        <reference_kind flags="0" kind="16" reference_kind_name="PARAMETER">
            <reference linenumber="-1" member="&lt;init&gt;" origin="org.eclipse.actf.model.dom.dombycom.impl.flash.FlashNodeImpl.FlashNodeImpl(IASNode, IFlashNode)" signature="(Lorg/eclipse/actf/model/flash/IASNode;Lorg/eclipse/actf/model/dom/dombycom/IFlashNode;)V" type="org.eclipse.actf.model.dom.dombycom.impl.flash.FlashNodeImpl"/>
            <reference linenumber="-1" member="&lt;init&gt;" origin="org.eclipse.actf.model.dom.dombycom.impl.flash.FlashNodeImpl.NodeListImpl.NodeListImpl(IFlashNode[])" signature="([Lorg/eclipse/actf/model/dom/dombycom/IFlashNode;)V" type="org.eclipse.actf.model.dom.dombycom.impl.flash.FlashNodeImpl$NodeListImpl"/>
        <reference linenumber="-1" member="&lt;init&gt;" origin="org.eclipse.actf.model.dom.dombycom.impl.flash.FlashNodeImpl.FlashNodeImpl(IASNode, IFlashNode)" signature="(Lorg/eclipse/actf/model/flash/IASNode;Lorg/eclipse/actf/model/dom/dombycom/IFlashNode;)V" type="org.eclipse.actf.model.dom.dombycom.impl.flash.FlashNodeImpl"/>
            <reference linenumber="-1" member="&lt;init&gt;" origin="org.eclipse.actf.model.dom.dombycom.impl.flash.FlashNodeImpl.NodeListImpl.NodeListImpl(IFlashNode[])" signature="([Lorg/eclipse/actf/model/dom/dombycom/IFlashNode;)V" type="org.eclipse.actf.model.dom.dombycom.impl.flash.FlashNodeImpl$NodeListImpl"/>
        </reference_kind>
        <reference_kind flags="0" kind="32768" reference_kind_name="ALLOCATES_ARRAY">
            <reference linenumber="-1" member="createIFlashNodeArray" origin="org.eclipse.actf.model.dom.dombycom.impl.flash.FlashNodeImpl.createIFlashNodeArray(IASNode[])" signature="([Lorg/eclipse/actf/model/flash/IASNode;)[Lorg/eclipse/actf/model/dom/dombycom/IFlashNode;" type="org.eclipse.actf.model.dom.dombycom.impl.flash.FlashNodeImpl"/>
            <reference linenumber="-1" member="createIFlashNodeArray" origin="org.eclipse.actf.model.dom.dombycom.impl.flash.FlashTopNodeImpl.createIFlashNodeArray(IASNode[])" signature="([Lorg/eclipse/actf/model/flash/IASNode;)[Lorg/eclipse/actf/model/dom/dombycom/IFlashNode;" type="org.eclipse.actf.model.dom.dombycom.impl.flash.FlashTopNodeImpl"/>
        <reference linenumber="-1" member="createIFlashNodeArray" origin="org.eclipse.actf.model.dom.dombycom.impl.flash.FlashNodeImpl.createIFlashNodeArray(IASNode[])" signature="([Lorg/eclipse/actf/model/flash/IASNode;)[Lorg/eclipse/actf/model/dom/dombycom/IFlashNode;" type="org.eclipse.actf.model.dom.dombycom.impl.flash.FlashNodeImpl"/>
            <reference linenumber="-1" member="createIFlashNodeArray" origin="org.eclipse.actf.model.dom.dombycom.impl.flash.FlashTopNodeImpl.createIFlashNodeArray(IASNode[])" signature="([Lorg/eclipse/actf/model/flash/IASNode;)[Lorg/eclipse/actf/model/dom/dombycom/IFlashNode;" type="org.eclipse.actf.model.dom.dombycom.impl.flash.FlashTopNodeImpl"/>
        </reference_kind>
        <reference_kind flags="0" kind="4" reference_kind_name="DECLARED_FIELD">
            <reference linenumber="-1" member="nodes" origin="org.eclipse.actf.model.dom.dombycom.impl.flash.FlashNodeImpl.NodeListImpl.nodes" type="org.eclipse.actf.model.dom.dombycom.impl.flash.FlashNodeImpl$NodeListImpl"/>
            <reference linenumber="-1" member="parent" origin="org.eclipse.actf.model.dom.dombycom.impl.flash.FlashNodeImpl.parent" type="org.eclipse.actf.model.dom.dombycom.impl.flash.FlashNodeImpl"/>
            <reference linenumber="-1" member="emptyResult" origin="org.eclipse.actf.model.dom.dombycom.impl.flash.FlashTopNodeImpl.emptyResult" type="org.eclipse.actf.model.dom.dombycom.impl.flash.FlashTopNodeImpl"/>
        <reference linenumber="-1" member="nodes" origin="org.eclipse.actf.model.dom.dombycom.impl.flash.FlashNodeImpl.NodeListImpl.nodes" type="org.eclipse.actf.model.dom.dombycom.impl.flash.FlashNodeImpl$NodeListImpl"/>
            <reference linenumber="-1" member="parent" origin="org.eclipse.actf.model.dom.dombycom.impl.flash.FlashNodeImpl.parent" type="org.eclipse.actf.model.dom.dombycom.impl.flash.FlashNodeImpl"/>
            <reference linenumber="-1" member="emptyResult" origin="org.eclipse.actf.model.dom.dombycom.impl.flash.FlashTopNodeImpl.emptyResult" type="org.eclipse.actf.model.dom.dombycom.impl.flash.FlashTopNodeImpl"/>
        </reference_kind>
    </target>
    <target name="org.eclipse.actf.model.dom.dombycom.IFlashMSAANode" type="org.eclipse.actf.model.dom.dombycom.IFlashMSAANode">
        <reference_kind flags="0" kind="2" reference_kind_name="IMPLEMENTS">
            <reference linenumber="-1" origin="org.eclipse.actf.model.dom.dombycom.impl.flash.FlashMSAANodeImpl" type="org.eclipse.actf.model.dom.dombycom.impl.flash.FlashMSAANodeImpl"/>
        <reference linenumber="-1" origin="org.eclipse.actf.model.dom.dombycom.impl.flash.FlashMSAANodeImpl" type="org.eclipse.actf.model.dom.dombycom.impl.flash.FlashMSAANodeImpl"/>
        </reference_kind>
        <reference_kind flags="0" kind="8" reference_kind_name="RETURN_TYPE">
            <reference linenumber="-1" member="searchByIDInternal" origin="org.eclipse.actf.model.dom.dombycom.impl.flash.FlashMSAANodeImpl.searchByIDInternal(String)" signature="(Ljava/lang/String;)Lorg/eclipse/actf/model/dom/dombycom/IFlashMSAANode;" type="org.eclipse.actf.model.dom.dombycom.impl.flash.FlashMSAANodeImpl"/>
            <reference linenumber="-1" member="getMSAA" origin="org.eclipse.actf.model.dom.dombycom.impl.flash.FlashTopNodeImpl.getMSAA()" signature="()Lorg/eclipse/actf/model/dom/dombycom/IFlashMSAANode;" type="org.eclipse.actf.model.dom.dombycom.impl.flash.FlashTopNodeImpl"/>
            <reference linenumber="-1" member="getMSAA" origin="org.eclipse.actf.model.dom.dombycom.impl.flash.FlashNodeImpl.getMSAA()" signature="()Lorg/eclipse/actf/model/dom/dombycom/IFlashMSAANode;" type="org.eclipse.actf.model.dom.dombycom.impl.flash.FlashNodeImpl"/>
            <reference linenumber="-1" member="searchByID" origin="org.eclipse.actf.model.dom.dombycom.impl.flash.FlashMSAANodeImpl.searchByID(String)" signature="(Ljava/lang/String;)Lorg/eclipse/actf/model/dom/dombycom/IFlashMSAANode;" type="org.eclipse.actf.model.dom.dombycom.impl.flash.FlashMSAANodeImpl"/>
        <reference linenumber="-1" member="searchByIDInternal" origin="org.eclipse.actf.model.dom.dombycom.impl.flash.FlashMSAANodeImpl.searchByIDInternal(String)" signature="(Ljava/lang/String;)Lorg/eclipse/actf/model/dom/dombycom/IFlashMSAANode;" type="org.eclipse.actf.model.dom.dombycom.impl.flash.FlashMSAANodeImpl"/>
            <reference linenumber="-1" member="getMSAA" origin="org.eclipse.actf.model.dom.dombycom.impl.flash.FlashTopNodeImpl.getMSAA()" signature="()Lorg/eclipse/actf/model/dom/dombycom/IFlashMSAANode;" type="org.eclipse.actf.model.dom.dombycom.impl.flash.FlashTopNodeImpl"/>
            <reference linenumber="-1" member="getMSAA" origin="org.eclipse.actf.model.dom.dombycom.impl.flash.FlashNodeImpl.getMSAA()" signature="()Lorg/eclipse/actf/model/dom/dombycom/IFlashMSAANode;" type="org.eclipse.actf.model.dom.dombycom.impl.flash.FlashNodeImpl"/>
            <reference linenumber="-1" member="searchByID" origin="org.eclipse.actf.model.dom.dombycom.impl.flash.FlashMSAANodeImpl.searchByID(String)" signature="(Ljava/lang/String;)Lorg/eclipse/actf/model/dom/dombycom/IFlashMSAANode;" type="org.eclipse.actf.model.dom.dombycom.impl.flash.FlashMSAANodeImpl"/>
        </reference_kind>
        <reference_kind flags="0" kind="524288" reference_kind_name="INSTANCEOF">
            <reference linenumber="-1" member="equals" origin="org.eclipse.actf.model.dom.dombycom.impl.flash.FlashMSAANodeImpl.equals(Object)" signature="(Ljava/lang/Object;)Z" type="org.eclipse.actf.model.dom.dombycom.impl.flash.FlashMSAANodeImpl"/>
        <reference linenumber="-1" member="equals" origin="org.eclipse.actf.model.dom.dombycom.impl.flash.FlashMSAANodeImpl.equals(Object)" signature="(Ljava/lang/Object;)Z" type="org.eclipse.actf.model.dom.dombycom.impl.flash.FlashMSAANodeImpl"/>
        </reference_kind>
        <reference_kind flags="0" kind="262144" reference_kind_name="CASTS">
            <reference linenumber="-1" member="equals" origin="org.eclipse.actf.model.dom.dombycom.impl.flash.FlashMSAANodeImpl.equals(Object)" signature="(Ljava/lang/Object;)Z" type="org.eclipse.actf.model.dom.dombycom.impl.flash.FlashMSAANodeImpl"/>
        <reference linenumber="-1" member="equals" origin="org.eclipse.actf.model.dom.dombycom.impl.flash.FlashMSAANodeImpl.equals(Object)" signature="(Ljava/lang/Object;)Z" type="org.eclipse.actf.model.dom.dombycom.impl.flash.FlashMSAANodeImpl"/>
        </reference_kind>
    </target>
    <target name="org.eclipse.actf.model.dom.dombycom.INodeExVideo" type="org.eclipse.actf.model.dom.dombycom.INodeExVideo">
        <reference_kind flags="0" kind="2" reference_kind_name="IMPLEMENTS">
            <reference linenumber="-1" origin="org.eclipse.actf.model.dom.dombycom.impl.flash.FlashVideoImpl" type="org.eclipse.actf.model.dom.dombycom.impl.flash.FlashVideoImpl"/>
        <reference linenumber="-1" origin="org.eclipse.actf.model.dom.dombycom.impl.flash.FlashVideoImpl" type="org.eclipse.actf.model.dom.dombycom.impl.flash.FlashVideoImpl"/>
        </reference_kind>
        <reference_kind flags="0" kind="32768" reference_kind_name="ALLOCATES_ARRAY">
            <reference linenumber="-1" member="searchVideo" origin="org.eclipse.actf.model.dom.dombycom.impl.flash.FlashTopNodeImpl.searchVideo()" signature="()[Lorg/eclipse/actf/model/dom/dombycom/INodeExVideo;" type="org.eclipse.actf.model.dom.dombycom.impl.flash.FlashTopNodeImpl"/>
        <reference linenumber="-1" member="searchVideo" origin="org.eclipse.actf.model.dom.dombycom.impl.flash.FlashTopNodeImpl.searchVideo()" signature="()[Lorg/eclipse/actf/model/dom/dombycom/INodeExVideo;" type="org.eclipse.actf.model.dom.dombycom.impl.flash.FlashTopNodeImpl"/>
        </reference_kind>
        <reference_kind flags="0" kind="8" reference_kind_name="RETURN_TYPE">
            <reference linenumber="-1" member="searchVideo" origin="org.eclipse.actf.model.dom.dombycom.impl.flash.FlashTopNodeImpl.searchVideo()" signature="()[Lorg/eclipse/actf/model/dom/dombycom/INodeExVideo;" type="org.eclipse.actf.model.dom.dombycom.impl.flash.FlashTopNodeImpl"/>
        <reference linenumber="-1" member="searchVideo" origin="org.eclipse.actf.model.dom.dombycom.impl.flash.FlashTopNodeImpl.searchVideo()" signature="()[Lorg/eclipse/actf/model/dom/dombycom/INodeExVideo;" type="org.eclipse.actf.model.dom.dombycom.impl.flash.FlashTopNodeImpl"/>
        </reference_kind>
    </target>
    <target name="org.eclipse.actf.model.dom.dombycom.INodeExVideo.VideoState" type="org.eclipse.actf.model.dom.dombycom.INodeExVideo$VideoState">
        <reference_kind flags="0" kind="8" reference_kind_name="RETURN_TYPE">
            <reference linenumber="-1" member="getCurrentState" origin="org.eclipse.actf.model.dom.dombycom.impl.flash.FlashVideoImpl.getCurrentState()" signature="()Lorg/eclipse/actf/model/dom/dombycom/INodeExVideo$VideoState;" type="org.eclipse.actf.model.dom.dombycom.impl.flash.FlashVideoImpl"/>
        <reference linenumber="-1" member="getCurrentState" origin="org.eclipse.actf.model.dom.dombycom.impl.flash.FlashVideoImpl.getCurrentState()" signature="()Lorg/eclipse/actf/model/dom/dombycom/INodeExVideo$VideoState;" type="org.eclipse.actf.model.dom.dombycom.impl.flash.FlashVideoImpl"/>
        </reference_kind>
        <reference_kind flags="0" kind="4" reference_kind_name="DECLARED_FIELD">
            <reference linenumber="-1" member="currentState" origin="org.eclipse.actf.model.dom.dombycom.impl.flash.FlashVideoImpl.currentState" type="org.eclipse.actf.model.dom.dombycom.impl.flash.FlashVideoImpl"/>
        <reference linenumber="-1" member="currentState" origin="org.eclipse.actf.model.dom.dombycom.impl.flash.FlashVideoImpl.currentState" type="org.eclipse.actf.model.dom.dombycom.impl.flash.FlashVideoImpl"/>
        </reference_kind>
    </target>
</references>
