<?xml version="1.0" encoding="UTF-8" standalone="no"?>
<references name="Methods" origin="org.eclipse.actf.visualization.engines.blind.html (0.7.2.R201002031025)" referee="org.eclipse.actf.visualization.engines.voicebrowser (0.7.2.R201002031025)" reference_count="17" reference_visibility="1">
    <target member="setDocument" name="org.eclipse.actf.visualization.engines.voicebrowser.IVoiceBrowserController.setDocument(Document)" signature="(Lorg/w3c/dom/Document;)V" type="org.eclipse.actf.visualization.engines.voicebrowser.IVoiceBrowserController">
        <reference_kind flags="0" kind="512" reference_kind_name="INTERFACE_METHOD">
            <reference linenumber="-1" member="setDocument" origin="org.eclipse.actf.visualization.engines.blind.html.VisualizeEngine.setDocument(Document)" signature="(Lorg/w3c/dom/Document;)V" type="org.eclipse.actf.visualization.engines.blind.html.VisualizeEngine"/>
        </reference_kind>
    </target>
    <target member="createVoiceBrowserController" name="org.eclipse.actf.visualization.engines.voicebrowser.VoiceBrowserControllerFactory.createVoiceBrowserController()" signature="()Lorg/eclipse/actf/visualization/engines/voicebrowser/IVoiceBrowserController;" type="org.eclipse.actf.visualization.engines.voicebrowser.VoiceBrowserControllerFactory">
        <reference_kind flags="0" kind="128" reference_kind_name="INVOKED_STATIC">
            <reference linenumber="-1" member="jwatInit" origin="org.eclipse.actf.visualization.engines.blind.html.VisualizeEngine.jwatInit()" signature="()V" type="org.eclipse.actf.visualization.engines.blind.html.VisualizeEngine"/>
        </reference_kind>
    </target>
    <target member="getPacketCollection" name="org.eclipse.actf.visualization.engines.voicebrowser.IVoiceBrowserController.getPacketCollection()" signature="()Lorg/eclipse/actf/visualization/engines/voicebrowser/IPacketCollection;" type="org.eclipse.actf.visualization.engines.voicebrowser.IVoiceBrowserController">
        <reference_kind flags="0" kind="512" reference_kind_name="INTERFACE_METHOD">
            <reference linenumber="-1" member="visualize" origin="org.eclipse.actf.visualization.engines.blind.html.VisualizeEngine.visualize()" signature="()V" type="org.eclipse.actf.visualization.engines.blind.html.VisualizeEngine"/>
        </reference_kind>
    </target>
    <target member="getNode" name="org.eclipse.actf.visualization.engines.voicebrowser.IPacket.getNode()" signature="()Lorg/w3c/dom/Node;" type="org.eclipse.actf.visualization.engines.voicebrowser.IPacket">
        <reference_kind flags="0" kind="512" reference_kind_name="INTERFACE_METHOD">
            <reference linenumber="-1" member="cleanupPacketCollection" origin="org.eclipse.actf.visualization.engines.blind.html.VisualizeEngine.cleanupPacketCollection(IPacketCollection)" signature="(Lorg/eclipse/actf/visualization/engines/voicebrowser/IPacketCollection;)V" type="org.eclipse.actf.visualization.engines.blind.html.VisualizeEngine"/>
        <reference linenumber="-1" member="getNode" origin="org.eclipse.actf.visualization.internal.engines.blind.html.util.VisualizationNodeInfo.getNode()" signature="()Lorg/w3c/dom/Node;" type="org.eclipse.actf.visualization.internal.engines.blind.html.util.VisualizationNodeInfo"/>
            <reference linenumber="-1" member="prepareNodeInfo" origin="org.eclipse.actf.visualization.internal.engines.blind.html.util.NodeInfoCreator.prepareNodeInfo(IPacketCollection)" signature="(Lorg/eclipse/actf/visualization/engines/voicebrowser/IPacketCollection;)V" type="org.eclipse.actf.visualization.internal.engines.blind.html.util.NodeInfoCreator"/>
        </reference_kind>
    </target>
<target member="getContext" name="org.eclipse.actf.visualization.engines.voicebrowser.IPacket.getContext()" signature="()Lorg/eclipse/actf/visualization/engines/voicebrowser/IContext;" type="org.eclipse.actf.visualization.engines.voicebrowser.IPacket">
        <reference_kind flags="0" kind="512" reference_kind_name="INTERFACE_METHOD">
            <reference linenumber="-1" member="listIntraPageLinks" origin="org.eclipse.actf.visualization.internal.engines.blind.html.util.LinkAnalyzer.listIntraPageLinks()" signature="()V" type="org.eclipse.actf.visualization.internal.engines.blind.html.util.LinkAnalyzer"/>
            <reference linenumber="-1" member="prepareNodeInfo" origin="org.eclipse.actf.visualization.internal.engines.blind.html.util.NodeInfoCreator.prepareNodeInfo(IPacketCollection)" signature="(Lorg/eclipse/actf/visualization/engines/voicebrowser/IPacketCollection;)V" type="org.eclipse.actf.visualization.internal.engines.blind.html.util.NodeInfoCreator"/>
            <reference linenumber="-1" member="returnTextView" origin="org.eclipse.actf.visualization.internal.engines.blind.html.util.VisualizeViewUtil.returnTextView(Document, IPacketCollection, String)" signature="(Lorg/w3c/dom/Document;Lorg/eclipse/actf/visualization/engines/voicebrowser/IPacketCollection;Ljava/lang/String;)Lorg/w3c/dom/Document;" type="org.eclipse.actf.visualization.internal.engines.blind.html.util.VisualizeViewUtil"/>
        </reference_kind>
    </target>
    <target member="isInsideAnchor" name="org.eclipse.actf.visualization.engines.voicebrowser.IContext.isInsideAnchor()" signature="()Z" type="org.eclipse.actf.visualization.engines.voicebrowser.IContext">
        <reference_kind flags="0" kind="512" reference_kind_name="INTERFACE_METHOD">
            <reference linenumber="-1" member="prepareNodeInfo" origin="org.eclipse.actf.visualization.internal.engines.blind.html.util.NodeInfoCreator.prepareNodeInfo(IPacketCollection)" signature="(Lorg/eclipse/actf/visualization/engines/voicebrowser/IPacketCollection;)V" type="org.eclipse.actf.visualization.internal.engines.blind.html.util.NodeInfoCreator"/>
            <reference linenumber="-1" member="listIntraPageLinks" origin="org.eclipse.actf.visualization.internal.engines.blind.html.util.LinkAnalyzer.listIntraPageLinks()" signature="()V" type="org.eclipse.actf.visualization.internal.engines.blind.html.util.LinkAnalyzer"/>
        </reference_kind>
    </target>
    <target member="isLinkTag" name="org.eclipse.actf.visualization.engines.voicebrowser.IContext.isLinkTag()" signature="()Z" type="org.eclipse.actf.visualization.engines.voicebrowser.IContext">
        <reference_kind flags="0" kind="512" reference_kind_name="INTERFACE_METHOD">
            <reference linenumber="-1" member="returnTextView" origin="org.eclipse.actf.visualization.internal.engines.blind.html.util.VisualizeViewUtil.returnTextView(Document, IPacketCollection, String)" signature="(Lorg/w3c/dom/Document;Lorg/eclipse/actf/visualization/engines/voicebrowser/IPacketCollection;Ljava/lang/String;)Lorg/w3c/dom/Document;" type="org.eclipse.actf.visualization.internal.engines.blind.html.util.VisualizeViewUtil"/>
        </reference_kind>
    </target>
    <target member="isLineDelimiter" name="org.eclipse.actf.visualization.engines.voicebrowser.IContext.isLineDelimiter()" signature="()Z" type="org.eclipse.actf.visualization.engines.voicebrowser.IContext">
        <reference_kind flags="0" kind="512" reference_kind_name="INTERFACE_METHOD">
            <reference linenumber="-1" member="returnTextView" origin="org.eclipse.actf.visualization.internal.engines.blind.html.util.VisualizeViewUtil.returnTextView(Document, IPacketCollection, String)" signature="(Lorg/w3c/dom/Document;Lorg/eclipse/actf/visualization/engines/voicebrowser/IPacketCollection;Ljava/lang/String;)Lorg/w3c/dom/Document;" type="org.eclipse.actf.visualization.internal.engines.blind.html.util.VisualizeViewUtil"/>
        </reference_kind>
    </target>
    <target member="getText" name="org.eclipse.actf.visualization.engines.voicebrowser.IPacket.getText()" signature="()Ljava/lang/String;" type="org.eclipse.actf.visualization.engines.voicebrowser.IPacket">
        <reference_kind flags="0" kind="512" reference_kind_name="INTERFACE_METHOD">
            <reference linenumber="-1" member="checkAlt" origin="org.eclipse.actf.visualization.internal.engines.blind.html.util.ImgChecker.checkAlt(Element)" signature="(Lorg/w3c/dom/Element;)Ljava/lang/String;" type="org.eclipse.actf.visualization.internal.engines.blind.html.util.ImgChecker"/>
            <reference linenumber="-1" member="prepareNodeInfo" origin="org.eclipse.actf.visualization.internal.engines.blind.html.util.NodeInfoCreator.prepareNodeInfo(IPacketCollection)" signature="(Lorg/eclipse/actf/visualization/engines/voicebrowser/IPacketCollection;)V" type="org.eclipse.actf.visualization.internal.engines.blind.html.util.NodeInfoCreator"/>
            <reference linenumber="-1" member="listIntraPageLinks" origin="org.eclipse.actf.visualization.internal.engines.blind.html.util.LinkAnalyzer.listIntraPageLinks()" signature="()V" type="org.eclipse.actf.visualization.internal.engines.blind.html.util.LinkAnalyzer"/>
            <reference linenumber="-1" member="returnTextView" origin="org.eclipse.actf.visualization.internal.engines.blind.html.util.VisualizeViewUtil.returnTextView(Document, IPacketCollection, String)" signature="(Lorg/w3c/dom/Document;Lorg/eclipse/actf/visualization/engines/voicebrowser/IPacketCollection;Ljava/lang/String;)Lorg/w3c/dom/Document;" type="org.eclipse.actf.visualization.internal.engines.blind.html.util.VisualizeViewUtil"/>
        </reference_kind>
    </target>
</references>
