<?xml version="1.0" encoding="UTF-8" standalone="no"?>
<references name="Types" origin="org.eclipse.pde.core (3.5.101.v20100104)" referee="org.eclipse.ant.core (3.2.101.v20091110_r352)" reference_count="10" reference_visibility="1">
    <target name="org.eclipse.ant.core.IAntClasspathEntry" type="org.eclipse.ant.core.IAntClasspathEntry">
        <reference_kind flags="0" kind="33554432" reference_kind_name="LOCAL_VAR_DECLARED">
            <reference linenumber="403" member="runScript" origin="org.eclipse.pde.internal.core.exports.FeatureExportOperation.runScript(String, String[], Map, IProgressMonitor)" signature="(Ljava/lang/String;[Ljava/lang/String;Ljava/util/Map;Lorg/eclipse/core/runtime/IProgressMonitor;)V" type="org.eclipse.pde.internal.core.exports.FeatureExportOperation"/>
        </reference_kind>
    </target>
    <target name="org.eclipse.ant.core.AntRunner" type="org.eclipse.ant.core.AntRunner">
        <reference_kind flags="0" kind="134217728" reference_kind_name="INSTANTIATION">
            <reference linenumber="802" member="cleanup" origin="org.eclipse.pde.internal.core.exports.FeatureExportOperation.cleanup(String[], IProgressMonitor)" signature="([Ljava/lang/String;Lorg/eclipse/core/runtime/IProgressMonitor;)V" type="org.eclipse.pde.internal.core.exports.FeatureExportOperation"/>
            <reference linenumber="395" member="runScript" origin="org.eclipse.pde.internal.core.exports.FeatureExportOperation.runScript(String, String[], Map, IProgressMonitor)" signature="(Ljava/lang/String;[Ljava/lang/String;Ljava/util/Map;Lorg/eclipse/core/runtime/IProgressMonitor;)V" type="org.eclipse.pde.internal.core.exports.FeatureExportOperation"/>
            <reference linenumber="184" member="appendMetadataToArchive" origin="org.eclipse.pde.internal.core.exports.FeatureExportOperation.appendMetadataToArchive(String[], IProgressMonitor)" signature="([Ljava/lang/String;Lorg/eclipse/core/runtime/IProgressMonitor;)V" type="org.eclipse.pde.internal.core.exports.FeatureExportOperation"/>
        </reference_kind>
        <reference_kind flags="0" kind="33554432" reference_kind_name="LOCAL_VAR_DECLARED">
            <reference linenumber="395" member="runScript" origin="org.eclipse.pde.internal.core.exports.FeatureExportOperation.runScript(String, String[], Map, IProgressMonitor)" signature="(Ljava/lang/String;[Ljava/lang/String;Ljava/util/Map;Lorg/eclipse/core/runtime/IProgressMonitor;)V" type="org.eclipse.pde.internal.core.exports.FeatureExportOperation"/>
            <reference linenumber="184" member="appendMetadataToArchive" origin="org.eclipse.pde.internal.core.exports.FeatureExportOperation.appendMetadataToArchive(String[], IProgressMonitor)" signature="([Ljava/lang/String;Lorg/eclipse/core/runtime/IProgressMonitor;)V" type="org.eclipse.pde.internal.core.exports.FeatureExportOperation"/>
            <reference linenumber="802" member="cleanup" origin="org.eclipse.pde.internal.core.exports.FeatureExportOperation.cleanup(String[], IProgressMonitor)" signature="([Ljava/lang/String;Lorg/eclipse/core/runtime/IProgressMonitor;)V" type="org.eclipse.pde.internal.core.exports.FeatureExportOperation"/>
        </reference_kind>
    </target>
    <target name="org.eclipse.ant.core.AntCorePreferences" type="org.eclipse.ant.core.AntCorePreferences">
        <reference_kind flags="0" kind="33554432" reference_kind_name="LOCAL_VAR_DECLARED">
            <reference linenumber="402" member="runScript" origin="org.eclipse.pde.internal.core.exports.FeatureExportOperation.runScript(String, String[], Map, IProgressMonitor)" signature="(Ljava/lang/String;[Ljava/lang/String;Ljava/util/Map;Lorg/eclipse/core/runtime/IProgressMonitor;)V" type="org.eclipse.pde.internal.core.exports.FeatureExportOperation"/>
        </reference_kind>
    </target>
    <target name="org.eclipse.ant.core.Property" type="org.eclipse.ant.core.Property">
        <reference_kind flags="0" kind="33554432" reference_kind_name="LOCAL_VAR_DECLARED">
            <reference linenumber="439" member="createAntBuildProperties" origin="org.eclipse.pde.internal.core.exports.FeatureExportOperation.createAntBuildProperties(String[][])" signature="([[Ljava/lang/String;)Ljava/util/HashMap;" type="org.eclipse.pde.internal.core.exports.FeatureExportOperation"/>
        </reference_kind>
        <reference_kind flags="0" kind="262144" reference_kind_name="CASTS">
            <reference linenumber="439" member="createAntBuildProperties" origin="org.eclipse.pde.internal.core.exports.FeatureExportOperation.createAntBuildProperties(String[][])" signature="([[Ljava/lang/String;)Ljava/util/HashMap;" type="org.eclipse.pde.internal.core.exports.FeatureExportOperation"/>
        </reference_kind>
    </target>
</references>
