<?xml version="1.0" encoding="UTF-8" standalone="no"?>
<references name="Methods" origin="org.eclipse.actf.visualization.gui (0.7.2.R201002031025)" referee="org.eclipse.actf.ui (0.7.2.R201002031025)" reference_count="8" reference_visibility="1">
    <target member="createFieldGroup" name="org.eclipse.actf.ui.preferences.GroupFieldEditorPreferencePage.createFieldGroup(String)" signature="(Ljava/lang/String;)Lorg/eclipse/swt/widgets/Group;" type="org.eclipse.actf.ui.preferences.GroupFieldEditorPreferencePage">
        <reference_kind flags="0" kind="256" reference_kind_name="VIRTUAL_METHOD">
            <reference linenumber="-1" member="createFieldEditors" origin="org.eclipse.actf.visualization.gui.preferences.GuiPreferencePage.createFieldEditors()" signature="()V" type="org.eclipse.actf.visualization.gui.preferences.GuiPreferencePage"/>
        </reference_kind>
    </target>
    <target member="&lt;init&gt;" name="org.eclipse.actf.ui.preferences.GroupFieldEditorPreferencePage.GroupFieldEditorPreferencePage()" signature="()V" type="org.eclipse.actf.ui.preferences.GroupFieldEditorPreferencePage">
        <reference_kind flags="0" kind="536870912" reference_kind_name="SUPER_CONSTRUCTORMETHOD">
            <reference linenumber="-1" member="&lt;init&gt;" origin="org.eclipse.actf.visualization.gui.preferences.GuiPreferencePage.GuiPreferencePage()" signature="()V" type="org.eclipse.actf.visualization.gui.preferences.GuiPreferencePage"/>
        </reference_kind>
        <reference_kind flags="0" kind="268435456" reference_kind_name="OVERRIDE">
            <reference linenumber="-1" member="&lt;init&gt;" origin="org.eclipse.actf.visualization.gui.preferences.GuiPreferencePage.GuiPreferencePage()" signature="()V" type="org.eclipse.actf.visualization.gui.preferences.GuiPreferencePage"/>
        </reference_kind>
    </target>
    <target member="createFieldEditors" name="org.eclipse.actf.ui.preferences.GroupFieldEditorPreferencePage.createFieldEditors()" signature="()V" type="org.eclipse.actf.ui.preferences.GroupFieldEditorPreferencePage">
        <reference_kind flags="0" kind="268435456" reference_kind_name="OVERRIDE">
            <reference linenumber="-1" member="createFieldEditors" origin="org.eclipse.actf.visualization.gui.preferences.GuiPreferencePage.createFieldEditors()" signature="()V" type="org.eclipse.actf.visualization.gui.preferences.GuiPreferencePage"/>
        </reference_kind>
    </target>
<target member="getActivePage" name="org.eclipse.actf.ui.util.PlatformUIUtil.getActivePage()" signature="()Lorg/eclipse/ui/IWorkbenchPage;" type="org.eclipse.actf.ui.util.PlatformUIUtil">
        <reference_kind flags="0" kind="128" reference_kind_name="INVOKED_STATIC">
            <reference linenumber="-1" member="hideView" origin="org.eclipse.actf.visualization.gui.ui.views.MSAAViewRegistory.hideView(String)" signature="(Ljava/lang/String;)V" type="org.eclipse.actf.visualization.gui.ui.views.MSAAViewRegistory"/>
            <reference linenumber="-1" member="getRootObject" origin="org.eclipse.actf.visualization.gui.ui.views.MSAAViewRegistory.getRootObject()" signature="()Lorg/eclipse/actf/accservice/swtbridge/AccessibleObject;" type="org.eclipse.actf.visualization.gui.ui.views.MSAAViewRegistory"/>
            <reference linenumber="-1" member="showView" origin="org.eclipse.actf.visualization.gui.ui.views.MSAAViewRegistory.showView(String, boolean)" signature="(Ljava/lang/String;Z)Lorg/eclipse/ui/IViewPart;" type="org.eclipse.actf.visualization.gui.ui.views.MSAAViewRegistory"/>
            <reference linenumber="-1" member="findViewReference" origin="org.eclipse.actf.visualization.gui.ui.views.MSAAViewRegistory.findViewReference(String)" signature="(Ljava/lang/String;)Lorg/eclipse/ui/IViewReference;" type="org.eclipse.actf.visualization.gui.ui.views.MSAAViewRegistory"/>
        </reference_kind>
    </target>
</references>
