<?xml version="1.0" encoding="UTF-8" standalone="no"?>
<references name="Types" origin="org.eclipse.birt.report.designer.ui.editors.schematic (2.5.2.v20100127)" referee="org.eclipse.birt.core.ui (2.5.2.v20091217)" reference_count="4" reference_visibility="1">
    <target name="org.eclipse.birt.core.ui.swt.custom.TextCombo" type="org.eclipse.birt.core.ui.swt.custom.TextCombo">
        <reference_kind flags="0" kind="134217728" reference_kind_name="INSTANTIATION">
            <reference linenumber="1195" member="initComboBoxes" origin="org.eclipse.birt.report.designer.internal.ui.editors.script.JSEditor.initComboBoxes(Composite)" signature="(Lorg/eclipse/swt/widgets/Composite;)V" type="org.eclipse.birt.report.designer.internal.ui.editors.script.JSEditor"/>
        </reference_kind>
        <reference_kind flags="0" kind="4" reference_kind_name="DECLARED_FIELD">
            <reference linenumber="-1" member="cmbSubFunctions" origin="org.eclipse.birt.report.designer.internal.ui.editors.script.JSEditor.cmbSubFunctions" type="org.eclipse.birt.report.designer.internal.ui.editors.script.JSEditor"/>
        </reference_kind>
    </target>
    <target name="org.eclipse.birt.core.ui.swt.custom.TextComboViewer" type="org.eclipse.birt.core.ui.swt.custom.TextComboViewer">
        <reference_kind flags="0" kind="134217728" reference_kind_name="INSTANTIATION">
            <reference linenumber="590" member="createPartControl" origin="org.eclipse.birt.report.designer.internal.ui.editors.script.JSEditor.createPartControl(Composite)" signature="(Lorg/eclipse/swt/widgets/Composite;)V" type="org.eclipse.birt.report.designer.internal.ui.editors.script.JSEditor"/>
        </reference_kind>
        <reference_kind flags="0" kind="4" reference_kind_name="DECLARED_FIELD">
            <reference linenumber="-1" member="cmbSubFunctionsViewer" origin="org.eclipse.birt.report.designer.internal.ui.editors.script.JSEditor.cmbSubFunctionsViewer" type="org.eclipse.birt.report.designer.internal.ui.editors.script.JSEditor"/>
        </reference_kind>
    </target>
</references>
