<?xml version="1.0" encoding="UTF-8" standalone="no"?>
<references name="Methods" origin="org.eclipse.buckminster.ant (1.1.350.r10862)" referee="org.eclipse.ant.core (3.2.101.v20091110_r352)" reference_count="9" reference_visibility="1">
    <target member="getNewClassLoader" name="org.eclipse.ant.core.AntCorePlugin.getNewClassLoader()" signature="()Ljava/lang/ClassLoader;" type="org.eclipse.ant.core.AntCorePlugin">
        <reference_kind flags="0" kind="256" reference_kind_name="VIRTUAL_METHOD">
            <reference linenumber="126" member="getClassLoader" origin="org.eclipse.buckminster.ant.AntRunner.getClassLoader()" signature="()Ljava/lang/ClassLoader;" type="org.eclipse.buckminster.ant.AntRunner"/>
        </reference_kind>
    </target>
    <target member="getValue" name="org.eclipse.ant.core.Property.getValue(boolean)" signature="(Z)Ljava/lang/String;" type="org.eclipse.ant.core.Property">
        <reference_kind flags="0" kind="256" reference_kind_name="VIRTUAL_METHOD">
            <reference linenumber="306" member="run" origin="org.eclipse.buckminster.ant.AntRunner.run(IProgressMonitor)" signature="(Lorg/eclipse/core/runtime/IProgressMonitor;)V" type="org.eclipse.buckminster.ant.AntRunner"/>
        </reference_kind>
    </target>
    <target member="getProperties" name="org.eclipse.ant.core.AntCorePreferences.getProperties()" signature="()Ljava/util/List;" type="org.eclipse.ant.core.AntCorePreferences">
        <reference_kind flags="0" kind="256" reference_kind_name="VIRTUAL_METHOD">
            <reference linenumber="132" member="getGlobalAntProperties" origin="org.eclipse.buckminster.ant.AntRunner.getGlobalAntProperties()" signature="()Ljava/util/List;" type="org.eclipse.buckminster.ant.AntRunner"/>
        </reference_kind>
    </target>
    <target member="getPreferences" name="org.eclipse.ant.core.AntCorePlugin.getPreferences()" signature="()Lorg/eclipse/ant/core/AntCorePreferences;" type="org.eclipse.ant.core.AntCorePlugin">
        <reference_kind flags="0" kind="256" reference_kind_name="VIRTUAL_METHOD">
            <reference linenumber="132" member="getGlobalAntProperties" origin="org.eclipse.buckminster.ant.AntRunner.getGlobalAntProperties()" signature="()Ljava/util/List;" type="org.eclipse.buckminster.ant.AntRunner"/>
        </reference_kind>
    </target>
    <target member="getPlugin" name="org.eclipse.ant.core.AntCorePlugin.getPlugin()" signature="()Lorg/eclipse/ant/core/AntCorePlugin;" type="org.eclipse.ant.core.AntCorePlugin">
        <reference_kind flags="0" kind="128" reference_kind_name="INVOKED_STATIC">
            <reference linenumber="126" member="getClassLoader" origin="org.eclipse.buckminster.ant.AntRunner.getClassLoader()" signature="()Ljava/lang/ClassLoader;" type="org.eclipse.buckminster.ant.AntRunner"/>
            <reference linenumber="187" member="handleInvocationTargetException" origin="org.eclipse.buckminster.ant.AntRunner.handleInvocationTargetException(Object, Class, InvocationTargetException)" signature="(Ljava/lang/Object;Ljava/lang/Class;Ljava/lang/reflect/InvocationTargetException;)Lorg/eclipse/core/runtime/CoreException;" type="org.eclipse.buckminster.ant.AntRunner"/>
            <reference linenumber="221" member="problemLoadingClass" origin="org.eclipse.buckminster.ant.AntRunner.problemLoadingClass(Throwable)" signature="(Ljava/lang/Throwable;)Lorg/eclipse/core/runtime/CoreException;" type="org.eclipse.buckminster.ant.AntRunner"/>
            <reference linenumber="132" member="getGlobalAntProperties" origin="org.eclipse.buckminster.ant.AntRunner.getGlobalAntProperties()" signature="()Ljava/util/List;" type="org.eclipse.buckminster.ant.AntRunner"/>
        </reference_kind>
    </target>
    <target member="getName" name="org.eclipse.ant.core.Property.getName()" signature="()Ljava/lang/String;" type="org.eclipse.ant.core.Property">
        <reference_kind flags="0" kind="256" reference_kind_name="VIRTUAL_METHOD">
            <reference linenumber="308" member="run" origin="org.eclipse.buckminster.ant.AntRunner.run(IProgressMonitor)" signature="(Lorg/eclipse/core/runtime/IProgressMonitor;)V" type="org.eclipse.buckminster.ant.AntRunner"/>
        </reference_kind>
    </target>
</references>
