<?xml version="1.0" encoding="UTF-8" standalone="no"?>
<references name="Types" origin="org.eclipse.buckminster.ant (1.1.350.r10862)" referee="org.eclipse.ant.core (3.2.101.v20091110_r352)" reference_count="4" reference_visibility="1">
    <target name="org.eclipse.ant.core.Property" type="org.eclipse.ant.core.Property">
        <reference_kind flags="0" kind="33554432" reference_kind_name="LOCAL_VAR_DECLARED">
            <reference linenumber="301" member="run" origin="org.eclipse.buckminster.ant.AntRunner.run(IProgressMonitor)" signature="(Lorg/eclipse/core/runtime/IProgressMonitor;)V" type="org.eclipse.buckminster.ant.AntRunner"/>
        </reference_kind>
        <reference_kind flags="0" kind="262144" reference_kind_name="CASTS">
            <reference linenumber="301" member="run" origin="org.eclipse.buckminster.ant.AntRunner.run(IProgressMonitor)" signature="(Lorg/eclipse/core/runtime/IProgressMonitor;)V" type="org.eclipse.buckminster.ant.AntRunner"/>
        </reference_kind>
        <reference_kind flags="0" kind="8388608" reference_kind_name="DECLARED_PARAMETERIZED_METHOD">
            <reference linenumber="-1" member="getGlobalAntProperties" origin="org.eclipse.buckminster.ant.AntRunner.getGlobalAntProperties()" signature="()Ljava/util/List;" type="org.eclipse.buckminster.ant.AntRunner"/>
        </reference_kind>
        <reference_kind flags="0" kind="16777216" reference_kind_name="DECLARED_PARAMETERIZED_VARIABLE">
            <reference linenumber="297" member="run" origin="org.eclipse.buckminster.ant.AntRunner.run(IProgressMonitor)" signature="(Lorg/eclipse/core/runtime/IProgressMonitor;)V" type="org.eclipse.buckminster.ant.AntRunner"/>
        </reference_kind>
    </target>
</references>
