<?xml version="1.0" encoding="UTF-8" standalone="no"?>
<references name="Methods" origin="org.eclipse.acceleo.ide.ui (0.8.1.v200909161003)" referee="org.eclipse.acceleo.parser (0.8.1.v200909161003)" reference_count="194" reference_visibility="8">
    <target member="getFileContent" name="org.eclipse.acceleo.internal.parser.cst.utils.FileContent.getFileContent(File)" signature="(Ljava/io/File;)Ljava/lang/StringBuffer;" type="org.eclipse.acceleo.internal.parser.cst.utils.FileContent">
        <reference_kind flags="0" kind="128" reference_kind_name="INVOKED_STATIC">
            <reference linenumber="108" member="readExampleContent" origin="org.eclipse.acceleo.ide.ui.wizards.newfile.example.AcceleoCopyExampleContentStrategy.readExampleContent(IFile)" signature="(Lorg/eclipse/core/resources/IFile;)Ljava/lang/StringBuffer;" type="org.eclipse.acceleo.ide.ui.wizards.newfile.example.AcceleoCopyExampleContentStrategy"/>
        <reference linenumber="209" member="getOtherTemplatesToBuild" origin="org.eclipse.acceleo.internal.ide.ui.builders.AcceleoBuilder.getOtherTemplatesToBuild(List, List)" signature="(Ljava/util/List;Ljava/util/List;)Ljava/util/List;" type="org.eclipse.acceleo.internal.ide.ui.builders.AcceleoBuilder"/>
            <reference linenumber="191" member="hasMainTag" origin="org.eclipse.acceleo.internal.ide.ui.builders.AcceleoCompileOperation.hasMainTag(IFile)" signature="(Lorg/eclipse/core/resources/IFile;)Z" type="org.eclipse.acceleo.internal.ide.ui.builders.AcceleoCompileOperation"/>
        <reference linenumber="119" member="run" origin="org.eclipse.acceleo.internal.ide.ui.builders.runner.CreateRunnableAcceleoOperation.run(IProgressMonitor)" signature="(Lorg/eclipse/core/runtime/IProgressMonitor;)V" type="org.eclipse.acceleo.internal.ide.ui.builders.runner.CreateRunnableAcceleoOperation"/>
            <reference linenumber="314" member="createFile" origin="org.eclipse.acceleo.internal.ide.ui.builders.runner.CreateRunnableAcceleoOperation.createFile(IFile, String, IProgressMonitor)" signature="(Lorg/eclipse/core/resources/IFile;Ljava/lang/String;Lorg/eclipse/core/runtime/IProgressMonitor;)V" type="org.eclipse.acceleo.internal.ide.ui.builders.runner.CreateRunnableAcceleoOperation"/>
        <reference linenumber="164" member="init" origin="org.eclipse.acceleo.internal.ide.ui.debug.core.AcceleoDebugger.init(IProject)" signature="(Lorg/eclipse/core/resources/IProject;)V" type="org.eclipse.acceleo.internal.ide.ui.debug.core.AcceleoDebugger"/>
        <reference linenumber="197" member="scanModuleForDeclaration" origin="org.eclipse.acceleo.internal.ide.ui.editors.template.actions.references.ReferencesSearchQuery.scanModuleForDeclaration(Module)" signature="(Lorg/eclipse/acceleo/model/mtl/Module;)V" type="org.eclipse.acceleo.internal.ide.ui.editors.template.actions.references.ReferencesSearchQuery"/>
        <reference linenumber="82" member="readExampleContent" origin="org.eclipse.acceleo.internal.ide.ui.wizards.newfile.example.AbstractM2TContentStrategy.readExampleContent(IFile)" signature="(Lorg/eclipse/core/resources/IFile;)Ljava/lang/StringBuffer;" type="org.eclipse.acceleo.internal.ide.ui.wizards.newfile.example.AbstractM2TContentStrategy"/>
        <reference linenumber="477" member="createFile" origin="org.eclipse.acceleo.internal.ide.ui.wizards.newproject.AcceleoNewProjectUIWizard.createFile(IProject, IPath, String, boolean, IProgressMonitor)" signature="(Lorg/eclipse/core/resources/IProject;Lorg/eclipse/core/runtime/IPath;Ljava/lang/String;ZLorg/eclipse/core/runtime/IProgressMonitor;)V" type="org.eclipse.acceleo.internal.ide.ui.wizards.newproject.AcceleoNewProjectUIWizard"/>
        </reference_kind>
    </target>
<target member="&lt;init&gt;" name="org.eclipse.acceleo.internal.parser.cst.utils.Sequence.Sequence(String[])" signature="([Ljava/lang/String;)V" type="org.eclipse.acceleo.internal.parser.cst.utils.Sequence">
        <reference_kind flags="0" kind="64" reference_kind_name="CONSTRUCTOR_METHOD">
            <reference linenumber="182" member="computeOtherFilesToBuild" origin="org.eclipse.acceleo.internal.ide.ui.builders.AcceleoBuilder.computeOtherFilesToBuild(List)" signature="(Ljava/util/List;)V" type="org.eclipse.acceleo.internal.ide.ui.builders.AcceleoBuilder"/>
            <reference linenumber="168" member="computeOtherFilesToBuild" origin="org.eclipse.acceleo.internal.ide.ui.builders.AcceleoBuilder.computeOtherFilesToBuild(List)" signature="(Ljava/util/List;)V" type="org.eclipse.acceleo.internal.ide.ui.builders.AcceleoBuilder"/>
        </reference_kind>
    </target>
    <target member="b" name="org.eclipse.acceleo.internal.parser.cst.utils.Region.b()" signature="()I" type="org.eclipse.acceleo.internal.parser.cst.utils.Region">
        <reference_kind flags="0" kind="256" reference_kind_name="VIRTUAL_METHOD">
            <reference linenumber="192" member="hasMainTag" origin="org.eclipse.acceleo.internal.ide.ui.builders.AcceleoCompileOperation.hasMainTag(IFile)" signature="(Lorg/eclipse/core/resources/IFile;)Z" type="org.eclipse.acceleo.internal.ide.ui.builders.AcceleoCompileOperation"/>
            <reference linenumber="213" member="getOtherTemplatesToBuild" origin="org.eclipse.acceleo.internal.ide.ui.builders.AcceleoBuilder.getOtherTemplatesToBuild(List, List)" signature="(Ljava/util/List;Ljava/util/List;)Ljava/util/List;" type="org.eclipse.acceleo.internal.ide.ui.builders.AcceleoBuilder"/>
        <reference linenumber="1081" member="computeKeywordsProposalsInTemplateInvocationHeader" origin="org.eclipse.acceleo.internal.ide.ui.editors.template.AcceleoCompletionProcessor.computeKeywordsProposalsInTemplateInvocationHeader(List, String, String, Image)" signature="(Ljava/util/List;Ljava/lang/String;Ljava/lang/String;Lorg/eclipse/swt/graphics/Image;)V" type="org.eclipse.acceleo.internal.ide.ui.editors.template.AcceleoCompletionProcessor"/>
            <reference linenumber="1082" member="computeKeywordsProposalsInTemplateInvocationHeader" origin="org.eclipse.acceleo.internal.ide.ui.editors.template.AcceleoCompletionProcessor.computeKeywordsProposalsInTemplateInvocationHeader(List, String, String, Image)" signature="(Ljava/util/List;Ljava/lang/String;Ljava/lang/String;Lorg/eclipse/swt/graphics/Image;)V" type="org.eclipse.acceleo.internal.ide.ui.editors.template.AcceleoCompletionProcessor"/>
            <reference linenumber="1185" member="isHeaderAfterParenthesis" origin="org.eclipse.acceleo.internal.ide.ui.editors.template.AcceleoCompletionProcessor.isHeaderAfterParenthesis(String)" signature="(Ljava/lang/String;)Z" type="org.eclipse.acceleo.internal.ide.ui.editors.template.AcceleoCompletionProcessor"/>
            <reference linenumber="1140" member="computeKeywordsProposalsInForBlockHeader" origin="org.eclipse.acceleo.internal.ide.ui.editors.template.AcceleoCompletionProcessor.computeKeywordsProposalsInForBlockHeader(List, String, String, Image)" signature="(Ljava/util/List;Ljava/lang/String;Ljava/lang/String;Lorg/eclipse/swt/graphics/Image;)V" type="org.eclipse.acceleo.internal.ide.ui.editors.template.AcceleoCompletionProcessor"/>
            <reference linenumber="1183" member="isHeaderAfterParenthesis" origin="org.eclipse.acceleo.internal.ide.ui.editors.template.AcceleoCompletionProcessor.isHeaderAfterParenthesis(String)" signature="(Ljava/lang/String;)Z" type="org.eclipse.acceleo.internal.ide.ui.editors.template.AcceleoCompletionProcessor"/>
            <reference linenumber="1146" member="computeKeywordsProposalsInForBlockHeader" origin="org.eclipse.acceleo.internal.ide.ui.editors.template.AcceleoCompletionProcessor.computeKeywordsProposalsInForBlockHeader(List, String, String, Image)" signature="(Ljava/util/List;Ljava/lang/String;Ljava/lang/String;Lorg/eclipse/swt/graphics/Image;)V" type="org.eclipse.acceleo.internal.ide.ui.editors.template.AcceleoCompletionProcessor"/>
            <reference linenumber="1182" member="isHeaderAfterParenthesis" origin="org.eclipse.acceleo.internal.ide.ui.editors.template.AcceleoCompletionProcessor.isHeaderAfterParenthesis(String)" signature="(Ljava/lang/String;)Z" type="org.eclipse.acceleo.internal.ide.ui.editors.template.AcceleoCompletionProcessor"/>
            <reference linenumber="1134" member="computeKeywordsProposalsInForBlockHeader" origin="org.eclipse.acceleo.internal.ide.ui.editors.template.AcceleoCompletionProcessor.computeKeywordsProposalsInForBlockHeader(List, String, String, Image)" signature="(Ljava/util/List;Ljava/lang/String;Ljava/lang/String;Lorg/eclipse/swt/graphics/Image;)V" type="org.eclipse.acceleo.internal.ide.ui.editors.template.AcceleoCompletionProcessor"/>
            <reference linenumber="1133" member="computeKeywordsProposalsInForBlockHeader" origin="org.eclipse.acceleo.internal.ide.ui.editors.template.AcceleoCompletionProcessor.computeKeywordsProposalsInForBlockHeader(List, String, String, Image)" signature="(Ljava/util/List;Ljava/lang/String;Ljava/lang/String;Lorg/eclipse/swt/graphics/Image;)V" type="org.eclipse.acceleo.internal.ide.ui.editors.template.AcceleoCompletionProcessor"/>
            <reference linenumber="1095" member="computeKeywordsProposalsInTemplateInvocationHeader" origin="org.eclipse.acceleo.internal.ide.ui.editors.template.AcceleoCompletionProcessor.computeKeywordsProposalsInTemplateInvocationHeader(List, String, String, Image)" signature="(Ljava/util/List;Ljava/lang/String;Ljava/lang/String;Lorg/eclipse/swt/graphics/Image;)V" type="org.eclipse.acceleo.internal.ide.ui.editors.template.AcceleoCompletionProcessor"/>
            <reference linenumber="1089" member="computeKeywordsProposalsInTemplateInvocationHeader" origin="org.eclipse.acceleo.internal.ide.ui.editors.template.AcceleoCompletionProcessor.computeKeywordsProposalsInTemplateInvocationHeader(List, String, String, Image)" signature="(Ljava/util/List;Ljava/lang/String;Ljava/lang/String;Lorg/eclipse/swt/graphics/Image;)V" type="org.eclipse.acceleo.internal.ide.ui.editors.template.AcceleoCompletionProcessor"/>
            <reference linenumber="1015" member="computeKeywordsProposalsInTemplateHeader" origin="org.eclipse.acceleo.internal.ide.ui.editors.template.AcceleoCompletionProcessor.computeKeywordsProposalsInTemplateHeader(List, String, String, Image)" signature="(Ljava/util/List;Ljava/lang/String;Ljava/lang/String;Lorg/eclipse/swt/graphics/Image;)V" type="org.eclipse.acceleo.internal.ide.ui.editors.template.AcceleoCompletionProcessor"/>
            <reference linenumber="1126" member="computeKeywordsProposalsInForBlockHeader" origin="org.eclipse.acceleo.internal.ide.ui.editors.template.AcceleoCompletionProcessor.computeKeywordsProposalsInForBlockHeader(List, String, String, Image)" signature="(Ljava/util/List;Ljava/lang/String;Ljava/lang/String;Lorg/eclipse/swt/graphics/Image;)V" type="org.eclipse.acceleo.internal.ide.ui.editors.template.AcceleoCompletionProcessor"/>
            <reference linenumber="1125" member="computeKeywordsProposalsInForBlockHeader" origin="org.eclipse.acceleo.internal.ide.ui.editors.template.AcceleoCompletionProcessor.computeKeywordsProposalsInForBlockHeader(List, String, String, Image)" signature="(Ljava/util/List;Ljava/lang/String;Ljava/lang/String;Lorg/eclipse/swt/graphics/Image;)V" type="org.eclipse.acceleo.internal.ide.ui.editors.template.AcceleoCompletionProcessor"/>
            <reference linenumber="1019" member="computeKeywordsProposalsInTemplateHeader" origin="org.eclipse.acceleo.internal.ide.ui.editors.template.AcceleoCompletionProcessor.computeKeywordsProposalsInTemplateHeader(List, String, String, Image)" signature="(Ljava/util/List;Ljava/lang/String;Ljava/lang/String;Lorg/eclipse/swt/graphics/Image;)V" type="org.eclipse.acceleo.internal.ide.ui.editors.template.AcceleoCompletionProcessor"/>
        </reference_kind>
    </target>
    <target member="&lt;init&gt;" name="org.eclipse.acceleo.internal.parser.cst.utils.Sequence.Sequence(String)" signature="(Ljava/lang/String;)V" type="org.eclipse.acceleo.internal.parser.cst.utils.Sequence">
        <reference_kind flags="0" kind="64" reference_kind_name="CONSTRUCTOR_METHOD">
            <reference linenumber="185" member="hasMainTag" origin="org.eclipse.acceleo.internal.ide.ui.builders.AcceleoCompileOperation.hasMainTag(IFile)" signature="(Lorg/eclipse/core/resources/IFile;)Z" type="org.eclipse.acceleo.internal.ide.ui.builders.AcceleoCompileOperation"/>
        <reference linenumber="1175" member="isHeaderAfterParenthesis" origin="org.eclipse.acceleo.internal.ide.ui.editors.template.AcceleoCompletionProcessor.isHeaderAfterParenthesis(String)" signature="(Ljava/lang/String;)Z" type="org.eclipse.acceleo.internal.ide.ui.editors.template.AcceleoCompletionProcessor"/>
            <reference linenumber="1176" member="isHeaderAfterParenthesis" origin="org.eclipse.acceleo.internal.ide.ui.editors.template.AcceleoCompletionProcessor.isHeaderAfterParenthesis(String)" signature="(Ljava/lang/String;)Z" type="org.eclipse.acceleo.internal.ide.ui.editors.template.AcceleoCompletionProcessor"/>
            <reference linenumber="1177" member="isHeaderAfterParenthesis" origin="org.eclipse.acceleo.internal.ide.ui.editors.template.AcceleoCompletionProcessor.isHeaderAfterParenthesis(String)" signature="(Ljava/lang/String;)Z" type="org.eclipse.acceleo.internal.ide.ui.editors.template.AcceleoCompletionProcessor"/>
            <reference linenumber="1178" member="isHeaderAfterParenthesis" origin="org.eclipse.acceleo.internal.ide.ui.editors.template.AcceleoCompletionProcessor.isHeaderAfterParenthesis(String)" signature="(Ljava/lang/String;)Z" type="org.eclipse.acceleo.internal.ide.ui.editors.template.AcceleoCompletionProcessor"/>
            <reference linenumber="1013" member="computeKeywordsProposalsInTemplateHeader" origin="org.eclipse.acceleo.internal.ide.ui.editors.template.AcceleoCompletionProcessor.computeKeywordsProposalsInTemplateHeader(List, String, String, Image)" signature="(Ljava/util/List;Ljava/lang/String;Ljava/lang/String;Lorg/eclipse/swt/graphics/Image;)V" type="org.eclipse.acceleo.internal.ide.ui.editors.template.AcceleoCompletionProcessor"/>
            <reference linenumber="1123" member="computeKeywordsProposalsInForBlockHeader" origin="org.eclipse.acceleo.internal.ide.ui.editors.template.AcceleoCompletionProcessor.computeKeywordsProposalsInForBlockHeader(List, String, String, Image)" signature="(Ljava/util/List;Ljava/lang/String;Ljava/lang/String;Lorg/eclipse/swt/graphics/Image;)V" type="org.eclipse.acceleo.internal.ide.ui.editors.template.AcceleoCompletionProcessor"/>
            <reference linenumber="1181" member="isHeaderAfterParenthesis" origin="org.eclipse.acceleo.internal.ide.ui.editors.template.AcceleoCompletionProcessor.isHeaderAfterParenthesis(String)" signature="(Ljava/lang/String;)Z" type="org.eclipse.acceleo.internal.ide.ui.editors.template.AcceleoCompletionProcessor"/>
            <reference linenumber="1180" member="isHeaderAfterParenthesis" origin="org.eclipse.acceleo.internal.ide.ui.editors.template.AcceleoCompletionProcessor.isHeaderAfterParenthesis(String)" signature="(Ljava/lang/String;)Z" type="org.eclipse.acceleo.internal.ide.ui.editors.template.AcceleoCompletionProcessor"/>
            <reference linenumber="1179" member="isHeaderAfterParenthesis" origin="org.eclipse.acceleo.internal.ide.ui.editors.template.AcceleoCompletionProcessor.isHeaderAfterParenthesis(String)" signature="(Ljava/lang/String;)Z" type="org.eclipse.acceleo.internal.ide.ui.editors.template.AcceleoCompletionProcessor"/>
        </reference_kind>
    </target>
    <target member="search" name="org.eclipse.acceleo.internal.parser.cst.utils.Sequence.search(StringBuffer)" signature="(Ljava/lang/StringBuffer;)Lorg/eclipse/acceleo/internal/parser/cst/utils/Region;" type="org.eclipse.acceleo.internal.parser.cst.utils.Sequence">
        <reference_kind flags="0" kind="256" reference_kind_name="VIRTUAL_METHOD">
            <reference linenumber="192" member="hasMainTag" origin="org.eclipse.acceleo.internal.ide.ui.builders.AcceleoCompileOperation.hasMainTag(IFile)" signature="(Lorg/eclipse/core/resources/IFile;)Z" type="org.eclipse.acceleo.internal.ide.ui.builders.AcceleoCompileOperation"/>
            <reference linenumber="213" member="getOtherTemplatesToBuild" origin="org.eclipse.acceleo.internal.ide.ui.builders.AcceleoBuilder.getOtherTemplatesToBuild(List, List)" signature="(Ljava/util/List;Ljava/util/List;)Ljava/util/List;" type="org.eclipse.acceleo.internal.ide.ui.builders.AcceleoBuilder"/>
        <reference linenumber="1134" member="computeKeywordsProposalsInForBlockHeader" origin="org.eclipse.acceleo.internal.ide.ui.editors.template.AcceleoCompletionProcessor.computeKeywordsProposalsInForBlockHeader(List, String, String, Image)" signature="(Ljava/util/List;Ljava/lang/String;Ljava/lang/String;Lorg/eclipse/swt/graphics/Image;)V" type="org.eclipse.acceleo.internal.ide.ui.editors.template.AcceleoCompletionProcessor"/>
            <reference linenumber="1089" member="computeKeywordsProposalsInTemplateInvocationHeader" origin="org.eclipse.acceleo.internal.ide.ui.editors.template.AcceleoCompletionProcessor.computeKeywordsProposalsInTemplateInvocationHeader(List, String, String, Image)" signature="(Ljava/util/List;Ljava/lang/String;Ljava/lang/String;Lorg/eclipse/swt/graphics/Image;)V" type="org.eclipse.acceleo.internal.ide.ui.editors.template.AcceleoCompletionProcessor"/>
            <reference linenumber="1015" member="computeKeywordsProposalsInTemplateHeader" origin="org.eclipse.acceleo.internal.ide.ui.editors.template.AcceleoCompletionProcessor.computeKeywordsProposalsInTemplateHeader(List, String, String, Image)" signature="(Ljava/util/List;Ljava/lang/String;Ljava/lang/String;Lorg/eclipse/swt/graphics/Image;)V" type="org.eclipse.acceleo.internal.ide.ui.editors.template.AcceleoCompletionProcessor"/>
            <reference linenumber="1133" member="computeKeywordsProposalsInForBlockHeader" origin="org.eclipse.acceleo.internal.ide.ui.editors.template.AcceleoCompletionProcessor.computeKeywordsProposalsInForBlockHeader(List, String, String, Image)" signature="(Ljava/util/List;Ljava/lang/String;Ljava/lang/String;Lorg/eclipse/swt/graphics/Image;)V" type="org.eclipse.acceleo.internal.ide.ui.editors.template.AcceleoCompletionProcessor"/>
            <reference linenumber="1146" member="computeKeywordsProposalsInForBlockHeader" origin="org.eclipse.acceleo.internal.ide.ui.editors.template.AcceleoCompletionProcessor.computeKeywordsProposalsInForBlockHeader(List, String, String, Image)" signature="(Ljava/util/List;Ljava/lang/String;Ljava/lang/String;Lorg/eclipse/swt/graphics/Image;)V" type="org.eclipse.acceleo.internal.ide.ui.editors.template.AcceleoCompletionProcessor"/>
            <reference linenumber="1082" member="computeKeywordsProposalsInTemplateInvocationHeader" origin="org.eclipse.acceleo.internal.ide.ui.editors.template.AcceleoCompletionProcessor.computeKeywordsProposalsInTemplateInvocationHeader(List, String, String, Image)" signature="(Ljava/util/List;Ljava/lang/String;Ljava/lang/String;Lorg/eclipse/swt/graphics/Image;)V" type="org.eclipse.acceleo.internal.ide.ui.editors.template.AcceleoCompletionProcessor"/>
            <reference linenumber="1126" member="computeKeywordsProposalsInForBlockHeader" origin="org.eclipse.acceleo.internal.ide.ui.editors.template.AcceleoCompletionProcessor.computeKeywordsProposalsInForBlockHeader(List, String, String, Image)" signature="(Ljava/util/List;Ljava/lang/String;Ljava/lang/String;Lorg/eclipse/swt/graphics/Image;)V" type="org.eclipse.acceleo.internal.ide.ui.editors.template.AcceleoCompletionProcessor"/>
            <reference linenumber="1081" member="computeKeywordsProposalsInTemplateInvocationHeader" origin="org.eclipse.acceleo.internal.ide.ui.editors.template.AcceleoCompletionProcessor.computeKeywordsProposalsInTemplateInvocationHeader(List, String, String, Image)" signature="(Ljava/util/List;Ljava/lang/String;Ljava/lang/String;Lorg/eclipse/swt/graphics/Image;)V" type="org.eclipse.acceleo.internal.ide.ui.editors.template.AcceleoCompletionProcessor"/>
            <reference linenumber="1140" member="computeKeywordsProposalsInForBlockHeader" origin="org.eclipse.acceleo.internal.ide.ui.editors.template.AcceleoCompletionProcessor.computeKeywordsProposalsInForBlockHeader(List, String, String, Image)" signature="(Ljava/util/List;Ljava/lang/String;Ljava/lang/String;Lorg/eclipse/swt/graphics/Image;)V" type="org.eclipse.acceleo.internal.ide.ui.editors.template.AcceleoCompletionProcessor"/>
            <reference linenumber="1095" member="computeKeywordsProposalsInTemplateInvocationHeader" origin="org.eclipse.acceleo.internal.ide.ui.editors.template.AcceleoCompletionProcessor.computeKeywordsProposalsInTemplateInvocationHeader(List, String, String, Image)" signature="(Ljava/util/List;Ljava/lang/String;Ljava/lang/String;Lorg/eclipse/swt/graphics/Image;)V" type="org.eclipse.acceleo.internal.ide.ui.editors.template.AcceleoCompletionProcessor"/>
            <reference linenumber="1125" member="computeKeywordsProposalsInForBlockHeader" origin="org.eclipse.acceleo.internal.ide.ui.editors.template.AcceleoCompletionProcessor.computeKeywordsProposalsInForBlockHeader(List, String, String, Image)" signature="(Ljava/util/List;Ljava/lang/String;Ljava/lang/String;Lorg/eclipse/swt/graphics/Image;)V" type="org.eclipse.acceleo.internal.ide.ui.editors.template.AcceleoCompletionProcessor"/>
            <reference linenumber="1019" member="computeKeywordsProposalsInTemplateHeader" origin="org.eclipse.acceleo.internal.ide.ui.editors.template.AcceleoCompletionProcessor.computeKeywordsProposalsInTemplateHeader(List, String, String, Image)" signature="(Ljava/util/List;Ljava/lang/String;Ljava/lang/String;Lorg/eclipse/swt/graphics/Image;)V" type="org.eclipse.acceleo.internal.ide.ui.editors.template.AcceleoCompletionProcessor"/>
        </reference_kind>
    </target>
<target member="getBefore" name="org.eclipse.acceleo.parser.cst.ForBlock.getBefore()" signature="()Lorg/eclipse/acceleo/parser/cst/ModelExpression;" type="org.eclipse.acceleo.parser.cst.ForBlock">
        <reference_kind flags="0" kind="512" reference_kind_name="INTERFACE_METHOD">
            <reference linenumber="1124" member="computeKeywordsProposalsInForBlockHeader" origin="org.eclipse.acceleo.internal.ide.ui.editors.template.AcceleoCompletionProcessor.computeKeywordsProposalsInForBlockHeader(List, String, String, Image)" signature="(Ljava/util/List;Ljava/lang/String;Ljava/lang/String;Lorg/eclipse/swt/graphics/Image;)V" type="org.eclipse.acceleo.internal.ide.ui.editors.template.AcceleoCompletionProcessor"/>
        </reference_kind>
    </target>
    <target member="setBefore" name="org.eclipse.acceleo.parser.cst.ModelExpression.setBefore(ModelExpression)" signature="(Lorg/eclipse/acceleo/parser/cst/ModelExpression;)V" type="org.eclipse.acceleo.parser.cst.ModelExpression">
        <reference_kind flags="0" kind="512" reference_kind_name="INTERFACE_METHOD">
            <reference linenumber="411" member="replaceModelExpression" origin="org.eclipse.acceleo.internal.ide.ui.editors.template.AcceleoSourceContent.replaceModelExpression(ModelExpression)" signature="(Lorg/eclipse/acceleo/parser/cst/ModelExpression;)Lorg/eclipse/acceleo/parser/cst/ModelExpression;" type="org.eclipse.acceleo.internal.ide.ui.editors.template.AcceleoSourceContent"/>
        </reference_kind>
    </target>
    <target member="parseExpressionHeader" name="org.eclipse.acceleo.internal.parser.cst.CSTParserBlock.parseExpressionHeader(int, int, ModelExpression)" signature="(IILorg/eclipse/acceleo/parser/cst/ModelExpression;)V" type="org.eclipse.acceleo.internal.parser.cst.CSTParserBlock">
        <reference_kind flags="0" kind="256" reference_kind_name="VIRTUAL_METHOD">
            <reference linenumber="414" member="replaceModelExpression" origin="org.eclipse.acceleo.internal.ide.ui.editors.template.AcceleoSourceContent.replaceModelExpression(ModelExpression)" signature="(Lorg/eclipse/acceleo/parser/cst/ModelExpression;)Lorg/eclipse/acceleo/parser/cst/ModelExpression;" type="org.eclipse.acceleo.internal.ide.ui.editors.template.AcceleoSourceContent"/>
        </reference_kind>
    </target>
    <target member="search" name="org.eclipse.acceleo.internal.parser.cst.utils.Sequence.search(StringBuffer, int, int, Sequence, SequenceBlock[])" signature="(Ljava/lang/StringBuffer;IILorg/eclipse/acceleo/internal/parser/cst/utils/Sequence;[Lorg/eclipse/acceleo/internal/parser/cst/utils/SequenceBlock;)Lorg/eclipse/acceleo/internal/parser/cst/utils/Region;" type="org.eclipse.acceleo.internal.parser.cst.utils.Sequence">
        <reference_kind flags="0" kind="256" reference_kind_name="VIRTUAL_METHOD">
            <reference linenumber="1182" member="isHeaderAfterParenthesis" origin="org.eclipse.acceleo.internal.ide.ui.editors.template.AcceleoCompletionProcessor.isHeaderAfterParenthesis(String)" signature="(Ljava/lang/String;)Z" type="org.eclipse.acceleo.internal.ide.ui.editors.template.AcceleoCompletionProcessor"/>
            <reference linenumber="1184" member="isHeaderAfterParenthesis" origin="org.eclipse.acceleo.internal.ide.ui.editors.template.AcceleoCompletionProcessor.isHeaderAfterParenthesis(String)" signature="(Ljava/lang/String;)Z" type="org.eclipse.acceleo.internal.ide.ui.editors.template.AcceleoCompletionProcessor"/>
        </reference_kind>
    </target>
    <target member="getEach" name="org.eclipse.acceleo.parser.cst.ForBlock.getEach()" signature="()Lorg/eclipse/acceleo/parser/cst/ModelExpression;" type="org.eclipse.acceleo.parser.cst.ForBlock">
        <reference_kind flags="0" kind="512" reference_kind_name="INTERFACE_METHOD">
            <reference linenumber="1132" member="computeKeywordsProposalsInForBlockHeader" origin="org.eclipse.acceleo.internal.ide.ui.editors.template.AcceleoCompletionProcessor.computeKeywordsProposalsInForBlockHeader(List, String, String, Image)" signature="(Ljava/util/List;Ljava/lang/String;Ljava/lang/String;Lorg/eclipse/swt/graphics/Image;)V" type="org.eclipse.acceleo.internal.ide.ui.editors.template.AcceleoCompletionProcessor"/>
        </reference_kind>
    </target>
    <target member="addRecursivelyVariablesToScopeAndGetContextClassifierAt" name="org.eclipse.acceleo.internal.parser.ast.ocl.OCLParser.addRecursivelyVariablesToScopeAndGetContextClassifierAt(Module, int)" signature="(Lorg/eclipse/acceleo/model/mtl/Module;I)Lorg/eclipse/emf/ecore/EClassifier;" type="org.eclipse.acceleo.internal.parser.ast.ocl.OCLParser">
        <reference_kind flags="0" kind="256" reference_kind_name="VIRTUAL_METHOD">
            <reference linenumber="651" member="getSyntaxHelp" origin="org.eclipse.acceleo.internal.ide.ui.editors.template.AcceleoSourceContent.getSyntaxHelp(String, int)" signature="(Ljava/lang/String;I)Ljava/util/Collection;" type="org.eclipse.acceleo.internal.ide.ui.editors.template.AcceleoSourceContent"/>
        </reference_kind>
    </target>
    <target member="addRecursivelyMetamodelsToScope" name="org.eclipse.acceleo.internal.parser.ast.ocl.OCLParser.addRecursivelyMetamodelsToScope(Module)" signature="(Lorg/eclipse/acceleo/model/mtl/Module;)V" type="org.eclipse.acceleo.internal.parser.ast.ocl.OCLParser">
        <reference_kind flags="0" kind="256" reference_kind_name="VIRTUAL_METHOD">
            <reference linenumber="646" member="getSyntaxHelp" origin="org.eclipse.acceleo.internal.ide.ui.editors.template.AcceleoSourceContent.getSyntaxHelp(String, int)" signature="(Ljava/lang/String;I)Ljava/util/Collection;" type="org.eclipse.acceleo.internal.ide.ui.editors.template.AcceleoSourceContent"/>
            <reference linenumber="899" member="getTypes" origin="org.eclipse.acceleo.internal.ide.ui.editors.template.AcceleoSourceContent.getTypes()" signature="()Ljava/util/List;" type="org.eclipse.acceleo.internal.ide.ui.editors.template.AcceleoSourceContent"/>
        </reference_kind>
    </target>
    <target member="createVariable" name="org.eclipse.acceleo.internal.parser.cst.CSTParser.createVariable(int, int, Module)" signature="(IILorg/eclipse/acceleo/parser/cst/Module;)Lorg/eclipse/acceleo/parser/cst/Variable;" type="org.eclipse.acceleo.internal.parser.cst.CSTParser">
        <reference_kind flags="0" kind="256" reference_kind_name="VIRTUAL_METHOD">
            <reference linenumber="463" member="replaceVariable" origin="org.eclipse.acceleo.internal.ide.ui.editors.template.AcceleoSourceContent.replaceVariable(Variable)" signature="(Lorg/eclipse/acceleo/parser/cst/Variable;)Lorg/eclipse/emf/ecore/EObject;" type="org.eclipse.acceleo.internal.ide.ui.editors.template.AcceleoSourceContent"/>
        </reference_kind>
    </target>
    <target member="getGuard" name="org.eclipse.acceleo.parser.cst.Template.getGuard()" signature="()Lorg/eclipse/acceleo/parser/cst/ModelExpression;" type="org.eclipse.acceleo.parser.cst.Template">
        <reference_kind flags="0" kind="512" reference_kind_name="INTERFACE_METHOD">
            <reference linenumber="1018" member="computeKeywordsProposalsInTemplateHeader" origin="org.eclipse.acceleo.internal.ide.ui.editors.template.AcceleoCompletionProcessor.computeKeywordsProposalsInTemplateHeader(List, String, String, Image)" signature="(Ljava/util/List;Ljava/lang/String;Ljava/lang/String;Lorg/eclipse/swt/graphics/Image;)V" type="org.eclipse.acceleo.internal.ide.ui.editors.template.AcceleoCompletionProcessor"/>
        </reference_kind>
    </target>
    <target member="getSyntaxHelp" name="org.eclipse.acceleo.internal.parser.ast.ocl.OCLParser.getSyntaxHelp(String)" signature="(Ljava/lang/String;)Ljava/util/List;" type="org.eclipse.acceleo.internal.parser.ast.ocl.OCLParser">
        <reference_kind flags="0" kind="256" reference_kind_name="VIRTUAL_METHOD">
            <reference linenumber="657" member="getSyntaxHelp" origin="org.eclipse.acceleo.internal.ide.ui.editors.template.AcceleoSourceContent.getSyntaxHelp(String, int)" signature="(Ljava/lang/String;I)Ljava/util/Collection;" type="org.eclipse.acceleo.internal.ide.ui.editors.template.AcceleoSourceContent"/>
        </reference_kind>
    </target>
    <target member="canceling" name="org.eclipse.acceleo.internal.parser.ast.CST2ASTConverter.canceling(boolean)" signature="(Z)V" type="org.eclipse.acceleo.internal.parser.ast.CST2ASTConverter">
        <reference_kind flags="0" kind="256" reference_kind_name="VIRTUAL_METHOD">
            <reference linenumber="214" member="canceling" origin="org.eclipse.acceleo.internal.ide.ui.editors.template.AcceleoSourceContent.AcceleoSourceBufferWithASTJob.1.canceling()" signature="()V" type="org.eclipse.acceleo.internal.ide.ui.editors.template.AcceleoSourceContent$AcceleoSourceBufferWithASTJob$1"/>
            <reference linenumber="207" member="run" origin="org.eclipse.acceleo.internal.ide.ui.editors.template.AcceleoSourceContent.AcceleoSourceBufferWithASTJob.1.run(IProgressMonitor)" signature="(Lorg/eclipse/core/runtime/IProgressMonitor;)Lorg/eclipse/core/runtime/IStatus;" type="org.eclipse.acceleo.internal.ide.ui.editors.template.AcceleoSourceContent$AcceleoSourceBufferWithASTJob$1"/>
        </reference_kind>
    </target>
    <target member="getType" name="org.eclipse.acceleo.parser.cst.Variable.getType()" signature="()Ljava/lang/String;" type="org.eclipse.acceleo.parser.cst.Variable">
        <reference_kind flags="0" kind="512" reference_kind_name="INTERFACE_METHOD">
            <reference linenumber="225" member="getTextForVariable" origin="org.eclipse.acceleo.internal.ide.ui.editors.template.AcceleoOutlinePageItemProvider.getTextForVariable(Variable)" signature="(Lorg/eclipse/acceleo/parser/cst/Variable;)Ljava/lang/StringBuffer;" type="org.eclipse.acceleo.internal.ide.ui.editors.template.AcceleoOutlinePageItemProvider"/>
            <reference linenumber="226" member="getTextForVariable" origin="org.eclipse.acceleo.internal.ide.ui.editors.template.AcceleoOutlinePageItemProvider.getTextForVariable(Variable)" signature="(Lorg/eclipse/acceleo/parser/cst/Variable;)Ljava/lang/StringBuffer;" type="org.eclipse.acceleo.internal.ide.ui.editors.template.AcceleoOutlinePageItemProvider"/>
            <reference linenumber="204" member="getTextForTemplate" origin="org.eclipse.acceleo.internal.ide.ui.editors.template.AcceleoOutlinePageItemProvider.getTextForTemplate(Template)" signature="(Lorg/eclipse/acceleo/parser/cst/Template;)Ljava/lang/StringBuffer;" type="org.eclipse.acceleo.internal.ide.ui.editors.template.AcceleoOutlinePageItemProvider"/>
            <reference linenumber="203" member="getTextForTemplate" origin="org.eclipse.acceleo.internal.ide.ui.editors.template.AcceleoOutlinePageItemProvider.getTextForTemplate(Template)" signature="(Lorg/eclipse/acceleo/parser/cst/Template;)Ljava/lang/StringBuffer;" type="org.eclipse.acceleo.internal.ide.ui.editors.template.AcceleoOutlinePageItemProvider"/>
        </reference_kind>
    </target>
    <target member="getPBlock" name="org.eclipse.acceleo.internal.parser.cst.CSTParser.getPBlock()" signature="()Lorg/eclipse/acceleo/internal/parser/cst/CSTParserBlock;" type="org.eclipse.acceleo.internal.parser.cst.CSTParser">
        <reference_kind flags="0" kind="256" reference_kind_name="VIRTUAL_METHOD">
            <reference linenumber="434" member="replaceTemplateExpression" origin="org.eclipse.acceleo.internal.ide.ui.editors.template.AcceleoSourceContent.replaceTemplateExpression(TemplateExpression)" signature="(Lorg/eclipse/acceleo/parser/cst/TemplateExpression;)Lorg/eclipse/emf/ecore/EObject;" type="org.eclipse.acceleo.internal.ide.ui.editors.template.AcceleoSourceContent"/>
            <reference linenumber="414" member="replaceModelExpression" origin="org.eclipse.acceleo.internal.ide.ui.editors.template.AcceleoSourceContent.replaceModelExpression(ModelExpression)" signature="(Lorg/eclipse/acceleo/parser/cst/ModelExpression;)Lorg/eclipse/acceleo/parser/cst/ModelExpression;" type="org.eclipse.acceleo.internal.ide.ui.editors.template.AcceleoSourceContent"/>
        </reference_kind>
    </target>
    <target member="getForBlock_IterSet" name="org.eclipse.acceleo.parser.cst.CstPackage.getForBlock_IterSet()" signature="()Lorg/eclipse/emf/ecore/EReference;" type="org.eclipse.acceleo.parser.cst.CstPackage">
        <reference_kind flags="0" kind="512" reference_kind_name="INTERFACE_METHOD">
            <reference linenumber="780" member="getSpecificOffset" origin="org.eclipse.acceleo.internal.ide.ui.editors.template.AcceleoSourceContent.getSpecificOffset(int)" signature="(I)I" type="org.eclipse.acceleo.internal.ide.ui.editors.template.AcceleoSourceContent"/>
        </reference_kind>
    </target>
    <target member="&lt;init&gt;" name="org.eclipse.acceleo.internal.parser.cst.CSTParser.CSTParser(AcceleoSourceBuffer)" signature="(Lorg/eclipse/acceleo/parser/AcceleoSourceBuffer;)V" type="org.eclipse.acceleo.internal.parser.cst.CSTParser">
        <reference_kind flags="0" kind="64" reference_kind_name="CONSTRUCTOR_METHOD">
            <reference linenumber="287" member="init" origin="org.eclipse.acceleo.internal.ide.ui.editors.template.AcceleoSourceContent.init(StringBuffer, IFile)" signature="(Ljava/lang/StringBuffer;Lorg/eclipse/core/resources/IFile;)V" type="org.eclipse.acceleo.internal.ide.ui.editors.template.AcceleoSourceContent"/>
        </reference_kind>
    </target>
    <target member="getBody" name="org.eclipse.acceleo.parser.cst.ModelExpression.getBody()" signature="()Ljava/lang/String;" type="org.eclipse.acceleo.parser.cst.ModelExpression">
        <reference_kind flags="0" kind="512" reference_kind_name="INTERFACE_METHOD">
            <reference linenumber="125" member="getText" origin="org.eclipse.acceleo.internal.ide.ui.editors.template.AcceleoOutlinePageItemProvider.getText(Object)" signature="(Ljava/lang/Object;)Ljava/lang/String;" type="org.eclipse.acceleo.internal.ide.ui.editors.template.AcceleoOutlinePageItemProvider"/>
            <reference linenumber="124" member="getText" origin="org.eclipse.acceleo.internal.ide.ui.editors.template.AcceleoOutlinePageItemProvider.getText(Object)" signature="(Ljava/lang/Object;)Ljava/lang/String;" type="org.eclipse.acceleo.internal.ide.ui.editors.template.AcceleoOutlinePageItemProvider"/>
        </reference_kind>
    </target>
    <target member="getImports" name="org.eclipse.acceleo.parser.cst.Module.getImports()" signature="()Lorg/eclipse/emf/common/util/EList;" type="org.eclipse.acceleo.parser.cst.Module">
        <reference_kind flags="0" kind="512" reference_kind_name="INTERFACE_METHOD">
            <reference linenumber="641" member="getSyntaxHelp" origin="org.eclipse.acceleo.internal.ide.ui.editors.template.AcceleoSourceContent.getSyntaxHelp(String, int)" signature="(Ljava/lang/String;I)Ljava/util/Collection;" type="org.eclipse.acceleo.internal.ide.ui.editors.template.AcceleoSourceContent"/>
            <reference linenumber="807" member="loadImportsDependencies" origin="org.eclipse.acceleo.internal.ide.ui.editors.template.AcceleoSourceContent.loadImportsDependencies(Module, List)" signature="(Lorg/eclipse/acceleo/model/mtl/Module;Ljava/util/List;)V" type="org.eclipse.acceleo.internal.ide.ui.editors.template.AcceleoSourceContent"/>
        </reference_kind>
    </target>
    <target member="&lt;init&gt;" name="org.eclipse.acceleo.internal.parser.cst.utils.Sequence.Sequence(String, String)" signature="(Ljava/lang/String;Ljava/lang/String;)V" type="org.eclipse.acceleo.internal.parser.cst.utils.Sequence">
        <reference_kind flags="0" kind="64" reference_kind_name="CONSTRUCTOR_METHOD">
            <reference linenumber="1076" member="computeKeywordsProposalsInTemplateInvocationHeader" origin="org.eclipse.acceleo.internal.ide.ui.editors.template.AcceleoCompletionProcessor.computeKeywordsProposalsInTemplateInvocationHeader(List, String, String, Image)" signature="(Ljava/util/List;Ljava/lang/String;Ljava/lang/String;Lorg/eclipse/swt/graphics/Image;)V" type="org.eclipse.acceleo.internal.ide.ui.editors.template.AcceleoCompletionProcessor"/>
            <reference linenumber="1079" member="computeKeywordsProposalsInTemplateInvocationHeader" origin="org.eclipse.acceleo.internal.ide.ui.editors.template.AcceleoCompletionProcessor.computeKeywordsProposalsInTemplateInvocationHeader(List, String, String, Image)" signature="(Ljava/util/List;Ljava/lang/String;Ljava/lang/String;Lorg/eclipse/swt/graphics/Image;)V" type="org.eclipse.acceleo.internal.ide.ui.editors.template.AcceleoCompletionProcessor"/>
            <reference linenumber="1078" member="computeKeywordsProposalsInTemplateInvocationHeader" origin="org.eclipse.acceleo.internal.ide.ui.editors.template.AcceleoCompletionProcessor.computeKeywordsProposalsInTemplateInvocationHeader(List, String, String, Image)" signature="(Ljava/util/List;Ljava/lang/String;Ljava/lang/String;Lorg/eclipse/swt/graphics/Image;)V" type="org.eclipse.acceleo.internal.ide.ui.editors.template.AcceleoCompletionProcessor"/>
            <reference linenumber="1012" member="computeKeywordsProposalsInTemplateHeader" origin="org.eclipse.acceleo.internal.ide.ui.editors.template.AcceleoCompletionProcessor.computeKeywordsProposalsInTemplateHeader(List, String, String, Image)" signature="(Ljava/util/List;Ljava/lang/String;Ljava/lang/String;Lorg/eclipse/swt/graphics/Image;)V" type="org.eclipse.acceleo.internal.ide.ui.editors.template.AcceleoCompletionProcessor"/>
            <reference linenumber="1122" member="computeKeywordsProposalsInForBlockHeader" origin="org.eclipse.acceleo.internal.ide.ui.editors.template.AcceleoCompletionProcessor.computeKeywordsProposalsInForBlockHeader(List, String, String, Image)" signature="(Ljava/util/List;Ljava/lang/String;Ljava/lang/String;Lorg/eclipse/swt/graphics/Image;)V" type="org.eclipse.acceleo.internal.ide.ui.editors.template.AcceleoCompletionProcessor"/>
            <reference linenumber="1121" member="computeKeywordsProposalsInForBlockHeader" origin="org.eclipse.acceleo.internal.ide.ui.editors.template.AcceleoCompletionProcessor.computeKeywordsProposalsInForBlockHeader(List, String, String, Image)" signature="(Ljava/util/List;Ljava/lang/String;Ljava/lang/String;Lorg/eclipse/swt/graphics/Image;)V" type="org.eclipse.acceleo.internal.ide.ui.editors.template.AcceleoCompletionProcessor"/>
            <reference linenumber="1119" member="computeKeywordsProposalsInForBlockHeader" origin="org.eclipse.acceleo.internal.ide.ui.editors.template.AcceleoCompletionProcessor.computeKeywordsProposalsInForBlockHeader(List, String, String, Image)" signature="(Ljava/util/List;Ljava/lang/String;Ljava/lang/String;Lorg/eclipse/swt/graphics/Image;)V" type="org.eclipse.acceleo.internal.ide.ui.editors.template.AcceleoCompletionProcessor"/>
        </reference_kind>
    </target>
    <target member="setAfter" name="org.eclipse.acceleo.parser.cst.ModelExpression.setAfter(ModelExpression)" signature="(Lorg/eclipse/acceleo/parser/cst/ModelExpression;)V" type="org.eclipse.acceleo.parser.cst.ModelExpression">
        <reference_kind flags="0" kind="512" reference_kind_name="INTERFACE_METHOD">
            <reference linenumber="413" member="replaceModelExpression" origin="org.eclipse.acceleo.internal.ide.ui.editors.template.AcceleoSourceContent.replaceModelExpression(ModelExpression)" signature="(Lorg/eclipse/acceleo/parser/cst/ModelExpression;)Lorg/eclipse/acceleo/parser/cst/ModelExpression;" type="org.eclipse.acceleo.internal.ide.ui.editors.template.AcceleoSourceContent"/>
        </reference_kind>
    </target>
    <target member="setEach" name="org.eclipse.acceleo.parser.cst.ModelExpression.setEach(ModelExpression)" signature="(Lorg/eclipse/acceleo/parser/cst/ModelExpression;)V" type="org.eclipse.acceleo.parser.cst.ModelExpression">
        <reference_kind flags="0" kind="512" reference_kind_name="INTERFACE_METHOD">
            <reference linenumber="412" member="replaceModelExpression" origin="org.eclipse.acceleo.internal.ide.ui.editors.template.AcceleoSourceContent.replaceModelExpression(ModelExpression)" signature="(Lorg/eclipse/acceleo/parser/cst/ModelExpression;)Lorg/eclipse/acceleo/parser/cst/ModelExpression;" type="org.eclipse.acceleo.internal.ide.ui.editors.template.AcceleoSourceContent"/>
        </reference_kind>
    </target>
    <target member="getName" name="org.eclipse.acceleo.parser.cst.ModuleElement.getName()" signature="()Ljava/lang/String;" type="org.eclipse.acceleo.parser.cst.ModuleElement">
        <reference_kind flags="0" kind="512" reference_kind_name="INTERFACE_METHOD">
            <reference linenumber="925" member="computeFileBlockPatternsProposals" origin="org.eclipse.acceleo.internal.ide.ui.editors.template.AcceleoCompletionProcessor.computeFileBlockPatternsProposals(List, String, String, Image, boolean)" signature="(Ljava/util/List;Ljava/lang/String;Ljava/lang/String;Lorg/eclipse/swt/graphics/Image;Z)V" type="org.eclipse.acceleo.internal.ide.ui.editors.template.AcceleoCompletionProcessor"/>
            <reference linenumber="159" member="getText" origin="org.eclipse.acceleo.internal.ide.ui.editors.template.AcceleoOutlinePageItemProvider.getText(Object)" signature="(Ljava/lang/Object;)Ljava/lang/String;" type="org.eclipse.acceleo.internal.ide.ui.editors.template.AcceleoOutlinePageItemProvider"/>
            <reference linenumber="198" member="getTextForTemplate" origin="org.eclipse.acceleo.internal.ide.ui.editors.template.AcceleoOutlinePageItemProvider.getTextForTemplate(Template)" signature="(Lorg/eclipse/acceleo/parser/cst/Template;)Ljava/lang/StringBuffer;" type="org.eclipse.acceleo.internal.ide.ui.editors.template.AcceleoOutlinePageItemProvider"/>
            <reference linenumber="155" member="getText" origin="org.eclipse.acceleo.internal.ide.ui.editors.template.AcceleoOutlinePageItemProvider.getText(Object)" signature="(Ljava/lang/Object;)Ljava/lang/String;" type="org.eclipse.acceleo.internal.ide.ui.editors.template.AcceleoOutlinePageItemProvider"/>
        </reference_kind>
    </target>
    <target member="getForBlock_After" name="org.eclipse.acceleo.parser.cst.CstPackage.getForBlock_After()" signature="()Lorg/eclipse/emf/ecore/EReference;" type="org.eclipse.acceleo.parser.cst.CstPackage">
        <reference_kind flags="0" kind="512" reference_kind_name="INTERFACE_METHOD">
            <reference linenumber="783" member="getSpecificOffset" origin="org.eclipse.acceleo.internal.ide.ui.editors.template.AcceleoSourceContent.getSpecificOffset(int)" signature="(I)I" type="org.eclipse.acceleo.internal.ide.ui.editors.template.AcceleoSourceContent"/>
        </reference_kind>
    </target>
    <target member="getName" name="org.eclipse.acceleo.parser.cst.ModuleExtendsValue.getName()" signature="()Ljava/lang/String;" type="org.eclipse.acceleo.parser.cst.ModuleExtendsValue">
        <reference_kind flags="0" kind="512" reference_kind_name="INTERFACE_METHOD">
            <reference linenumber="93" member="getText" origin="org.eclipse.acceleo.internal.ide.ui.editors.template.AcceleoOutlinePageItemProvider.getText(Object)" signature="(Ljava/lang/Object;)Ljava/lang/String;" type="org.eclipse.acceleo.internal.ide.ui.editors.template.AcceleoOutlinePageItemProvider"/>
            <reference linenumber="839" member="loadExtendsDependencies" origin="org.eclipse.acceleo.internal.ide.ui.editors.template.AcceleoSourceContent.loadExtendsDependencies(Module, List)" signature="(Lorg/eclipse/acceleo/model/mtl/Module;Ljava/util/List;)V" type="org.eclipse.acceleo.internal.ide.ui.editors.template.AcceleoSourceContent"/>
        <reference linenumber="177" member="findDeclarationFromCST" origin="org.eclipse.acceleo.internal.ide.ui.editors.template.utils.OpenDeclarationUtils.findDeclarationFromCST(AcceleoEditor, ASTNode, CSTNode)" signature="(Lorg/eclipse/acceleo/internal/ide/ui/editors/template/AcceleoEditor;Lorg/eclipse/ocl/utilities/ASTNode;Lorg/eclipse/acceleo/parser/cst/CSTNode;)Lorg/eclipse/emf/ecore/EObject;" type="org.eclipse.acceleo.internal.ide.ui.editors.template.utils.OpenDeclarationUtils"/>
        </reference_kind>
    </target>
    <target member="getBody" name="org.eclipse.acceleo.parser.cst.Comment.getBody()" signature="()Ljava/lang/String;" type="org.eclipse.acceleo.parser.cst.Comment">
        <reference_kind flags="0" kind="512" reference_kind_name="INTERFACE_METHOD">
            <reference linenumber="61" member="getImage" origin="org.eclipse.acceleo.internal.ide.ui.editors.template.AcceleoOutlinePageItemProvider.getImage(Object)" signature="(Ljava/lang/Object;)Ljava/lang/Object;" type="org.eclipse.acceleo.internal.ide.ui.editors.template.AcceleoOutlinePageItemProvider"/>
            <reference linenumber="62" member="getImage" origin="org.eclipse.acceleo.internal.ide.ui.editors.template.AcceleoOutlinePageItemProvider.getImage(Object)" signature="(Ljava/lang/Object;)Ljava/lang/Object;" type="org.eclipse.acceleo.internal.ide.ui.editors.template.AcceleoOutlinePageItemProvider"/>
        <reference linenumber="80" member="run" origin="org.eclipse.acceleo.internal.ide.ui.editors.template.actions.CommentAction.run(IAction)" signature="(Lorg/eclipse/jface/action/IAction;)V" type="org.eclipse.acceleo.internal.ide.ui.editors.template.actions.CommentAction"/>
        </reference_kind>
    </target>
    <target member="getModuleElement" name="org.eclipse.acceleo.internal.parser.ast.ocl.OCLParser.getModuleElement(EOperation)" signature="(Lorg/eclipse/emf/ecore/EOperation;)Lorg/eclipse/acceleo/model/mtl/ModuleElement;" type="org.eclipse.acceleo.internal.parser.ast.ocl.OCLParser">
        <reference_kind flags="0" kind="256" reference_kind_name="VIRTUAL_METHOD">
            <reference linenumber="710" member="order" origin="org.eclipse.acceleo.internal.ide.ui.editors.template.AcceleoSourceContent.order(Collection, OCLParser)" signature="(Ljava/util/Collection;Lorg/eclipse/acceleo/internal/parser/ast/ocl/OCLParser;)Ljava/util/Collection;" type="org.eclipse.acceleo.internal.ide.ui.editors.template.AcceleoSourceContent"/>
        </reference_kind>
    </target>
    <target member="getInput" name="org.eclipse.acceleo.parser.cst.Module.getInput()" signature="()Lorg/eclipse/emf/common/util/EList;" type="org.eclipse.acceleo.parser.cst.Module">
        <reference_kind flags="0" kind="512" reference_kind_name="INTERFACE_METHOD">
            <reference linenumber="384" member="replaceModuleElement" origin="org.eclipse.acceleo.internal.ide.ui.editors.template.AcceleoSourceContent.replaceModuleElement(ModuleElement)" signature="(Lorg/eclipse/acceleo/parser/cst/ModuleElement;)Lorg/eclipse/emf/ecore/EObject;" type="org.eclipse.acceleo.internal.ide.ui.editors.template.AcceleoSourceContent"/>
            <reference linenumber="430" member="replaceTemplateExpression" origin="org.eclipse.acceleo.internal.ide.ui.editors.template.AcceleoSourceContent.replaceTemplateExpression(TemplateExpression)" signature="(Lorg/eclipse/acceleo/parser/cst/TemplateExpression;)Lorg/eclipse/emf/ecore/EObject;" type="org.eclipse.acceleo.internal.ide.ui.editors.template.AcceleoSourceContent"/>
            <reference linenumber="461" member="replaceVariable" origin="org.eclipse.acceleo.internal.ide.ui.editors.template.AcceleoSourceContent.replaceVariable(Variable)" signature="(Lorg/eclipse/acceleo/parser/cst/Variable;)Lorg/eclipse/emf/ecore/EObject;" type="org.eclipse.acceleo.internal.ide.ui.editors.template.AcceleoSourceContent"/>
        </reference_kind>
    </target>
    <target member="getStartPosition" name="org.eclipse.acceleo.parser.cst.CSTNode.getStartPosition()" signature="()I" type="org.eclipse.acceleo.parser.cst.CSTNode">
        <reference_kind flags="0" kind="512" reference_kind_name="INTERFACE_METHOD">
            <reference linenumber="525" member="shiftPositionsAfter" origin="org.eclipse.acceleo.internal.ide.ui.editors.template.AcceleoSourceContent.shiftPositionsAfter(CSTNode, int, int)" signature="(Lorg/eclipse/acceleo/parser/cst/CSTNode;II)V" type="org.eclipse.acceleo.internal.ide.ui.editors.template.AcceleoSourceContent"/>
            <reference linenumber="524" member="shiftPositionsAfter" origin="org.eclipse.acceleo.internal.ide.ui.editors.template.AcceleoSourceContent.shiftPositionsAfter(CSTNode, int, int)" signature="(Lorg/eclipse/acceleo/parser/cst/CSTNode;II)V" type="org.eclipse.acceleo.internal.ide.ui.editors.template.AcceleoSourceContent"/>
            <reference linenumber="574" member="getChildrenCandidate" origin="org.eclipse.acceleo.internal.ide.ui.editors.template.AcceleoSourceContent.getChildrenCandidate(CSTNode, int, int)" signature="(Lorg/eclipse/acceleo/parser/cst/CSTNode;II)Lorg/eclipse/acceleo/parser/cst/CSTNode;" type="org.eclipse.acceleo.internal.ide.ui.editors.template.AcceleoSourceContent"/>
            <reference linenumber="526" member="shiftPositionsAfter" origin="org.eclipse.acceleo.internal.ide.ui.editors.template.AcceleoSourceContent.shiftPositionsAfter(CSTNode, int, int)" signature="(Lorg/eclipse/acceleo/parser/cst/CSTNode;II)V" type="org.eclipse.acceleo.internal.ide.ui.editors.template.AcceleoSourceContent"/>
            <reference linenumber="152" member="computeCompletionProposals" origin="org.eclipse.acceleo.internal.ide.ui.editors.template.AcceleoCompletionProcessor.computeCompletionProposals()" signature="()[Lorg/eclipse/jface/text/contentassist/ICompletionProposal;" type="org.eclipse.acceleo.internal.ide.ui.editors.template.AcceleoCompletionProcessor"/>
            <reference linenumber="779" member="computeBlocksPatternsProposals" origin="org.eclipse.acceleo.internal.ide.ui.editors.template.AcceleoCompletionProcessor.computeBlocksPatternsProposals(List, String, String, Image)" signature="(Ljava/util/List;Ljava/lang/String;Ljava/lang/String;Lorg/eclipse/swt/graphics/Image;)V" type="org.eclipse.acceleo.internal.ide.ui.editors.template.AcceleoCompletionProcessor"/>
            <reference linenumber="174" member="computeCompletionProposals" origin="org.eclipse.acceleo.internal.ide.ui.editors.template.AcceleoCompletionProcessor.computeCompletionProposals()" signature="()[Lorg/eclipse/jface/text/contentassist/ICompletionProposal;" type="org.eclipse.acceleo.internal.ide.ui.editors.template.AcceleoCompletionProcessor"/>
            <reference linenumber="172" member="computeCompletionProposals" origin="org.eclipse.acceleo.internal.ide.ui.editors.template.AcceleoCompletionProcessor.computeCompletionProposals()" signature="()[Lorg/eclipse/jface/text/contentassist/ICompletionProposal;" type="org.eclipse.acceleo.internal.ide.ui.editors.template.AcceleoCompletionProcessor"/>
            <reference linenumber="173" member="computeCompletionProposals" origin="org.eclipse.acceleo.internal.ide.ui.editors.template.AcceleoCompletionProcessor.computeCompletionProposals()" signature="()[Lorg/eclipse/jface/text/contentassist/ICompletionProposal;" type="org.eclipse.acceleo.internal.ide.ui.editors.template.AcceleoCompletionProcessor"/>
            <reference linenumber="463" member="replaceVariable" origin="org.eclipse.acceleo.internal.ide.ui.editors.template.AcceleoSourceContent.replaceVariable(Variable)" signature="(Lorg/eclipse/acceleo/parser/cst/Variable;)Lorg/eclipse/emf/ecore/EObject;" type="org.eclipse.acceleo.internal.ide.ui.editors.template.AcceleoSourceContent"/>
            <reference linenumber="271" member="computeOCLProposals" origin="org.eclipse.acceleo.internal.ide.ui.editors.template.AcceleoCompletionProcessor.computeOCLProposals(List)" signature="(Ljava/util/List;)V" type="org.eclipse.acceleo.internal.ide.ui.editors.template.AcceleoCompletionProcessor"/>
            <reference linenumber="386" member="replaceModuleElement" origin="org.eclipse.acceleo.internal.ide.ui.editors.template.AcceleoSourceContent.replaceModuleElement(ModuleElement)" signature="(Lorg/eclipse/acceleo/parser/cst/ModuleElement;)Lorg/eclipse/emf/ecore/EObject;" type="org.eclipse.acceleo.internal.ide.ui.editors.template.AcceleoSourceContent"/>
            <reference linenumber="218" member="computeTemplatesProposals" origin="org.eclipse.acceleo.internal.ide.ui.editors.template.AcceleoCompletionProcessor.computeTemplatesProposals(List)" signature="(Ljava/util/List;)V" type="org.eclipse.acceleo.internal.ide.ui.editors.template.AcceleoCompletionProcessor"/>
            <reference linenumber="371" member="selectionChangedDetected" origin="org.eclipse.acceleo.internal.ide.ui.editors.template.AcceleoEditor.selectionChangedDetected(SelectionChangedEvent)" signature="(Lorg/eclipse/jface/viewers/SelectionChangedEvent;)V" type="org.eclipse.acceleo.internal.ide.ui.editors.template.AcceleoEditor"/>
            <reference linenumber="241" member="compare" origin="org.eclipse.acceleo.internal.ide.ui.editors.template.AcceleoOutlinePageItemProvider.1.compare(CSTNode, CSTNode)" signature="(Lorg/eclipse/acceleo/parser/cst/CSTNode;Lorg/eclipse/acceleo/parser/cst/CSTNode;)I" type="org.eclipse.acceleo.internal.ide.ui.editors.template.AcceleoOutlinePageItemProvider$1"/>
            <reference linenumber="414" member="replaceModelExpression" origin="org.eclipse.acceleo.internal.ide.ui.editors.template.AcceleoSourceContent.replaceModelExpression(ModelExpression)" signature="(Lorg/eclipse/acceleo/parser/cst/ModelExpression;)Lorg/eclipse/acceleo/parser/cst/ModelExpression;" type="org.eclipse.acceleo.internal.ide.ui.editors.template.AcceleoSourceContent"/>
            <reference linenumber="955" member="computeKeywordsProposals" origin="org.eclipse.acceleo.internal.ide.ui.editors.template.AcceleoCompletionProcessor.computeKeywordsProposals(List)" signature="(Ljava/util/List;)V" type="org.eclipse.acceleo.internal.ide.ui.editors.template.AcceleoCompletionProcessor"/>
            <reference linenumber="126" member="computeCompletionProposals" origin="org.eclipse.acceleo.internal.ide.ui.editors.template.AcceleoCompletionProcessor.computeCompletionProposals(ITextViewer, int)" signature="(Lorg/eclipse/jface/text/ITextViewer;I)[Lorg/eclipse/jface/text/contentassist/ICompletionProposal;" type="org.eclipse.acceleo.internal.ide.ui.editors.template.AcceleoCompletionProcessor"/>
            <reference linenumber="787" member="getSpecificOffset" origin="org.eclipse.acceleo.internal.ide.ui.editors.template.AcceleoSourceContent.getSpecificOffset(int)" signature="(I)I" type="org.eclipse.acceleo.internal.ide.ui.editors.template.AcceleoSourceContent"/>
            <reference linenumber="789" member="getSpecificOffset" origin="org.eclipse.acceleo.internal.ide.ui.editors.template.AcceleoSourceContent.getSpecificOffset(int)" signature="(I)I" type="org.eclipse.acceleo.internal.ide.ui.editors.template.AcceleoSourceContent"/>
            <reference linenumber="316" member="updateCST" origin="org.eclipse.acceleo.internal.ide.ui.editors.template.AcceleoSourceContent.updateCST(int, int, String)" signature="(IILjava/lang/String;)Lorg/eclipse/acceleo/parser/cst/CSTNode;" type="org.eclipse.acceleo.internal.ide.ui.editors.template.AcceleoSourceContent"/>
            <reference linenumber="52" member="compare" origin="org.eclipse.acceleo.internal.ide.ui.editors.template.AcceleoOutlinePageContentProvider.1.compare(CSTNode, CSTNode)" signature="(Lorg/eclipse/acceleo/parser/cst/CSTNode;Lorg/eclipse/acceleo/parser/cst/CSTNode;)I" type="org.eclipse.acceleo.internal.ide.ui.editors.template.AcceleoOutlinePageContentProvider$1"/>
            <reference linenumber="784" member="getSpecificOffset" origin="org.eclipse.acceleo.internal.ide.ui.editors.template.AcceleoSourceContent.getSpecificOffset(int)" signature="(I)I" type="org.eclipse.acceleo.internal.ide.ui.editors.template.AcceleoSourceContent"/>
            <reference linenumber="434" member="replaceTemplateExpression" origin="org.eclipse.acceleo.internal.ide.ui.editors.template.AcceleoSourceContent.replaceTemplateExpression(TemplateExpression)" signature="(Lorg/eclipse/acceleo/parser/cst/TemplateExpression;)Lorg/eclipse/emf/ecore/EObject;" type="org.eclipse.acceleo.internal.ide.ui.editors.template.AcceleoSourceContent"/>
            <reference linenumber="516" member="shiftPositionsAfter" origin="org.eclipse.acceleo.internal.ide.ui.editors.template.AcceleoSourceContent.shiftPositionsAfter(CSTNode, int, int)" signature="(Lorg/eclipse/acceleo/parser/cst/CSTNode;II)V" type="org.eclipse.acceleo.internal.ide.ui.editors.template.AcceleoSourceContent"/>
            <reference linenumber="517" member="shiftPositionsAfter" origin="org.eclipse.acceleo.internal.ide.ui.editors.template.AcceleoSourceContent.shiftPositionsAfter(CSTNode, int, int)" signature="(Lorg/eclipse/acceleo/parser/cst/CSTNode;II)V" type="org.eclipse.acceleo.internal.ide.ui.editors.template.AcceleoSourceContent"/>
            <reference linenumber="515" member="shiftPositionsAfter" origin="org.eclipse.acceleo.internal.ide.ui.editors.template.AcceleoSourceContent.shiftPositionsAfter(CSTNode, int, int)" signature="(Lorg/eclipse/acceleo/parser/cst/CSTNode;II)V" type="org.eclipse.acceleo.internal.ide.ui.editors.template.AcceleoSourceContent"/>
        <reference linenumber="78" member="run" origin="org.eclipse.acceleo.internal.ide.ui.editors.template.actions.CommentAction.run(IAction)" signature="(Lorg/eclipse/jface/action/IAction;)V" type="org.eclipse.acceleo.internal.ide.ui.editors.template.actions.CommentAction"/>
        </reference_kind>
    </target>
    <target member="getTypes" name="org.eclipse.acceleo.internal.parser.ast.ocl.OCLParser.getTypes()" signature="()Ljava/util/List;" type="org.eclipse.acceleo.internal.parser.ast.ocl.OCLParser">
        <reference_kind flags="0" kind="256" reference_kind_name="VIRTUAL_METHOD">
            <reference linenumber="900" member="getTypes" origin="org.eclipse.acceleo.internal.ide.ui.editors.template.AcceleoSourceContent.getTypes()" signature="()Ljava/util/List;" type="org.eclipse.acceleo.internal.ide.ui.editors.template.AcceleoSourceContent"/>
        </reference_kind>
    </target>
    <target member="getAfter" name="org.eclipse.acceleo.parser.cst.ModelExpression.getAfter()" signature="()Lorg/eclipse/acceleo/parser/cst/ModelExpression;" type="org.eclipse.acceleo.parser.cst.ModelExpression">
        <reference_kind flags="0" kind="512" reference_kind_name="INTERFACE_METHOD">
            <reference linenumber="1094" member="computeKeywordsProposalsInTemplateInvocationHeader" origin="org.eclipse.acceleo.internal.ide.ui.editors.template.AcceleoCompletionProcessor.computeKeywordsProposalsInTemplateInvocationHeader(List, String, String, Image)" signature="(Ljava/util/List;Ljava/lang/String;Ljava/lang/String;Lorg/eclipse/swt/graphics/Image;)V" type="org.eclipse.acceleo.internal.ide.ui.editors.template.AcceleoCompletionProcessor"/>
        </reference_kind>
    </target>
    <target member="setEndPosition" name="org.eclipse.acceleo.parser.cst.CSTNode.setEndPosition(int)" signature="(I)V" type="org.eclipse.acceleo.parser.cst.CSTNode">
        <reference_kind flags="0" kind="512" reference_kind_name="INTERFACE_METHOD">
            <reference linenumber="521" member="shiftPositionsAfter" origin="org.eclipse.acceleo.internal.ide.ui.editors.template.AcceleoSourceContent.shiftPositionsAfter(CSTNode, int, int)" signature="(Lorg/eclipse/acceleo/parser/cst/CSTNode;II)V" type="org.eclipse.acceleo.internal.ide.ui.editors.template.AcceleoSourceContent"/>
            <reference linenumber="530" member="shiftPositionsAfter" origin="org.eclipse.acceleo.internal.ide.ui.editors.template.AcceleoSourceContent.shiftPositionsAfter(CSTNode, int, int)" signature="(Lorg/eclipse/acceleo/parser/cst/CSTNode;II)V" type="org.eclipse.acceleo.internal.ide.ui.editors.template.AcceleoSourceContent"/>
        </reference_kind>
    </target>
    <target member="getEach" name="org.eclipse.acceleo.parser.cst.ModelExpression.getEach()" signature="()Lorg/eclipse/acceleo/parser/cst/ModelExpression;" type="org.eclipse.acceleo.parser.cst.ModelExpression">
        <reference_kind flags="0" kind="512" reference_kind_name="INTERFACE_METHOD">
            <reference linenumber="1088" member="computeKeywordsProposalsInTemplateInvocationHeader" origin="org.eclipse.acceleo.internal.ide.ui.editors.template.AcceleoCompletionProcessor.computeKeywordsProposalsInTemplateInvocationHeader(List, String, String, Image)" signature="(Ljava/util/List;Ljava/lang/String;Ljava/lang/String;Lorg/eclipse/swt/graphics/Image;)V" type="org.eclipse.acceleo.internal.ide.ui.editors.template.AcceleoCompletionProcessor"/>
        </reference_kind>
    </target>
    <target member="getEndPosition" name="org.eclipse.acceleo.parser.cst.CSTNode.getEndPosition()" signature="()I" type="org.eclipse.acceleo.parser.cst.CSTNode">
        <reference_kind flags="0" kind="512" reference_kind_name="INTERFACE_METHOD">
            <reference linenumber="521" member="shiftPositionsAfter" origin="org.eclipse.acceleo.internal.ide.ui.editors.template.AcceleoSourceContent.shiftPositionsAfter(CSTNode, int, int)" signature="(Lorg/eclipse/acceleo/parser/cst/CSTNode;II)V" type="org.eclipse.acceleo.internal.ide.ui.editors.template.AcceleoSourceContent"/>
            <reference linenumber="519" member="shiftPositionsAfter" origin="org.eclipse.acceleo.internal.ide.ui.editors.template.AcceleoSourceContent.shiftPositionsAfter(CSTNode, int, int)" signature="(Lorg/eclipse/acceleo/parser/cst/CSTNode;II)V" type="org.eclipse.acceleo.internal.ide.ui.editors.template.AcceleoSourceContent"/>
            <reference linenumber="520" member="shiftPositionsAfter" origin="org.eclipse.acceleo.internal.ide.ui.editors.template.AcceleoSourceContent.shiftPositionsAfter(CSTNode, int, int)" signature="(Lorg/eclipse/acceleo/parser/cst/CSTNode;II)V" type="org.eclipse.acceleo.internal.ide.ui.editors.template.AcceleoSourceContent"/>
            <reference linenumber="152" member="computeCompletionProposals" origin="org.eclipse.acceleo.internal.ide.ui.editors.template.AcceleoCompletionProcessor.computeCompletionProposals()" signature="()[Lorg/eclipse/jface/text/contentassist/ICompletionProposal;" type="org.eclipse.acceleo.internal.ide.ui.editors.template.AcceleoCompletionProcessor"/>
            <reference linenumber="575" member="getChildrenCandidate" origin="org.eclipse.acceleo.internal.ide.ui.editors.template.AcceleoSourceContent.getChildrenCandidate(CSTNode, int, int)" signature="(Lorg/eclipse/acceleo/parser/cst/CSTNode;II)Lorg/eclipse/acceleo/parser/cst/CSTNode;" type="org.eclipse.acceleo.internal.ide.ui.editors.template.AcceleoSourceContent"/>
            <reference linenumber="372" member="selectionChangedDetected" origin="org.eclipse.acceleo.internal.ide.ui.editors.template.AcceleoEditor.selectionChangedDetected(SelectionChangedEvent)" signature="(Lorg/eclipse/jface/viewers/SelectionChangedEvent;)V" type="org.eclipse.acceleo.internal.ide.ui.editors.template.AcceleoEditor"/>
            <reference linenumber="434" member="replaceTemplateExpression" origin="org.eclipse.acceleo.internal.ide.ui.editors.template.AcceleoSourceContent.replaceTemplateExpression(TemplateExpression)" signature="(Lorg/eclipse/acceleo/parser/cst/TemplateExpression;)Lorg/eclipse/emf/ecore/EObject;" type="org.eclipse.acceleo.internal.ide.ui.editors.template.AcceleoSourceContent"/>
            <reference linenumber="415" member="replaceModelExpression" origin="org.eclipse.acceleo.internal.ide.ui.editors.template.AcceleoSourceContent.replaceModelExpression(ModelExpression)" signature="(Lorg/eclipse/acceleo/parser/cst/ModelExpression;)Lorg/eclipse/acceleo/parser/cst/ModelExpression;" type="org.eclipse.acceleo.internal.ide.ui.editors.template.AcceleoSourceContent"/>
            <reference linenumber="530" member="shiftPositionsAfter" origin="org.eclipse.acceleo.internal.ide.ui.editors.template.AcceleoSourceContent.shiftPositionsAfter(CSTNode, int, int)" signature="(Lorg/eclipse/acceleo/parser/cst/CSTNode;II)V" type="org.eclipse.acceleo.internal.ide.ui.editors.template.AcceleoSourceContent"/>
            <reference linenumber="529" member="shiftPositionsAfter" origin="org.eclipse.acceleo.internal.ide.ui.editors.template.AcceleoSourceContent.shiftPositionsAfter(CSTNode, int, int)" signature="(Lorg/eclipse/acceleo/parser/cst/CSTNode;II)V" type="org.eclipse.acceleo.internal.ide.ui.editors.template.AcceleoSourceContent"/>
            <reference linenumber="386" member="replaceModuleElement" origin="org.eclipse.acceleo.internal.ide.ui.editors.template.AcceleoSourceContent.replaceModuleElement(ModuleElement)" signature="(Lorg/eclipse/acceleo/parser/cst/ModuleElement;)Lorg/eclipse/emf/ecore/EObject;" type="org.eclipse.acceleo.internal.ide.ui.editors.template.AcceleoSourceContent"/>
            <reference linenumber="528" member="shiftPositionsAfter" origin="org.eclipse.acceleo.internal.ide.ui.editors.template.AcceleoSourceContent.shiftPositionsAfter(CSTNode, int, int)" signature="(Lorg/eclipse/acceleo/parser/cst/CSTNode;II)V" type="org.eclipse.acceleo.internal.ide.ui.editors.template.AcceleoSourceContent"/>
            <reference linenumber="464" member="replaceVariable" origin="org.eclipse.acceleo.internal.ide.ui.editors.template.AcceleoSourceContent.replaceVariable(Variable)" signature="(Lorg/eclipse/acceleo/parser/cst/Variable;)Lorg/eclipse/emf/ecore/EObject;" type="org.eclipse.acceleo.internal.ide.ui.editors.template.AcceleoSourceContent"/>
        <reference linenumber="79" member="run" origin="org.eclipse.acceleo.internal.ide.ui.editors.template.actions.CommentAction.run(IAction)" signature="(Lorg/eclipse/jface/action/IAction;)V" type="org.eclipse.acceleo.internal.ide.ui.editors.template.actions.CommentAction"/>
        </reference_kind>
    </target>
    <target member="popContext" name="org.eclipse.acceleo.internal.parser.ast.ocl.OCLParser.popContext()" signature="()V" type="org.eclipse.acceleo.internal.parser.ast.ocl.OCLParser">
        <reference_kind flags="0" kind="256" reference_kind_name="VIRTUAL_METHOD">
            <reference linenumber="660" member="getSyntaxHelp" origin="org.eclipse.acceleo.internal.ide.ui.editors.template.AcceleoSourceContent.getSyntaxHelp(String, int)" signature="(Ljava/lang/String;I)Ljava/util/Collection;" type="org.eclipse.acceleo.internal.ide.ui.editors.template.AcceleoSourceContent"/>
        </reference_kind>
    </target>
    <target member="getTakesTypesFrom" name="org.eclipse.acceleo.parser.cst.TypedModel.getTakesTypesFrom()" signature="()Lorg/eclipse/emf/common/util/EList;" type="org.eclipse.acceleo.parser.cst.TypedModel">
        <reference_kind flags="0" kind="512" reference_kind_name="INTERFACE_METHOD">
            <reference linenumber="179" member="getTextForTypedModel" origin="org.eclipse.acceleo.internal.ide.ui.editors.template.AcceleoOutlinePageItemProvider.getTextForTypedModel(TypedModel)" signature="(Lorg/eclipse/acceleo/parser/cst/TypedModel;)Ljava/lang/StringBuffer;" type="org.eclipse.acceleo.internal.ide.ui.editors.template.AcceleoOutlinePageItemProvider"/>
        <reference linenumber="160" member="findDeclarationFromCST" origin="org.eclipse.acceleo.internal.ide.ui.editors.template.utils.OpenDeclarationUtils.findDeclarationFromCST(AcceleoEditor, ASTNode, CSTNode)" signature="(Lorg/eclipse/acceleo/internal/ide/ui/editors/template/AcceleoEditor;Lorg/eclipse/ocl/utilities/ASTNode;Lorg/eclipse/acceleo/parser/cst/CSTNode;)Lorg/eclipse/emf/ecore/EObject;" type="org.eclipse.acceleo.internal.ide.ui.editors.template.utils.OpenDeclarationUtils"/>
        </reference_kind>
    </target>
    <target member="getName" name="org.eclipse.acceleo.parser.cst.Variable.getName()" signature="()Ljava/lang/String;" type="org.eclipse.acceleo.parser.cst.Variable">
        <reference_kind flags="0" kind="512" reference_kind_name="INTERFACE_METHOD">
            <reference linenumber="223" member="getTextForVariable" origin="org.eclipse.acceleo.internal.ide.ui.editors.template.AcceleoOutlinePageItemProvider.getTextForVariable(Variable)" signature="(Lorg/eclipse/acceleo/parser/cst/Variable;)Ljava/lang/StringBuffer;" type="org.eclipse.acceleo.internal.ide.ui.editors.template.AcceleoOutlinePageItemProvider"/>
        </reference_kind>
    </target>
    <target member="getInit" name="org.eclipse.acceleo.parser.cst.Block.getInit()" signature="()Lorg/eclipse/acceleo/parser/cst/InitSection;" type="org.eclipse.acceleo.parser.cst.Block">
        <reference_kind flags="0" kind="512" reference_kind_name="INTERFACE_METHOD">
            <reference linenumber="1151" member="computeKeywordsProposalsInForBlockHeader" origin="org.eclipse.acceleo.internal.ide.ui.editors.template.AcceleoCompletionProcessor.computeKeywordsProposalsInForBlockHeader(List, String, String, Image)" signature="(Ljava/util/List;Ljava/lang/String;Ljava/lang/String;Lorg/eclipse/swt/graphics/Image;)V" type="org.eclipse.acceleo.internal.ide.ui.editors.template.AcceleoCompletionProcessor"/>
            <reference linenumber="1024" member="computeKeywordsProposalsInTemplateHeader" origin="org.eclipse.acceleo.internal.ide.ui.editors.template.AcceleoCompletionProcessor.computeKeywordsProposalsInTemplateHeader(List, String, String, Image)" signature="(Ljava/util/List;Ljava/lang/String;Ljava/lang/String;Lorg/eclipse/swt/graphics/Image;)V" type="org.eclipse.acceleo.internal.ide.ui.editors.template.AcceleoCompletionProcessor"/>
        </reference_kind>
    </target>
    <target member="getAfter" name="org.eclipse.acceleo.parser.cst.ForBlock.getAfter()" signature="()Lorg/eclipse/acceleo/parser/cst/ModelExpression;" type="org.eclipse.acceleo.parser.cst.ForBlock">
        <reference_kind flags="0" kind="512" reference_kind_name="INTERFACE_METHOD">
            <reference linenumber="1139" member="computeKeywordsProposalsInForBlockHeader" origin="org.eclipse.acceleo.internal.ide.ui.editors.template.AcceleoCompletionProcessor.computeKeywordsProposalsInForBlockHeader(List, String, String, Image)" signature="(Ljava/util/List;Ljava/lang/String;Ljava/lang/String;Lorg/eclipse/swt/graphics/Image;)V" type="org.eclipse.acceleo.internal.ide.ui.editors.template.AcceleoCompletionProcessor"/>
        </reference_kind>
    </target>
    <target member="addRecursivelyBehavioralFeaturesToScope" name="org.eclipse.acceleo.internal.parser.ast.ocl.OCLParser.addRecursivelyBehavioralFeaturesToScope(Module, boolean, boolean, String)" signature="(Lorg/eclipse/acceleo/model/mtl/Module;ZZLjava/lang/String;)V" type="org.eclipse.acceleo.internal.parser.ast.ocl.OCLParser">
        <reference_kind flags="0" kind="256" reference_kind_name="VIRTUAL_METHOD">
            <reference linenumber="648" member="getSyntaxHelp" origin="org.eclipse.acceleo.internal.ide.ui.editors.template.AcceleoSourceContent.getSyntaxHelp(String, int)" signature="(Ljava/lang/String;I)Ljava/util/Collection;" type="org.eclipse.acceleo.internal.ide.ui.editors.template.AcceleoSourceContent"/>
        </reference_kind>
    </target>
    <target member="&lt;init&gt;" name="org.eclipse.acceleo.internal.parser.cst.utils.SequenceBlock.SequenceBlock(Sequence, Sequence, Sequence, boolean, SequenceBlock[])" signature="(Lorg/eclipse/acceleo/internal/parser/cst/utils/Sequence;Lorg/eclipse/acceleo/internal/parser/cst/utils/Sequence;Lorg/eclipse/acceleo/internal/parser/cst/utils/Sequence;Z[Lorg/eclipse/acceleo/internal/parser/cst/utils/SequenceBlock;)V" type="org.eclipse.acceleo.internal.parser.cst.utils.SequenceBlock">
        <reference_kind flags="0" kind="64" reference_kind_name="CONSTRUCTOR_METHOD">
            <reference linenumber="1178" member="isHeaderAfterParenthesis" origin="org.eclipse.acceleo.internal.ide.ui.editors.template.AcceleoCompletionProcessor.isHeaderAfterParenthesis(String)" signature="(Ljava/lang/String;)Z" type="org.eclipse.acceleo.internal.ide.ui.editors.template.AcceleoCompletionProcessor"/>
            <reference linenumber="1176" member="isHeaderAfterParenthesis" origin="org.eclipse.acceleo.internal.ide.ui.editors.template.AcceleoCompletionProcessor.isHeaderAfterParenthesis(String)" signature="(Ljava/lang/String;)Z" type="org.eclipse.acceleo.internal.ide.ui.editors.template.AcceleoCompletionProcessor"/>
        </reference_kind>
    </target>
    <target member="getParameter" name="org.eclipse.acceleo.parser.cst.Template.getParameter()" signature="()Lorg/eclipse/emf/common/util/EList;" type="org.eclipse.acceleo.parser.cst.Template">
        <reference_kind flags="0" kind="512" reference_kind_name="INTERFACE_METHOD">
            <reference linenumber="200" member="getTextForTemplate" origin="org.eclipse.acceleo.internal.ide.ui.editors.template.AcceleoOutlinePageItemProvider.getTextForTemplate(Template)" signature="(Lorg/eclipse/acceleo/parser/cst/Template;)Ljava/lang/StringBuffer;" type="org.eclipse.acceleo.internal.ide.ui.editors.template.AcceleoOutlinePageItemProvider"/>
        </reference_kind>
    </target>
    <target member="setStartPosition" name="org.eclipse.acceleo.parser.cst.CSTNode.setStartPosition(int)" signature="(I)V" type="org.eclipse.acceleo.parser.cst.CSTNode">
        <reference_kind flags="0" kind="512" reference_kind_name="INTERFACE_METHOD">
            <reference linenumber="526" member="shiftPositionsAfter" origin="org.eclipse.acceleo.internal.ide.ui.editors.template.AcceleoSourceContent.shiftPositionsAfter(CSTNode, int, int)" signature="(Lorg/eclipse/acceleo/parser/cst/CSTNode;II)V" type="org.eclipse.acceleo.internal.ide.ui.editors.template.AcceleoSourceContent"/>
            <reference linenumber="517" member="shiftPositionsAfter" origin="org.eclipse.acceleo.internal.ide.ui.editors.template.AcceleoSourceContent.shiftPositionsAfter(CSTNode, int, int)" signature="(Lorg/eclipse/acceleo/parser/cst/CSTNode;II)V" type="org.eclipse.acceleo.internal.ide.ui.editors.template.AcceleoSourceContent"/>
        </reference_kind>
    </target>
    <target member="getOwnedModuleElement" name="org.eclipse.acceleo.parser.cst.Module.getOwnedModuleElement()" signature="()Lorg/eclipse/emf/common/util/EList;" type="org.eclipse.acceleo.parser.cst.Module">
        <reference_kind flags="0" kind="512" reference_kind_name="INTERFACE_METHOD">
            <reference linenumber="391" member="replaceModuleElement" origin="org.eclipse.acceleo.internal.ide.ui.editors.template.AcceleoSourceContent.replaceModuleElement(ModuleElement)" signature="(Lorg/eclipse/acceleo/parser/cst/ModuleElement;)Lorg/eclipse/emf/ecore/EObject;" type="org.eclipse.acceleo.internal.ide.ui.editors.template.AcceleoSourceContent"/>
            <reference linenumber="389" member="replaceModuleElement" origin="org.eclipse.acceleo.internal.ide.ui.editors.template.AcceleoSourceContent.replaceModuleElement(ModuleElement)" signature="(Lorg/eclipse/acceleo/parser/cst/ModuleElement;)Lorg/eclipse/emf/ecore/EObject;" type="org.eclipse.acceleo.internal.ide.ui.editors.template.AcceleoSourceContent"/>
            <reference linenumber="433" member="replaceTemplateExpression" origin="org.eclipse.acceleo.internal.ide.ui.editors.template.AcceleoSourceContent.replaceTemplateExpression(TemplateExpression)" signature="(Lorg/eclipse/acceleo/parser/cst/TemplateExpression;)Lorg/eclipse/emf/ecore/EObject;" type="org.eclipse.acceleo.internal.ide.ui.editors.template.AcceleoSourceContent"/>
        </reference_kind>
    </target>
    <target member="getModule_OwnedModuleElement" name="org.eclipse.acceleo.parser.cst.CstPackage.getModule_OwnedModuleElement()" signature="()Lorg/eclipse/emf/ecore/EReference;" type="org.eclipse.acceleo.parser.cst.CstPackage">
        <reference_kind flags="0" kind="512" reference_kind_name="INTERFACE_METHOD">
            <reference linenumber="325" member="updateCST" origin="org.eclipse.acceleo.internal.ide.ui.editors.template.AcceleoSourceContent.updateCST(int, int, String)" signature="(IILjava/lang/String;)Lorg/eclipse/acceleo/parser/cst/CSTNode;" type="org.eclipse.acceleo.internal.ide.ui.editors.template.AcceleoSourceContent"/>
        </reference_kind>
    </target>
    <target member="search" name="org.eclipse.acceleo.internal.parser.cst.utils.SequenceBlock.search(StringBuffer, int, int)" signature="(Ljava/lang/StringBuffer;II)Lorg/eclipse/acceleo/internal/parser/cst/utils/Region;" type="org.eclipse.acceleo.internal.parser.cst.utils.SequenceBlock">
        <reference_kind flags="0" kind="256" reference_kind_name="VIRTUAL_METHOD">
            <reference linenumber="1183" member="isHeaderAfterParenthesis" origin="org.eclipse.acceleo.internal.ide.ui.editors.template.AcceleoCompletionProcessor.isHeaderAfterParenthesis(String)" signature="(Ljava/lang/String;)Z" type="org.eclipse.acceleo.internal.ide.ui.editors.template.AcceleoCompletionProcessor"/>
        </reference_kind>
    </target>
    <target member="getExtends" name="org.eclipse.acceleo.parser.cst.Module.getExtends()" signature="()Lorg/eclipse/emf/common/util/EList;" type="org.eclipse.acceleo.parser.cst.Module">
        <reference_kind flags="0" kind="512" reference_kind_name="INTERFACE_METHOD">
            <reference linenumber="836" member="loadExtendsDependencies" origin="org.eclipse.acceleo.internal.ide.ui.editors.template.AcceleoSourceContent.loadExtendsDependencies(Module, List)" signature="(Lorg/eclipse/acceleo/model/mtl/Module;Ljava/util/List;)V" type="org.eclipse.acceleo.internal.ide.ui.editors.template.AcceleoSourceContent"/>
            <reference linenumber="966" member="computeKeywordsProposals" origin="org.eclipse.acceleo.internal.ide.ui.editors.template.AcceleoCompletionProcessor.computeKeywordsProposals(List)" signature="(Ljava/util/List;)V" type="org.eclipse.acceleo.internal.ide.ui.editors.template.AcceleoCompletionProcessor"/>
            <reference linenumber="641" member="getSyntaxHelp" origin="org.eclipse.acceleo.internal.ide.ui.editors.template.AcceleoSourceContent.getSyntaxHelp(String, int)" signature="(Ljava/lang/String;I)Ljava/util/Collection;" type="org.eclipse.acceleo.internal.ide.ui.editors.template.AcceleoSourceContent"/>
        </reference_kind>
    </target>
    <target member="getForBlock_Before" name="org.eclipse.acceleo.parser.cst.CstPackage.getForBlock_Before()" signature="()Lorg/eclipse/emf/ecore/EReference;" type="org.eclipse.acceleo.parser.cst.CstPackage">
        <reference_kind flags="0" kind="512" reference_kind_name="INTERFACE_METHOD">
            <reference linenumber="781" member="getSpecificOffset" origin="org.eclipse.acceleo.internal.ide.ui.editors.template.AcceleoSourceContent.getSpecificOffset(int)" signature="(I)I" type="org.eclipse.acceleo.internal.ide.ui.editors.template.AcceleoSourceContent"/>
        </reference_kind>
    </target>
    <target member="parse" name="org.eclipse.acceleo.internal.parser.cst.CSTParserBlock.parse(int, int, Block)" signature="(IILorg/eclipse/acceleo/parser/cst/Block;)V" type="org.eclipse.acceleo.internal.parser.cst.CSTParserBlock">
        <reference_kind flags="0" kind="256" reference_kind_name="VIRTUAL_METHOD">
            <reference linenumber="434" member="replaceTemplateExpression" origin="org.eclipse.acceleo.internal.ide.ui.editors.template.AcceleoSourceContent.replaceTemplateExpression(TemplateExpression)" signature="(Lorg/eclipse/acceleo/parser/cst/TemplateExpression;)Lorg/eclipse/emf/ecore/EObject;" type="org.eclipse.acceleo.internal.ide.ui.editors.template.AcceleoSourceContent"/>
        </reference_kind>
    </target>
    <target member="getName" name="org.eclipse.acceleo.parser.cst.ModuleImportsValue.getName()" signature="()Ljava/lang/String;" type="org.eclipse.acceleo.parser.cst.ModuleImportsValue">
        <reference_kind flags="0" kind="512" reference_kind_name="INTERFACE_METHOD">
            <reference linenumber="98" member="getText" origin="org.eclipse.acceleo.internal.ide.ui.editors.template.AcceleoOutlinePageItemProvider.getText(Object)" signature="(Ljava/lang/Object;)Ljava/lang/String;" type="org.eclipse.acceleo.internal.ide.ui.editors.template.AcceleoOutlinePageItemProvider"/>
            <reference linenumber="810" member="loadImportsDependencies" origin="org.eclipse.acceleo.internal.ide.ui.editors.template.AcceleoSourceContent.loadImportsDependencies(Module, List)" signature="(Lorg/eclipse/acceleo/model/mtl/Module;Ljava/util/List;)V" type="org.eclipse.acceleo.internal.ide.ui.editors.template.AcceleoSourceContent"/>
        <reference linenumber="166" member="findDeclarationFromCST" origin="org.eclipse.acceleo.internal.ide.ui.editors.template.utils.OpenDeclarationUtils.findDeclarationFromCST(AcceleoEditor, ASTNode, CSTNode)" signature="(Lorg/eclipse/acceleo/internal/ide/ui/editors/template/AcceleoEditor;Lorg/eclipse/ocl/utilities/ASTNode;Lorg/eclipse/acceleo/parser/cst/CSTNode;)Lorg/eclipse/emf/ecore/EObject;" type="org.eclipse.acceleo.internal.ide.ui.editors.template.utils.OpenDeclarationUtils"/>
        </reference_kind>
    </target>
    <target member="getBody" name="org.eclipse.acceleo.parser.cst.Block.getBody()" signature="()Lorg/eclipse/emf/common/util/EList;" type="org.eclipse.acceleo.parser.cst.Block">
        <reference_kind flags="0" kind="512" reference_kind_name="INTERFACE_METHOD">
            <reference linenumber="437" member="replaceTemplateExpression" origin="org.eclipse.acceleo.internal.ide.ui.editors.template.AcceleoSourceContent.replaceTemplateExpression(TemplateExpression)" signature="(Lorg/eclipse/acceleo/parser/cst/TemplateExpression;)Lorg/eclipse/emf/ecore/EObject;" type="org.eclipse.acceleo.internal.ide.ui.editors.template.AcceleoSourceContent"/>
            <reference linenumber="439" member="replaceTemplateExpression" origin="org.eclipse.acceleo.internal.ide.ui.editors.template.AcceleoSourceContent.replaceTemplateExpression(TemplateExpression)" signature="(Lorg/eclipse/acceleo/parser/cst/TemplateExpression;)Lorg/eclipse/emf/ecore/EObject;" type="org.eclipse.acceleo.internal.ide.ui.editors.template.AcceleoSourceContent"/>
            <reference linenumber="779" member="computeBlocksPatternsProposals" origin="org.eclipse.acceleo.internal.ide.ui.editors.template.AcceleoCompletionProcessor.computeBlocksPatternsProposals(List, String, String, Image)" signature="(Ljava/util/List;Ljava/lang/String;Ljava/lang/String;Lorg/eclipse/swt/graphics/Image;)V" type="org.eclipse.acceleo.internal.ide.ui.editors.template.AcceleoCompletionProcessor"/>
            <reference linenumber="778" member="computeBlocksPatternsProposals" origin="org.eclipse.acceleo.internal.ide.ui.editors.template.AcceleoCompletionProcessor.computeBlocksPatternsProposals(List, String, String, Image)" signature="(Ljava/util/List;Ljava/lang/String;Ljava/lang/String;Lorg/eclipse/swt/graphics/Image;)V" type="org.eclipse.acceleo.internal.ide.ui.editors.template.AcceleoCompletionProcessor"/>
        </reference_kind>
    </target>
    <target member="getName" name="org.eclipse.acceleo.parser.cst.TemplateOverridesValue.getName()" signature="()Ljava/lang/String;" type="org.eclipse.acceleo.parser.cst.TemplateOverridesValue">
        <reference_kind flags="0" kind="512" reference_kind_name="INTERFACE_METHOD">
            <reference linenumber="114" member="getText" origin="org.eclipse.acceleo.internal.ide.ui.editors.template.AcceleoOutlinePageItemProvider.getText(Object)" signature="(Ljava/lang/Object;)Ljava/lang/String;" type="org.eclipse.acceleo.internal.ide.ui.editors.template.AcceleoOutlinePageItemProvider"/>
        <reference linenumber="188" member="findDeclarationFromCST" origin="org.eclipse.acceleo.internal.ide.ui.editors.template.utils.OpenDeclarationUtils.findDeclarationFromCST(AcceleoEditor, ASTNode, CSTNode)" signature="(Lorg/eclipse/acceleo/internal/ide/ui/editors/template/AcceleoEditor;Lorg/eclipse/ocl/utilities/ASTNode;Lorg/eclipse/acceleo/parser/cst/CSTNode;)Lorg/eclipse/emf/ecore/EObject;" type="org.eclipse.acceleo.internal.ide.ui.editors.template.utils.OpenDeclarationUtils"/>
        </reference_kind>
    </target>
    <target member="parseModuleBody" name="org.eclipse.acceleo.internal.parser.cst.CSTParser.parseModuleBody(int, int, Module)" signature="(IILorg/eclipse/acceleo/parser/cst/Module;)V" type="org.eclipse.acceleo.internal.parser.cst.CSTParser">
        <reference_kind flags="0" kind="256" reference_kind_name="VIRTUAL_METHOD">
            <reference linenumber="386" member="replaceModuleElement" origin="org.eclipse.acceleo.internal.ide.ui.editors.template.AcceleoSourceContent.replaceModuleElement(ModuleElement)" signature="(Lorg/eclipse/acceleo/parser/cst/ModuleElement;)Lorg/eclipse/emf/ecore/EObject;" type="org.eclipse.acceleo.internal.ide.ui.editors.template.AcceleoSourceContent"/>
        </reference_kind>
    </target>
    <target member="&lt;init&gt;" name="org.eclipse.acceleo.internal.parser.ast.ocl.OCLParser.OCLParser(Resource)" signature="(Lorg/eclipse/emf/ecore/resource/Resource;)V" type="org.eclipse.acceleo.internal.parser.ast.ocl.OCLParser">
        <reference_kind flags="0" kind="64" reference_kind_name="CONSTRUCTOR_METHOD">
            <reference linenumber="895" member="getTypes" origin="org.eclipse.acceleo.internal.ide.ui.editors.template.AcceleoSourceContent.getTypes()" signature="()Ljava/util/List;" type="org.eclipse.acceleo.internal.ide.ui.editors.template.AcceleoSourceContent"/>
            <reference linenumber="640" member="getSyntaxHelp" origin="org.eclipse.acceleo.internal.ide.ui.editors.template.AcceleoSourceContent.getSyntaxHelp(String, int)" signature="(Ljava/lang/String;I)Ljava/util/Collection;" type="org.eclipse.acceleo.internal.ide.ui.editors.template.AcceleoSourceContent"/>
        </reference_kind>
    </target>
    <target member="createTemplate" name="org.eclipse.acceleo.parser.cst.CstFactory.createTemplate()" signature="()Lorg/eclipse/acceleo/parser/cst/Template;" type="org.eclipse.acceleo.parser.cst.CstFactory">
        <reference_kind flags="0" kind="512" reference_kind_name="INTERFACE_METHOD">
            <reference linenumber="432" member="replaceTemplateExpression" origin="org.eclipse.acceleo.internal.ide.ui.editors.template.AcceleoSourceContent.replaceTemplateExpression(TemplateExpression)" signature="(Lorg/eclipse/acceleo/parser/cst/TemplateExpression;)Lorg/eclipse/emf/ecore/EObject;" type="org.eclipse.acceleo.internal.ide.ui.editors.template.AcceleoSourceContent"/>
        </reference_kind>
    </target>
    <target member="getGuard" name="org.eclipse.acceleo.parser.cst.ForBlock.getGuard()" signature="()Lorg/eclipse/acceleo/parser/cst/ModelExpression;" type="org.eclipse.acceleo.parser.cst.ForBlock">
        <reference_kind flags="0" kind="512" reference_kind_name="INTERFACE_METHOD">
            <reference linenumber="1145" member="computeKeywordsProposalsInForBlockHeader" origin="org.eclipse.acceleo.internal.ide.ui.editors.template.AcceleoCompletionProcessor.computeKeywordsProposalsInForBlockHeader(List, String, String, Image)" signature="(Ljava/util/List;Ljava/lang/String;Ljava/lang/String;Lorg/eclipse/swt/graphics/Image;)V" type="org.eclipse.acceleo.internal.ide.ui.editors.template.AcceleoCompletionProcessor"/>
        </reference_kind>
    </target>
    <target member="pushContext" name="org.eclipse.acceleo.internal.parser.ast.ocl.OCLParser.pushContext(EClassifier)" signature="(Lorg/eclipse/emf/ecore/EClassifier;)V" type="org.eclipse.acceleo.internal.parser.ast.ocl.OCLParser">
        <reference_kind flags="0" kind="256" reference_kind_name="VIRTUAL_METHOD">
            <reference linenumber="654" member="getSyntaxHelp" origin="org.eclipse.acceleo.internal.ide.ui.editors.template.AcceleoSourceContent.getSyntaxHelp(String, int)" signature="(Ljava/lang/String;I)Ljava/util/Collection;" type="org.eclipse.acceleo.internal.ide.ui.editors.template.AcceleoSourceContent"/>
        </reference_kind>
    </target>
    <target member="getOverrides" name="org.eclipse.acceleo.parser.cst.Template.getOverrides()" signature="()Lorg/eclipse/emf/common/util/EList;" type="org.eclipse.acceleo.parser.cst.Template">
        <reference_kind flags="0" kind="512" reference_kind_name="INTERFACE_METHOD">
            <reference linenumber="1014" member="computeKeywordsProposalsInTemplateHeader" origin="org.eclipse.acceleo.internal.ide.ui.editors.template.AcceleoCompletionProcessor.computeKeywordsProposalsInTemplateHeader(List, String, String, Image)" signature="(Ljava/util/List;Ljava/lang/String;Ljava/lang/String;Lorg/eclipse/swt/graphics/Image;)V" type="org.eclipse.acceleo.internal.ide.ui.editors.template.AcceleoCompletionProcessor"/>
        </reference_kind>
    </target>
    <target member="getBefore" name="org.eclipse.acceleo.parser.cst.ModelExpression.getBefore()" signature="()Lorg/eclipse/acceleo/parser/cst/ModelExpression;" type="org.eclipse.acceleo.parser.cst.ModelExpression">
        <reference_kind flags="0" kind="512" reference_kind_name="INTERFACE_METHOD">
            <reference linenumber="1080" member="computeKeywordsProposalsInTemplateInvocationHeader" origin="org.eclipse.acceleo.internal.ide.ui.editors.template.AcceleoCompletionProcessor.computeKeywordsProposalsInTemplateInvocationHeader(List, String, String, Image)" signature="(Ljava/util/List;Ljava/lang/String;Ljava/lang/String;Lorg/eclipse/swt/graphics/Image;)V" type="org.eclipse.acceleo.internal.ide.ui.editors.template.AcceleoCompletionProcessor"/>
        </reference_kind>
    </target>
    <target member="createModule" name="org.eclipse.acceleo.parser.cst.CstFactory.createModule()" signature="()Lorg/eclipse/acceleo/parser/cst/Module;" type="org.eclipse.acceleo.parser.cst.CstFactory">
        <reference_kind flags="0" kind="512" reference_kind_name="INTERFACE_METHOD">
            <reference linenumber="428" member="replaceTemplateExpression" origin="org.eclipse.acceleo.internal.ide.ui.editors.template.AcceleoSourceContent.replaceTemplateExpression(TemplateExpression)" signature="(Lorg/eclipse/acceleo/parser/cst/TemplateExpression;)Lorg/eclipse/emf/ecore/EObject;" type="org.eclipse.acceleo.internal.ide.ui.editors.template.AcceleoSourceContent"/>
            <reference linenumber="382" member="replaceModuleElement" origin="org.eclipse.acceleo.internal.ide.ui.editors.template.AcceleoSourceContent.replaceModuleElement(ModuleElement)" signature="(Lorg/eclipse/acceleo/parser/cst/ModuleElement;)Lorg/eclipse/emf/ecore/EObject;" type="org.eclipse.acceleo.internal.ide.ui.editors.template.AcceleoSourceContent"/>
            <reference linenumber="459" member="replaceVariable" origin="org.eclipse.acceleo.internal.ide.ui.editors.template.AcceleoSourceContent.replaceVariable(Variable)" signature="(Lorg/eclipse/acceleo/parser/cst/Variable;)Lorg/eclipse/emf/ecore/EObject;" type="org.eclipse.acceleo.internal.ide.ui.editors.template.AcceleoSourceContent"/>
        </reference_kind>
    </target>
    <target member="getForBlock_Each" name="org.eclipse.acceleo.parser.cst.CstPackage.getForBlock_Each()" signature="()Lorg/eclipse/emf/ecore/EReference;" type="org.eclipse.acceleo.parser.cst.CstPackage">
        <reference_kind flags="0" kind="512" reference_kind_name="INTERFACE_METHOD">
            <reference linenumber="782" member="getSpecificOffset" origin="org.eclipse.acceleo.internal.ide.ui.editors.template.AcceleoSourceContent.getSpecificOffset(int)" signature="(I)I" type="org.eclipse.acceleo.internal.ide.ui.editors.template.AcceleoSourceContent"/>
        </reference_kind>
    </target>
    <target member="getBlock_Body" name="org.eclipse.acceleo.parser.cst.CstPackage.getBlock_Body()" signature="()Lorg/eclipse/emf/ecore/EReference;" type="org.eclipse.acceleo.parser.cst.CstPackage">
        <reference_kind flags="0" kind="512" reference_kind_name="INTERFACE_METHOD">
            <reference linenumber="972" member="computeKeywordsProposals" origin="org.eclipse.acceleo.internal.ide.ui.editors.template.AcceleoCompletionProcessor.computeKeywordsProposals(List)" signature="(Ljava/util/List;)V" type="org.eclipse.acceleo.internal.ide.ui.editors.template.AcceleoCompletionProcessor"/>
        </reference_kind>
    </target>
</references>
