<?xml version="1.0" encoding="UTF-8" standalone="no"?>
<references name="Types" origin="org.eclipse.actf.model.flash (0.7.2.R201002031025)" referee="org.eclipse.actf.util.win32.comclutch (0.7.2.R201002031025)" reference_count="13" reference_visibility="1">
    <target name="org.eclipse.actf.util.win32.comclutch.IDispatch" type="org.eclipse.actf.util.win32.comclutch.IDispatch">
        <reference_kind flags="0" kind="4" reference_kind_name="DECLARED_FIELD">
            <reference linenumber="-1" member="idispFlash" origin="org.eclipse.actf.model.flash.FlashPlayer.idispFlash" type="org.eclipse.actf.model.flash.FlashPlayer"/>
        <reference linenumber="-1" member="idispFlash" origin="org.eclipse.actf.model.internal.flash.ASBridgeImplV8.idispFlash" type="org.eclipse.actf.model.internal.flash.ASBridgeImplV8"/>
            <reference linenumber="-1" member="idispFlash" origin="org.eclipse.actf.model.internal.flash.ASBridgeImplV9.idispFlash" type="org.eclipse.actf.model.internal.flash.ASBridgeImplV9"/>
        </reference_kind>
        <reference_kind flags="0" kind="8" reference_kind_name="RETURN_TYPE">
            <reference linenumber="-1" member="getDispatch" origin="org.eclipse.actf.model.flash.IFlashPlayer.getDispatch()" signature="()Lorg/eclipse/actf/util/win32/comclutch/IDispatch;" type="org.eclipse.actf.model.flash.IFlashPlayer"/>
            <reference linenumber="-1" member="getDispatch" origin="org.eclipse.actf.model.flash.FlashPlayer.getDispatch()" signature="()Lorg/eclipse/actf/util/win32/comclutch/IDispatch;" type="org.eclipse.actf.model.flash.FlashPlayer"/>
        <reference linenumber="-1" member="getHtmlElementFromObject" origin="org.eclipse.actf.model.flash.util.FlashMSAAUtil.getHtmlElementFromObject(Object)" signature="(Ljava/lang/Object;)Lorg/eclipse/actf/util/win32/comclutch/IDispatch;" type="org.eclipse.actf.model.flash.util.FlashMSAAUtil"/>
            <reference linenumber="-1" member="getHtmlElementFromPtr" origin="org.eclipse.actf.model.flash.util.FlashMSAAUtil.getHtmlElementFromPtr(int)" signature="(I)Lorg/eclipse/actf/util/win32/comclutch/IDispatch;" type="org.eclipse.actf.model.flash.util.FlashMSAAUtil"/>
        </reference_kind>
        <reference_kind flags="0" kind="16" reference_kind_name="PARAMETER">
            <reference linenumber="-1" member="&lt;init&gt;" origin="org.eclipse.actf.model.flash.FlashPlayer.FlashPlayer(IDispatch)" signature="(Lorg/eclipse/actf/util/win32/comclutch/IDispatch;)V" type="org.eclipse.actf.model.flash.FlashPlayer"/>
            <reference linenumber="-1" member="getPlayerFromIDsipatch" origin="org.eclipse.actf.model.flash.FlashPlayerFactory.getPlayerFromIDsipatch(IDispatch)" signature="(Lorg/eclipse/actf/util/win32/comclutch/IDispatch;)Lorg/eclipse/actf/model/flash/IFlashPlayer;" type="org.eclipse.actf.model.flash.FlashPlayerFactory"/>
        </reference_kind>
    </target>
<target name="org.eclipse.actf.util.win32.comclutch.IServiceProvider" type="org.eclipse.actf.util.win32.comclutch.IServiceProvider">
        <reference_kind flags="0" kind="262144" reference_kind_name="CASTS">
            <reference linenumber="-1" member="getHtmlElementFromObject" origin="org.eclipse.actf.model.flash.util.FlashMSAAUtil.getHtmlElementFromObject(Object)" signature="(Ljava/lang/Object;)Lorg/eclipse/actf/util/win32/comclutch/IDispatch;" type="org.eclipse.actf.model.flash.util.FlashMSAAUtil"/>
        </reference_kind>
    </target>
    <target name="org.eclipse.actf.util.win32.comclutch.IUnknown" type="org.eclipse.actf.util.win32.comclutch.IUnknown">
        <reference_kind flags="0" kind="524288" reference_kind_name="INSTANCEOF">
            <reference linenumber="-1" member="getHtmlElementFromObject" origin="org.eclipse.actf.model.flash.util.FlashMSAAUtil.getHtmlElementFromObject(Object)" signature="(Ljava/lang/Object;)Lorg/eclipse/actf/util/win32/comclutch/IDispatch;" type="org.eclipse.actf.model.flash.util.FlashMSAAUtil"/>
        </reference_kind>
        <reference_kind flags="0" kind="262144" reference_kind_name="CASTS">
            <reference linenumber="-1" member="getHtmlElementFromObject" origin="org.eclipse.actf.model.flash.util.FlashMSAAUtil.getHtmlElementFromObject(Object)" signature="(Ljava/lang/Object;)Lorg/eclipse/actf/util/win32/comclutch/IDispatch;" type="org.eclipse.actf.model.flash.util.FlashMSAAUtil"/>
        </reference_kind>
    </target>
<target name="org.eclipse.actf.util.win32.comclutch.DispatchException" type="org.eclipse.actf.util.win32.comclutch.DispatchException">
        <reference_kind flags="0" kind="131072" reference_kind_name="CATCHES_EXCEPTION">
            <reference linenumber="-1" member="translateWithPath" origin="org.eclipse.actf.model.internal.flash.ASBridgeImplV8.translateWithPath(String)" signature="(Ljava/lang/String;)[Lorg/eclipse/actf/model/flash/IASNode;" type="org.eclipse.actf.model.internal.flash.ASBridgeImplV8"/>
        </reference_kind>
    </target>
</references>
