<?xml version="1.0" encoding="UTF-8" standalone="no"?>
<references name="Methods" origin="org.eclipse.actf.visualization.blind (0.7.2.R201002031025)" referee="org.eclipse.actf.mediator (0.7.2.R201002031025)" reference_count="4" reference_visibility="1">
    <target member="getReport" name="org.eclipse.actf.mediator.Mediator.getReport(IACTFReportGenerator)" signature="(Lorg/eclipse/actf/mediator/IACTFReportGenerator;)Lorg/eclipse/actf/mediator/IACTFReport;" type="org.eclipse.actf.mediator.Mediator">
        <reference_kind flags="0" kind="256" reference_kind_name="VIRTUAL_METHOD">
            <reference linenumber="-1" member="saveReportFile" origin="org.eclipse.actf.visualization.blind.ui.internal.PartControlBlind.saveReportFile(String, String, boolean)" signature="(Ljava/lang/String;Ljava/lang/String;Z)V" type="org.eclipse.actf.visualization.blind.ui.internal.PartControlBlind"/>
        </reference_kind>
    </target>
    <target member="getInstance" name="org.eclipse.actf.mediator.Mediator.getInstance()" signature="()Lorg/eclipse/actf/mediator/Mediator;" type="org.eclipse.actf.mediator.Mediator">
        <reference_kind flags="0" kind="128" reference_kind_name="INVOKED_STATIC">
            <reference linenumber="-1" member="&lt;init&gt;" origin="org.eclipse.actf.visualization.blind.ui.internal.PartControlBlind.PartControlBlind(IVisualizationView, Composite)" signature="(Lorg/eclipse/actf/visualization/ui/IVisualizationView;Lorg/eclipse/swt/widgets/Composite;)V" type="org.eclipse.actf.visualization.blind.ui.internal.PartControlBlind"/>
        </reference_kind>
    </target>
    <target member="setReport" name="org.eclipse.actf.mediator.Mediator.setReport(IACTFReportGenerator, IACTFReport)" signature="(Lorg/eclipse/actf/mediator/IACTFReportGenerator;Lorg/eclipse/actf/mediator/IACTFReport;)V" type="org.eclipse.actf.mediator.Mediator">
        <reference_kind flags="0" kind="256" reference_kind_name="VIRTUAL_METHOD">
            <reference linenumber="-1" member="doVisualize" origin="org.eclipse.actf.visualization.blind.ui.internal.PartControlBlind.doVisualize(boolean)" signature="(Z)I" type="org.eclipse.actf.visualization.blind.ui.internal.PartControlBlind"/>
            <reference linenumber="-1" member="run" origin="org.eclipse.actf.visualization.blind.ui.internal.PartControlBlind.CreateReport.1.run()" signature="()V" type="org.eclipse.actf.visualization.blind.ui.internal.PartControlBlind$CreateReport$1"/>
        </reference_kind>
    </target>
</references>
