<?xml version="1.0" encoding="UTF-8" standalone="no"?>
<references name="Methods" origin="org.eclipse.actf.visualization.blind (0.7.2.R201002031025)" referee="org.eclipse.actf.model.ui (0.7.2.R201002031025)" reference_count="11" reference_visibility="1">
    <target member="getURL" name="org.eclipse.actf.model.ui.IModelService.getURL()" signature="()Ljava/lang/String;" type="org.eclipse.actf.model.ui.IModelService">
        <reference_kind flags="0" kind="512" reference_kind_name="INTERFACE_METHOD">
            <reference linenumber="-1" member="setModelService" origin="org.eclipse.actf.visualization.blind.BlindVisualizerBase.setModelService(IModelService)" signature="(Lorg/eclipse/actf/model/ui/IModelService;)Z" type="org.eclipse.actf.visualization.blind.BlindVisualizerBase"/>
        <reference linenumber="-1" member="doVisualize" origin="org.eclipse.actf.visualization.blind.ui.internal.PartControlBlind.doVisualize(boolean)" signature="(Z)I" type="org.eclipse.actf.visualization.blind.ui.internal.PartControlBlind"/>
        </reference_kind>
    </target>
<target member="&lt;init&gt;" name="org.eclipse.actf.model.ui.editor.browser.WaitForBrowserReadyHandler.WaitForBrowserReadyHandler(IWebBrowserACTF, double, boolean, Runnable)" signature="(Lorg/eclipse/actf/model/ui/editor/browser/IWebBrowserACTF;DZLjava/lang/Runnable;)V" type="org.eclipse.actf.model.ui.editor.browser.WaitForBrowserReadyHandler">
        <reference_kind flags="0" kind="64" reference_kind_name="CONSTRUCTOR_METHOD">
            <reference linenumber="-1" member="doVisualize" origin="org.eclipse.actf.visualization.blind.ui.internal.PartControlBlind.doVisualize(boolean)" signature="(Z)I" type="org.eclipse.actf.visualization.blind.ui.internal.PartControlBlind"/>
        </reference_kind>
    </target>
    <target member="reopenInACTFBrowser" name="org.eclipse.actf.model.ui.util.ModelServiceUtils.reopenInACTFBrowser()" signature="()Lorg/eclipse/ui/IEditorPart;" type="org.eclipse.actf.model.ui.util.ModelServiceUtils">
        <reference_kind flags="0" kind="128" reference_kind_name="INVOKED_STATIC">
            <reference linenumber="-1" member="doVisualize" origin="org.eclipse.actf.visualization.blind.ui.internal.PartControlBlind.doVisualize(boolean)" signature="(Z)I" type="org.eclipse.actf.visualization.blind.ui.internal.PartControlBlind"/>
        </reference_kind>
    </target>
    <target member="getCurrentMIMEType" name="org.eclipse.actf.model.ui.IModelService.getCurrentMIMEType()" signature="()Ljava/lang/String;" type="org.eclipse.actf.model.ui.IModelService">
        <reference_kind flags="0" kind="512" reference_kind_name="INTERFACE_METHOD">
            <reference linenumber="-1" member="doVisualize" origin="org.eclipse.actf.visualization.blind.ui.internal.PartControlBlind.doVisualize(boolean)" signature="(Z)I" type="org.eclipse.actf.visualization.blind.ui.internal.PartControlBlind"/>
        </reference_kind>
    </target>
    <target member="clearHighlight" name="org.eclipse.actf.model.ui.editor.browser.IWebBrowserACTF.clearHighlight()" signature="()V" type="org.eclipse.actf.model.ui.editor.browser.IWebBrowserACTF">
        <reference_kind flags="0" kind="512" reference_kind_name="INTERFACE_METHOD">
            <reference linenumber="-1" member="selectionChanged" origin="org.eclipse.actf.visualization.blind.ui.internal.SelectionListenerBlind.selectionChanged(IWorkbenchPart, ISelection)" signature="(Lorg/eclipse/ui/IWorkbenchPart;Lorg/eclipse/jface/viewers/ISelection;)V" type="org.eclipse.actf.visualization.blind.ui.internal.SelectionListenerBlind"/>
        </reference_kind>
    </target>
    <target member="getModelService" name="org.eclipse.actf.model.ui.IModelServiceHolder.getModelService()" signature="()Lorg/eclipse/actf/model/ui/IModelService;" type="org.eclipse.actf.model.ui.IModelServiceHolder">
        <reference_kind flags="0" kind="512" reference_kind_name="INTERFACE_METHOD">
            <reference linenumber="-1" member="doVisualize" origin="org.eclipse.actf.visualization.blind.ui.internal.PartControlBlind.doVisualize(boolean)" signature="(Z)I" type="org.eclipse.actf.visualization.blind.ui.internal.PartControlBlind"/>
        </reference_kind>
    </target>
    <target member="getActiveModelService" name="org.eclipse.actf.model.ui.util.ModelServiceUtils.getActiveModelService()" signature="()Lorg/eclipse/actf/model/ui/IModelService;" type="org.eclipse.actf.model.ui.util.ModelServiceUtils">
        <reference_kind flags="0" kind="128" reference_kind_name="INVOKED_STATIC">
            <reference linenumber="-1" member="selectionChanged" origin="org.eclipse.actf.visualization.blind.ui.internal.SelectionListenerBlind.selectionChanged(IWorkbenchPart, ISelection)" signature="(Lorg/eclipse/ui/IWorkbenchPart;Lorg/eclipse/jface/viewers/ISelection;)V" type="org.eclipse.actf.visualization.blind.ui.internal.SelectionListenerBlind"/>
            <reference linenumber="-1" member="doVisualize" origin="org.eclipse.actf.visualization.blind.ui.internal.PartControlBlind.doVisualize(boolean)" signature="(Z)I" type="org.eclipse.actf.visualization.blind.ui.internal.PartControlBlind"/>
        </reference_kind>
    </target>
    <target member="jumpToNode" name="org.eclipse.actf.model.ui.IModelService.jumpToNode(Node)" signature="(Lorg/w3c/dom/Node;)V" type="org.eclipse.actf.model.ui.IModelService">
        <reference_kind flags="0" kind="512" reference_kind_name="INTERFACE_METHOD">
            <reference linenumber="-1" member="selectionChanged" origin="org.eclipse.actf.visualization.blind.ui.internal.SelectionListenerBlind.selectionChanged(IWorkbenchPart, ISelection)" signature="(Lorg/eclipse/ui/IWorkbenchPart;Lorg/eclipse/jface/viewers/ISelection;)V" type="org.eclipse.actf.visualization.blind.ui.internal.SelectionListenerBlind"/>
        </reference_kind>
    </target>
    <target member="getID" name="org.eclipse.actf.model.ui.IModelService.getID()" signature="()Ljava/lang/String;" type="org.eclipse.actf.model.ui.IModelService">
        <reference_kind flags="0" kind="512" reference_kind_name="INTERFACE_METHOD">
            <reference linenumber="-1" member="doVisualize" origin="org.eclipse.actf.visualization.blind.ui.internal.PartControlBlind.doVisualize(boolean)" signature="(Z)I" type="org.eclipse.actf.visualization.blind.ui.internal.PartControlBlind"/>
        </reference_kind>
    </target>
</references>
