<?xml version="1.0" encoding="UTF-8" standalone="no"?>
<references name="Types" origin="org.eclipse.actf.visualization.blind (0.7.2.R201002031025)" referee="org.eclipse.actf.model.ui (0.7.2.R201002031025)" reference_count="10" reference_visibility="1">
    <target name="org.eclipse.actf.model.ui.IModelService" type="org.eclipse.actf.model.ui.IModelService">
        <reference_kind flags="0" kind="16" reference_kind_name="PARAMETER">
            <reference linenumber="-1" member="setModelService" origin="org.eclipse.actf.visualization.blind.BlindVisualizerBase.setModelService(IModelService)" signature="(Lorg/eclipse/actf/model/ui/IModelService;)Z" type="org.eclipse.actf.visualization.blind.BlindVisualizerBase"/>
            <reference linenumber="-1" member="isTarget" origin="org.eclipse.actf.visualization.blind.BlindVisualizerBase.isTarget(IModelService)" signature="(Lorg/eclipse/actf/model/ui/IModelService;)Z" type="org.eclipse.actf.visualization.blind.BlindVisualizerBase"/>
            <reference linenumber="-1" member="setModelService" origin="org.eclipse.actf.visualization.blind.IBlindVisualizer.setModelService(IModelService)" signature="(Lorg/eclipse/actf/model/ui/IModelService;)Z" type="org.eclipse.actf.visualization.blind.IBlindVisualizer"/>
        </reference_kind>
        <reference_kind flags="0" kind="4" reference_kind_name="DECLARED_FIELD">
            <reference linenumber="-1" member="modelService" origin="org.eclipse.actf.visualization.blind.BlindVisualizerBase.modelService" type="org.eclipse.actf.visualization.blind.BlindVisualizerBase"/>
        </reference_kind>
    </target>
<target name="org.eclipse.actf.model.ui.IModelServiceHolder" type="org.eclipse.actf.model.ui.IModelServiceHolder">
        <reference_kind flags="0" kind="524288" reference_kind_name="INSTANCEOF">
            <reference linenumber="-1" member="doVisualize" origin="org.eclipse.actf.visualization.blind.ui.internal.PartControlBlind.doVisualize(boolean)" signature="(Z)I" type="org.eclipse.actf.visualization.blind.ui.internal.PartControlBlind"/>
        </reference_kind>
        <reference_kind flags="0" kind="262144" reference_kind_name="CASTS">
            <reference linenumber="-1" member="doVisualize" origin="org.eclipse.actf.visualization.blind.ui.internal.PartControlBlind.doVisualize(boolean)" signature="(Z)I" type="org.eclipse.actf.visualization.blind.ui.internal.PartControlBlind"/>
        </reference_kind>
    </target>
    <target name="org.eclipse.actf.model.ui.editor.browser.WaitForBrowserReadyHandler" type="org.eclipse.actf.model.ui.editor.browser.WaitForBrowserReadyHandler">
        <reference_kind flags="0" kind="134217728" reference_kind_name="INSTANTIATION">
            <reference linenumber="-1" member="doVisualize" origin="org.eclipse.actf.visualization.blind.ui.internal.PartControlBlind.doVisualize(boolean)" signature="(Z)I" type="org.eclipse.actf.visualization.blind.ui.internal.PartControlBlind"/>
        </reference_kind>
    </target>
    <target name="org.eclipse.actf.model.ui.editor.browser.IWebBrowserACTF" type="org.eclipse.actf.model.ui.editor.browser.IWebBrowserACTF">
        <reference_kind flags="0" kind="524288" reference_kind_name="INSTANCEOF">
            <reference linenumber="-1" member="selectionChanged" origin="org.eclipse.actf.visualization.blind.ui.internal.SelectionListenerBlind.selectionChanged(IWorkbenchPart, ISelection)" signature="(Lorg/eclipse/ui/IWorkbenchPart;Lorg/eclipse/jface/viewers/ISelection;)V" type="org.eclipse.actf.visualization.blind.ui.internal.SelectionListenerBlind"/>
        </reference_kind>
        <reference_kind flags="0" kind="262144" reference_kind_name="CASTS">
            <reference linenumber="-1" member="selectionChanged" origin="org.eclipse.actf.visualization.blind.ui.internal.SelectionListenerBlind.selectionChanged(IWorkbenchPart, ISelection)" signature="(Lorg/eclipse/ui/IWorkbenchPart;Lorg/eclipse/jface/viewers/ISelection;)V" type="org.eclipse.actf.visualization.blind.ui.internal.SelectionListenerBlind"/>
            <reference linenumber="-1" member="doVisualize" origin="org.eclipse.actf.visualization.blind.ui.internal.PartControlBlind.doVisualize(boolean)" signature="(Z)I" type="org.eclipse.actf.visualization.blind.ui.internal.PartControlBlind"/>
        </reference_kind>
    </target>
</references>
