<?xml version="1.0" encoding="UTF-8" standalone="no"?>
<references name="Methods" origin="org.eclipse.acceleo.parser (0.8.1.v200909161003)" referee="org.eclipse.acceleo.common (0.8.1.v200909161003)" reference_count="10" reference_visibility="1">
    <target member="getExistingOperations" name="org.eclipse.acceleo.common.utils.AcceleoStandardLibrary.getExistingOperations(EClassifier)" signature="(Lorg/eclipse/emf/ecore/EClassifier;)Lorg/eclipse/emf/common/util/EList;" type="org.eclipse.acceleo.common.utils.AcceleoStandardLibrary">
        <reference_kind flags="0" kind="256" reference_kind_name="VIRTUAL_METHOD">
            <reference linenumber="80" member="&lt;init&gt;" origin="org.eclipse.acceleo.internal.parser.ast.ocl.environment.AcceleoEnvironment.AcceleoEnvironment(Resource)" signature="(Lorg/eclipse/emf/ecore/resource/Resource;)V" type="org.eclipse.acceleo.internal.parser.ast.ocl.environment.AcceleoEnvironment"/>
            <reference linenumber="82" member="&lt;init&gt;" origin="org.eclipse.acceleo.internal.parser.ast.ocl.environment.AcceleoEnvironment.AcceleoEnvironment(Resource)" signature="(Lorg/eclipse/emf/ecore/resource/Resource;)V" type="org.eclipse.acceleo.internal.parser.ast.ocl.environment.AcceleoEnvironment"/>
            <reference linenumber="84" member="&lt;init&gt;" origin="org.eclipse.acceleo.internal.parser.ast.ocl.environment.AcceleoEnvironment.AcceleoEnvironment(Resource)" signature="(Lorg/eclipse/emf/ecore/resource/Resource;)V" type="org.eclipse.acceleo.internal.parser.ast.ocl.environment.AcceleoEnvironment"/>
        </reference_kind>
    </target>
    <target member="&lt;init&gt;" name="org.eclipse.acceleo.common.utils.AcceleoStandardLibrary.AcceleoStandardLibrary()" signature="()V" type="org.eclipse.acceleo.common.utils.AcceleoStandardLibrary">
        <reference_kind flags="0" kind="64" reference_kind_name="CONSTRUCTOR_METHOD">
            <reference linenumber="182" member="getAcceleoStandardLibrary" origin="org.eclipse.acceleo.internal.parser.ast.ocl.environment.AcceleoEnvironment.getAcceleoStandardLibrary()" signature="()Lorg/eclipse/acceleo/common/utils/AcceleoStandardLibrary;" type="org.eclipse.acceleo.internal.parser.ast.ocl.environment.AcceleoEnvironment"/>
        </reference_kind>
    </target>
    <target member="getExistingOperations" name="org.eclipse.acceleo.common.utils.AcceleoNonStandardLibrary.getExistingOperations(EClassifier)" signature="(Lorg/eclipse/emf/ecore/EClassifier;)Lorg/eclipse/emf/common/util/EList;" type="org.eclipse.acceleo.common.utils.AcceleoNonStandardLibrary">
        <reference_kind flags="0" kind="256" reference_kind_name="VIRTUAL_METHOD">
            <reference linenumber="89" member="&lt;init&gt;" origin="org.eclipse.acceleo.internal.parser.ast.ocl.environment.AcceleoEnvironment.AcceleoEnvironment(Resource)" signature="(Lorg/eclipse/emf/ecore/resource/Resource;)V" type="org.eclipse.acceleo.internal.parser.ast.ocl.environment.AcceleoEnvironment"/>
            <reference linenumber="91" member="&lt;init&gt;" origin="org.eclipse.acceleo.internal.parser.ast.ocl.environment.AcceleoEnvironment.AcceleoEnvironment(Resource)" signature="(Lorg/eclipse/emf/ecore/resource/Resource;)V" type="org.eclipse.acceleo.internal.parser.ast.ocl.environment.AcceleoEnvironment"/>
        </reference_kind>
    </target>
    <target member="&lt;init&gt;" name="org.eclipse.acceleo.common.utils.AcceleoNonStandardLibrary.AcceleoNonStandardLibrary()" signature="()V" type="org.eclipse.acceleo.common.utils.AcceleoNonStandardLibrary">
        <reference_kind flags="0" kind="64" reference_kind_name="CONSTRUCTOR_METHOD">
            <reference linenumber="170" member="getAcceleoNonStandardLibrary" origin="org.eclipse.acceleo.internal.parser.ast.ocl.environment.AcceleoEnvironment.getAcceleoNonStandardLibrary()" signature="()Lorg/eclipse/acceleo/common/utils/AcceleoNonStandardLibrary;" type="org.eclipse.acceleo.internal.parser.ast.ocl.environment.AcceleoEnvironment"/>
        </reference_kind>
    </target>
<target member="load" name="org.eclipse.acceleo.common.utils.ModelUtils.load(URI, ResourceSet)" signature="(Lorg/eclipse/emf/common/util/URI;Lorg/eclipse/emf/ecore/resource/ResourceSet;)Lorg/eclipse/emf/ecore/EObject;" type="org.eclipse.acceleo.common.utils.ModelUtils">
        <reference_kind flags="0" kind="128" reference_kind_name="INVOKED_STATIC">
            <reference linenumber="76" member="parse" origin="org.eclipse.acceleo.parser.AcceleoParser.parse(List, List, List)" signature="(Ljava/util/List;Ljava/util/List;Ljava/util/List;)V" type="org.eclipse.acceleo.parser.AcceleoParser"/>
            <reference linenumber="152" member="parse" origin="org.eclipse.acceleo.parser.AcceleoParser.parse(AcceleoSourceBuffer, Resource, List)" signature="(Lorg/eclipse/acceleo/parser/AcceleoSourceBuffer;Lorg/eclipse/emf/ecore/resource/Resource;Ljava/util/List;)V" type="org.eclipse.acceleo.parser.AcceleoParser"/>
        </reference_kind>
    </target>
    <target member="createResource" name="org.eclipse.acceleo.common.utils.ModelUtils.createResource(URI, ResourceSet)" signature="(Lorg/eclipse/emf/common/util/URI;Lorg/eclipse/emf/ecore/resource/ResourceSet;)Lorg/eclipse/emf/ecore/resource/Resource;" type="org.eclipse.acceleo.common.utils.ModelUtils">
        <reference_kind flags="0" kind="128" reference_kind_name="INVOKED_STATIC">
            <reference linenumber="67" member="parse" origin="org.eclipse.acceleo.parser.AcceleoParser.parse(List, List, List)" signature="(Ljava/util/List;Ljava/util/List;Ljava/util/List;)V" type="org.eclipse.acceleo.parser.AcceleoParser"/>
        </reference_kind>
    </target>
</references>
