<?xml version="1.0" encoding="UTF-8" standalone="no"?>
<references name="Methods" origin="org.eclipse.birt.chart.examples (2.5.2.v20091112)" referee="org.eclipse.birt.chart.ui.extension (2.5.2.v20100210)" reference_count="23" reference_visibility="1">
    <target member="getWizard" name="org.eclipse.birt.chart.ui.swt.wizard.format.SubtaskSheetImpl.getWizard()" signature="()Lorg/eclipse/birt/core/ui/frameworks/taskwizard/WizardBase;" type="org.eclipse.birt.chart.ui.swt.wizard.format.SubtaskSheetImpl">
        <reference_kind flags="0" kind="256" reference_kind_name="VIRTUAL_METHOD">
            <reference linenumber="58" member="createControl" origin="org.eclipse.birt.chart.examples.builder.SubtaskSelectType.createControl(Composite)" signature="(Lorg/eclipse/swt/widgets/Composite;)V" type="org.eclipse.birt.chart.examples.builder.SubtaskSelectType"/>
            <reference linenumber="41" member="createControl" origin="org.eclipse.birt.chart.examples.builder.SubtaskSelectData.createControl(Composite)" signature="(Lorg/eclipse/swt/widgets/Composite;)V" type="org.eclipse.birt.chart.examples.builder.SubtaskSelectData"/>
        </reference_kind>
    </target>
    <target member="&lt;init&gt;" name="org.eclipse.birt.chart.ui.swt.wizard.format.SubtaskSheetImpl.SubtaskSheetImpl()" signature="()V" type="org.eclipse.birt.chart.ui.swt.wizard.format.SubtaskSheetImpl">
        <reference_kind flags="0" kind="536870912" reference_kind_name="SUPER_CONSTRUCTORMETHOD">
            <reference linenumber="29" member="&lt;init&gt;" origin="org.eclipse.birt.chart.examples.builder.SubtaskSelectType.SubtaskSelectType()" signature="()V" type="org.eclipse.birt.chart.examples.builder.SubtaskSelectType"/>
            <reference linenumber="32" member="&lt;init&gt;" origin="org.eclipse.birt.chart.examples.builder.SubtaskSelectData.SubtaskSelectData()" signature="()V" type="org.eclipse.birt.chart.examples.builder.SubtaskSelectData"/>
        </reference_kind>
        <reference_kind flags="0" kind="268435456" reference_kind_name="OVERRIDE">
            <reference linenumber="-1" member="&lt;init&gt;" origin="org.eclipse.birt.chart.examples.builder.SubtaskSelectType.SubtaskSelectType()" signature="()V" type="org.eclipse.birt.chart.examples.builder.SubtaskSelectType"/>
            <reference linenumber="-1" member="&lt;init&gt;" origin="org.eclipse.birt.chart.examples.builder.SubtaskSelectData.SubtaskSelectData()" signature="()V" type="org.eclipse.birt.chart.examples.builder.SubtaskSelectData"/>
        </reference_kind>
    </target>
    <target member="createControl" name="org.eclipse.birt.chart.ui.swt.wizard.format.SubtaskSheetImpl.createControl(Composite)" signature="(Lorg/eclipse/swt/widgets/Composite;)V" type="org.eclipse.birt.chart.ui.swt.wizard.format.SubtaskSheetImpl">
        <reference_kind flags="0" kind="268435456" reference_kind_name="OVERRIDE">
            <reference linenumber="-1" member="createControl" origin="org.eclipse.birt.chart.examples.builder.SubtaskSelectData.createControl(Composite)" signature="(Lorg/eclipse/swt/widgets/Composite;)V" type="org.eclipse.birt.chart.examples.builder.SubtaskSelectData"/>
            <reference linenumber="-1" member="createControl" origin="org.eclipse.birt.chart.examples.builder.SubtaskSelectType.createControl(Composite)" signature="(Lorg/eclipse/swt/widgets/Composite;)V" type="org.eclipse.birt.chart.examples.builder.SubtaskSelectType"/>
        </reference_kind>
    </target>
    <target member="&lt;init&gt;" name="org.eclipse.birt.chart.ui.swt.wizard.TaskSelectType.TaskSelectType()" signature="()V" type="org.eclipse.birt.chart.ui.swt.wizard.TaskSelectType">
        <reference_kind flags="0" kind="536870912" reference_kind_name="SUPER_CONSTRUCTORMETHOD">
            <reference linenumber="31" member="&lt;init&gt;" origin="org.eclipse.birt.chart.examples.builder.SubtaskSelectType.1.1(SubtaskSelectType)" signature="(Lorg/eclipse/birt/chart/examples/builder/SubtaskSelectType;)V" type="org.eclipse.birt.chart.examples.builder.SubtaskSelectType$1"/>
        </reference_kind>
        <reference_kind flags="0" kind="64" reference_kind_name="CONSTRUCTOR_METHOD">
            <reference linenumber="190" member="init" origin="org.eclipse.birt.chart.examples.builder.ChartWizardLauncher.init()" signature="()V" type="org.eclipse.birt.chart.examples.builder.ChartWizardLauncher"/>
        </reference_kind>
    </target>
    <target member="isPreviewable" name="org.eclipse.birt.chart.ui.swt.wizard.format.SubtaskSheetImpl.isPreviewable()" signature="()Z" type="org.eclipse.birt.chart.ui.swt.wizard.format.SubtaskSheetImpl">
        <reference_kind flags="0" kind="268435456" reference_kind_name="OVERRIDE">
            <reference linenumber="-1" member="isPreviewable" origin="org.eclipse.birt.chart.examples.builder.SubtaskSelectData.isPreviewable()" signature="()Z" type="org.eclipse.birt.chart.examples.builder.SubtaskSelectData"/>
            <reference linenumber="-1" member="isPreviewable" origin="org.eclipse.birt.chart.examples.builder.SubtaskSelectType.isPreviewable()" signature="()Z" type="org.eclipse.birt.chart.examples.builder.SubtaskSelectType"/>
        </reference_kind>
    </target>
    <target member="createControl" name="org.eclipse.birt.chart.ui.swt.wizard.TaskSelectType.createControl(Composite)" signature="(Lorg/eclipse/swt/widgets/Composite;)V" type="org.eclipse.birt.chart.ui.swt.wizard.TaskSelectType">
        <reference_kind flags="0" kind="268435456" reference_kind_name="OVERRIDE">
            <reference linenumber="-1" member="createControl" origin="org.eclipse.birt.chart.examples.builder.SubtaskSelectType.1.createControl(Composite)" signature="(Lorg/eclipse/swt/widgets/Composite;)V" type="org.eclipse.birt.chart.examples.builder.SubtaskSelectType$1"/>
        </reference_kind>
        <reference_kind flags="0" kind="1048576" reference_kind_name="INVOKED_SPECIAL">
            <reference linenumber="38" member="createControl" origin="org.eclipse.birt.chart.examples.builder.SubtaskSelectType.1.createControl(Composite)" signature="(Lorg/eclipse/swt/widgets/Composite;)V" type="org.eclipse.birt.chart.examples.builder.SubtaskSelectType$1"/>
        </reference_kind>
    </target>
    <target member="widgetSelected" name="org.eclipse.birt.chart.ui.swt.wizard.TaskSelectType.widgetSelected(SelectionEvent)" signature="(Lorg/eclipse/swt/events/SelectionEvent;)V" type="org.eclipse.birt.chart.ui.swt.wizard.TaskSelectType">
        <reference_kind flags="0" kind="268435456" reference_kind_name="OVERRIDE">
            <reference linenumber="-1" member="widgetSelected" origin="org.eclipse.birt.chart.examples.builder.SubtaskSelectType.1.widgetSelected(SelectionEvent)" signature="(Lorg/eclipse/swt/events/SelectionEvent;)V" type="org.eclipse.birt.chart.examples.builder.SubtaskSelectType$1"/>
        </reference_kind>
        <reference_kind flags="0" kind="1048576" reference_kind_name="INVOKED_SPECIAL">
            <reference linenumber="44" member="widgetSelected" origin="org.eclipse.birt.chart.examples.builder.SubtaskSelectType.1.widgetSelected(SelectionEvent)" signature="(Lorg/eclipse/swt/events/SelectionEvent;)V" type="org.eclipse.birt.chart.examples.builder.SubtaskSelectType$1"/>
        </reference_kind>
    </target>
    <target member="getParentTask" name="org.eclipse.birt.chart.ui.swt.wizard.format.SubtaskSheetImpl.getParentTask()" signature="()Lorg/eclipse/birt/core/ui/frameworks/taskwizard/TreeCompoundTask;" type="org.eclipse.birt.chart.ui.swt.wizard.format.SubtaskSheetImpl">
        <reference_kind flags="0" kind="256" reference_kind_name="VIRTUAL_METHOD">
            <reference linenumber="1" member="access$0" origin="org.eclipse.birt.chart.examples.builder.SubtaskSelectType.access$0(SubtaskSelectType)" signature="(Lorg/eclipse/birt/chart/examples/builder/SubtaskSelectType;)Lorg/eclipse/birt/core/ui/frameworks/taskwizard/TreeCompoundTask;" type="org.eclipse.birt.chart.examples.builder.SubtaskSelectType"/>
            <reference linenumber="62" member="changeTask" origin="org.eclipse.birt.chart.examples.builder.SubtaskSelectData.changeTask(Notification)" signature="(Lorg/eclipse/emf/common/notify/Notification;)V" type="org.eclipse.birt.chart.examples.builder.SubtaskSelectData"/>
        </reference_kind>
    </target>
    <target member="&lt;init&gt;" name="org.eclipse.birt.chart.ui.swt.wizard.TaskSelectData.TaskSelectData()" signature="()V" type="org.eclipse.birt.chart.ui.swt.wizard.TaskSelectData">
        <reference_kind flags="0" kind="64" reference_kind_name="CONSTRUCTOR_METHOD">
            <reference linenumber="34" member="&lt;init&gt;" origin="org.eclipse.birt.chart.examples.builder.SubtaskSelectData.SubtaskSelectData()" signature="()V" type="org.eclipse.birt.chart.examples.builder.SubtaskSelectData"/>
            <reference linenumber="193" member="init" origin="org.eclipse.birt.chart.examples.builder.ChartWizardLauncher.init()" signature="()V" type="org.eclipse.birt.chart.examples.builder.ChartWizardLauncher"/>
        </reference_kind>
    </target>
    <target member="getContext" name="org.eclipse.birt.chart.ui.swt.wizard.format.SubtaskSheetImpl.getContext()" signature="()Lorg/eclipse/birt/chart/ui/swt/wizard/ChartWizardContext;" type="org.eclipse.birt.chart.ui.swt.wizard.format.SubtaskSheetImpl">
        <reference_kind flags="0" kind="256" reference_kind_name="VIRTUAL_METHOD">
            <reference linenumber="40" member="createControl" origin="org.eclipse.birt.chart.examples.builder.SubtaskSelectData.createControl(Composite)" signature="(Lorg/eclipse/swt/widgets/Composite;)V" type="org.eclipse.birt.chart.examples.builder.SubtaskSelectData"/>
            <reference linenumber="57" member="createControl" origin="org.eclipse.birt.chart.examples.builder.SubtaskSelectType.createControl(Composite)" signature="(Lorg/eclipse/swt/widgets/Composite;)V" type="org.eclipse.birt.chart.examples.builder.SubtaskSelectType"/>
        </reference_kind>
    </target>
    <target member="&lt;init&gt;" name="org.eclipse.birt.chart.ui.swt.wizard.TaskFormatChart.TaskFormatChart()" signature="()V" type="org.eclipse.birt.chart.ui.swt.wizard.TaskFormatChart">
        <reference_kind flags="0" kind="64" reference_kind_name="CONSTRUCTOR_METHOD">
            <reference linenumber="196" member="init" origin="org.eclipse.birt.chart.examples.builder.ChartWizardLauncher.init()" signature="()V" type="org.eclipse.birt.chart.examples.builder.ChartWizardLauncher"/>
        </reference_kind>
    </target>
</references>
