<?xml version="1.0" encoding="UTF-8" standalone="no"?>
<references name="Methods" origin="org.eclipse.actf.visualization.gui (0.7.2.R201002031025)" referee="org.eclipse.actf.model.ui (0.7.2.R201002031025)" reference_count="6" reference_visibility="1">
    <target member="getActiveModelService" name="org.eclipse.actf.model.ui.util.ModelServiceUtils.getActiveModelService()" signature="()Lorg/eclipse/actf/model/ui/IModelService;" type="org.eclipse.actf.model.ui.util.ModelServiceUtils">
        <reference_kind flags="0" kind="128" reference_kind_name="INVOKED_STATIC">
            <reference linenumber="-1" member="getActiveModelService" origin="org.eclipse.actf.visualization.gui.internal.ModelServiceTargetWindowDataProvider.getActiveModelService()" signature="()Lorg/eclipse/actf/model/ui/IModelService;" type="org.eclipse.actf.visualization.gui.internal.ModelServiceTargetWindowDataProvider"/>
        </reference_kind>
    </target>
<target member="getTitle" name="org.eclipse.actf.model.ui.IModelService.getTitle()" signature="()Ljava/lang/String;" type="org.eclipse.actf.model.ui.IModelService">
        <reference_kind flags="0" kind="512" reference_kind_name="INTERFACE_METHOD">
            <reference linenumber="-1" member="getTitle" origin="org.eclipse.actf.visualization.gui.internal.util.TargetWindow.getTitle(Object)" signature="(Ljava/lang/Object;)Ljava/lang/String;" type="org.eclipse.actf.visualization.gui.internal.util.TargetWindow"/>
        </reference_kind>
    </target>
    <target member="getAttribute" name="org.eclipse.actf.model.ui.IModelService.getAttribute(String)" signature="(Ljava/lang/String;)Ljava/lang/Object;" type="org.eclipse.actf.model.ui.IModelService">
        <reference_kind flags="0" kind="512" reference_kind_name="INTERFACE_METHOD">
            <reference linenumber="-1" member="getWindowHandle" origin="org.eclipse.actf.visualization.gui.internal.util.TargetWindow.getWindowHandle(Object)" signature="(Ljava/lang/Object;)I" type="org.eclipse.actf.visualization.gui.internal.util.TargetWindow"/>
        </reference_kind>
    </target>
    <target member="getTargetComposite" name="org.eclipse.actf.model.ui.IModelService.getTargetComposite()" signature="()Lorg/eclipse/swt/widgets/Composite;" type="org.eclipse.actf.model.ui.IModelService">
        <reference_kind flags="0" kind="512" reference_kind_name="INTERFACE_METHOD">
            <reference linenumber="-1" member="getWindowHandle" origin="org.eclipse.actf.visualization.gui.internal.util.TargetWindow.getWindowHandle(Object)" signature="(Ljava/lang/Object;)I" type="org.eclipse.actf.visualization.gui.internal.util.TargetWindow"/>
            <reference linenumber="-1" member="isEmbeddedBrowser" origin="org.eclipse.actf.visualization.gui.internal.util.TargetWindow.isEmbeddedBrowser(Object)" signature="(Ljava/lang/Object;)Z" type="org.eclipse.actf.visualization.gui.internal.util.TargetWindow"/>
        </reference_kind>
    </target>
    <target member="getID" name="org.eclipse.actf.model.ui.IModelService.getID()" signature="()Ljava/lang/String;" type="org.eclipse.actf.model.ui.IModelService">
        <reference_kind flags="0" kind="512" reference_kind_name="INTERFACE_METHOD">
            <reference linenumber="-1" member="getID" origin="org.eclipse.actf.visualization.gui.internal.util.TargetWindow.getID(Object)" signature="(Ljava/lang/Object;)Ljava/lang/String;" type="org.eclipse.actf.visualization.gui.internal.util.TargetWindow"/>
        </reference_kind>
    </target>
</references>
