<?xml version="1.0" encoding="UTF-8" standalone="no"?>
<references name="Types" origin="org.eclipse.actf.visualization.gui (0.7.2.R201002031025)" referee="org.eclipse.actf.model.ui (0.7.2.R201002031025)" reference_count="17" reference_visibility="1">
    <target name="org.eclipse.actf.model.ui.IModelService" type="org.eclipse.actf.model.ui.IModelService">
        <reference_kind flags="0" kind="8" reference_kind_name="RETURN_TYPE">
            <reference linenumber="-1" member="getModelService" origin="org.eclipse.actf.visualization.gui.TargetWindowDataProvider.getModelService()" signature="()[Lorg/eclipse/actf/model/ui/IModelService;" type="org.eclipse.actf.visualization.gui.TargetWindowDataProvider"/>
            <reference linenumber="-1" member="getActiveModelService" origin="org.eclipse.actf.visualization.gui.TargetWindowDataProvider.getActiveModelService()" signature="()Lorg/eclipse/actf/model/ui/IModelService;" type="org.eclipse.actf.visualization.gui.TargetWindowDataProvider"/>
        <reference linenumber="-1" member="getModelService" origin="org.eclipse.actf.visualization.gui.internal.GuiTargetWindowData.DummyModelServiceHolder.getModelService()" signature="()Lorg/eclipse/actf/model/ui/IModelService;" type="org.eclipse.actf.visualization.gui.internal.GuiTargetWindowData$DummyModelServiceHolder"/>
            <reference linenumber="-1" member="getModelService" origin="org.eclipse.actf.visualization.gui.internal.GuiTargetWindowDataProvider.getModelService()" signature="()[Lorg/eclipse/actf/model/ui/IModelService;" type="org.eclipse.actf.visualization.gui.internal.GuiTargetWindowDataProvider"/>
            <reference linenumber="-1" member="getActiveModelService" origin="org.eclipse.actf.visualization.gui.internal.ModelServiceTargetWindowDataProvider.getActiveModelService()" signature="()Lorg/eclipse/actf/model/ui/IModelService;" type="org.eclipse.actf.visualization.gui.internal.ModelServiceTargetWindowDataProvider"/>
        <reference linenumber="-1" member="getModelService" origin="org.eclipse.actf.visualization.gui.internal.util.TargetWindow.getModelService(Object)" signature="(Ljava/lang/Object;)Lorg/eclipse/actf/model/ui/IModelService;" type="org.eclipse.actf.visualization.gui.internal.util.TargetWindow"/>
        </reference_kind>
    <reference_kind flags="0" kind="262144" reference_kind_name="CASTS">
            <reference linenumber="-1" member="getModelService" origin="org.eclipse.actf.visualization.gui.internal.GuiTargetWindowDataProvider.getModelService()" signature="()[Lorg/eclipse/actf/model/ui/IModelService;" type="org.eclipse.actf.visualization.gui.internal.GuiTargetWindowDataProvider"/>
        <reference linenumber="-1" member="getModelService" origin="org.eclipse.actf.visualization.gui.internal.util.TargetWindow.getModelService(Object)" signature="(Ljava/lang/Object;)Lorg/eclipse/actf/model/ui/IModelService;" type="org.eclipse.actf.visualization.gui.internal.util.TargetWindow"/>
        </reference_kind>
        <reference_kind flags="0" kind="32768" reference_kind_name="ALLOCATES_ARRAY">
            <reference linenumber="-1" member="getModelService" origin="org.eclipse.actf.visualization.gui.internal.GuiTargetWindowDataProvider.getModelService()" signature="()[Lorg/eclipse/actf/model/ui/IModelService;" type="org.eclipse.actf.visualization.gui.internal.GuiTargetWindowDataProvider"/>
        </reference_kind>
        <reference_kind flags="0" kind="2" reference_kind_name="IMPLEMENTS">
            <reference linenumber="-1" origin="org.eclipse.actf.visualization.gui.internal.GuiTargetWindowData" type="org.eclipse.actf.visualization.gui.internal.GuiTargetWindowData"/>
        </reference_kind>
    <reference_kind flags="0" kind="524288" reference_kind_name="INSTANCEOF">
            <reference linenumber="-1" member="getModelService" origin="org.eclipse.actf.visualization.gui.internal.util.TargetWindow.getModelService(Object)" signature="(Ljava/lang/Object;)Lorg/eclipse/actf/model/ui/IModelService;" type="org.eclipse.actf.visualization.gui.internal.util.TargetWindow"/>
        </reference_kind>
    </target>
<target name="org.eclipse.actf.model.ui.ImagePositionInfo" type="org.eclipse.actf.model.ui.ImagePositionInfo">
        <reference_kind flags="0" kind="8" reference_kind_name="RETURN_TYPE">
            <reference linenumber="-1" member="getAllImagePosition" origin="org.eclipse.actf.visualization.gui.internal.GuiTargetWindowData.getAllImagePosition()" signature="()[Lorg/eclipse/actf/model/ui/ImagePositionInfo;" type="org.eclipse.actf.visualization.gui.internal.GuiTargetWindowData"/>
        </reference_kind>
        <reference_kind flags="0" kind="32768" reference_kind_name="ALLOCATES_ARRAY">
            <reference linenumber="-1" member="getAllImagePosition" origin="org.eclipse.actf.visualization.gui.internal.GuiTargetWindowData.getAllImagePosition()" signature="()[Lorg/eclipse/actf/model/ui/ImagePositionInfo;" type="org.eclipse.actf.visualization.gui.internal.GuiTargetWindowData"/>
        </reference_kind>
    </target>
    <target name="org.eclipse.actf.model.ui.IModelServiceHolder" type="org.eclipse.actf.model.ui.IModelServiceHolder">
        <reference_kind flags="0" kind="2" reference_kind_name="IMPLEMENTS">
            <reference linenumber="-1" origin="org.eclipse.actf.visualization.gui.internal.GuiTargetWindowData.DummyModelServiceHolder" type="org.eclipse.actf.visualization.gui.internal.GuiTargetWindowData$DummyModelServiceHolder"/>
        </reference_kind>
        <reference_kind flags="0" kind="8" reference_kind_name="RETURN_TYPE">
            <reference linenumber="-1" member="getModelServiceHolder" origin="org.eclipse.actf.visualization.gui.internal.GuiTargetWindowData.getModelServiceHolder()" signature="()Lorg/eclipse/actf/model/ui/IModelServiceHolder;" type="org.eclipse.actf.visualization.gui.internal.GuiTargetWindowData"/>
        </reference_kind>
    </target>
    <target name="org.eclipse.actf.model.ui.IModelServiceScrollManager" type="org.eclipse.actf.model.ui.IModelServiceScrollManager">
        <reference_kind flags="0" kind="8" reference_kind_name="RETURN_TYPE">
            <reference linenumber="-1" member="getScrollManager" origin="org.eclipse.actf.visualization.gui.internal.GuiTargetWindowData.getScrollManager()" signature="()Lorg/eclipse/actf/model/ui/IModelServiceScrollManager;" type="org.eclipse.actf.visualization.gui.internal.GuiTargetWindowData"/>
        </reference_kind>
    </target>
<target name="org.eclipse.actf.model.ui.editor.browser.IWebBrowserACTF" type="org.eclipse.actf.model.ui.editor.browser.IWebBrowserACTF">
        <reference_kind flags="0" kind="524288" reference_kind_name="INSTANCEOF">
            <reference linenumber="-1" member="isBrowser" origin="org.eclipse.actf.visualization.gui.internal.util.TargetWindow.isBrowser(Object)" signature="(Ljava/lang/Object;)Z" type="org.eclipse.actf.visualization.gui.internal.util.TargetWindow"/>
        </reference_kind>
    </target>
</references>
