<?xml version="1.0" encoding="UTF-8" standalone="no"?>
<references name="Types" origin="org.eclipse.birt.report.designer.ui.data (2.5.2.v20100209)" referee="org.eclipse.birt.core (2.5.2.v20100208)" reference_count="27" reference_visibility="1">
    <target name="org.eclipse.birt.core.exception.BirtException" type="org.eclipse.birt.core.exception.BirtException">
        <reference_kind flags="0" kind="33554432" reference_kind_name="LOCAL_VAR_DECLARED">
            <reference linenumber="146" member="&lt;init&gt;" origin="org.eclipse.birt.report.designer.data.ui.dataset.DataSetComputedColumnsPage.DataSetComputedColumnsPage()" signature="()V" type="org.eclipse.birt.report.designer.data.ui.dataset.DataSetComputedColumnsPage"/>
        <reference linenumber="311" member="updateOutputColumns" origin="org.eclipse.birt.report.designer.data.ui.dataset.OutputColumnsPage.updateOutputColumns()" signature="()V" type="org.eclipse.birt.report.designer.data.ui.dataset.OutputColumnsPage"/>
            <reference linenumber="518" member="selectionChanged" origin="org.eclipse.birt.report.designer.data.ui.dataset.JointDataSetPage.selectionChanged(SelectionChangedEvent)" signature="(Lorg/eclipse/jface/viewers/SelectionChangedEvent;)V" type="org.eclipse.birt.report.designer.data.ui.dataset.JointDataSetPage"/>
            <reference linenumber="676" member="addColumnHints" origin="org.eclipse.birt.report.designer.data.ui.dataset.JointDataSetPage.addColumnHints(JointDataSetHandle)" signature="(Lorg/eclipse/birt/report/model/api/JointDataSetHandle;)V" type="org.eclipse.birt.report.designer.data.ui.dataset.JointDataSetPage"/>
        <reference linenumber="601" member="populateRecords" origin="org.eclipse.birt.report.designer.data.ui.dataset.ResultSetPreviewPage.populateRecords(IQueryResults)" signature="(Lorg/eclipse/birt/data/engine/api/IQueryResults;)V" type="org.eclipse.birt.report.designer.data.ui.dataset.ResultSetPreviewPage"/>
            <reference linenumber="509" member="run" origin="org.eclipse.birt.report.designer.data.ui.dataset.ResultSetPreviewPage.5.run(IProgressMonitor)" signature="(Lorg/eclipse/core/runtime/IProgressMonitor;)V" type="org.eclipse.birt.report.designer.data.ui.dataset.ResultSetPreviewPage$5"/>
            <reference linenumber="345" member="executeProcess" origin="org.eclipse.birt.report.designer.data.ui.dataset.ResultSetPreviewPage.executeProcess(DataRequestSession, ExecutionContext)" signature="(Lorg/eclipse/birt/report/data/adapter/api/DataRequestSession;Lorg/eclipse/birt/report/engine/executor/ExecutionContext;)Lorg/eclipse/birt/data/engine/api/IQueryResults;" type="org.eclipse.birt.report.designer.data.ui.dataset.ResultSetPreviewPage"/>
        </reference_kind>
        <reference_kind flags="0" kind="131072" reference_kind_name="CATCHES_EXCEPTION">
            <reference linenumber="1427" member="setExprBuilderDefaultSelection" origin="org.eclipse.birt.report.designer.data.ui.dataset.DataSetComputedColumnsPage.ComputedColumnInputDialog.setExprBuilderDefaultSelection(ExpressionBuilder, String)" signature="(Lorg/eclipse/birt/report/designer/ui/dialogs/ExpressionBuilder;Ljava/lang/String;)V" type="org.eclipse.birt.report.designer.data.ui.dataset.DataSetComputedColumnsPage$ComputedColumnInputDialog"/>
            <reference linenumber="1014" member="destory" origin="org.eclipse.birt.report.designer.data.ui.dataset.DataSetEditor.ItemModelManager.destory(boolean)" signature="(Z)V" type="org.eclipse.birt.report.designer.data.ui.dataset.DataSetEditor$ItemModelManager"/>
            <reference linenumber="146" member="&lt;init&gt;" origin="org.eclipse.birt.report.designer.data.ui.dataset.DataSetComputedColumnsPage.DataSetComputedColumnsPage()" signature="()V" type="org.eclipse.birt.report.designer.data.ui.dataset.DataSetComputedColumnsPage"/>
        <reference linenumber="676" member="addColumnHints" origin="org.eclipse.birt.report.designer.data.ui.dataset.JointDataSetPage.addColumnHints(JointDataSetHandle)" signature="(Lorg/eclipse/birt/report/model/api/JointDataSetHandle;)V" type="org.eclipse.birt.report.designer.data.ui.dataset.JointDataSetPage"/>
            <reference linenumber="311" member="updateOutputColumns" origin="org.eclipse.birt.report.designer.data.ui.dataset.OutputColumnsPage.updateOutputColumns()" signature="()V" type="org.eclipse.birt.report.designer.data.ui.dataset.OutputColumnsPage"/>
            <reference linenumber="518" member="selectionChanged" origin="org.eclipse.birt.report.designer.data.ui.dataset.JointDataSetPage.selectionChanged(SelectionChangedEvent)" signature="(Lorg/eclipse/jface/viewers/SelectionChangedEvent;)V" type="org.eclipse.birt.report.designer.data.ui.dataset.JointDataSetPage"/>
        <reference linenumber="509" member="run" origin="org.eclipse.birt.report.designer.data.ui.dataset.ResultSetPreviewPage.5.run(IProgressMonitor)" signature="(Lorg/eclipse/core/runtime/IProgressMonitor;)V" type="org.eclipse.birt.report.designer.data.ui.dataset.ResultSetPreviewPage$5"/>
            <reference linenumber="345" member="executeProcess" origin="org.eclipse.birt.report.designer.data.ui.dataset.ResultSetPreviewPage.executeProcess(DataRequestSession, ExecutionContext)" signature="(Lorg/eclipse/birt/report/data/adapter/api/DataRequestSession;Lorg/eclipse/birt/report/engine/executor/ExecutionContext;)Lorg/eclipse/birt/data/engine/api/IQueryResults;" type="org.eclipse.birt.report.designer.data.ui.dataset.ResultSetPreviewPage"/>
            <reference linenumber="601" member="populateRecords" origin="org.eclipse.birt.report.designer.data.ui.dataset.ResultSetPreviewPage.populateRecords(IQueryResults)" signature="(Lorg/eclipse/birt/data/engine/api/IQueryResults;)V" type="org.eclipse.birt.report.designer.data.ui.dataset.ResultSetPreviewPage"/>
        </reference_kind>
    <reference_kind flags="0" kind="32" reference_kind_name="THROWS">
            <reference linenumber="-1" member="populateOutputColums" origin="org.eclipse.birt.report.designer.data.ui.dataset.OutputColumnsPage.populateOutputColums()" signature="()V" type="org.eclipse.birt.report.designer.data.ui.dataset.OutputColumnsPage"/>
            <reference linenumber="-1" member="populateApplicationContext" origin="org.eclipse.birt.report.designer.data.ui.dataset.ExternalUIUtil.populateApplicationContext(DataSetHandle, DataRequestSession)" signature="(Lorg/eclipse/birt/report/model/api/DataSetHandle;Lorg/eclipse/birt/report/data/adapter/api/DataRequestSession;)V" type="org.eclipse.birt.report.designer.data.ui.dataset.ExternalUIUtil"/>
            <reference linenumber="-1" member="createColumnHint" origin="org.eclipse.birt.report.designer.data.ui.dataset.JointDataSetPage.createColumnHint(IResultMetaData, int, String)" signature="(Lorg/eclipse/birt/data/engine/api/IResultMetaData;ILjava/lang/String;)Lorg/eclipse/birt/report/model/api/elements/structures/ColumnHint;" type="org.eclipse.birt.report.designer.data.ui.dataset.JointDataSetPage"/>
            <reference linenumber="-1" member="getParamValueExpression" origin="org.eclipse.birt.report.designer.data.ui.dataset.ExternalUIUtil.getParamValueExpression(DataSetHandle, OdaDataSetParameterHandle)" signature="(Lorg/eclipse/birt/report/model/api/DataSetHandle;Lorg/eclipse/birt/report/model/api/OdaDataSetParameterHandle;)Lorg/eclipse/birt/report/model/api/Expression;" type="org.eclipse.birt.report.designer.data.ui.dataset.ExternalUIUtil"/>
        <reference linenumber="-1" member="registerParameterBinding" origin="org.eclipse.birt.report.designer.data.ui.dataset.ResultSetPreviewPage.registerParameterBinding(QueryDefinition, DataSetHandle, DataRequestSession)" signature="(Lorg/eclipse/birt/data/engine/api/querydefn/QueryDefinition;Lorg/eclipse/birt/report/model/api/DataSetHandle;Lorg/eclipse/birt/report/data/adapter/api/DataRequestSession;)V" type="org.eclipse.birt.report.designer.data.ui.dataset.ResultSetPreviewPage"/>
            <reference linenumber="-1" member="getParameterValueExpression" origin="org.eclipse.birt.report.designer.data.ui.dataset.ResultSetPreviewPage.getParameterValueExpression(DataSetHandle, OdaDataSetParameterHandle)" signature="(Lorg/eclipse/birt/report/model/api/DataSetHandle;Lorg/eclipse/birt/report/model/api/OdaDataSetParameterHandle;)Lorg/eclipse/birt/report/model/api/Expression;" type="org.eclipse.birt.report.designer.data.ui.dataset.ResultSetPreviewPage"/>
        <reference linenumber="-1" member="execute" origin="org.eclipse.birt.report.designer.data.ui.util.DataSetExecutorHelper.execute(DataSetHandle, boolean, boolean, int, ExecutionContext, DataRequestSession)" signature="(Lorg/eclipse/birt/report/model/api/DataSetHandle;ZZILorg/eclipse/birt/report/engine/executor/ExecutionContext;Lorg/eclipse/birt/report/data/adapter/api/DataRequestSession;)Lorg/eclipse/birt/data/engine/api/IQueryResults;" type="org.eclipse.birt.report.designer.data.ui.util.DataSetExecutorHelper"/>
            <reference linenumber="-1" member="execute" origin="org.eclipse.birt.report.designer.data.ui.util.DataSetExecutorHelper.execute(DataSetHandle, IQueryDefinition, boolean, boolean, boolean, ExecutionContext, DataRequestSession)" signature="(Lorg/eclipse/birt/report/model/api/DataSetHandle;Lorg/eclipse/birt/data/engine/api/IQueryDefinition;ZZZLorg/eclipse/birt/report/engine/executor/ExecutionContext;Lorg/eclipse/birt/report/data/adapter/api/DataRequestSession;)Lorg/eclipse/birt/data/engine/api/IQueryResults;" type="org.eclipse.birt.report.designer.data.ui.util.DataSetExecutorHelper"/>
            <reference linenumber="-1" member="execute" origin="org.eclipse.birt.report.designer.data.ui.util.DataSetExecutorHelper.execute(DataSetHandle, DataRequestSession)" signature="(Lorg/eclipse/birt/report/model/api/DataSetHandle;Lorg/eclipse/birt/report/data/adapter/api/DataRequestSession;)Lorg/eclipse/birt/data/engine/api/IQueryResults;" type="org.eclipse.birt.report.designer.data.ui.util.DataSetExecutorHelper"/>
            <reference linenumber="-1" member="execute" origin="org.eclipse.birt.report.designer.data.ui.util.DataSetExecutorHelper.execute(DataSetHandle, QueryDefinition, boolean, boolean, DataRequestSession)" signature="(Lorg/eclipse/birt/report/model/api/DataSetHandle;Lorg/eclipse/birt/data/engine/api/querydefn/QueryDefinition;ZZLorg/eclipse/birt/report/data/adapter/api/DataRequestSession;)Lorg/eclipse/birt/data/engine/api/IQueryResults;" type="org.eclipse.birt.report.designer.data.ui.util.DataSetExecutorHelper"/>
        </reference_kind>
        <reference_kind flags="0" kind="134217728" reference_kind_name="INSTANTIATION">
            <reference linenumber="112" member="getParamValueExpression" origin="org.eclipse.birt.report.designer.data.ui.dataset.ExternalUIUtil.getParamValueExpression(DataSetHandle, OdaDataSetParameterHandle)" signature="(Lorg/eclipse/birt/report/model/api/DataSetHandle;Lorg/eclipse/birt/report/model/api/OdaDataSetParameterHandle;)Lorg/eclipse/birt/report/model/api/Expression;" type="org.eclipse.birt.report.designer.data.ui.dataset.ExternalUIUtil"/>
        </reference_kind>
    </target>
</references>
