<?xml version="1.0" encoding="UTF-8" standalone="no"?>
<references name="Methods" origin="org.eclipse.birt.chart.ui.extension (2.5.2.v20100210)" referee="org.eclipse.birt.core (2.5.2.v20100208)" reference_count="7" reference_visibility="1">
    <target member="getLocalizedMessage" name="org.eclipse.birt.core.exception.BirtException.getLocalizedMessage()" signature="()Ljava/lang/String;" type="org.eclipse.birt.core.exception.BirtException">
        <reference_kind flags="0" kind="256" reference_kind_name="VIRTUAL_METHOD">
            <reference linenumber="350" member="paintMarker" origin="org.eclipse.birt.chart.ui.swt.composites.MarkerEditorComposite.paintMarker(GC, Marker, Location)" signature="(Lorg/eclipse/swt/graphics/GC;Lorg/eclipse/birt/chart/model/attribute/Marker;Lorg/eclipse/birt/chart/model/attribute/Location;)V" type="org.eclipse.birt.chart.ui.swt.composites.MarkerEditorComposite"/>
        <reference linenumber="640" member="checkDataType" origin="org.eclipse.birt.chart.ui.swt.wizard.TaskSelectData.checkDataType(Query, Series)" signature="(Lorg/eclipse/birt/chart/model/data/Query;Lorg/eclipse/birt/chart/model/component/Series;)V" type="org.eclipse.birt.chart.ui.swt.wizard.TaskSelectData"/>
            <reference linenumber="569" member="checkDataType" origin="org.eclipse.birt.chart.ui.swt.wizard.TaskSelectData.checkDataType(Query, Series)" signature="(Lorg/eclipse/birt/chart/model/data/Query;Lorg/eclipse/birt/chart/model/component/Series;)V" type="org.eclipse.birt.chart.ui.swt.wizard.TaskSelectData"/>
            <reference linenumber="1689" member="checkDataTypeImpl" origin="org.eclipse.birt.chart.ui.swt.wizard.TaskSelectType.checkDataTypeImpl(Query, Series, boolean)" signature="(Lorg/eclipse/birt/chart/model/data/Query;Lorg/eclipse/birt/chart/model/component/Series;Z)V" type="org.eclipse.birt.chart.ui.swt.wizard.TaskSelectType"/>
            <reference linenumber="1639" member="checkDataTypeImpl" origin="org.eclipse.birt.chart.ui.swt.wizard.TaskSelectType.checkDataTypeImpl(Query, Series, boolean)" signature="(Lorg/eclipse/birt/chart/model/data/Query;Lorg/eclipse/birt/chart/model/component/Series;Z)V" type="org.eclipse.birt.chart.ui.swt.wizard.TaskSelectType"/>
        <reference linenumber="520" member="paintMarker" origin="org.eclipse.birt.chart.ui.swt.wizard.format.popup.series.LineSeriesMarkerSheet.paintMarker(GC, Marker, Location)" signature="(Lorg/eclipse/swt/graphics/GC;Lorg/eclipse/birt/chart/model/attribute/Marker;Lorg/eclipse/birt/chart/model/attribute/Location;)V" type="org.eclipse.birt.chart.ui.swt.wizard.format.popup.series.LineSeriesMarkerSheet"/>
            <reference linenumber="267" member="populateLists" origin="org.eclipse.birt.chart.ui.swt.wizard.format.popup.series.SeriesLabelSheet.populateLists(Series)" signature="(Lorg/eclipse/birt/chart/model/component/Series;)V" type="org.eclipse.birt.chart.ui.swt.wizard.format.popup.series.SeriesLabelSheet"/>
        </reference_kind>
    </target>
</references>
