<?xml version="1.0" encoding="UTF-8" standalone="no"?>
<components>
    <component details="This component was excluded from the search by the search parameters." id="JavaSE-1.6" version="JavaSE-1.6"/>
    <component details="Require-Bundle: javax.wsdl; bundle-version=&quot;[1.4.0,1.6.0)&quot;&lt;br/&gt;" id="org.apache.wsil4j" version="1.0.0.v200901211807"/>
    <component details="Require-Bundle: javax.wsdl; bundle-version=&quot;[1.5.0,1.6.0)&quot;&lt;br/&gt;" id="org.eclipse.datatools.enablement.oda.ws" version="1.2.2.v201001131420"/>
    <component details="Require-Bundle: javax.wsdl; bundle-version=&quot;[1.5.0,1.6.0)&quot;&lt;br/&gt;" id="org.eclipse.datatools.enablement.oda.ws.ui" version="1.2.2.v201001260400"/>
    <component details="Require-Bundle: org.eclipse.draw2d; bundle-version=&quot;[3.5.2,4.0.0)&quot;&lt;br/&gt;" id="org.eclipse.emf.ecoretools.diagram" version="0.9.0.v200906221231"/>
    <component details="Require-Bundle: org.eclipse.draw2d; bundle-version=&quot;[3.5.2,4.0.0)&quot;&lt;br/&gt;" id="org.eclipse.emf.ecoretools.diagram.ui.outline" version="0.9.0.v200906221231"/>
    <component details="Require-Bundle: org.eclipse.draw2d; bundle-version=&quot;[3.5.2,4.0.0)&quot;&lt;br/&gt;" id="org.eclipse.emf.ecoretools.filters" version="0.8.0.v200906221231"/>
    <component details="Require-Bundle: org.eclipse.draw2d; bundle-version=&quot;[3.5.2,4.0.0)&quot;&lt;br/&gt;" id="org.eclipse.gmf.ecore.editor" version="2.1.0.v20090529-1925"/>
    <component details="Require-Bundle: org.eclipse.draw2d; bundle-version=&quot;[3.5.2,4.0.0)&quot;&lt;br/&gt;" id="org.eclipse.gmf.runtime.diagram.ui" version="1.3.0.v20100209-2200"/>
    <component details="Require-Bundle: org.eclipse.draw2d; bundle-version=&quot;[3.5.2,4.0.0)&quot;&lt;br/&gt;" id="org.eclipse.gmf.runtime.diagram.ui.actions" version="1.3.0.v20100209-2200"/>
    <component details="Require-Bundle: org.eclipse.draw2d; bundle-version=&quot;[3.5.2,4.0.0)&quot;&lt;br/&gt;" id="org.eclipse.gmf.runtime.diagram.ui.dnd" version="1.2.0.v20090403-1720"/>
    <component details="Require-Bundle: org.eclipse.draw2d; bundle-version=&quot;[3.5.2,4.0.0)&quot;&lt;br/&gt;" id="org.eclipse.gmf.runtime.diagram.ui.geoshapes" version="1.2.0.v20090403-1720"/>
    <component details="Require-Bundle: org.eclipse.draw2d; bundle-version=&quot;[3.5.2,4.0.0)&quot;&lt;br/&gt;" id="org.eclipse.gmf.runtime.diagram.ui.printing" version="1.3.0.v20091021-2333"/>
    <component details="Require-Bundle: org.eclipse.draw2d; bundle-version=&quot;[3.5.2,4.0.0)&quot;&lt;br/&gt;" id="org.eclipse.gmf.runtime.diagram.ui.printing.render" version="1.2.1.v20090729-2029"/>
    <component details="Require-Bundle: org.eclipse.draw2d; bundle-version=&quot;[3.5.2,4.0.0)&quot;&lt;br/&gt;" id="org.eclipse.gmf.runtime.diagram.ui.properties" version="1.3.0.v20100113-1121"/>
    <component details="Require-Bundle: org.eclipse.draw2d; bundle-version=&quot;[3.5.2,4.0.0)&quot;&lt;br/&gt;" id="org.eclipse.gmf.runtime.diagram.ui.providers" version="1.3.0.v20091126-1420"/>
    <component details="Require-Bundle: org.eclipse.draw2d; bundle-version=&quot;[3.5.2,4.0.0)&quot;&lt;br/&gt;" id="org.eclipse.gmf.runtime.diagram.ui.providers.ide" version="1.2.0.v20090403-1720"/>
    <component details="Require-Bundle: org.eclipse.draw2d; bundle-version=&quot;[3.5.2,4.0.0)&quot;&lt;br/&gt;" id="org.eclipse.gmf.runtime.diagram.ui.render" version="1.3.0.v20091126-1420"/>
    <component details="Require-Bundle: org.eclipse.draw2d; bundle-version=&quot;[3.5.2,4.0.0)&quot;&lt;br/&gt;" id="org.eclipse.gmf.runtime.diagram.ui.resources.editor" version="1.3.0.v20100113-1121"/>
    <component details="Require-Bundle: org.eclipse.draw2d; bundle-version=&quot;[3.5.2,4.0.0)&quot;&lt;br/&gt;" id="org.eclipse.gmf.runtime.diagram.ui.resources.editor.ide" version="1.2.0.v20090403-1720"/>
    <component details="Require-Bundle: javax.wsdl; bundle-version=&quot;[1.4.0,1.6.0)&quot;&lt;br/&gt;Require-Bundle: javax.wsdl; bundle-version=&quot;[1.5.0,1.6.0)&quot;&lt;br/&gt;" id="org.eclipse.jst.j2ee.webservice" version="1.1.300.v200901220600"/>
    <component details="Require-Bundle: javax.wsdl; bundle-version=&quot;[1.4.0,1.6.0)&quot;&lt;br/&gt;Require-Bundle: javax.wsdl; bundle-version=&quot;[1.5.0,1.6.0)&quot;&lt;br/&gt;" id="org.eclipse.jst.j2ee.webservice.ui" version="1.1.300.v200902052230"/>
    <component details="Require-Bundle: javax.wsdl; bundle-version=&quot;[1.4.0,1.6.0)&quot;&lt;br/&gt;Require-Bundle: javax.wsdl; bundle-version=&quot;[1.5.0,1.6.0)&quot;&lt;br/&gt;" id="org.eclipse.jst.ws" version="1.0.407.v200905191120"/>
    <component details="Require-Bundle: javax.wsdl; bundle-version=&quot;[1.4.0,1.6.0)&quot;&lt;br/&gt;Require-Bundle: javax.wsdl; bundle-version=&quot;[1.5.0,1.6.0)&quot;&lt;br/&gt;" id="org.eclipse.jst.ws.axis.consumption.core" version="1.0.306.v200810082309"/>
    <component details="Require-Bundle: javax.wsdl; bundle-version=&quot;[1.4.0,1.6.0)&quot;&lt;br/&gt;Require-Bundle: javax.wsdl; bundle-version=&quot;[1.5.0,1.6.0)&quot;&lt;br/&gt;" id="org.eclipse.jst.ws.axis.consumption.ui" version="1.0.405.v200901261650"/>
    <component details="Require-Bundle: javax.wsdl; bundle-version=&quot;[1.4.0,1.6.0)&quot;&lt;br/&gt;Require-Bundle: javax.wsdl; bundle-version=&quot;[1.5.0,1.6.0)&quot;&lt;br/&gt;" id="org.eclipse.jst.ws.axis.creation.ui" version="1.0.406.v200903031852"/>
    <component details="Require-Bundle: javax.wsdl; bundle-version=&quot;[1.4.0,1.6.0)&quot;&lt;br/&gt;Require-Bundle: javax.wsdl; bundle-version=&quot;[1.5.0,1.6.0)&quot;&lt;br/&gt;" id="org.eclipse.jst.ws.axis2.consumption.core" version="1.0.104.v200810151442"/>
    <component details="Require-Bundle: javax.wsdl; bundle-version=&quot;[1.4.0,1.6.0)&quot;&lt;br/&gt;Require-Bundle: javax.wsdl; bundle-version=&quot;[1.5.0,1.6.0)&quot;&lt;br/&gt;" id="org.eclipse.jst.ws.axis2.consumption.ui" version="1.0.102.v200807232000"/>
    <component details="Require-Bundle: javax.wsdl; bundle-version=&quot;[1.4.0,1.6.0)&quot;&lt;br/&gt;Require-Bundle: javax.wsdl; bundle-version=&quot;[1.5.0,1.6.0)&quot;&lt;br/&gt;" id="org.eclipse.jst.ws.axis2.core" version="1.0.104.v200810151442"/>
    <component details="Require-Bundle: javax.wsdl; bundle-version=&quot;[1.4.0,1.6.0)&quot;&lt;br/&gt;Require-Bundle: javax.wsdl; bundle-version=&quot;[1.5.0,1.6.0)&quot;&lt;br/&gt;" id="org.eclipse.jst.ws.axis2.creation.core" version="1.0.105.v200901220134"/>
    <component details="Require-Bundle: javax.wsdl; bundle-version=&quot;[1.4.0,1.6.0)&quot;&lt;br/&gt;Require-Bundle: javax.wsdl; bundle-version=&quot;[1.5.0,1.6.0)&quot;&lt;br/&gt;" id="org.eclipse.jst.ws.axis2.creation.ui" version="1.0.103.v200807162242"/>
    <component details="Require-Bundle: javax.wsdl; bundle-version=&quot;[1.4.0,1.6.0)&quot;&lt;br/&gt;Require-Bundle: javax.wsdl; bundle-version=&quot;[1.5.0,1.6.0)&quot;&lt;br/&gt;" id="org.eclipse.jst.ws.axis2.ui" version="1.0.302.v200905260749"/>
    <component details="Require-Bundle: javax.wsdl; bundle-version=&quot;[1.4.0,1.6.0)&quot;&lt;br/&gt;Require-Bundle: javax.wsdl; bundle-version=&quot;[1.5.0,1.6.0)&quot;&lt;br/&gt;" id="org.eclipse.jst.ws.consumption" version="1.0.408.v200911241817"/>
    <component details="Require-Bundle: javax.wsdl; bundle-version=&quot;[1.4.0,1.6.0)&quot;&lt;br/&gt;Require-Bundle: javax.wsdl; bundle-version=&quot;[1.5.0,1.6.0)&quot;&lt;br/&gt;" id="org.eclipse.jst.ws.consumption.ui" version="1.1.106.v200911241851"/>
    <component details="Require-Bundle: javax.wsdl; bundle-version=&quot;[1.4.0,1.6.0)&quot;&lt;br/&gt;Require-Bundle: javax.wsdl; bundle-version=&quot;[1.5.0,1.6.0)&quot;&lt;br/&gt;" id="org.eclipse.jst.ws.creation.ejb.ui" version="1.0.200.v200805140230"/>
    <component details="Require-Bundle: javax.wsdl; bundle-version=&quot;[1.4.0,1.6.0)&quot;&lt;br/&gt;Require-Bundle: javax.wsdl; bundle-version=&quot;[1.5.0,1.6.0)&quot;&lt;br/&gt;" id="org.eclipse.jst.ws.creation.ui" version="1.0.409.v200911241856"/>
    <component details="Require-Bundle: javax.wsdl; bundle-version=&quot;[1.4.0,1.6.0)&quot;&lt;br/&gt;Require-Bundle: javax.wsdl; bundle-version=&quot;[1.5.0,1.6.0)&quot;&lt;br/&gt;" id="org.eclipse.jst.ws.uddiregistry" version="1.0.400.v200901261650"/>
    <component details="Require-Bundle: javax.wsdl; bundle-version=&quot;[1.4.0,1.6.0)&quot;&lt;br/&gt;Require-Bundle: javax.wsdl; bundle-version=&quot;[1.5.0,1.6.0)&quot;&lt;br/&gt;" id="org.eclipse.jst.ws.ui" version="1.0.402.v200903111822"/>
    <component details="Require-Bundle: org.eclipse.draw2d; bundle-version=&quot;[3.5.2,4.0.0)&quot;&lt;br/&gt;" id="org.eclipse.stp.bpmn.diagram" version="1.2.0.201002010854"/>
    <component details="Require-Bundle: org.eclipse.draw2d; bundle-version=&quot;[3.5.2,4.0.0)&quot;&lt;br/&gt;" id="org.eclipse.stp.bpmn.validation" version="1.2.0.201002010854"/>
    <component details="Require-Bundle: javax.wsdl; bundle-version=&quot;[1.5.0,1.6.0)&quot;&lt;br/&gt;" id="org.eclipse.stp.common.validator" version="1.0.0.201002010854"/>
    <component details="Require-Bundle: org.eclipse.draw2d; bundle-version=&quot;[3.5.2,4.0.0)&quot;&lt;br/&gt;" id="org.eclipse.stp.im.tool.in.bpmneditor" version="1.0.0.201002010854"/>
    <component details="Require-Bundle: javax.wsdl; bundle-version=&quot;[1.4.0,1.6.0)&quot;&lt;br/&gt;Require-Bundle: javax.wsdl; bundle-version=&quot;[1.5.0,1.6.0)&quot;&lt;br/&gt;" id="org.eclipse.stp.policy.wtp.editor" version="1.0.0.201002010854"/>
    <component details="Require-Bundle: javax.wsdl; bundle-version=&quot;[1.5.0,1.6.0)&quot;&lt;br/&gt;" id="org.eclipse.stp.policy.wtp.validation" version="1.0.0.201002010854"/>
    <component details="Require-Bundle: org.eclipse.draw2d; bundle-version=&quot;[3.5.2,4.0.0)&quot;&lt;br/&gt;" id="org.eclipse.stp.sca.diagram" version="2.0.1.201002010854"/>
    <component details="Require-Bundle: org.eclipse.draw2d; bundle-version=&quot;[3.5.2,4.0.0)&quot;&lt;br/&gt;" id="org.eclipse.stp.sca.diagram.extension" version="2.0.1.201002010854"/>
    <component details="Require-Bundle: org.eclipse.draw2d; bundle-version=&quot;[3.5.2,4.0.0)&quot;&lt;br/&gt;" id="org.eclipse.stp.sca.diagram.frascati" version="2.0.1.201002010854"/>
    <component details="Require-Bundle: org.eclipse.draw2d; bundle-version=&quot;[3.5.2,4.0.0)&quot;&lt;br/&gt;" id="org.eclipse.stp.sca.diagram.java" version="2.0.1.201002010854"/>
    <component details="Require-Bundle: org.eclipse.draw2d; bundle-version=&quot;[3.5.2,4.0.0)&quot;&lt;br/&gt;" id="org.eclipse.stp.sca.diagram.sca" version="2.0.1.201002010854"/>
    <component details="Require-Bundle: org.eclipse.draw2d; bundle-version=&quot;[3.5.2,4.0.0)&quot;&lt;br/&gt;" id="org.eclipse.stp.sca.diagram.tuscany" version="2.0.1.201002010854"/>
    <component details="Require-Bundle: org.eclipse.draw2d; bundle-version=&quot;[3.5.2,4.0.0)&quot;&lt;br/&gt;" id="org.eclipse.stp.sca.semantic.sawsdl.edit" version="2.0.1.201002010854"/>
    <component details="Require-Bundle: org.eclipse.draw2d; bundle-version=&quot;[3.5.2,4.0.0)&quot;&lt;br/&gt;" id="org.eclipse.stp.sca.semantic.sawsdl.properties" version="2.0.1.201002010854"/>
    <component details="Require-Bundle: org.eclipse.draw2d; bundle-version=&quot;[3.5.2,4.0.0)&quot;&lt;br/&gt;" id="org.eclipse.uml2.diagram.activity" version="0.9.0.v200906190654"/>
    <component details="Require-Bundle: org.eclipse.draw2d; bundle-version=&quot;[3.5.2,4.0.0)&quot;&lt;br/&gt;" id="org.eclipse.uml2.diagram.clazz" version="0.9.0.v200906190654"/>
    <component details="Require-Bundle: org.eclipse.draw2d; bundle-version=&quot;[3.5.2,4.0.0)&quot;&lt;br/&gt;" id="org.eclipse.uml2.diagram.common" version="0.9.0.v200906190654"/>
    <component details="Require-Bundle: org.eclipse.draw2d; bundle-version=&quot;[3.5.2,4.0.0)&quot;&lt;br/&gt;" id="org.eclipse.uml2.diagram.component" version="0.9.0.v200906190654"/>
    <component details="Require-Bundle: org.eclipse.draw2d; bundle-version=&quot;[3.5.2,4.0.0)&quot;&lt;br/&gt;" id="org.eclipse.uml2.diagram.csd" version="0.9.0.v200906190654"/>
    <component details="Require-Bundle: org.eclipse.draw2d; bundle-version=&quot;[3.5.2,4.0.0)&quot;&lt;br/&gt;" id="org.eclipse.uml2.diagram.deploy" version="0.9.0.v200906190654"/>
    <component details="Require-Bundle: org.eclipse.draw2d; bundle-version=&quot;[3.5.2,4.0.0)&quot;&lt;br/&gt;" id="org.eclipse.uml2.diagram.parser" version="0.9.0.v200906190654"/>
    <component details="Require-Bundle: org.eclipse.draw2d; bundle-version=&quot;[3.5.2,4.0.0)&quot;&lt;br/&gt;" id="org.eclipse.uml2.diagram.profile" version="0.9.0.v200906190654"/>
    <component details="Require-Bundle: org.eclipse.draw2d; bundle-version=&quot;[3.5.2,4.0.0)&quot;&lt;br/&gt;" id="org.eclipse.uml2.diagram.sequence" version="0.9.0.v200906190654"/>
    <component details="Require-Bundle: org.eclipse.draw2d; bundle-version=&quot;[3.5.2,4.0.0)&quot;&lt;br/&gt;" id="org.eclipse.uml2.diagram.statemachine" version="0.9.0.v200906190654"/>
    <component details="Require-Bundle: org.eclipse.draw2d; bundle-version=&quot;[3.5.2,4.0.0)&quot;&lt;br/&gt;" id="org.eclipse.uml2.diagram.usecase" version="0.9.0.v200906190654"/>
    <component details="Require-Bundle: javax.wsdl; bundle-version=&quot;[1.4.0,1.6.0)&quot;&lt;br/&gt;Require-Bundle: javax.wsdl; bundle-version=&quot;[1.5.0,1.6.0)&quot;&lt;br/&gt;" id="org.eclipse.wst.ws" version="1.1.103.v200903111822"/>
    <component details="Require-Bundle: javax.wsdl; bundle-version=&quot;[1.4.0,1.6.0)&quot;&lt;br/&gt;Require-Bundle: javax.wsdl; bundle-version=&quot;[1.5.0,1.6.0)&quot;&lt;br/&gt;" id="org.eclipse.wst.ws.explorer" version="1.0.408.v200911241806"/>
    <component details="Require-Bundle: javax.wsdl; bundle-version=&quot;[1.4.0,1.6.0)&quot;&lt;br/&gt;Require-Bundle: javax.wsdl; bundle-version=&quot;[1.5.0,1.6.0)&quot;&lt;br/&gt;" id="org.eclipse.wst.ws.parser" version="1.0.402.v200901220107"/>
    <component details="Require-Bundle: javax.wsdl; bundle-version=&quot;[1.4.0,1.6.0)&quot;&lt;br/&gt;Require-Bundle: javax.wsdl; bundle-version=&quot;[1.5.0,1.6.0)&quot;&lt;br/&gt;" id="org.eclipse.wst.ws.ui" version="1.1.100.v200903112221"/>
    <component details="Require-Bundle: javax.wsdl; bundle-version=&quot;[1.5.0,1.6.0)&quot;&lt;br/&gt;" id="org.eclipse.wst.wsdl" version="1.2.2.v200911111930"/>
    <component details="Require-Bundle: javax.wsdl; bundle-version=&quot;[1.4.0,1.6.0)&quot;&lt;br/&gt;Require-Bundle: javax.wsdl; bundle-version=&quot;[1.5.0,1.6.0)&quot;&lt;br/&gt;" id="org.eclipse.wst.wsdl.ui" version="1.2.202.v200904271449"/>
    <component details="Require-Bundle: javax.wsdl; bundle-version=&quot;[1.5.0,1.6.0)&quot;&lt;br/&gt;" id="org.eclipse.wst.wsdl.validation" version="1.1.402.v200911251542"/>
    <component details="Require-Bundle: javax.wsdl; bundle-version=&quot;[1.4.0,1.6.0)&quot;&lt;br/&gt;Require-Bundle: javax.wsdl; bundle-version=&quot;[1.5.0,1.6.0)&quot;&lt;br/&gt;" id="org.eclipse.wst.wsi" version="1.0.305.v200902181431"/>
    <component details="Require-Bundle: javax.wsdl; bundle-version=&quot;[1.4.0,1.6.0)&quot;&lt;br/&gt;Require-Bundle: javax.wsdl; bundle-version=&quot;[1.5.0,1.6.0)&quot;&lt;br/&gt;" id="org.eclipse.wst.wsi.ui" version="1.0.500.v200901141851"/>
</components>
