<?xml version="1.0" encoding="UTF-8" standalone="no"?>
<references name="Fields" origin="org.eclipse.birt.chart.reportitem.ui (2.5.2.v20100210)" referee="org.eclipse.birt.chart.reportitem (2.5.2.v20100209)" reference_count="13" reference_visibility="1">
    <target member="modelAdapter" name="org.eclipse.birt.chart.reportitem.AbstractChartBaseQueryGenerator.modelAdapter" type="org.eclipse.birt.chart.reportitem.AbstractChartBaseQueryGenerator">
        <reference_kind flags="0" kind="8192" reference_kind_name="GETS_FIELD">
            <reference linenumber="2060" member="createBaseQuery" origin="org.eclipse.birt.chart.reportitem.ui.ReportDataServiceProvider.BaseQueryHelper.createBaseQuery(List)" signature="(Ljava/util/List;)Lorg/eclipse/birt/data/engine/api/IDataQueryDefinition;" type="org.eclipse.birt.chart.reportitem.ui.ReportDataServiceProvider$BaseQueryHelper"/>
            <reference linenumber="2199" member="addValueSeriesAggregateBindingForGrouping" origin="org.eclipse.birt.chart.reportitem.ui.ReportDataServiceProvider.BaseQueryHelper.addValueSeriesAggregateBindingForGrouping(BaseQueryDefinition, EList, GroupDefinition, Map, SeriesDefinition)" signature="(Lorg/eclipse/birt/data/engine/api/querydefn/BaseQueryDefinition;Lorg/eclipse/emf/common/util/EList;Lorg/eclipse/birt/data/engine/api/querydefn/GroupDefinition;Ljava/util/Map;Lorg/eclipse/birt/chart/model/data/SeriesDefinition;)V" type="org.eclipse.birt.chart.reportitem.ui.ReportDataServiceProvider$BaseQueryHelper"/>
        </reference_kind>
    </target>
    <target member="fNameSet" name="org.eclipse.birt.chart.reportitem.AbstractChartBaseQueryGenerator.fNameSet" type="org.eclipse.birt.chart.reportitem.AbstractChartBaseQueryGenerator">
        <reference_kind flags="0" kind="8192" reference_kind_name="GETS_FIELD">
            <reference linenumber="2056" member="createBaseQuery" origin="org.eclipse.birt.chart.reportitem.ui.ReportDataServiceProvider.BaseQueryHelper.createBaseQuery(List)" signature="(Ljava/util/List;)Lorg/eclipse/birt/data/engine/api/IDataQueryDefinition;" type="org.eclipse.birt.chart.reportitem.ui.ReportDataServiceProvider$BaseQueryHelper"/>
            <reference linenumber="2132" member="addValueSeriesAggregateBindingForGrouping" origin="org.eclipse.birt.chart.reportitem.ui.ReportDataServiceProvider.BaseQueryHelper.addValueSeriesAggregateBindingForGrouping(BaseQueryDefinition, EList, GroupDefinition, Map, SeriesDefinition)" signature="(Lorg/eclipse/birt/data/engine/api/querydefn/BaseQueryDefinition;Lorg/eclipse/emf/common/util/EList;Lorg/eclipse/birt/data/engine/api/querydefn/GroupDefinition;Ljava/util/Map;Lorg/eclipse/birt/chart/model/data/SeriesDefinition;)V" type="org.eclipse.birt.chart.reportitem.ui.ReportDataServiceProvider$BaseQueryHelper"/>
            <reference linenumber="2073" member="createBaseQuery" origin="org.eclipse.birt.chart.reportitem.ui.ReportDataServiceProvider.BaseQueryHelper.createBaseQuery(List)" signature="(Ljava/util/List;)Lorg/eclipse/birt/data/engine/api/IDataQueryDefinition;" type="org.eclipse.birt.chart.reportitem.ui.ReportDataServiceProvider$BaseQueryHelper"/>
            <reference linenumber="2137" member="addValueSeriesAggregateBindingForGrouping" origin="org.eclipse.birt.chart.reportitem.ui.ReportDataServiceProvider.BaseQueryHelper.addValueSeriesAggregateBindingForGrouping(BaseQueryDefinition, EList, GroupDefinition, Map, SeriesDefinition)" signature="(Lorg/eclipse/birt/data/engine/api/querydefn/BaseQueryDefinition;Lorg/eclipse/emf/common/util/EList;Lorg/eclipse/birt/data/engine/api/querydefn/GroupDefinition;Ljava/util/Map;Lorg/eclipse/birt/chart/model/data/SeriesDefinition;)V" type="org.eclipse.birt.chart.reportitem.ui.ReportDataServiceProvider$BaseQueryHelper"/>
        </reference_kind>
    </target>
    <target member="exprCodec" name="org.eclipse.birt.chart.reportitem.AbstractChartBaseQueryGenerator.exprCodec" type="org.eclipse.birt.chart.reportitem.AbstractChartBaseQueryGenerator">
        <reference_kind flags="0" kind="8192" reference_kind_name="GETS_FIELD">
            <reference linenumber="2055" member="createBaseQuery" origin="org.eclipse.birt.chart.reportitem.ui.ReportDataServiceProvider.BaseQueryHelper.createBaseQuery(List)" signature="(Ljava/util/List;)Lorg/eclipse/birt/data/engine/api/IDataQueryDefinition;" type="org.eclipse.birt.chart.reportitem.ui.ReportDataServiceProvider$BaseQueryHelper"/>
            <reference linenumber="2197" member="addValueSeriesAggregateBindingForGrouping" origin="org.eclipse.birt.chart.reportitem.ui.ReportDataServiceProvider.BaseQueryHelper.addValueSeriesAggregateBindingForGrouping(BaseQueryDefinition, EList, GroupDefinition, Map, SeriesDefinition)" signature="(Lorg/eclipse/birt/data/engine/api/querydefn/BaseQueryDefinition;Lorg/eclipse/emf/common/util/EList;Lorg/eclipse/birt/data/engine/api/querydefn/GroupDefinition;Ljava/util/Map;Lorg/eclipse/birt/chart/model/data/SeriesDefinition;)V" type="org.eclipse.birt.chart.reportitem.ui.ReportDataServiceProvider$BaseQueryHelper"/>
            <reference linenumber="2054" member="createBaseQuery" origin="org.eclipse.birt.chart.reportitem.ui.ReportDataServiceProvider.BaseQueryHelper.createBaseQuery(List)" signature="(Ljava/util/List;)Lorg/eclipse/birt/data/engine/api/IDataQueryDefinition;" type="org.eclipse.birt.chart.reportitem.ui.ReportDataServiceProvider$BaseQueryHelper"/>
            <reference linenumber="2059" member="createBaseQuery" origin="org.eclipse.birt.chart.reportitem.ui.ReportDataServiceProvider.BaseQueryHelper.createBaseQuery(List)" signature="(Ljava/util/List;)Lorg/eclipse/birt/data/engine/api/IDataQueryDefinition;" type="org.eclipse.birt.chart.reportitem.ui.ReportDataServiceProvider$BaseQueryHelper"/>
            <reference linenumber="2198" member="addValueSeriesAggregateBindingForGrouping" origin="org.eclipse.birt.chart.reportitem.ui.ReportDataServiceProvider.BaseQueryHelper.addValueSeriesAggregateBindingForGrouping(BaseQueryDefinition, EList, GroupDefinition, Map, SeriesDefinition)" signature="(Lorg/eclipse/birt/data/engine/api/querydefn/BaseQueryDefinition;Lorg/eclipse/emf/common/util/EList;Lorg/eclipse/birt/data/engine/api/querydefn/GroupDefinition;Ljava/util/Map;Lorg/eclipse/birt/chart/model/data/SeriesDefinition;)V" type="org.eclipse.birt.chart.reportitem.ui.ReportDataServiceProvider$BaseQueryHelper"/>
        </reference_kind>
    </target>
    <target member="fResultIterator" name="org.eclipse.birt.chart.reportitem.BaseGroupedQueryResultSetEvaluator.fResultIterator" type="org.eclipse.birt.chart.reportitem.BaseGroupedQueryResultSetEvaluator">
        <reference_kind flags="0" kind="8192" reference_kind_name="GETS_FIELD">
            <reference linenumber="2585" member="evaluate" origin="org.eclipse.birt.chart.reportitem.ui.ReportDataServiceProvider.ShareBindingQueryHelper.1.evaluate(String)" signature="(Ljava/lang/String;)Ljava/lang/Object;" type="org.eclipse.birt.chart.reportitem.ui.ReportDataServiceProvider$ShareBindingQueryHelper$1"/>
            <reference linenumber="2589" member="evaluate" origin="org.eclipse.birt.chart.reportitem.ui.ReportDataServiceProvider.ShareBindingQueryHelper.1.evaluate(String)" signature="(Ljava/lang/String;)Ljava/lang/Object;" type="org.eclipse.birt.chart.reportitem.ui.ReportDataServiceProvider$ShareBindingQueryHelper$1"/>
        </reference_kind>
    </target>
</references>
