<?xml version="1.0" encoding="UTF-8" standalone="no"?>
<references name="Types" origin="org.eclipse.birt.chart.reportitem.ui (2.5.2.v20100210)" referee="org.eclipse.birt.chart.reportitem (2.5.2.v20100209)" reference_count="36" reference_visibility="1">
    <target name="org.eclipse.birt.chart.reportitem.BaseGroupedQueryResultSetEvaluator" type="org.eclipse.birt.chart.reportitem.BaseGroupedQueryResultSetEvaluator">
        <reference_kind flags="0" kind="134217728" reference_kind_name="INSTANTIATION">
            <reference linenumber="1622" member="createBaseEvaluator" origin="org.eclipse.birt.chart.reportitem.ui.ReportDataServiceProvider.createBaseEvaluator(ExtendedItemHandle, Chart, List)" signature="(Lorg/eclipse/birt/report/model/api/ExtendedItemHandle;Lorg/eclipse/birt/chart/model/Chart;Ljava/util/List;)Lorg/eclipse/birt/chart/factory/IDataRowExpressionEvaluator;" type="org.eclipse.birt.chart.reportitem.ui.ReportDataServiceProvider"/>
        </reference_kind>
        <reference_kind flags="0" kind="1" reference_kind_name="EXTENDS">
            <reference linenumber="2569" origin="org.eclipse.birt.chart.reportitem.ui.ReportDataServiceProvider.ShareBindingQueryHelper.1" type="org.eclipse.birt.chart.reportitem.ui.ReportDataServiceProvider$ShareBindingQueryHelper$1"/>
            <reference linenumber="-1" origin="org.eclipse.birt.chart.reportitem.ui.ReportDataServiceProvider.ShareBindingQueryHelper.1" type="org.eclipse.birt.chart.reportitem.ui.ReportDataServiceProvider$ShareBindingQueryHelper$1"/>
        </reference_kind>
    </target>
    <target name="org.eclipse.birt.chart.reportitem.SharedCubeResultSetEvaluator" type="org.eclipse.birt.chart.reportitem.SharedCubeResultSetEvaluator">
        <reference_kind flags="0" kind="134217728" reference_kind_name="INSTANTIATION">
            <reference linenumber="1919" member="createCubeEvaluator" origin="org.eclipse.birt.chart.reportitem.ui.ReportDataServiceProvider.createCubeEvaluator(CubeHandle, Chart)" signature="(Lorg/eclipse/birt/report/model/api/olap/CubeHandle;Lorg/eclipse/birt/chart/model/Chart;)Lorg/eclipse/birt/chart/factory/IDataRowExpressionEvaluator;" type="org.eclipse.birt.chart.reportitem.ui.ReportDataServiceProvider"/>
        </reference_kind>
    </target>
    <target name="org.eclipse.birt.chart.reportitem.ChartReportStyleProcessor" type="org.eclipse.birt.chart.reportitem.ChartReportStyleProcessor">
        <reference_kind flags="0" kind="134217728" reference_kind_name="INSTANTIATION">
            <reference linenumber="567" member="showChart" origin="org.eclipse.birt.chart.reportitem.ui.DesignerRepresentation.showChart(Dimension)" signature="(Lorg/eclipse/draw2d/geometry/Dimension;)V" type="org.eclipse.birt.chart.reportitem.ui.DesignerRepresentation"/>
            <reference linenumber="267" member="open" origin="org.eclipse.birt.chart.reportitem.ui.ChartReportItemBuilderImpl.open(ExtendedItemHandle)" signature="(Lorg/eclipse/birt/report/model/api/ExtendedItemHandle;)I" type="org.eclipse.birt.chart.reportitem.ui.ChartReportItemBuilderImpl"/>
        </reference_kind>
    </target>
    <target name="org.eclipse.birt.chart.reportitem.BIRTActionEvaluator" type="org.eclipse.birt.chart.reportitem.BIRTActionEvaluator">
        <reference_kind flags="0" kind="134217728" reference_kind_name="INSTANTIATION">
            <reference linenumber="282" member="open" origin="org.eclipse.birt.chart.reportitem.ui.ChartReportItemBuilderImpl.open(ExtendedItemHandle)" signature="(Lorg/eclipse/birt/report/model/api/ExtendedItemHandle;)I" type="org.eclipse.birt.chart.reportitem.ui.ChartReportItemBuilderImpl"/>
        </reference_kind>
    </target>
    <target name="org.eclipse.birt.chart.reportitem.ChartCubeQueryHelper" type="org.eclipse.birt.chart.reportitem.ChartCubeQueryHelper">
        <reference_kind flags="0" kind="134217728" reference_kind_name="INSTANTIATION">
            <reference linenumber="1901" member="createCubeEvaluator" origin="org.eclipse.birt.chart.reportitem.ui.ReportDataServiceProvider.createCubeEvaluator(CubeHandle, Chart)" signature="(Lorg/eclipse/birt/report/model/api/olap/CubeHandle;Lorg/eclipse/birt/chart/model/Chart;)Lorg/eclipse/birt/chart/factory/IDataRowExpressionEvaluator;" type="org.eclipse.birt.chart.reportitem.ui.ReportDataServiceProvider"/>
        <reference linenumber="1958" member="getSelectValueList" origin="org.eclipse.birt.chart.reportitem.ui.dialogs.ChartCubeFilterConditionBuilder.getSelectValueList()" signature="()Ljava/util/List;" type="org.eclipse.birt.chart.reportitem.ui.dialogs.ChartCubeFilterConditionBuilder"/>
        </reference_kind>
    <reference_kind flags="0" kind="33554432" reference_kind_name="LOCAL_VAR_DECLARED">
            <reference linenumber="1958" member="getSelectValueList" origin="org.eclipse.birt.chart.reportitem.ui.dialogs.ChartCubeFilterConditionBuilder.getSelectValueList()" signature="()Ljava/util/List;" type="org.eclipse.birt.chart.reportitem.ui.dialogs.ChartCubeFilterConditionBuilder"/>
        </reference_kind>
    </target>
    <target name="org.eclipse.birt.chart.reportitem.AbstractChartBaseQueryGenerator" type="org.eclipse.birt.chart.reportitem.AbstractChartBaseQueryGenerator">
        <reference_kind flags="0" kind="1" reference_kind_name="EXTENDS">
            <reference linenumber="-1" origin="org.eclipse.birt.chart.reportitem.ui.ReportDataServiceProvider.BaseQueryHelper" type="org.eclipse.birt.chart.reportitem.ui.ReportDataServiceProvider$BaseQueryHelper"/>
        </reference_kind>
    </target>
    <target name="org.eclipse.birt.chart.reportitem.BIRTCubeResultSetEvaluator" type="org.eclipse.birt.chart.reportitem.BIRTCubeResultSetEvaluator">
        <reference_kind flags="0" kind="134217728" reference_kind_name="INSTANTIATION">
            <reference linenumber="1922" member="createCubeEvaluator" origin="org.eclipse.birt.chart.reportitem.ui.ReportDataServiceProvider.createCubeEvaluator(CubeHandle, Chart)" signature="(Lorg/eclipse/birt/report/model/api/olap/CubeHandle;Lorg/eclipse/birt/chart/model/Chart;)Lorg/eclipse/birt/chart/factory/IDataRowExpressionEvaluator;" type="org.eclipse.birt.chart.reportitem.ui.ReportDataServiceProvider"/>
        </reference_kind>
    </target>
    <target name="org.eclipse.birt.chart.reportitem.ChartReportItemImpl" type="org.eclipse.birt.chart.reportitem.ChartReportItemImpl">
        <reference_kind flags="0" kind="16" reference_kind_name="PARAMETER">
            <reference linenumber="-1" member="&lt;init&gt;" origin="org.eclipse.birt.chart.reportitem.ui.DesignerRepresentation.DesignerRepresentation(ChartReportItemImpl)" signature="(Lorg/eclipse/birt/chart/reportitem/ChartReportItemImpl;)V" type="org.eclipse.birt.chart.reportitem.ui.DesignerRepresentation"/>
            <reference linenumber="-1" member="updateModel" origin="org.eclipse.birt.chart.reportitem.ui.ChartReportItemBuilderImpl.updateModel(ExtendedItemHandle, ChartWizard, ChartReportItemImpl, Chart, Chart, String, boolean)" signature="(Lorg/eclipse/birt/report/model/api/ExtendedItemHandle;Lorg/eclipse/birt/chart/ui/swt/wizard/ChartWizard;Lorg/eclipse/birt/chart/reportitem/ChartReportItemImpl;Lorg/eclipse/birt/chart/model/Chart;Lorg/eclipse/birt/chart/model/Chart;Ljava/lang/String;Z)V" type="org.eclipse.birt.chart.reportitem.ui.ChartReportItemBuilderImpl"/>
        </reference_kind>
        <reference_kind flags="0" kind="33554432" reference_kind_name="LOCAL_VAR_DECLARED">
            <reference linenumber="161" member="updateFigure" origin="org.eclipse.birt.chart.reportitem.ui.ChartReportItemUIImpl.updateFigure(ExtendedItemHandle, IFigure)" signature="(Lorg/eclipse/birt/report/model/api/ExtendedItemHandle;Lorg/eclipse/draw2d/IFigure;)V" type="org.eclipse.birt.chart.reportitem.ui.ChartReportItemUIImpl"/>
            <reference linenumber="176" member="open" origin="org.eclipse.birt.chart.reportitem.ui.ChartReportItemBuilderImpl.open(ExtendedItemHandle)" signature="(Lorg/eclipse/birt/report/model/api/ExtendedItemHandle;)I" type="org.eclipse.birt.chart.reportitem.ui.ChartReportItemBuilderImpl"/>
            <reference linenumber="79" member="createFigure" origin="org.eclipse.birt.chart.reportitem.ui.ChartReportItemUIImpl.createFigure(ExtendedItemHandle)" signature="(Lorg/eclipse/birt/report/model/api/ExtendedItemHandle;)Lorg/eclipse/draw2d/IFigure;" type="org.eclipse.birt.chart.reportitem.ui.ChartReportItemUIImpl"/>
        <reference linenumber="82" member="isBlankChart" origin="org.eclipse.birt.chart.reportitem.ui.actions.OpenChartTaskAction.isBlankChart()" signature="()Z" type="org.eclipse.birt.chart.reportitem.ui.actions.OpenChartTaskAction"/>
            <reference linenumber="117" member="run" origin="org.eclipse.birt.chart.reportitem.ui.actions.ShowAxisAction.run()" signature="()V" type="org.eclipse.birt.chart.reportitem.ui.actions.ShowAxisAction"/>
            <reference linenumber="109" member="run" origin="org.eclipse.birt.chart.reportitem.ui.actions.FlipAxisAction.run()" signature="()V" type="org.eclipse.birt.chart.reportitem.ui.actions.FlipAxisAction"/>
        <reference linenumber="103" member="switchView" origin="org.eclipse.birt.chart.reportitem.ui.views.provider.ChartAggregationCellViewProvider.switchView(SwitchCellInfo)" signature="(Lorg/eclipse/birt/report/item/crosstab/ui/extension/SwitchCellInfo;)V" type="org.eclipse.birt.chart.reportitem.ui.views.provider.ChartAggregationCellViewProvider"/>
            <reference linenumber="530" member="updateView" origin="org.eclipse.birt.chart.reportitem.ui.views.provider.ChartAggregationCellViewProvider.updateView(AggregationCellHandle, int)" signature="(Lorg/eclipse/birt/report/item/crosstab/core/de/AggregationCellHandle;I)V" type="org.eclipse.birt.chart.reportitem.ui.views.provider.ChartAggregationCellViewProvider"/>
            <reference linenumber="460" member="updateView" origin="org.eclipse.birt.chart.reportitem.ui.views.provider.ChartAggregationCellViewProvider.updateView(AggregationCellHandle, int)" signature="(Lorg/eclipse/birt/report/item/crosstab/core/de/AggregationCellHandle;I)V" type="org.eclipse.birt.chart.reportitem.ui.views.provider.ChartAggregationCellViewProvider"/>
        </reference_kind>
        <reference_kind flags="0" kind="262144" reference_kind_name="CASTS">
            <reference linenumber="176" member="open" origin="org.eclipse.birt.chart.reportitem.ui.ChartReportItemBuilderImpl.open(ExtendedItemHandle)" signature="(Lorg/eclipse/birt/report/model/api/ExtendedItemHandle;)I" type="org.eclipse.birt.chart.reportitem.ui.ChartReportItemBuilderImpl"/>
            <reference linenumber="161" member="updateFigure" origin="org.eclipse.birt.chart.reportitem.ui.ChartReportItemUIImpl.updateFigure(ExtendedItemHandle, IFigure)" signature="(Lorg/eclipse/birt/report/model/api/ExtendedItemHandle;Lorg/eclipse/draw2d/IFigure;)V" type="org.eclipse.birt.chart.reportitem.ui.ChartReportItemUIImpl"/>
            <reference linenumber="79" member="createFigure" origin="org.eclipse.birt.chart.reportitem.ui.ChartReportItemUIImpl.createFigure(ExtendedItemHandle)" signature="(Lorg/eclipse/birt/report/model/api/ExtendedItemHandle;)Lorg/eclipse/draw2d/IFigure;" type="org.eclipse.birt.chart.reportitem.ui.ChartReportItemUIImpl"/>
        <reference linenumber="117" member="run" origin="org.eclipse.birt.chart.reportitem.ui.actions.ShowAxisAction.run()" signature="()V" type="org.eclipse.birt.chart.reportitem.ui.actions.ShowAxisAction"/>
            <reference linenumber="109" member="run" origin="org.eclipse.birt.chart.reportitem.ui.actions.FlipAxisAction.run()" signature="()V" type="org.eclipse.birt.chart.reportitem.ui.actions.FlipAxisAction"/>
            <reference linenumber="82" member="isBlankChart" origin="org.eclipse.birt.chart.reportitem.ui.actions.OpenChartTaskAction.isBlankChart()" signature="()Z" type="org.eclipse.birt.chart.reportitem.ui.actions.OpenChartTaskAction"/>
        <reference linenumber="278" member="getChartExprDefinitions" origin="org.eclipse.birt.chart.reportitem.ui.dialogs.ChartCubeFilterConditionBuilder.getChartExprDefinitions(ExtendedItemHandle)" signature="(Lorg/eclipse/birt/report/model/api/ExtendedItemHandle;)Ljava/util/Map;" type="org.eclipse.birt.chart.reportitem.ui.dialogs.ChartCubeFilterConditionBuilder"/>
            <reference linenumber="1956" member="getSelectValueList" origin="org.eclipse.birt.chart.reportitem.ui.dialogs.ChartCubeFilterConditionBuilder.getSelectValueList()" signature="()Ljava/util/List;" type="org.eclipse.birt.chart.reportitem.ui.dialogs.ChartCubeFilterConditionBuilder"/>
        <reference linenumber="460" member="updateView" origin="org.eclipse.birt.chart.reportitem.ui.views.provider.ChartAggregationCellViewProvider.updateView(AggregationCellHandle, int)" signature="(Lorg/eclipse/birt/report/item/crosstab/core/de/AggregationCellHandle;I)V" type="org.eclipse.birt.chart.reportitem.ui.views.provider.ChartAggregationCellViewProvider"/>
            <reference linenumber="530" member="updateView" origin="org.eclipse.birt.chart.reportitem.ui.views.provider.ChartAggregationCellViewProvider.updateView(AggregationCellHandle, int)" signature="(Lorg/eclipse/birt/report/item/crosstab/core/de/AggregationCellHandle;I)V" type="org.eclipse.birt.chart.reportitem.ui.views.provider.ChartAggregationCellViewProvider"/>
            <reference linenumber="103" member="switchView" origin="org.eclipse.birt.chart.reportitem.ui.views.provider.ChartAggregationCellViewProvider.switchView(SwitchCellInfo)" signature="(Lorg/eclipse/birt/report/item/crosstab/ui/extension/SwitchCellInfo;)V" type="org.eclipse.birt.chart.reportitem.ui.views.provider.ChartAggregationCellViewProvider"/>
        </reference_kind>
        <reference_kind flags="0" kind="4" reference_kind_name="DECLARED_FIELD">
            <reference linenumber="-1" member="crii" origin="org.eclipse.birt.chart.reportitem.ui.DesignerRepresentation.crii" type="org.eclipse.birt.chart.reportitem.ui.DesignerRepresentation"/>
        </reference_kind>
    </target>
    <target name="org.eclipse.birt.chart.reportitem.api.ChartCubeUtil" type="org.eclipse.birt.chart.reportitem.api.ChartCubeUtil">
        <reference_kind flags="0" kind="1" reference_kind_name="EXTENDS">
            <reference linenumber="-1" origin="org.eclipse.birt.chart.reportitem.ui.ChartXTabUIUtil" type="org.eclipse.birt.chart.reportitem.ui.ChartXTabUIUtil"/>
        </reference_kind>
    </target>
</references>
