<?xml version="1.0" encoding="UTF-8" standalone="no"?>
<references name="Methods" origin="org.eclipse.birt.report.engine.dataextraction.csv (2.5.2.v20100115)" referee="org.eclipse.birt.core (2.5.2.v20100208)" reference_count="2" reference_visibility="1">
    <target member="getName" name="org.eclipse.birt.core.data.DataType.getName(int)" signature="(I)Ljava/lang/String;" type="org.eclipse.birt.core.data.DataType">
        <reference_kind flags="0" kind="128" reference_kind_name="INVOKED_STATIC">
            <reference linenumber="176" member="makeDataTypesRow" origin="org.eclipse.birt.report.engine.dataextraction.csv.CSVDataExtractionImpl.makeDataTypesRow(int[])" signature="([I)Ljava/lang/String;" type="org.eclipse.birt.report.engine.dataextraction.csv.CSVDataExtractionImpl"/>
        </reference_kind>
    </target>
    <target member="&lt;init&gt;" name="org.eclipse.birt.core.exception.BirtException.BirtException(String, String, ResourceBundle, Throwable)" signature="(Ljava/lang/String;Ljava/lang/String;Ljava/util/ResourceBundle;Ljava/lang/Throwable;)V" type="org.eclipse.birt.core.exception.BirtException">
        <reference_kind flags="0" kind="64" reference_kind_name="CONSTRUCTOR_METHOD">
            <reference linenumber="159" member="output" origin="org.eclipse.birt.report.engine.dataextraction.csv.CSVDataExtractionImpl.output(IExtractionResults)" signature="(Lorg/eclipse/birt/report/engine/api/IExtractionResults;)V" type="org.eclipse.birt.report.engine.dataextraction.csv.CSVDataExtractionImpl"/>
        </reference_kind>
    </target>
</references>
