<?xml version="1.0" encoding="UTF-8" standalone="no"?>
<references name="Methods" origin="org.eclipse.actf.visualization (0.7.2.R201002031025)" referee="org.eclipse.actf.model.ui (0.7.2.R201002031025)" reference_count="11" reference_visibility="1">
    <target member="getLastPageNumber" name="org.eclipse.actf.model.ui.IModelServiceScrollManager.getLastPageNumber()" signature="()I" type="org.eclipse.actf.model.ui.IModelServiceScrollManager">
        <reference_kind flags="0" kind="512" reference_kind_name="INTERFACE_METHOD">
            <reference linenumber="-1" member="scrollVertically" origin="org.eclipse.actf.visualization.ui.VisualizationCanvas.scrollVertically(ScrollBar)" signature="(Lorg/eclipse/swt/widgets/ScrollBar;)V" type="org.eclipse.actf.visualization.ui.VisualizationCanvas"/>
        </reference_kind>
    </target>
    <target member="getCurrentPageNumber" name="org.eclipse.actf.model.ui.IModelServiceScrollManager.getCurrentPageNumber()" signature="()I" type="org.eclipse.actf.model.ui.IModelServiceScrollManager">
        <reference_kind flags="0" kind="512" reference_kind_name="INTERFACE_METHOD">
            <reference linenumber="-1" member="scrollVertically" origin="org.eclipse.actf.visualization.ui.VisualizationCanvas.scrollVertically(ScrollBar)" signature="(Lorg/eclipse/swt/widgets/ScrollBar;)V" type="org.eclipse.actf.visualization.ui.VisualizationCanvas"/>
        </reference_kind>
    </target>
    <target member="jumpToPage" name="org.eclipse.actf.model.ui.IModelServiceScrollManager.jumpToPage(int, boolean)" signature="(IZ)I" type="org.eclipse.actf.model.ui.IModelServiceScrollManager">
        <reference_kind flags="0" kind="512" reference_kind_name="INTERFACE_METHOD">
            <reference linenumber="-1" member="scrollVertically" origin="org.eclipse.actf.visualization.ui.VisualizationCanvas.scrollVertically(ScrollBar)" signature="(Lorg/eclipse/swt/widgets/ScrollBar;)V" type="org.eclipse.actf.visualization.ui.VisualizationCanvas"/>
        </reference_kind>
    </target>
    <target member="getURL" name="org.eclipse.actf.model.ui.IModelService.getURL()" signature="()Ljava/lang/String;" type="org.eclipse.actf.model.ui.IModelService">
        <reference_kind flags="0" kind="512" reference_kind_name="INTERFACE_METHOD">
            <reference linenumber="-1" member="showImage" origin="org.eclipse.actf.visualization.ui.VisualizationCanvas.showImage(ImageData, IModelService)" signature="(Lorg/eclipse/swt/graphics/ImageData;Lorg/eclipse/actf/model/ui/IModelService;)V" type="org.eclipse.actf.visualization.ui.VisualizationCanvas"/>
            <reference linenumber="-1" member="scrollVertically" origin="org.eclipse.actf.visualization.ui.VisualizationCanvas.scrollVertically(ScrollBar)" signature="(Lorg/eclipse/swt/widgets/ScrollBar;)V" type="org.eclipse.actf.visualization.ui.VisualizationCanvas"/>
        </reference_kind>
    </target>
    <target member="getWholeSizeY" name="org.eclipse.actf.model.ui.ModelServiceSizeInfo.getWholeSizeY()" signature="()I" type="org.eclipse.actf.model.ui.ModelServiceSizeInfo">
        <reference_kind flags="0" kind="256" reference_kind_name="VIRTUAL_METHOD">
            <reference linenumber="-1" member="scrollVertically" origin="org.eclipse.actf.visualization.ui.VisualizationCanvas.scrollVertically(ScrollBar)" signature="(Lorg/eclipse/swt/widgets/ScrollBar;)V" type="org.eclipse.actf.visualization.ui.VisualizationCanvas"/>
        </reference_kind>
    </target>
    <target member="getViewSizeY" name="org.eclipse.actf.model.ui.ModelServiceSizeInfo.getViewSizeY()" signature="()I" type="org.eclipse.actf.model.ui.ModelServiceSizeInfo">
        <reference_kind flags="0" kind="256" reference_kind_name="VIRTUAL_METHOD">
            <reference linenumber="-1" member="scrollVertically" origin="org.eclipse.actf.visualization.ui.VisualizationCanvas.scrollVertically(ScrollBar)" signature="(Lorg/eclipse/swt/widgets/ScrollBar;)V" type="org.eclipse.actf.visualization.ui.VisualizationCanvas"/>
        </reference_kind>
    </target>
    <target member="getScrollType" name="org.eclipse.actf.model.ui.IModelServiceScrollManager.getScrollType()" signature="()I" type="org.eclipse.actf.model.ui.IModelServiceScrollManager">
        <reference_kind flags="0" kind="512" reference_kind_name="INTERFACE_METHOD">
            <reference linenumber="-1" member="scrollVertically" origin="org.eclipse.actf.visualization.ui.VisualizationCanvas.scrollVertically(ScrollBar)" signature="(Lorg/eclipse/swt/widgets/ScrollBar;)V" type="org.eclipse.actf.visualization.ui.VisualizationCanvas"/>
        </reference_kind>
    </target>
    <target member="getScrollManager" name="org.eclipse.actf.model.ui.IModelService.getScrollManager()" signature="()Lorg/eclipse/actf/model/ui/IModelServiceScrollManager;" type="org.eclipse.actf.model.ui.IModelService">
        <reference_kind flags="0" kind="512" reference_kind_name="INTERFACE_METHOD">
            <reference linenumber="-1" member="scrollVertically" origin="org.eclipse.actf.visualization.ui.VisualizationCanvas.scrollVertically(ScrollBar)" signature="(Lorg/eclipse/swt/widgets/ScrollBar;)V" type="org.eclipse.actf.visualization.ui.VisualizationCanvas"/>
        </reference_kind>
    </target>
    <target member="getSize" name="org.eclipse.actf.model.ui.IModelServiceScrollManager.getSize(boolean)" signature="(Z)Lorg/eclipse/actf/model/ui/ModelServiceSizeInfo;" type="org.eclipse.actf.model.ui.IModelServiceScrollManager">
        <reference_kind flags="0" kind="512" reference_kind_name="INTERFACE_METHOD">
            <reference linenumber="-1" member="scrollVertically" origin="org.eclipse.actf.visualization.ui.VisualizationCanvas.scrollVertically(ScrollBar)" signature="(Lorg/eclipse/swt/widgets/ScrollBar;)V" type="org.eclipse.actf.visualization.ui.VisualizationCanvas"/>
        </reference_kind>
    </target>
    <target member="absoluteCoordinateScroll" name="org.eclipse.actf.model.ui.IModelServiceScrollManager.absoluteCoordinateScroll(int, boolean)" signature="(IZ)V" type="org.eclipse.actf.model.ui.IModelServiceScrollManager">
        <reference_kind flags="0" kind="512" reference_kind_name="INTERFACE_METHOD">
            <reference linenumber="-1" member="scrollVertically" origin="org.eclipse.actf.visualization.ui.VisualizationCanvas.scrollVertically(ScrollBar)" signature="(Lorg/eclipse/swt/widgets/ScrollBar;)V" type="org.eclipse.actf.visualization.ui.VisualizationCanvas"/>
        </reference_kind>
    </target>
</references>
