<?xml version="1.0" encoding="UTF-8" standalone="no"?>
<references name="Types" origin="org.eclipse.actf.visualization (0.7.2.R201002031025)" referee="org.eclipse.actf.model.ui (0.7.2.R201002031025)" reference_count="4" reference_visibility="1">
    <target name="org.eclipse.actf.model.ui.IModelService" type="org.eclipse.actf.model.ui.IModelService">
        <reference_kind flags="0" kind="4" reference_kind_name="DECLARED_FIELD">
            <reference linenumber="-1" member="current" origin="org.eclipse.actf.visualization.ui.VisualizationCanvas.current" type="org.eclipse.actf.visualization.ui.VisualizationCanvas"/>
            <reference linenumber="-1" member="target" origin="org.eclipse.actf.visualization.ui.VisualizationCanvas.target" type="org.eclipse.actf.visualization.ui.VisualizationCanvas"/>
        </reference_kind>
        <reference_kind flags="0" kind="16" reference_kind_name="PARAMETER">
            <reference linenumber="-1" member="showImage" origin="org.eclipse.actf.visualization.ui.VisualizationCanvas.showImage(ImageData, IModelService)" signature="(Lorg/eclipse/swt/graphics/ImageData;Lorg/eclipse/actf/model/ui/IModelService;)V" type="org.eclipse.actf.visualization.ui.VisualizationCanvas"/>
            <reference linenumber="-1" member="setCurrentModelService" origin="org.eclipse.actf.visualization.ui.VisualizationCanvas.setCurrentModelService(IModelService)" signature="(Lorg/eclipse/actf/model/ui/IModelService;)V" type="org.eclipse.actf.visualization.ui.VisualizationCanvas"/>
        </reference_kind>
    </target>
</references>
