<?xml version="1.0" encoding="UTF-8" standalone="no"?>
<references name="Types" origin="org.eclipse.actf.mediator (0.7.2.R201002031025)" referee="org.eclipse.actf.model.ui (0.7.2.R201002031025)" reference_count="9" reference_visibility="1">
    <target name="org.eclipse.actf.model.ui.IModelServiceHolder" type="org.eclipse.actf.model.ui.IModelServiceHolder">
        <reference_kind flags="0" kind="262144" reference_kind_name="CASTS">
            <reference linenumber="-1" member="partInputChanged" origin="org.eclipse.actf.mediator.Mediator.1.partInputChanged(IWorkbenchPartReference)" signature="(Lorg/eclipse/ui/IWorkbenchPartReference;)V" type="org.eclipse.actf.mediator.Mediator$1"/>
            <reference linenumber="-1" member="partActivated" origin="org.eclipse.actf.mediator.Mediator.1.partActivated(IWorkbenchPartReference)" signature="(Lorg/eclipse/ui/IWorkbenchPartReference;)V" type="org.eclipse.actf.mediator.Mediator$1"/>
        </reference_kind>
        <reference_kind flags="0" kind="16" reference_kind_name="PARAMETER">
            <reference linenumber="-1" member="&lt;init&gt;" origin="org.eclipse.actf.mediator.MediatorEvent.MediatorEvent(Mediator, IModelServiceHolder, IACTFReportGenerator, IACTFReport)" signature="(Lorg/eclipse/actf/mediator/Mediator;Lorg/eclipse/actf/model/ui/IModelServiceHolder;Lorg/eclipse/actf/mediator/IACTFReportGenerator;Lorg/eclipse/actf/mediator/IACTFReport;)V" type="org.eclipse.actf.mediator.MediatorEvent"/>
            <reference linenumber="-1" member="getEvaluationResult" origin="org.eclipse.actf.mediator.Mediator.getEvaluationResult(IModelServiceHolder, IACTFReportGenerator)" signature="(Lorg/eclipse/actf/model/ui/IModelServiceHolder;Lorg/eclipse/actf/mediator/IACTFReportGenerator;)Lorg/eclipse/actf/mediator/IACTFReport;" type="org.eclipse.actf.mediator.Mediator"/>
        </reference_kind>
        <reference_kind flags="0" kind="524288" reference_kind_name="INSTANCEOF">
            <reference linenumber="-1" member="partInputChanged" origin="org.eclipse.actf.mediator.Mediator.1.partInputChanged(IWorkbenchPartReference)" signature="(Lorg/eclipse/ui/IWorkbenchPartReference;)V" type="org.eclipse.actf.mediator.Mediator$1"/>
            <reference linenumber="-1" member="partActivated" origin="org.eclipse.actf.mediator.Mediator.1.partActivated(IWorkbenchPartReference)" signature="(Lorg/eclipse/ui/IWorkbenchPartReference;)V" type="org.eclipse.actf.mediator.Mediator$1"/>
        </reference_kind>
        <reference_kind flags="0" kind="8" reference_kind_name="RETURN_TYPE">
            <reference linenumber="-1" member="getModelServiceHolder" origin="org.eclipse.actf.mediator.MediatorEvent.getModelServiceHolder()" signature="()Lorg/eclipse/actf/model/ui/IModelServiceHolder;" type="org.eclipse.actf.mediator.MediatorEvent"/>
        </reference_kind>
        <reference_kind flags="0" kind="4" reference_kind_name="DECLARED_FIELD">
            <reference linenumber="-1" member="currentModelServiceHolder" origin="org.eclipse.actf.mediator.Mediator.currentModelServiceHolder" type="org.eclipse.actf.mediator.Mediator"/>
            <reference linenumber="-1" member="modelServiceHolder" origin="org.eclipse.actf.mediator.MediatorEvent.modelServiceHolder" type="org.eclipse.actf.mediator.MediatorEvent"/>
        </reference_kind>
    </target>
</references>
