<?xml version="1.0" encoding="UTF-8" standalone="no"?>
<references name="Methods" origin="org.eclipse.actf.visualization.ui.report (0.7.2.R201002031025)" referee="org.eclipse.actf.mediator (0.7.2.R201002031025)" reference_count="10" reference_visibility="1">
    <target member="addMediatorEventListener" name="org.eclipse.actf.mediator.Mediator.addMediatorEventListener(IMediatorEventListener)" signature="(Lorg/eclipse/actf/mediator/IMediatorEventListener;)V" type="org.eclipse.actf.mediator.Mediator">
        <reference_kind flags="0" kind="256" reference_kind_name="VIRTUAL_METHOD">
            <reference linenumber="-1" member="start" origin="org.eclipse.actf.visualization.internal.ui.report.ReportPlugin.start(BundleContext)" signature="(Lorg/osgi/framework/BundleContext;)V" type="org.eclipse.actf.visualization.internal.ui.report.ReportPlugin"/>
        </reference_kind>
    </target>
    <target member="getInstance" name="org.eclipse.actf.mediator.Mediator.getInstance()" signature="()Lorg/eclipse/actf/mediator/Mediator;" type="org.eclipse.actf.mediator.Mediator">
        <reference_kind flags="0" kind="128" reference_kind_name="INVOKED_STATIC">
            <reference linenumber="-1" member="start" origin="org.eclipse.actf.visualization.internal.ui.report.ReportPlugin.start(BundleContext)" signature="(Lorg/osgi/framework/BundleContext;)V" type="org.eclipse.actf.visualization.internal.ui.report.ReportPlugin"/>
            <reference linenumber="-1" member="stop" origin="org.eclipse.actf.visualization.internal.ui.report.ReportPlugin.stop(BundleContext)" signature="(Lorg/osgi/framework/BundleContext;)V" type="org.eclipse.actf.visualization.internal.ui.report.ReportPlugin"/>
        </reference_kind>
    </target>
    <target member="getView" name="org.eclipse.actf.mediator.MediatorEvent.getView()" signature="()Lorg/eclipse/actf/mediator/IACTFReportGenerator;" type="org.eclipse.actf.mediator.MediatorEvent">
        <reference_kind flags="0" kind="256" reference_kind_name="VIRTUAL_METHOD">
            <reference linenumber="-1" member="updateEvaluationResult" origin="org.eclipse.actf.visualization.internal.ui.report.ReportViewActivator.updateEvaluationResult(MediatorEvent)" signature="(Lorg/eclipse/actf/mediator/MediatorEvent;)V" type="org.eclipse.actf.visualization.internal.ui.report.ReportViewActivator"/>
        <reference linenumber="-1" member="updateEvaluationResult" origin="org.eclipse.actf.visualization.ui.report.views.DetailedReportView.updateEvaluationResult(MediatorEvent)" signature="(Lorg/eclipse/actf/mediator/MediatorEvent;)V" type="org.eclipse.actf.visualization.ui.report.views.DetailedReportView"/>
        </reference_kind>
    </target>
    <target member="removeMediatorEventListener" name="org.eclipse.actf.mediator.Mediator.removeMediatorEventListener(IMediatorEventListener)" signature="(Lorg/eclipse/actf/mediator/IMediatorEventListener;)Z" type="org.eclipse.actf.mediator.Mediator">
        <reference_kind flags="0" kind="256" reference_kind_name="VIRTUAL_METHOD">
            <reference linenumber="-1" member="stop" origin="org.eclipse.actf.visualization.internal.ui.report.ReportPlugin.stop(BundleContext)" signature="(Lorg/osgi/framework/BundleContext;)V" type="org.eclipse.actf.visualization.internal.ui.report.ReportPlugin"/>
        </reference_kind>
    </target>
    <target member="getReport" name="org.eclipse.actf.mediator.MediatorEvent.getReport()" signature="()Lorg/eclipse/actf/mediator/IACTFReport;" type="org.eclipse.actf.mediator.MediatorEvent">
        <reference_kind flags="0" kind="256" reference_kind_name="VIRTUAL_METHOD">
            <reference linenumber="-1" member="updateEvaluationResult" origin="org.eclipse.actf.visualization.internal.ui.report.ReportViewActivator.updateEvaluationResult(MediatorEvent)" signature="(Lorg/eclipse/actf/mediator/MediatorEvent;)V" type="org.eclipse.actf.visualization.internal.ui.report.ReportViewActivator"/>
        <reference linenumber="-1" member="updateEvaluationResult" origin="org.eclipse.actf.visualization.ui.report.views.DetailedReportView.updateEvaluationResult(MediatorEvent)" signature="(Lorg/eclipse/actf/mediator/MediatorEvent;)V" type="org.eclipse.actf.visualization.ui.report.views.DetailedReportView"/>
            <reference linenumber="-1" member="updateEvaluationResult" origin="org.eclipse.actf.visualization.ui.report.views.SummaryReportView.updateEvaluationResult(MediatorEvent)" signature="(Lorg/eclipse/actf/mediator/MediatorEvent;)V" type="org.eclipse.actf.visualization.ui.report.views.SummaryReportView"/>
        </reference_kind>
    </target>
<target member="getModelServiceHolder" name="org.eclipse.actf.mediator.MediatorEvent.getModelServiceHolder()" signature="()Lorg/eclipse/actf/model/ui/IModelServiceHolder;" type="org.eclipse.actf.mediator.MediatorEvent">
        <reference_kind flags="0" kind="256" reference_kind_name="VIRTUAL_METHOD">
            <reference linenumber="-1" member="modelserviceChanged" origin="org.eclipse.actf.visualization.ui.report.views.DetailedReportView.modelserviceChanged(MediatorEvent)" signature="(Lorg/eclipse/actf/mediator/MediatorEvent;)V" type="org.eclipse.actf.visualization.ui.report.views.DetailedReportView"/>
        </reference_kind>
    </target>
</references>
