<?xml version="1.0" encoding="UTF-8" standalone="no"?>
<references name="Types" origin="org.eclipse.actf.visualization.ui.report (0.7.2.R201002031025)" referee="org.eclipse.actf.mediator (0.7.2.R201002031025)" reference_count="19" reference_visibility="1">
    <target name="org.eclipse.actf.mediator.IMediatorEventListener" type="org.eclipse.actf.mediator.IMediatorEventListener">
        <reference_kind flags="0" kind="2" reference_kind_name="IMPLEMENTS">
            <reference linenumber="-1" origin="org.eclipse.actf.visualization.internal.ui.report.ReportViewActivator" type="org.eclipse.actf.visualization.internal.ui.report.ReportViewActivator"/>
        </reference_kind>
    </target>
    <target name="org.eclipse.actf.mediator.IACTFReportViewer" type="org.eclipse.actf.mediator.IACTFReportViewer">
        <reference_kind flags="0" kind="524288" reference_kind_name="INSTANCEOF">
            <reference linenumber="-1" member="updateEvaluationResult" origin="org.eclipse.actf.visualization.internal.ui.report.ReportViewActivator.updateEvaluationResult(MediatorEvent)" signature="(Lorg/eclipse/actf/mediator/MediatorEvent;)V" type="org.eclipse.actf.visualization.internal.ui.report.ReportViewActivator"/>
        </reference_kind>
    <reference_kind flags="0" kind="2" reference_kind_name="IMPLEMENTS">
            <reference linenumber="-1" origin="org.eclipse.actf.visualization.ui.report.views.SummaryReportView" type="org.eclipse.actf.visualization.ui.report.views.SummaryReportView"/>
            <reference linenumber="-1" origin="org.eclipse.actf.visualization.ui.report.views.DetailedReportView" type="org.eclipse.actf.visualization.ui.report.views.DetailedReportView"/>
        </reference_kind>
    </target>
    <target name="org.eclipse.actf.mediator.MediatorEvent" type="org.eclipse.actf.mediator.MediatorEvent">
        <reference_kind flags="0" kind="16" reference_kind_name="PARAMETER">
            <reference linenumber="-1" member="updateEvaluationResult" origin="org.eclipse.actf.visualization.internal.ui.report.ReportViewActivator.updateEvaluationResult(MediatorEvent)" signature="(Lorg/eclipse/actf/mediator/MediatorEvent;)V" type="org.eclipse.actf.visualization.internal.ui.report.ReportViewActivator"/>
            <reference linenumber="-1" member="reportGeneratorChanged" origin="org.eclipse.actf.visualization.internal.ui.report.ReportViewActivator.reportGeneratorChanged(MediatorEvent)" signature="(Lorg/eclipse/actf/mediator/MediatorEvent;)V" type="org.eclipse.actf.visualization.internal.ui.report.ReportViewActivator"/>
            <reference linenumber="-1" member="modelserviceInputChanged" origin="org.eclipse.actf.visualization.internal.ui.report.ReportViewActivator.modelserviceInputChanged(MediatorEvent)" signature="(Lorg/eclipse/actf/mediator/MediatorEvent;)V" type="org.eclipse.actf.visualization.internal.ui.report.ReportViewActivator"/>
            <reference linenumber="-1" member="modelserviceChanged" origin="org.eclipse.actf.visualization.internal.ui.report.ReportViewActivator.modelserviceChanged(MediatorEvent)" signature="(Lorg/eclipse/actf/mediator/MediatorEvent;)V" type="org.eclipse.actf.visualization.internal.ui.report.ReportViewActivator"/>
            <reference linenumber="-1" member="reportChanged" origin="org.eclipse.actf.visualization.internal.ui.report.ReportViewActivator.reportChanged(MediatorEvent)" signature="(Lorg/eclipse/actf/mediator/MediatorEvent;)V" type="org.eclipse.actf.visualization.internal.ui.report.ReportViewActivator"/>
        <reference linenumber="-1" member="modelserviceInputChanged" origin="org.eclipse.actf.visualization.ui.report.views.SummaryReportView.modelserviceInputChanged(MediatorEvent)" signature="(Lorg/eclipse/actf/mediator/MediatorEvent;)V" type="org.eclipse.actf.visualization.ui.report.views.SummaryReportView"/>
            <reference linenumber="-1" member="reportGeneratorChanged" origin="org.eclipse.actf.visualization.ui.report.views.DetailedReportView.reportGeneratorChanged(MediatorEvent)" signature="(Lorg/eclipse/actf/mediator/MediatorEvent;)V" type="org.eclipse.actf.visualization.ui.report.views.DetailedReportView"/>
            <reference linenumber="-1" member="updateEvaluationResult" origin="org.eclipse.actf.visualization.ui.report.views.SummaryReportView.updateEvaluationResult(MediatorEvent)" signature="(Lorg/eclipse/actf/mediator/MediatorEvent;)V" type="org.eclipse.actf.visualization.ui.report.views.SummaryReportView"/>
            <reference linenumber="-1" member="updateEvaluationResult" origin="org.eclipse.actf.visualization.ui.report.views.DetailedReportView.updateEvaluationResult(MediatorEvent)" signature="(Lorg/eclipse/actf/mediator/MediatorEvent;)V" type="org.eclipse.actf.visualization.ui.report.views.DetailedReportView"/>
            <reference linenumber="-1" member="modelserviceChanged" origin="org.eclipse.actf.visualization.ui.report.views.SummaryReportView.modelserviceChanged(MediatorEvent)" signature="(Lorg/eclipse/actf/mediator/MediatorEvent;)V" type="org.eclipse.actf.visualization.ui.report.views.SummaryReportView"/>
            <reference linenumber="-1" member="reportChanged" origin="org.eclipse.actf.visualization.ui.report.views.DetailedReportView.reportChanged(MediatorEvent)" signature="(Lorg/eclipse/actf/mediator/MediatorEvent;)V" type="org.eclipse.actf.visualization.ui.report.views.DetailedReportView"/>
            <reference linenumber="-1" member="reportGeneratorChanged" origin="org.eclipse.actf.visualization.ui.report.views.SummaryReportView.reportGeneratorChanged(MediatorEvent)" signature="(Lorg/eclipse/actf/mediator/MediatorEvent;)V" type="org.eclipse.actf.visualization.ui.report.views.SummaryReportView"/>
            <reference linenumber="-1" member="reportChanged" origin="org.eclipse.actf.visualization.ui.report.views.SummaryReportView.reportChanged(MediatorEvent)" signature="(Lorg/eclipse/actf/mediator/MediatorEvent;)V" type="org.eclipse.actf.visualization.ui.report.views.SummaryReportView"/>
            <reference linenumber="-1" member="modelserviceInputChanged" origin="org.eclipse.actf.visualization.ui.report.views.DetailedReportView.modelserviceInputChanged(MediatorEvent)" signature="(Lorg/eclipse/actf/mediator/MediatorEvent;)V" type="org.eclipse.actf.visualization.ui.report.views.DetailedReportView"/>
            <reference linenumber="-1" member="modelserviceChanged" origin="org.eclipse.actf.visualization.ui.report.views.DetailedReportView.modelserviceChanged(MediatorEvent)" signature="(Lorg/eclipse/actf/mediator/MediatorEvent;)V" type="org.eclipse.actf.visualization.ui.report.views.DetailedReportView"/>
        </reference_kind>
    </target>
</references>
