<?xml version="1.0" encoding="UTF-8" standalone="no"?>
<references name="Fields" origin="org.eclipse.actf.visualization.blind.odfbyhtml (0.7.2.R201002031025)" referee="org.eclipse.actf.visualization.blind (0.7.2.R201002031025)" reference_count="34" reference_visibility="1">
    <target member="checkResult" name="org.eclipse.actf.visualization.blind.BlindVisualizerBase.checkResult" type="org.eclipse.actf.visualization.blind.BlindVisualizerBase">
        <reference_kind flags="0" kind="16384" reference_kind_name="PUT_FIELD">
            <reference linenumber="-1" member="visualize" origin="org.eclipse.actf.visualization.blind.odfbyhtml.BlindVisualizerOdfByHtml.visualize()" signature="()I" type="org.eclipse.actf.visualization.blind.odfbyhtml.BlindVisualizerOdfByHtml"/>
        <reference linenumber="-1" member="visualize" origin="org.eclipse.actf.visualization.blind.odfbyhtml.BlindVisualizerOdfByHtml.visualize()" signature="()I" type="org.eclipse.actf.visualization.blind.odfbyhtml.BlindVisualizerOdfByHtml"/>
        </reference_kind>
        <reference_kind flags="0" kind="8192" reference_kind_name="GETS_FIELD">
            <reference linenumber="-1" member="visualize" origin="org.eclipse.actf.visualization.blind.odfbyhtml.BlindVisualizerOdfByHtml.visualize()" signature="()I" type="org.eclipse.actf.visualization.blind.odfbyhtml.BlindVisualizerOdfByHtml"/>
        <reference linenumber="-1" member="visualize" origin="org.eclipse.actf.visualization.blind.odfbyhtml.BlindVisualizerOdfByHtml.visualize()" signature="()I" type="org.eclipse.actf.visualization.blind.odfbyhtml.BlindVisualizerOdfByHtml"/>
        </reference_kind>
    </target>
    <target member="resultFile" name="org.eclipse.actf.visualization.blind.BlindVisualizerBase.resultFile" type="org.eclipse.actf.visualization.blind.BlindVisualizerBase">
        <reference_kind flags="0" kind="16384" reference_kind_name="PUT_FIELD">
            <reference linenumber="-1" member="visualize" origin="org.eclipse.actf.visualization.blind.odfbyhtml.BlindVisualizerOdfByHtml.visualize()" signature="()I" type="org.eclipse.actf.visualization.blind.odfbyhtml.BlindVisualizerOdfByHtml"/>
        <reference linenumber="-1" member="visualize" origin="org.eclipse.actf.visualization.blind.odfbyhtml.BlindVisualizerOdfByHtml.visualize()" signature="()I" type="org.eclipse.actf.visualization.blind.odfbyhtml.BlindVisualizerOdfByHtml"/>
        </reference_kind>
        <reference_kind flags="0" kind="8192" reference_kind_name="GETS_FIELD">
            <reference linenumber="-1" member="visualize" origin="org.eclipse.actf.visualization.blind.odfbyhtml.BlindVisualizerOdfByHtml.visualize()" signature="()I" type="org.eclipse.actf.visualization.blind.odfbyhtml.BlindVisualizerOdfByHtml"/>
        <reference linenumber="-1" member="visualize" origin="org.eclipse.actf.visualization.blind.odfbyhtml.BlindVisualizerOdfByHtml.visualize()" signature="()I" type="org.eclipse.actf.visualization.blind.odfbyhtml.BlindVisualizerOdfByHtml"/>
        </reference_kind>
    </target>
    <target member="targetUrl" name="org.eclipse.actf.visualization.blind.BlindVisualizerBase.targetUrl" type="org.eclipse.actf.visualization.blind.BlindVisualizerBase">
        <reference_kind flags="0" kind="16384" reference_kind_name="PUT_FIELD">
            <reference linenumber="-1" member="setModelService" origin="org.eclipse.actf.visualization.blind.odfbyhtml.BlindVisualizerOdfByHtml.setModelService(IModelService)" signature="(Lorg/eclipse/actf/model/ui/IModelService;)Z" type="org.eclipse.actf.visualization.blind.odfbyhtml.BlindVisualizerOdfByHtml"/>
        <reference linenumber="-1" member="setModelService" origin="org.eclipse.actf.visualization.blind.odfbyhtml.BlindVisualizerOdfByHtml.setModelService(IModelService)" signature="(Lorg/eclipse/actf/model/ui/IModelService;)Z" type="org.eclipse.actf.visualization.blind.odfbyhtml.BlindVisualizerOdfByHtml"/>
        </reference_kind>
        <reference_kind flags="0" kind="8192" reference_kind_name="GETS_FIELD">
            <reference linenumber="-1" member="visualize" origin="org.eclipse.actf.visualization.blind.odfbyhtml.BlindVisualizerOdfByHtml.visualize()" signature="()I" type="org.eclipse.actf.visualization.blind.odfbyhtml.BlindVisualizerOdfByHtml"/>
            <reference linenumber="-1" member="setModelService" origin="org.eclipse.actf.visualization.blind.odfbyhtml.BlindVisualizerOdfByHtml.setModelService(IModelService)" signature="(Lorg/eclipse/actf/model/ui/IModelService;)Z" type="org.eclipse.actf.visualization.blind.odfbyhtml.BlindVisualizerOdfByHtml"/>
        <reference linenumber="-1" member="visualize" origin="org.eclipse.actf.visualization.blind.odfbyhtml.BlindVisualizerOdfByHtml.visualize()" signature="()I" type="org.eclipse.actf.visualization.blind.odfbyhtml.BlindVisualizerOdfByHtml"/>
            <reference linenumber="-1" member="setModelService" origin="org.eclipse.actf.visualization.blind.odfbyhtml.BlindVisualizerOdfByHtml.setModelService(IModelService)" signature="(Lorg/eclipse/actf/model/ui/IModelService;)Z" type="org.eclipse.actf.visualization.blind.odfbyhtml.BlindVisualizerOdfByHtml"/>
        </reference_kind>
    </target>
    <target member="maxReachingTime" name="org.eclipse.actf.visualization.blind.BlindVisualizerBase.maxReachingTime" type="org.eclipse.actf.visualization.blind.BlindVisualizerBase">
        <reference_kind flags="0" kind="16384" reference_kind_name="PUT_FIELD">
            <reference linenumber="-1" member="visualize" origin="org.eclipse.actf.visualization.blind.odfbyhtml.BlindVisualizerOdfByHtml.visualize()" signature="()I" type="org.eclipse.actf.visualization.blind.odfbyhtml.BlindVisualizerOdfByHtml"/>
        <reference linenumber="-1" member="visualize" origin="org.eclipse.actf.visualization.blind.odfbyhtml.BlindVisualizerOdfByHtml.visualize()" signature="()I" type="org.eclipse.actf.visualization.blind.odfbyhtml.BlindVisualizerOdfByHtml"/>
        </reference_kind>
    </target>
    <target member="tmpDirS" name="org.eclipse.actf.visualization.blind.BlindVisualizerBase.tmpDirS" type="org.eclipse.actf.visualization.blind.BlindVisualizerBase">
        <reference_kind flags="0" kind="8192" reference_kind_name="GETS_FIELD">
            <reference linenumber="-1" member="visualize" origin="org.eclipse.actf.visualization.blind.odfbyhtml.BlindVisualizerOdfByHtml.visualize()" signature="()I" type="org.eclipse.actf.visualization.blind.odfbyhtml.BlindVisualizerOdfByHtml"/>
            <reference linenumber="-1" member="&lt;init&gt;" origin="org.eclipse.actf.visualization.blind.odfbyhtml.BlindVisualizerOdfByHtml.BlindVisualizerOdfByHtml()" signature="()V" type="org.eclipse.actf.visualization.blind.odfbyhtml.BlindVisualizerOdfByHtml"/>
        <reference linenumber="-1" member="visualize" origin="org.eclipse.actf.visualization.blind.odfbyhtml.BlindVisualizerOdfByHtml.visualize()" signature="()I" type="org.eclipse.actf.visualization.blind.odfbyhtml.BlindVisualizerOdfByHtml"/>
            <reference linenumber="-1" member="&lt;init&gt;" origin="org.eclipse.actf.visualization.blind.odfbyhtml.BlindVisualizerOdfByHtml.BlindVisualizerOdfByHtml()" signature="()V" type="org.eclipse.actf.visualization.blind.odfbyhtml.BlindVisualizerOdfByHtml"/>
        </reference_kind>
    </target>
    <target member="pageData" name="org.eclipse.actf.visualization.blind.BlindVisualizerBase.pageData" type="org.eclipse.actf.visualization.blind.BlindVisualizerBase">
        <reference_kind flags="0" kind="16384" reference_kind_name="PUT_FIELD">
            <reference linenumber="-1" member="visualize" origin="org.eclipse.actf.visualization.blind.odfbyhtml.BlindVisualizerOdfByHtml.visualize()" signature="()I" type="org.eclipse.actf.visualization.blind.odfbyhtml.BlindVisualizerOdfByHtml"/>
        <reference linenumber="-1" member="visualize" origin="org.eclipse.actf.visualization.blind.odfbyhtml.BlindVisualizerOdfByHtml.visualize()" signature="()I" type="org.eclipse.actf.visualization.blind.odfbyhtml.BlindVisualizerOdfByHtml"/>
        </reference_kind>
        <reference_kind flags="0" kind="8192" reference_kind_name="GETS_FIELD">
            <reference linenumber="-1" member="visualize" origin="org.eclipse.actf.visualization.blind.odfbyhtml.BlindVisualizerOdfByHtml.visualize()" signature="()I" type="org.eclipse.actf.visualization.blind.odfbyhtml.BlindVisualizerOdfByHtml"/>
        <reference linenumber="-1" member="visualize" origin="org.eclipse.actf.visualization.blind.odfbyhtml.BlindVisualizerOdfByHtml.visualize()" signature="()I" type="org.eclipse.actf.visualization.blind.odfbyhtml.BlindVisualizerOdfByHtml"/>
        </reference_kind>
    </target>
    <target member="resultDocument" name="org.eclipse.actf.visualization.blind.BlindVisualizerBase.resultDocument" type="org.eclipse.actf.visualization.blind.BlindVisualizerBase">
        <reference_kind flags="0" kind="8192" reference_kind_name="GETS_FIELD">
            <reference linenumber="-1" member="visualize" origin="org.eclipse.actf.visualization.blind.odfbyhtml.BlindVisualizerOdfByHtml.visualize()" signature="()I" type="org.eclipse.actf.visualization.blind.odfbyhtml.BlindVisualizerOdfByHtml"/>
        <reference linenumber="-1" member="visualize" origin="org.eclipse.actf.visualization.blind.odfbyhtml.BlindVisualizerOdfByHtml.visualize()" signature="()I" type="org.eclipse.actf.visualization.blind.odfbyhtml.BlindVisualizerOdfByHtml"/>
        </reference_kind>
        <reference_kind flags="0" kind="16384" reference_kind_name="PUT_FIELD">
            <reference linenumber="-1" member="visualize" origin="org.eclipse.actf.visualization.blind.odfbyhtml.BlindVisualizerOdfByHtml.visualize()" signature="()I" type="org.eclipse.actf.visualization.blind.odfbyhtml.BlindVisualizerOdfByHtml"/>
        <reference linenumber="-1" member="visualize" origin="org.eclipse.actf.visualization.blind.odfbyhtml.BlindVisualizerOdfByHtml.visualize()" signature="()I" type="org.eclipse.actf.visualization.blind.odfbyhtml.BlindVisualizerOdfByHtml"/>
        </reference_kind>
    </target>
    <target member="variantFile" name="org.eclipse.actf.visualization.blind.BlindVisualizerBase.variantFile" type="org.eclipse.actf.visualization.blind.BlindVisualizerBase">
        <reference_kind flags="0" kind="16384" reference_kind_name="PUT_FIELD">
            <reference linenumber="-1" member="visualize" origin="org.eclipse.actf.visualization.blind.odfbyhtml.BlindVisualizerOdfByHtml.visualize()" signature="()I" type="org.eclipse.actf.visualization.blind.odfbyhtml.BlindVisualizerOdfByHtml"/>
        <reference linenumber="-1" member="visualize" origin="org.eclipse.actf.visualization.blind.odfbyhtml.BlindVisualizerOdfByHtml.visualize()" signature="()I" type="org.eclipse.actf.visualization.blind.odfbyhtml.BlindVisualizerOdfByHtml"/>
        </reference_kind>
        <reference_kind flags="0" kind="8192" reference_kind_name="GETS_FIELD">
            <reference linenumber="-1" member="visualize" origin="org.eclipse.actf.visualization.blind.odfbyhtml.BlindVisualizerOdfByHtml.visualize()" signature="()I" type="org.eclipse.actf.visualization.blind.odfbyhtml.BlindVisualizerOdfByHtml"/>
        <reference linenumber="-1" member="visualize" origin="org.eclipse.actf.visualization.blind.odfbyhtml.BlindVisualizerOdfByHtml.visualize()" signature="()I" type="org.eclipse.actf.visualization.blind.odfbyhtml.BlindVisualizerOdfByHtml"/>
        </reference_kind>
    </target>
    <target member="modelService" name="org.eclipse.actf.visualization.blind.BlindVisualizerBase.modelService" type="org.eclipse.actf.visualization.blind.BlindVisualizerBase">
        <reference_kind flags="0" kind="8192" reference_kind_name="GETS_FIELD">
            <reference linenumber="-1" member="visualize" origin="org.eclipse.actf.visualization.blind.odfbyhtml.BlindVisualizerOdfByHtml.visualize()" signature="()I" type="org.eclipse.actf.visualization.blind.odfbyhtml.BlindVisualizerOdfByHtml"/>
        <reference linenumber="-1" member="visualize" origin="org.eclipse.actf.visualization.blind.odfbyhtml.BlindVisualizerOdfByHtml.visualize()" signature="()I" type="org.eclipse.actf.visualization.blind.odfbyhtml.BlindVisualizerOdfByHtml"/>
        </reference_kind>
    </target>
</references>
