<?xml version="1.0" encoding="UTF-8" standalone="no"?>
<references name="Methods" origin="org.eclipse.actf.visualization.blind.odfbyhtml (0.7.2.R201002031025)" referee="org.eclipse.actf.visualization.blind (0.7.2.R201002031025)" reference_count="16" reference_visibility="1">
    <target member="isTarget" name="org.eclipse.actf.visualization.blind.BlindVisualizerBase.isTarget(IModelService)" signature="(Lorg/eclipse/actf/model/ui/IModelService;)Z" type="org.eclipse.actf.visualization.blind.BlindVisualizerBase">
        <reference_kind flags="0" kind="268435456" reference_kind_name="OVERRIDE">
            <reference linenumber="-1" member="isTarget" origin="org.eclipse.actf.visualization.blind.odfbyhtml.BlindVisualizerOdfByHtml.isTarget(IModelService)" signature="(Lorg/eclipse/actf/model/ui/IModelService;)Z" type="org.eclipse.actf.visualization.blind.odfbyhtml.BlindVisualizerOdfByHtml"/>
        <reference linenumber="-1" member="isTarget" origin="org.eclipse.actf.visualization.blind.odfbyhtml.BlindVisualizerOdfByHtml.isTarget(IModelService)" signature="(Lorg/eclipse/actf/model/ui/IModelService;)Z" type="org.eclipse.actf.visualization.blind.odfbyhtml.BlindVisualizerOdfByHtml"/>
        </reference_kind>
    </target>
    <target member="getMaxReachingTime" name="org.eclipse.actf.visualization.blind.BlindVisualizerBase.getMaxReachingTime()" signature="()Ljava/lang/String;" type="org.eclipse.actf.visualization.blind.BlindVisualizerBase">
        <reference_kind flags="0" kind="256" reference_kind_name="VIRTUAL_METHOD">
            <reference linenumber="-1" member="visualize" origin="org.eclipse.actf.visualization.blind.odfbyhtml.BlindVisualizerOdfByHtml.visualize()" signature="()I" type="org.eclipse.actf.visualization.blind.odfbyhtml.BlindVisualizerOdfByHtml"/>
        <reference linenumber="-1" member="visualize" origin="org.eclipse.actf.visualization.blind.odfbyhtml.BlindVisualizerOdfByHtml.visualize()" signature="()I" type="org.eclipse.actf.visualization.blind.odfbyhtml.BlindVisualizerOdfByHtml"/>
        </reference_kind>
    </target>
    <target member="&lt;init&gt;" name="org.eclipse.actf.visualization.blind.BlindVisualizerBase.BlindVisualizerBase()" signature="()V" type="org.eclipse.actf.visualization.blind.BlindVisualizerBase">
        <reference_kind flags="0" kind="268435456" reference_kind_name="OVERRIDE">
            <reference linenumber="-1" member="&lt;init&gt;" origin="org.eclipse.actf.visualization.blind.odfbyhtml.BlindVisualizerOdfByHtml.BlindVisualizerOdfByHtml()" signature="()V" type="org.eclipse.actf.visualization.blind.odfbyhtml.BlindVisualizerOdfByHtml"/>
        <reference linenumber="-1" member="&lt;init&gt;" origin="org.eclipse.actf.visualization.blind.odfbyhtml.BlindVisualizerOdfByHtml.BlindVisualizerOdfByHtml()" signature="()V" type="org.eclipse.actf.visualization.blind.odfbyhtml.BlindVisualizerOdfByHtml"/>
        </reference_kind>
        <reference_kind flags="0" kind="536870912" reference_kind_name="SUPER_CONSTRUCTORMETHOD">
            <reference linenumber="-1" member="&lt;init&gt;" origin="org.eclipse.actf.visualization.blind.odfbyhtml.BlindVisualizerOdfByHtml.BlindVisualizerOdfByHtml()" signature="()V" type="org.eclipse.actf.visualization.blind.odfbyhtml.BlindVisualizerOdfByHtml"/>
        <reference linenumber="-1" member="&lt;init&gt;" origin="org.eclipse.actf.visualization.blind.odfbyhtml.BlindVisualizerOdfByHtml.BlindVisualizerOdfByHtml()" signature="()V" type="org.eclipse.actf.visualization.blind.odfbyhtml.BlindVisualizerOdfByHtml"/>
        </reference_kind>
    </target>
    <target member="setStatusMessage" name="org.eclipse.actf.visualization.blind.BlindVisualizerBase.setStatusMessage(String)" signature="(Ljava/lang/String;)V" type="org.eclipse.actf.visualization.blind.BlindVisualizerBase">
        <reference_kind flags="0" kind="256" reference_kind_name="VIRTUAL_METHOD">
            <reference linenumber="-1" member="visualize" origin="org.eclipse.actf.visualization.blind.odfbyhtml.BlindVisualizerOdfByHtml.visualize()" signature="()I" type="org.eclipse.actf.visualization.blind.odfbyhtml.BlindVisualizerOdfByHtml"/>
        <reference linenumber="-1" member="visualize" origin="org.eclipse.actf.visualization.blind.odfbyhtml.BlindVisualizerOdfByHtml.visualize()" signature="()I" type="org.eclipse.actf.visualization.blind.odfbyhtml.BlindVisualizerOdfByHtml"/>
        </reference_kind>
    </target>
    <target member="setInfoMessage" name="org.eclipse.actf.visualization.blind.BlindVisualizerBase.setInfoMessage(String)" signature="(Ljava/lang/String;)V" type="org.eclipse.actf.visualization.blind.BlindVisualizerBase">
        <reference_kind flags="0" kind="256" reference_kind_name="VIRTUAL_METHOD">
            <reference linenumber="-1" member="visualize" origin="org.eclipse.actf.visualization.blind.odfbyhtml.BlindVisualizerOdfByHtml.visualize()" signature="()I" type="org.eclipse.actf.visualization.blind.odfbyhtml.BlindVisualizerOdfByHtml"/>
        <reference linenumber="-1" member="visualize" origin="org.eclipse.actf.visualization.blind.odfbyhtml.BlindVisualizerOdfByHtml.visualize()" signature="()I" type="org.eclipse.actf.visualization.blind.odfbyhtml.BlindVisualizerOdfByHtml"/>
        </reference_kind>
    </target>
    <target member="setModelService" name="org.eclipse.actf.visualization.blind.BlindVisualizerBase.setModelService(IModelService)" signature="(Lorg/eclipse/actf/model/ui/IModelService;)Z" type="org.eclipse.actf.visualization.blind.BlindVisualizerBase">
        <reference_kind flags="0" kind="268435456" reference_kind_name="OVERRIDE">
            <reference linenumber="-1" member="setModelService" origin="org.eclipse.actf.visualization.blind.odfbyhtml.BlindVisualizerOdfByHtml.setModelService(IModelService)" signature="(Lorg/eclipse/actf/model/ui/IModelService;)Z" type="org.eclipse.actf.visualization.blind.odfbyhtml.BlindVisualizerOdfByHtml"/>
        <reference linenumber="-1" member="setModelService" origin="org.eclipse.actf.visualization.blind.odfbyhtml.BlindVisualizerOdfByHtml.setModelService(IModelService)" signature="(Lorg/eclipse/actf/model/ui/IModelService;)Z" type="org.eclipse.actf.visualization.blind.odfbyhtml.BlindVisualizerOdfByHtml"/>
        </reference_kind>
        <reference_kind flags="0" kind="1048576" reference_kind_name="INVOKED_SPECIAL">
            <reference linenumber="-1" member="setModelService" origin="org.eclipse.actf.visualization.blind.odfbyhtml.BlindVisualizerOdfByHtml.setModelService(IModelService)" signature="(Lorg/eclipse/actf/model/ui/IModelService;)Z" type="org.eclipse.actf.visualization.blind.odfbyhtml.BlindVisualizerOdfByHtml"/>
        <reference linenumber="-1" member="setModelService" origin="org.eclipse.actf.visualization.blind.odfbyhtml.BlindVisualizerOdfByHtml.setModelService(IModelService)" signature="(Lorg/eclipse/actf/model/ui/IModelService;)Z" type="org.eclipse.actf.visualization.blind.odfbyhtml.BlindVisualizerOdfByHtml"/>
        </reference_kind>
    </target>
</references>
