<?xml version="1.0" encoding="UTF-8" standalone="no"?>
<references name="Types" origin="org.eclipse.actf.visualization.blind.odfbyhtml (0.7.2.R201002031025)" referee="org.eclipse.actf.visualization.blind (0.7.2.R201002031025)" reference_count="4" reference_visibility="1">
    <target name="org.eclipse.actf.visualization.blind.BlindVisualizerBase" type="org.eclipse.actf.visualization.blind.BlindVisualizerBase">
        <reference_kind flags="0" kind="1" reference_kind_name="EXTENDS">
            <reference linenumber="-1" origin="org.eclipse.actf.visualization.blind.odfbyhtml.BlindVisualizerOdfByHtml" type="org.eclipse.actf.visualization.blind.odfbyhtml.BlindVisualizerOdfByHtml"/>
        <reference linenumber="-1" origin="org.eclipse.actf.visualization.blind.odfbyhtml.BlindVisualizerOdfByHtml" type="org.eclipse.actf.visualization.blind.odfbyhtml.BlindVisualizerOdfByHtml"/>
        </reference_kind>
    </target>
    <target name="org.eclipse.actf.visualization.blind.IBlindVisualizer" type="org.eclipse.actf.visualization.blind.IBlindVisualizer">
        <reference_kind flags="0" kind="2" reference_kind_name="IMPLEMENTS">
            <reference linenumber="-1" origin="org.eclipse.actf.visualization.blind.odfbyhtml.BlindVisualizerOdfByHtml" type="org.eclipse.actf.visualization.blind.odfbyhtml.BlindVisualizerOdfByHtml"/>
        <reference linenumber="-1" origin="org.eclipse.actf.visualization.blind.odfbyhtml.BlindVisualizerOdfByHtml" type="org.eclipse.actf.visualization.blind.odfbyhtml.BlindVisualizerOdfByHtml"/>
        </reference_kind>
    </target>
</references>
