<?xml version="1.0" encoding="UTF-8" standalone="no"?>
<references name="Methods" origin="org.eclipse.actf.visualization.ui.pdt (0.7.2.R201002031025)" referee="org.eclipse.actf.ui (0.7.2.R201002031025)" reference_count="6" reference_visibility="1">
    <target member="createTempFile" name="org.eclipse.actf.ui.util.AbstractUIPluginACTF.createTempFile(String, String)" signature="(Ljava/lang/String;Ljava/lang/String;)Ljava/io/File;" type="org.eclipse.actf.ui.util.AbstractUIPluginACTF">
        <reference_kind flags="0" kind="256" reference_kind_name="VIRTUAL_METHOD">
            <reference linenumber="-1" member="saveToFile" origin="org.eclipse.actf.visualization.internal.ui.pdt.AbstructVisualizationActionForPdt.saveToFile(String)" signature="(Ljava/lang/String;)Ljava/io/File;" type="org.eclipse.actf.visualization.internal.ui.pdt.AbstructVisualizationActionForPdt"/>
        </reference_kind>
    </target>
    <target member="&lt;init&gt;" name="org.eclipse.actf.ui.util.AbstractUIPluginACTF.AbstractUIPluginACTF()" signature="()V" type="org.eclipse.actf.ui.util.AbstractUIPluginACTF">
        <reference_kind flags="0" kind="536870912" reference_kind_name="SUPER_CONSTRUCTORMETHOD">
            <reference linenumber="-1" member="&lt;init&gt;" origin="org.eclipse.actf.visualization.internal.ui.pdt.PdtVisualizationPlugin.PdtVisualizationPlugin()" signature="()V" type="org.eclipse.actf.visualization.internal.ui.pdt.PdtVisualizationPlugin"/>
        </reference_kind>
        <reference_kind flags="0" kind="268435456" reference_kind_name="OVERRIDE">
            <reference linenumber="-1" member="&lt;init&gt;" origin="org.eclipse.actf.visualization.internal.ui.pdt.PdtVisualizationPlugin.PdtVisualizationPlugin()" signature="()V" type="org.eclipse.actf.visualization.internal.ui.pdt.PdtVisualizationPlugin"/>
        </reference_kind>
    </target>
    <target member="&lt;init&gt;" name="org.eclipse.actf.ui.util.timer.WaitExecSyncEventListener.WaitExecSyncEventListener(WaitExecSyncEventHandler)" signature="(Lorg/eclipse/actf/ui/util/timer/WaitExecSyncEventHandler;)V" type="org.eclipse.actf.ui.util.timer.WaitExecSyncEventListener">
        <reference_kind flags="0" kind="64" reference_kind_name="CONSTRUCTOR_METHOD">
            <reference linenumber="-1" member="waitAndVisualize" origin="org.eclipse.actf.visualization.internal.ui.pdt.AbstructVisualizationActionForPdt.waitAndVisualize()" signature="()V" type="org.eclipse.actf.visualization.internal.ui.pdt.AbstructVisualizationActionForPdt"/>
        </reference_kind>
    </target>
    <target member="showView" name="org.eclipse.actf.ui.util.PlatformUIUtil.showView(String)" signature="(Ljava/lang/String;)Lorg/eclipse/ui/IViewPart;" type="org.eclipse.actf.ui.util.PlatformUIUtil">
        <reference_kind flags="0" kind="128" reference_kind_name="INVOKED_STATIC">
            <reference linenumber="-1" member="run" origin="org.eclipse.actf.visualization.internal.ui.pdt.AbstructVisualizationActionForPdt.1.run()" signature="()V" type="org.eclipse.actf.visualization.internal.ui.pdt.AbstructVisualizationActionForPdt$1"/>
        </reference_kind>
    </target>
    <target member="getActiveEditor" name="org.eclipse.actf.ui.util.PlatformUIUtil.getActiveEditor()" signature="()Lorg/eclipse/ui/IEditorPart;" type="org.eclipse.actf.ui.util.PlatformUIUtil">
        <reference_kind flags="0" kind="128" reference_kind_name="INVOKED_STATIC">
            <reference linenumber="-1" member="run" origin="org.eclipse.actf.visualization.internal.ui.pdt.AbstructVisualizationActionForPdt.run(IAction)" signature="(Lorg/eclipse/jface/action/IAction;)V" type="org.eclipse.actf.visualization.internal.ui.pdt.AbstructVisualizationActionForPdt"/>
        </reference_kind>
    </target>
</references>
