<?xml version="1.0" encoding="UTF-8" standalone="no"?>
<references name="Methods" origin="org.eclipse.actf.model.ui.editors.ie (0.7.2.R201002031025)" referee="org.eclipse.actf.util.win32 (0.7.2.R201002031025)" reference_count="6" reference_visibility="1">
    <target member="MoveMemory" name="org.eclipse.actf.util.win32.MemoryUtil.MoveMemory(int, int[], int)" signature="(I[II)V" type="org.eclipse.actf.util.win32.MemoryUtil">
        <reference_kind flags="0" kind="128" reference_kind_name="INVOKED_STATIC">
            <reference linenumber="-1" member="GetExternal" origin="org.eclipse.actf.model.internal.ui.editors.ie.WebBrowserIEControlSite.GetExternal(int)" signature="(I)I" type="org.eclipse.actf.model.internal.ui.editors.ie.WebBrowserIEControlSite"/>
            <reference linenumber="-1" member="GetHostInfo" origin="org.eclipse.actf.model.internal.ui.editors.ie.WebBrowserIEControlSite.GetHostInfo(int)" signature="(I)I" type="org.eclipse.actf.model.internal.ui.editors.ie.WebBrowserIEControlSite"/>
            <reference linenumber="-1" member="QueryInterface" origin="org.eclipse.actf.model.internal.ui.editors.ie.WebBrowserIEControlSite.QueryInterface(int, int)" signature="(II)I" type="org.eclipse.actf.model.internal.ui.editors.ie.WebBrowserIEControlSite"/>
        </reference_kind>
    </target>
<target member="MoveMemory" name="org.eclipse.actf.util.win32.MemoryUtil.MoveMemory(int[], int, int)" signature="([III)V" type="org.eclipse.actf.util.win32.MemoryUtil">
        <reference_kind flags="0" kind="128" reference_kind_name="INVOKED_STATIC">
            <reference linenumber="-1" member="getIntegerByRef" origin="org.eclipse.actf.model.internal.ui.editors.ie.events.impl.AbstractEventParameters.getIntegerByRef(int)" signature="(I)I" type="org.eclipse.actf.model.internal.ui.editors.ie.events.impl.AbstractEventParameters"/>
        </reference_kind>
    </target>
<target member="&lt;init&gt;" name="org.eclipse.actf.util.win32.RegistryUtil.RegistryUtil()" signature="()V" type="org.eclipse.actf.util.win32.RegistryUtil">
        <reference_kind flags="0" kind="536870912" reference_kind_name="SUPER_CONSTRUCTORMETHOD">
            <reference linenumber="-1" member="&lt;init&gt;" origin="org.eclipse.actf.model.internal.ui.editors.ie.win32.RegistryUtilIE.RegistryUtilIE()" signature="()V" type="org.eclipse.actf.model.internal.ui.editors.ie.win32.RegistryUtilIE"/>
        </reference_kind>
        <reference_kind flags="0" kind="268435456" reference_kind_name="OVERRIDE">
            <reference linenumber="-1" member="&lt;init&gt;" origin="org.eclipse.actf.model.internal.ui.editors.ie.win32.RegistryUtilIE.RegistryUtilIE()" signature="()V" type="org.eclipse.actf.model.internal.ui.editors.ie.win32.RegistryUtilIE"/>
        </reference_kind>
    </target>
</references>
