<?xml version="1.0" encoding="UTF-8" standalone="no"?>
<references name="Methods" origin="org.eclipse.actf.model.ui.editors.ie (0.7.2.R201002031025)" referee="org.eclipse.actf.core (0.7.2.R201002031025)" reference_count="8" reference_visibility="1">
    <target member="nextNode" name="org.eclipse.actf.util.dom.TreeWalkerImpl.nextNode()" signature="()Lorg/w3c/dom/Node;" type="org.eclipse.actf.util.dom.TreeWalkerImpl">
        <reference_kind flags="0" kind="256" reference_kind_name="VIRTUAL_METHOD">
            <reference linenumber="-1" member="getCurrentStyles" origin="org.eclipse.actf.model.internal.ui.editors.ie.WebBrowserStyleInfoImpl.getCurrentStyles()" signature="()Ljava/util/HashMap;" type="org.eclipse.actf.model.internal.ui.editors.ie.WebBrowserStyleInfoImpl"/>
        </reference_kind>
    </target>
    <target member="debugPrintln" name="org.eclipse.actf.util.logging.DebugPrintUtil.debugPrintln(Object)" signature="(Ljava/lang/Object;)V" type="org.eclipse.actf.util.logging.DebugPrintUtil">
        <reference_kind flags="0" kind="128" reference_kind_name="INVOKED_STATIC">
            <reference linenumber="-1" member="progressChange" origin="org.eclipse.actf.model.internal.ui.editors.ie.WebBrowserIEImpl.progressChange(ProgressChangeParameters)" signature="(Lorg/eclipse/actf/model/internal/ui/editors/ie/events/ProgressChangeParameters;)V" type="org.eclipse.actf.model.internal.ui.editors.ie.WebBrowserIEImpl"/>
            <reference linenumber="-1" member="navigateComplete2" origin="org.eclipse.actf.model.internal.ui.editors.ie.WebBrowserIEImpl.navigateComplete2(NavigateComplete2Parameters)" signature="(Lorg/eclipse/actf/model/internal/ui/editors/ie/events/NavigateComplete2Parameters;)V" type="org.eclipse.actf.model.internal.ui.editors.ie.WebBrowserIEImpl"/>
            <reference linenumber="-1" member="beforeNavigate2" origin="org.eclipse.actf.model.internal.ui.editors.ie.WebBrowserIEImpl.beforeNavigate2(BeforeNavigate2Parameters)" signature="(Lorg/eclipse/actf/model/internal/ui/editors/ie/events/BeforeNavigate2Parameters;)V" type="org.eclipse.actf.model.internal.ui.editors.ie.WebBrowserIEImpl"/>
            <reference linenumber="-1" member="navigateError" origin="org.eclipse.actf.model.internal.ui.editors.ie.WebBrowserIEImpl.navigateError(NavigateErrorParameters)" signature="(Lorg/eclipse/actf/model/internal/ui/editors/ie/events/NavigateErrorParameters;)V" type="org.eclipse.actf.model.internal.ui.editors.ie.WebBrowserIEImpl"/>
            <reference linenumber="-1" member="titleChange" origin="org.eclipse.actf.model.internal.ui.editors.ie.WebBrowserIEImpl.titleChange(TitleChangeParameters)" signature="(Lorg/eclipse/actf/model/internal/ui/editors/ie/events/TitleChangeParameters;)V" type="org.eclipse.actf.model.internal.ui.editors.ie.WebBrowserIEImpl"/>
        </reference_kind>
    </target>
    <target member="childPathSequence" name="org.eclipse.actf.util.xpath.XPathCreator.childPathSequence(Node)" signature="(Lorg/w3c/dom/Node;)Ljava/lang/String;" type="org.eclipse.actf.util.xpath.XPathCreator">
        <reference_kind flags="0" kind="128" reference_kind_name="INVOKED_STATIC">
            <reference linenumber="-1" member="&lt;init&gt;" origin="org.eclipse.actf.model.internal.ui.editors.ie.CurrentStylesImpl.CurrentStylesImpl(IElementEx, URL)" signature="(Lorg/eclipse/actf/model/dom/dombycom/IElementEx;Ljava/net/URL;)V" type="org.eclipse.actf.model.internal.ui.editors.ie.CurrentStylesImpl"/>
        </reference_kind>
    </target>
    <target member="&lt;init&gt;" name="org.eclipse.actf.util.dom.TreeWalkerImpl.TreeWalkerImpl(Node, int, NodeFilter, boolean)" signature="(Lorg/w3c/dom/Node;ILorg/w3c/dom/traversal/NodeFilter;Z)V" type="org.eclipse.actf.util.dom.TreeWalkerImpl">
        <reference_kind flags="0" kind="64" reference_kind_name="CONSTRUCTOR_METHOD">
            <reference linenumber="-1" member="getCurrentStyles" origin="org.eclipse.actf.model.internal.ui.editors.ie.WebBrowserStyleInfoImpl.getCurrentStyles()" signature="()Ljava/util/HashMap;" type="org.eclipse.actf.model.internal.ui.editors.ie.WebBrowserStyleInfoImpl"/>
        </reference_kind>
    </target>
</references>
