<?xml version="1.0" encoding="UTF-8" standalone="no"?>
<references name="Types" origin="org.eclipse.mylyn.ide.ant (3.2.3.v20100217-0100-e3x)" referee="org.eclipse.ant.ui (3.4.2.v20091204_r352)" reference_count="42" reference_visibility="2">
    <target name="org.eclipse.ant.internal.ui.editor.outline.AntEditorContentOutlinePage" type="org.eclipse.ant.internal.ui.editor.outline.AntEditorContentOutlinePage">
        <reference_kind flags="0" kind="33554432" reference_kind_name="LOCAL_VAR_DECLARED">
            <reference linenumber="168" member="getContentOutlineViewers" origin="org.eclipse.mylyn.internal.ide.ant.AntUiBridge.getContentOutlineViewers(IEditorPart)" signature="(Lorg/eclipse/ui/IEditorPart;)Ljava/util/List;" type="org.eclipse.mylyn.internal.ide.ant.AntUiBridge"/>
        </reference_kind>
        <reference_kind flags="0" kind="262144" reference_kind_name="CASTS">
            <reference linenumber="168" member="getContentOutlineViewers" origin="org.eclipse.mylyn.internal.ide.ant.AntUiBridge.getContentOutlineViewers(IEditorPart)" signature="(Lorg/eclipse/ui/IEditorPart;)Ljava/util/List;" type="org.eclipse.mylyn.internal.ide.ant.AntUiBridge"/>
        </reference_kind>
    </target>
    <target name="org.eclipse.ant.internal.ui.model.IProblemRequestor" type="org.eclipse.ant.internal.ui.model.IProblemRequestor">
        <reference_kind flags="0" kind="33554432" reference_kind_name="LOCAL_VAR_DECLARED">
            <reference linenumber="317" member="getHandleForOffsetInObject" origin="org.eclipse.mylyn.internal.ide.ant.AntStructureBridge.getHandleForOffsetInObject(Object, int)" signature="(Ljava/lang/Object;I)Ljava/lang/String;" type="org.eclipse.mylyn.internal.ide.ant.AntStructureBridge"/>
            <reference linenumber="162" member="getObjectForHandle" origin="org.eclipse.mylyn.internal.ide.ant.AntStructureBridge.getObjectForHandle(String)" signature="(Ljava/lang/String;)Ljava/lang/Object;" type="org.eclipse.mylyn.internal.ide.ant.AntStructureBridge"/>
        </reference_kind>
    </target>
    <target name="org.eclipse.ant.internal.ui.editor.AntEditor" type="org.eclipse.ant.internal.ui.editor.AntEditor">
        <reference_kind flags="0" kind="262144" reference_kind_name="CASTS">
            <reference linenumber="167" member="getContentOutlineViewers" origin="org.eclipse.mylyn.internal.ide.ant.AntUiBridge.getContentOutlineViewers(IEditorPart)" signature="(Lorg/eclipse/ui/IEditorPart;)Ljava/util/List;" type="org.eclipse.mylyn.internal.ide.ant.AntUiBridge"/>
            <reference linenumber="48" member="handleWorkbenchPartSelection" origin="org.eclipse.mylyn.internal.ide.ant.AntEditingMonitor.handleWorkbenchPartSelection(IWorkbenchPart, ISelection, boolean)" signature="(Lorg/eclipse/ui/IWorkbenchPart;Lorg/eclipse/jface/viewers/ISelection;Z)V" type="org.eclipse.mylyn.internal.ide.ant.AntEditingMonitor"/>
            <reference linenumber="154" member="getObjectForHandle" origin="org.eclipse.mylyn.internal.ide.ant.AntStructureBridge.getObjectForHandle(String)" signature="(Ljava/lang/String;)Ljava/lang/Object;" type="org.eclipse.mylyn.internal.ide.ant.AntStructureBridge"/>
        </reference_kind>
        <reference_kind flags="0" kind="524288" reference_kind_name="INSTANCEOF">
            <reference linenumber="156" member="acceptsEditor" origin="org.eclipse.mylyn.internal.ide.ant.AntUiBridge.acceptsEditor(IEditorPart)" signature="(Lorg/eclipse/ui/IEditorPart;)Z" type="org.eclipse.mylyn.internal.ide.ant.AntUiBridge"/>
            <reference linenumber="165" member="getContentOutlineViewers" origin="org.eclipse.mylyn.internal.ide.ant.AntUiBridge.getContentOutlineViewers(IEditorPart)" signature="(Lorg/eclipse/ui/IEditorPart;)Ljava/util/List;" type="org.eclipse.mylyn.internal.ide.ant.AntUiBridge"/>
            <reference linenumber="41" member="handleWorkbenchPartSelection" origin="org.eclipse.mylyn.internal.ide.ant.AntEditingMonitor.handleWorkbenchPartSelection(IWorkbenchPart, ISelection, boolean)" signature="(Lorg/eclipse/ui/IWorkbenchPart;Lorg/eclipse/jface/viewers/ISelection;Z)V" type="org.eclipse.mylyn.internal.ide.ant.AntEditingMonitor"/>
            <reference linenumber="153" member="getObjectForHandle" origin="org.eclipse.mylyn.internal.ide.ant.AntStructureBridge.getObjectForHandle(String)" signature="(Ljava/lang/String;)Ljava/lang/Object;" type="org.eclipse.mylyn.internal.ide.ant.AntStructureBridge"/>
        </reference_kind>
        <reference_kind flags="0" kind="33554432" reference_kind_name="LOCAL_VAR_DECLARED">
            <reference linenumber="48" member="handleWorkbenchPartSelection" origin="org.eclipse.mylyn.internal.ide.ant.AntEditingMonitor.handleWorkbenchPartSelection(IWorkbenchPart, ISelection, boolean)" signature="(Lorg/eclipse/ui/IWorkbenchPart;Lorg/eclipse/jface/viewers/ISelection;Z)V" type="org.eclipse.mylyn.internal.ide.ant.AntEditingMonitor"/>
            <reference linenumber="167" member="getContentOutlineViewers" origin="org.eclipse.mylyn.internal.ide.ant.AntUiBridge.getContentOutlineViewers(IEditorPart)" signature="(Lorg/eclipse/ui/IEditorPart;)Ljava/util/List;" type="org.eclipse.mylyn.internal.ide.ant.AntUiBridge"/>
        </reference_kind>
    </target>
    <target name="org.eclipse.ant.internal.ui.model.LocationProvider" type="org.eclipse.ant.internal.ui.model.LocationProvider">
        <reference_kind flags="0" kind="134217728" reference_kind_name="INSTANTIATION">
            <reference linenumber="163" member="getObjectForHandle" origin="org.eclipse.mylyn.internal.ide.ant.AntStructureBridge.getObjectForHandle(String)" signature="(Ljava/lang/String;)Ljava/lang/Object;" type="org.eclipse.mylyn.internal.ide.ant.AntStructureBridge"/>
            <reference linenumber="318" member="getHandleForOffsetInObject" origin="org.eclipse.mylyn.internal.ide.ant.AntStructureBridge.getHandleForOffsetInObject(Object, int)" signature="(Ljava/lang/Object;I)Ljava/lang/String;" type="org.eclipse.mylyn.internal.ide.ant.AntStructureBridge"/>
        </reference_kind>
    </target>
    <target name="org.eclipse.ant.internal.ui.editor.text.AntAnnotationModel" type="org.eclipse.ant.internal.ui.editor.text.AntAnnotationModel">
        <reference_kind flags="0" kind="134217728" reference_kind_name="INSTANTIATION">
            <reference linenumber="162" member="getObjectForHandle" origin="org.eclipse.mylyn.internal.ide.ant.AntStructureBridge.getObjectForHandle(String)" signature="(Ljava/lang/String;)Ljava/lang/Object;" type="org.eclipse.mylyn.internal.ide.ant.AntStructureBridge"/>
            <reference linenumber="317" member="getHandleForOffsetInObject" origin="org.eclipse.mylyn.internal.ide.ant.AntStructureBridge.getHandleForOffsetInObject(Object, int)" signature="(Ljava/lang/Object;I)Ljava/lang/String;" type="org.eclipse.mylyn.internal.ide.ant.AntStructureBridge"/>
        </reference_kind>
    </target>
    <target name="org.eclipse.ant.internal.ui.model.AntElementNode" type="org.eclipse.ant.internal.ui.model.AntElementNode">
        <reference_kind flags="0" kind="33554432" reference_kind_name="LOCAL_VAR_DECLARED">
            <reference linenumber="321" member="getHandleForOffsetInObject" origin="org.eclipse.mylyn.internal.ide.ant.AntStructureBridge.getHandleForOffsetInObject(Object, int)" signature="(Ljava/lang/Object;I)Ljava/lang/String;" type="org.eclipse.mylyn.internal.ide.ant.AntStructureBridge"/>
            <reference linenumber="185" member="getHandleIdentifier" origin="org.eclipse.mylyn.internal.ide.ant.AntStructureBridge.getHandleIdentifier(Object)" signature="(Ljava/lang/Object;)Ljava/lang/String;" type="org.eclipse.mylyn.internal.ide.ant.AntStructureBridge"/>
            <reference linenumber="60" member="handleWorkbenchPartSelection" origin="org.eclipse.mylyn.internal.ide.ant.AntEditingMonitor.handleWorkbenchPartSelection(IWorkbenchPart, ISelection, boolean)" signature="(Lorg/eclipse/ui/IWorkbenchPart;Lorg/eclipse/jface/viewers/ISelection;Z)V" type="org.eclipse.mylyn.internal.ide.ant.AntEditingMonitor"/>
            <reference linenumber="208" member="getLabel" origin="org.eclipse.mylyn.internal.ide.ant.AntStructureBridge.getLabel(Object)" signature="(Ljava/lang/Object;)Ljava/lang/String;" type="org.eclipse.mylyn.internal.ide.ant.AntStructureBridge"/>
            <reference linenumber="118" member="getNode" origin="org.eclipse.mylyn.internal.ide.ant.AntEditingMonitor.getNode(AntElementNode, String)" signature="(Lorg/eclipse/ant/internal/ui/model/AntElementNode;Ljava/lang/String;)Lorg/eclipse/ant/internal/ui/model/AntElementNode;" type="org.eclipse.mylyn.internal.ide.ant.AntEditingMonitor"/>
            <reference linenumber="124" member="getNode" origin="org.eclipse.mylyn.internal.ide.ant.AntEditingMonitor.getNode(AntElementNode, String)" signature="(Lorg/eclipse/ant/internal/ui/model/AntElementNode;Ljava/lang/String;)Lorg/eclipse/ant/internal/ui/model/AntElementNode;" type="org.eclipse.mylyn.internal.ide.ant.AntEditingMonitor"/>
            <reference linenumber="87" member="getParentHandle" origin="org.eclipse.mylyn.internal.ide.ant.AntStructureBridge.getParentHandle(String)" signature="(Ljava/lang/String;)Ljava/lang/String;" type="org.eclipse.mylyn.internal.ide.ant.AntStructureBridge"/>
        </reference_kind>
        <reference_kind flags="0" kind="524288" reference_kind_name="INSTANCEOF">
            <reference linenumber="117" member="getNode" origin="org.eclipse.mylyn.internal.ide.ant.AntEditingMonitor.getNode(AntElementNode, String)" signature="(Lorg/eclipse/ant/internal/ui/model/AntElementNode;Ljava/lang/String;)Lorg/eclipse/ant/internal/ui/model/AntElementNode;" type="org.eclipse.mylyn.internal.ide.ant.AntEditingMonitor"/>
            <reference linenumber="84" member="getParentHandle" origin="org.eclipse.mylyn.internal.ide.ant.AntStructureBridge.getParentHandle(String)" signature="(Ljava/lang/String;)Ljava/lang/String;" type="org.eclipse.mylyn.internal.ide.ant.AntStructureBridge"/>
            <reference linenumber="207" member="getLabel" origin="org.eclipse.mylyn.internal.ide.ant.AntStructureBridge.getLabel(Object)" signature="(Ljava/lang/Object;)Ljava/lang/String;" type="org.eclipse.mylyn.internal.ide.ant.AntStructureBridge"/>
            <reference linenumber="184" member="getHandleIdentifier" origin="org.eclipse.mylyn.internal.ide.ant.AntStructureBridge.getHandleIdentifier(Object)" signature="(Ljava/lang/Object;)Ljava/lang/String;" type="org.eclipse.mylyn.internal.ide.ant.AntStructureBridge"/>
            <reference linenumber="239" member="acceptsObject" origin="org.eclipse.mylyn.internal.ide.ant.AntStructureBridge.acceptsObject(Object)" signature="(Ljava/lang/Object;)Z" type="org.eclipse.mylyn.internal.ide.ant.AntStructureBridge"/>
        </reference_kind>
        <reference_kind flags="0" kind="8" reference_kind_name="RETURN_TYPE">
            <reference linenumber="-1" member="getNode" origin="org.eclipse.mylyn.internal.ide.ant.AntEditingMonitor.getNode(AntElementNode, String)" signature="(Lorg/eclipse/ant/internal/ui/model/AntElementNode;Ljava/lang/String;)Lorg/eclipse/ant/internal/ui/model/AntElementNode;" type="org.eclipse.mylyn.internal.ide.ant.AntEditingMonitor"/>
            <reference linenumber="-1" member="getNode" origin="org.eclipse.mylyn.internal.ide.ant.AntEditingMonitor.getNode(AntModel, String)" signature="(Lorg/eclipse/ant/internal/ui/model/AntModel;Ljava/lang/String;)Lorg/eclipse/ant/internal/ui/model/AntElementNode;" type="org.eclipse.mylyn.internal.ide.ant.AntEditingMonitor"/>
        </reference_kind>
        <reference_kind flags="0" kind="262144" reference_kind_name="CASTS">
            <reference linenumber="118" member="getNode" origin="org.eclipse.mylyn.internal.ide.ant.AntEditingMonitor.getNode(AntElementNode, String)" signature="(Lorg/eclipse/ant/internal/ui/model/AntElementNode;Ljava/lang/String;)Lorg/eclipse/ant/internal/ui/model/AntElementNode;" type="org.eclipse.mylyn.internal.ide.ant.AntEditingMonitor"/>
            <reference linenumber="87" member="getParentHandle" origin="org.eclipse.mylyn.internal.ide.ant.AntStructureBridge.getParentHandle(String)" signature="(Ljava/lang/String;)Ljava/lang/String;" type="org.eclipse.mylyn.internal.ide.ant.AntStructureBridge"/>
            <reference linenumber="208" member="getLabel" origin="org.eclipse.mylyn.internal.ide.ant.AntStructureBridge.getLabel(Object)" signature="(Ljava/lang/Object;)Ljava/lang/String;" type="org.eclipse.mylyn.internal.ide.ant.AntStructureBridge"/>
            <reference linenumber="185" member="getHandleIdentifier" origin="org.eclipse.mylyn.internal.ide.ant.AntStructureBridge.getHandleIdentifier(Object)" signature="(Ljava/lang/Object;)Ljava/lang/String;" type="org.eclipse.mylyn.internal.ide.ant.AntStructureBridge"/>
        </reference_kind>
        <reference_kind flags="0" kind="16" reference_kind_name="PARAMETER">
            <reference linenumber="-1" member="getNode" origin="org.eclipse.mylyn.internal.ide.ant.AntEditingMonitor.getNode(AntElementNode, String)" signature="(Lorg/eclipse/ant/internal/ui/model/AntElementNode;Ljava/lang/String;)Lorg/eclipse/ant/internal/ui/model/AntElementNode;" type="org.eclipse.mylyn.internal.ide.ant.AntEditingMonitor"/>
        </reference_kind>
    </target>
    <target name="org.eclipse.ant.internal.ui.model.AntModel" type="org.eclipse.ant.internal.ui.model.AntModel">
        <reference_kind flags="0" kind="33554432" reference_kind_name="LOCAL_VAR_DECLARED">
            <reference linenumber="154" member="getObjectForHandle" origin="org.eclipse.mylyn.internal.ide.ant.AntStructureBridge.getObjectForHandle(String)" signature="(Ljava/lang/String;)Ljava/lang/Object;" type="org.eclipse.mylyn.internal.ide.ant.AntStructureBridge"/>
            <reference linenumber="318" member="getHandleForOffsetInObject" origin="org.eclipse.mylyn.internal.ide.ant.AntStructureBridge.getHandleForOffsetInObject(Object, int)" signature="(Ljava/lang/Object;I)Ljava/lang/String;" type="org.eclipse.mylyn.internal.ide.ant.AntStructureBridge"/>
            <reference linenumber="163" member="getObjectForHandle" origin="org.eclipse.mylyn.internal.ide.ant.AntStructureBridge.getObjectForHandle(String)" signature="(Ljava/lang/String;)Ljava/lang/Object;" type="org.eclipse.mylyn.internal.ide.ant.AntStructureBridge"/>
        </reference_kind>
        <reference_kind flags="0" kind="134217728" reference_kind_name="INSTANTIATION">
            <reference linenumber="163" member="getObjectForHandle" origin="org.eclipse.mylyn.internal.ide.ant.AntStructureBridge.getObjectForHandle(String)" signature="(Ljava/lang/String;)Ljava/lang/Object;" type="org.eclipse.mylyn.internal.ide.ant.AntStructureBridge"/>
            <reference linenumber="318" member="getHandleForOffsetInObject" origin="org.eclipse.mylyn.internal.ide.ant.AntStructureBridge.getHandleForOffsetInObject(Object, int)" signature="(Ljava/lang/Object;I)Ljava/lang/String;" type="org.eclipse.mylyn.internal.ide.ant.AntStructureBridge"/>
        </reference_kind>
        <reference_kind flags="0" kind="16" reference_kind_name="PARAMETER">
            <reference linenumber="-1" member="getNode" origin="org.eclipse.mylyn.internal.ide.ant.AntEditingMonitor.getNode(AntModel, String)" signature="(Lorg/eclipse/ant/internal/ui/model/AntModel;Ljava/lang/String;)Lorg/eclipse/ant/internal/ui/model/AntElementNode;" type="org.eclipse.mylyn.internal.ide.ant.AntEditingMonitor"/>
        </reference_kind>
    </target>
</references>
