<?xml version="1.0" encoding="UTF-8" standalone="no"?>
<references name="Methods" origin="org.eclipse.birt.chart.reportitem (2.5.2.v20100209)" referee="org.eclipse.birt.core (2.5.2.v20100208)" reference_count="19" reference_visibility="1">
    <target member="createRowExpression" name="org.eclipse.birt.core.data.ExpressionUtil.createRowExpression(String)" signature="(Ljava/lang/String;)Ljava/lang/String;" type="org.eclipse.birt.core.data.ExpressionUtil">
        <reference_kind flags="0" kind="128" reference_kind_name="INVOKED_STATIC">
            <reference linenumber="737" member="initYGroupingNSortKey" origin="org.eclipse.birt.chart.reportitem.AbstractChartBaseQueryGenerator.initYGroupingNSortKey(BaseQueryDefinition, SeriesDefinition, SeriesDefinition, Axis[])" signature="(Lorg/eclipse/birt/data/engine/api/querydefn/BaseQueryDefinition;Lorg/eclipse/birt/chart/model/data/SeriesDefinition;Lorg/eclipse/birt/chart/model/data/SeriesDefinition;[Lorg/eclipse/birt/chart/model/component/Axis;)Lorg/eclipse/birt/data/engine/api/querydefn/GroupDefinition;" type="org.eclipse.birt.chart.reportitem.AbstractChartBaseQueryGenerator"/>
            <reference linenumber="546" member="bindSortOnCategorySeries" origin="org.eclipse.birt.chart.reportitem.AbstractChartBaseQueryGenerator.bindSortOnCategorySeries(BaseQueryDefinition, SeriesDefinition, GroupDefinition, Map)" signature="(Lorg/eclipse/birt/data/engine/api/querydefn/BaseQueryDefinition;Lorg/eclipse/birt/chart/model/data/SeriesDefinition;Lorg/eclipse/birt/data/engine/api/querydefn/GroupDefinition;Ljava/util/Map;)V" type="org.eclipse.birt.chart.reportitem.AbstractChartBaseQueryGenerator"/>
        </reference_kind>
    </target>
    <target member="createJSRowExpression" name="org.eclipse.birt.core.data.ExpressionUtil.createJSRowExpression(String)" signature="(Ljava/lang/String;)Ljava/lang/String;" type="org.eclipse.birt.core.data.ExpressionUtil">
        <reference_kind flags="0" kind="128" reference_kind_name="INVOKED_STATIC">
            <reference linenumber="961" member="getExpressionForEvaluator" origin="org.eclipse.birt.chart.reportitem.AbstractChartBaseQueryGenerator.getExpressionForEvaluator(String)" signature="(Ljava/lang/String;)Ljava/lang/String;" type="org.eclipse.birt.chart.reportitem.AbstractChartBaseQueryGenerator"/>
        </reference_kind>
    </target>
    <target member="createJSDataExpression" name="org.eclipse.birt.core.data.ExpressionUtil.createJSDataExpression(String)" signature="(Ljava/lang/String;)Ljava/lang/String;" type="org.eclipse.birt.core.data.ExpressionUtil">
        <reference_kind flags="0" kind="128" reference_kind_name="INVOKED_STATIC">
            <reference linenumber="619" member="createSharedScale" origin="org.eclipse.birt.chart.reportitem.ChartReportItemPresentationBase.createSharedScale(IBaseResultSet)" signature="(Lorg/eclipse/birt/report/engine/extension/IBaseResultSet;)Lorg/eclipse/birt/chart/computation/withaxes/SharedScaleContext;" type="org.eclipse.birt.chart.reportitem.ChartReportItemPresentationBase"/>
            <reference linenumber="618" member="createSharedScale" origin="org.eclipse.birt.chart.reportitem.ChartReportItemPresentationBase.createSharedScale(IBaseResultSet)" signature="(Lorg/eclipse/birt/report/engine/extension/IBaseResultSet;)Lorg/eclipse/birt/chart/computation/withaxes/SharedScaleContext;" type="org.eclipse.birt.chart.reportitem.ChartReportItemPresentationBase"/>
            <reference linenumber="605" member="addSorting" origin="org.eclipse.birt.chart.reportitem.ChartCubeQueryHelper.addSorting(ICubeQueryDefinition, CubeHandle, SeriesDefinition, int)" signature="(Lorg/eclipse/birt/data/engine/olap/api/query/ICubeQueryDefinition;Lorg/eclipse/birt/report/model/api/olap/CubeHandle;Lorg/eclipse/birt/chart/model/data/SeriesDefinition;I)V" type="org.eclipse.birt.chart.reportitem.ChartCubeQueryHelper"/>
        </reference_kind>
    </target>
    <target member="createJSDimensionExpression" name="org.eclipse.birt.core.data.ExpressionUtil.createJSDimensionExpression(String, String)" signature="(Ljava/lang/String;Ljava/lang/String;)Ljava/lang/String;" type="org.eclipse.birt.core.data.ExpressionUtil">
        <reference_kind flags="0" kind="128" reference_kind_name="INVOKED_STATIC">
            <reference linenumber="336" member="createCubeQuery" origin="org.eclipse.birt.chart.reportitem.ChartCubeQueryHelper.createCubeQuery(IDataQueryDefinition, String[])" signature="(Lorg/eclipse/birt/data/engine/api/IDataQueryDefinition;[Ljava/lang/String;)Lorg/eclipse/birt/data/engine/olap/api/query/IBaseCubeQueryDefinition;" type="org.eclipse.birt.chart.reportitem.ChartCubeQueryHelper"/>
            <reference linenumber="547" member="addAggregateOn" origin="org.eclipse.birt.chart.reportitem.ChartCubeQueryHelper.addAggregateOn(IBinding, List, ICubeQueryDefinition, CubeHandle)" signature="(Lorg/eclipse/birt/data/engine/api/IBinding;Ljava/util/List;Lorg/eclipse/birt/data/engine/olap/api/query/ICubeQueryDefinition;Lorg/eclipse/birt/report/model/api/olap/CubeHandle;)V" type="org.eclipse.birt.chart.reportitem.ChartCubeQueryHelper"/>
        <reference linenumber="442" member="createDimensionExpression" origin="org.eclipse.birt.chart.reportitem.api.ChartCubeUtil.createDimensionExpression(LevelHandle)" signature="(Lorg/eclipse/birt/report/model/api/olap/LevelHandle;)Ljava/lang/String;" type="org.eclipse.birt.chart.reportitem.api.ChartCubeUtil"/>
        </reference_kind>
    </target>
<target member="extractColumnExpressions" name="org.eclipse.birt.core.data.ExpressionUtil.extractColumnExpressions(String, String)" signature="(Ljava/lang/String;Ljava/lang/String;)Ljava/util/List;" type="org.eclipse.birt.core.data.ExpressionUtil">
        <reference_kind flags="0" kind="128" reference_kind_name="INVOKED_STATIC">
            <reference linenumber="167" member="findInnerLevelIndex" origin="org.eclipse.birt.chart.reportitem.SharedCubeResultSetEvaluator.findInnerLevelIndex(String, List)" signature="(Ljava/lang/String;Ljava/util/List;)I" type="org.eclipse.birt.chart.reportitem.SharedCubeResultSetEvaluator"/>
        </reference_kind>
    </target>
    <target member="extractColumnExpressions" name="org.eclipse.birt.core.data.ExpressionUtil.extractColumnExpressions(String)" signature="(Ljava/lang/String;)Ljava/util/List;" type="org.eclipse.birt.core.data.ExpressionUtil">
        <reference_kind flags="0" kind="128" reference_kind_name="INVOKED_STATIC">
            <reference linenumber="165" member="addReferenceBindings" origin="org.eclipse.birt.chart.reportitem.ChartSharingQueryHelper.addReferenceBindings(IBaseQueryDefinition, ListingHandle, String)" signature="(Lorg/eclipse/birt/data/engine/api/IBaseQueryDefinition;Lorg/eclipse/birt/report/model/api/ListingHandle;Ljava/lang/String;)V" type="org.eclipse.birt.chart.reportitem.ChartSharingQueryHelper"/>
        </reference_kind>
    </target>
    <target member="getFormatCode" name="org.eclipse.birt.core.format.DateFormatter.getFormatCode()" signature="()Ljava/lang/String;" type="org.eclipse.birt.core.format.DateFormatter">
        <reference_kind flags="0" kind="256" reference_kind_name="VIRTUAL_METHOD">
            <reference linenumber="310" member="getStyle" origin="org.eclipse.birt.chart.reportitem.ChartReportStyleProcessor.getStyle(Chart, StyledComponent)" signature="(Lorg/eclipse/birt/chart/model/Chart;Lorg/eclipse/birt/chart/model/attribute/StyledComponent;)Lorg/eclipse/birt/chart/style/IStyle;" type="org.eclipse.birt.chart.reportitem.ChartReportStyleProcessor"/>
        </reference_kind>
    </target>
    <target member="getFormatCode" name="org.eclipse.birt.core.format.NumberFormatter.getFormatCode()" signature="()Ljava/lang/String;" type="org.eclipse.birt.core.format.NumberFormatter">
        <reference_kind flags="0" kind="256" reference_kind_name="VIRTUAL_METHOD">
            <reference linenumber="318" member="getStyle" origin="org.eclipse.birt.chart.reportitem.ChartReportStyleProcessor.getStyle(Chart, StyledComponent)" signature="(Lorg/eclipse/birt/chart/model/Chart;Lorg/eclipse/birt/chart/model/attribute/StyledComponent;)Lorg/eclipse/birt/chart/style/IStyle;" type="org.eclipse.birt.chart.reportitem.ChartReportStyleProcessor"/>
        </reference_kind>
    </target>
    <target member="getResultSetColumnName" name="org.eclipse.birt.core.data.IColumnBinding.getResultSetColumnName()" signature="()Ljava/lang/String;" type="org.eclipse.birt.core.data.IColumnBinding">
        <reference_kind flags="0" kind="512" reference_kind_name="INTERFACE_METHOD">
            <reference linenumber="169" member="addReferenceBindings" origin="org.eclipse.birt.chart.reportitem.ChartSharingQueryHelper.addReferenceBindings(IBaseQueryDefinition, ListingHandle, String)" signature="(Lorg/eclipse/birt/data/engine/api/IBaseQueryDefinition;Lorg/eclipse/birt/report/model/api/ListingHandle;Ljava/lang/String;)V" type="org.eclipse.birt.chart.reportitem.ChartSharingQueryHelper"/>
            <reference linenumber="177" member="findInnerLevelIndex" origin="org.eclipse.birt.chart.reportitem.SharedCubeResultSetEvaluator.findInnerLevelIndex(String, List)" signature="(Ljava/lang/String;Ljava/util/List;)I" type="org.eclipse.birt.chart.reportitem.SharedCubeResultSetEvaluator"/>
        </reference_kind>
    </target>
    <target member="&lt;init&gt;" name="org.eclipse.birt.core.format.DateFormatter.DateFormatter(String)" signature="(Ljava/lang/String;)V" type="org.eclipse.birt.core.format.DateFormatter">
        <reference_kind flags="0" kind="64" reference_kind_name="CONSTRUCTOR_METHOD">
            <reference linenumber="310" member="getStyle" origin="org.eclipse.birt.chart.reportitem.ChartReportStyleProcessor.getStyle(Chart, StyledComponent)" signature="(Lorg/eclipse/birt/chart/model/Chart;Lorg/eclipse/birt/chart/model/attribute/StyledComponent;)Lorg/eclipse/birt/chart/style/IStyle;" type="org.eclipse.birt.chart.reportitem.ChartReportStyleProcessor"/>
        </reference_kind>
    </target>
    <target member="&lt;init&gt;" name="org.eclipse.birt.core.format.NumberFormatter.NumberFormatter(String)" signature="(Ljava/lang/String;)V" type="org.eclipse.birt.core.format.NumberFormatter">
        <reference_kind flags="0" kind="64" reference_kind_name="CONSTRUCTOR_METHOD">
            <reference linenumber="318" member="getStyle" origin="org.eclipse.birt.chart.reportitem.ChartReportStyleProcessor.getStyle(Chart, StyledComponent)" signature="(Lorg/eclipse/birt/chart/model/Chart;Lorg/eclipse/birt/chart/model/attribute/StyledComponent;)Lorg/eclipse/birt/chart/style/IStyle;" type="org.eclipse.birt.chart.reportitem.ChartReportStyleProcessor"/>
        </reference_kind>
    </target>
<target member="createJSMeasureExpression" name="org.eclipse.birt.core.data.ExpressionUtil.createJSMeasureExpression(String)" signature="(Ljava/lang/String;)Ljava/lang/String;" type="org.eclipse.birt.core.data.ExpressionUtil">
        <reference_kind flags="0" kind="128" reference_kind_name="INVOKED_STATIC">
            <reference linenumber="461" member="createMeasureExpression" origin="org.eclipse.birt.chart.reportitem.api.ChartCubeUtil.createMeasureExpression(MeasureHandle)" signature="(Lorg/eclipse/birt/report/model/api/olap/MeasureHandle;)Ljava/lang/String;" type="org.eclipse.birt.chart.reportitem.api.ChartCubeUtil"/>
            <reference linenumber="706" member="generateComputedColumnName" origin="org.eclipse.birt.chart.reportitem.api.ChartCubeUtil.generateComputedColumnName(AggregationCellHandle)" signature="(Lorg/eclipse/birt/report/item/crosstab/core/de/AggregationCellHandle;)Ljava/lang/String;" type="org.eclipse.birt.chart.reportitem.api.ChartCubeUtil"/>
        </reference_kind>
    </target>
</references>
