<?xml version="1.0" encoding="UTF-8" standalone="no"?>
<references name="Types" origin="org.eclipse.birt.chart.reportitem (2.5.2.v20100209)" referee="org.eclipse.birt.core (2.5.2.v20100208)" reference_count="95" reference_visibility="1">
    <target name="org.eclipse.birt.core.exception.BirtException" type="org.eclipse.birt.core.exception.BirtException">
        <reference_kind flags="0" kind="33554432" reference_kind_name="LOCAL_VAR_DECLARED">
            <reference linenumber="113" member="first" origin="org.eclipse.birt.chart.reportitem.BIRTQueryResultSetEvaluator.first()" signature="()Z" type="org.eclipse.birt.chart.reportitem.BIRTQueryResultSetEvaluator"/>
            <reference linenumber="57" member="evaluate" origin="org.eclipse.birt.chart.reportitem.BIRTQueryResultSetEvaluator.evaluate(String)" signature="(Ljava/lang/String;)Ljava/lang/Object;" type="org.eclipse.birt.chart.reportitem.BIRTQueryResultSetEvaluator"/>
            <reference linenumber="138" member="evaluate" origin="org.eclipse.birt.chart.reportitem.BIRTCubeResultSetEvaluator.evaluate(String)" signature="(Ljava/lang/String;)Ljava/lang/Object;" type="org.eclipse.birt.chart.reportitem.BIRTCubeResultSetEvaluator"/>
            <reference linenumber="253" member="first" origin="org.eclipse.birt.chart.reportitem.BIRTCubeResultSetEvaluator.first()" signature="()Z" type="org.eclipse.birt.chart.reportitem.BIRTCubeResultSetEvaluator"/>
            <reference linenumber="218" member="close" origin="org.eclipse.birt.chart.reportitem.BIRTCubeResultSetEvaluator.close()" signature="()V" type="org.eclipse.birt.chart.reportitem.BIRTCubeResultSetEvaluator"/>
            <reference linenumber="262" member="evaluate" origin="org.eclipse.birt.chart.reportitem.BaseGroupedQueryResultSetEvaluator.evaluate(String)" signature="(Ljava/lang/String;)Ljava/lang/Object;" type="org.eclipse.birt.chart.reportitem.BaseGroupedQueryResultSetEvaluator"/>
            <reference linenumber="101" member="initCubeCursor" origin="org.eclipse.birt.chart.reportitem.BIRTChartXtabResultSetEvaluator.initCubeCursor()" signature="()V" type="org.eclipse.birt.chart.reportitem.BIRTChartXtabResultSetEvaluator"/>
            <reference linenumber="305" member="first" origin="org.eclipse.birt.chart.reportitem.BaseGroupedQueryResultSetEvaluator.first()" signature="()Z" type="org.eclipse.birt.chart.reportitem.BaseGroupedQueryResultSetEvaluator"/>
            <reference linenumber="85" member="next" origin="org.eclipse.birt.chart.reportitem.BIRTQueryResultSetEvaluator.next()" signature="()Z" type="org.eclipse.birt.chart.reportitem.BIRTQueryResultSetEvaluator"/>
            <reference linenumber="416" member="next" origin="org.eclipse.birt.chart.reportitem.BaseGroupedQueryResultSetEvaluator.next()" signature="()Z" type="org.eclipse.birt.chart.reportitem.BaseGroupedQueryResultSetEvaluator"/>
            <reference linenumber="150" member="first" origin="org.eclipse.birt.chart.reportitem.BIRTChartXtabResultSetEvaluator.first()" signature="()Z" type="org.eclipse.birt.chart.reportitem.BIRTChartXtabResultSetEvaluator"/>
            <reference linenumber="683" member="bindData" origin="org.eclipse.birt.chart.reportitem.ChartReportItemPresentationBase.bindData(IDataRowExpressionEvaluator, IActionEvaluator)" signature="(Lorg/eclipse/birt/chart/factory/IDataRowExpressionEvaluator;Lorg/eclipse/birt/chart/factory/IActionEvaluator;)Z" type="org.eclipse.birt.chart.reportitem.ChartReportItemPresentationBase"/>
            <reference linenumber="242" member="close" origin="org.eclipse.birt.chart.reportitem.BaseGroupedQueryResultSetEvaluator.close()" signature="()V" type="org.eclipse.birt.chart.reportitem.BaseGroupedQueryResultSetEvaluator"/>
            <reference linenumber="95" member="evaluate" origin="org.eclipse.birt.chart.reportitem.BIRTGroupedQueryResultSetEvaluator.evaluate(String)" signature="(Ljava/lang/String;)Ljava/lang/Object;" type="org.eclipse.birt.chart.reportitem.BIRTGroupedQueryResultSetEvaluator"/>
            <reference linenumber="127" member="computeBounds" origin="org.eclipse.birt.chart.reportitem.ChartReportItemPresentationPlotImpl.computeBounds()" signature="()Lorg/eclipse/birt/chart/model/attribute/Bounds;" type="org.eclipse.birt.chart.reportitem.ChartReportItemPresentationPlotImpl"/>
            <reference linenumber="108" member="computeBounds" origin="org.eclipse.birt.chart.reportitem.ChartReportItemPresentationAxisImpl.computeBounds()" signature="()Lorg/eclipse/birt/chart/model/attribute/Bounds;" type="org.eclipse.birt.chart.reportitem.ChartReportItemPresentationAxisImpl"/>
        <reference linenumber="444" member="first" origin="org.eclipse.birt.chart.reportitem.SharedCubeResultSetEvaluator.first()" signature="()Z" type="org.eclipse.birt.chart.reportitem.SharedCubeResultSetEvaluator"/>
        <reference linenumber="300" member="getAggregationExpression" origin="org.eclipse.birt.chart.reportitem.api.ChartCubeUtil.getAggregationExpression(ComputedColumnHandle)" signature="(Lorg/eclipse/birt/report/model/api/ComputedColumnHandle;)Ljava/lang/String;" type="org.eclipse.birt.chart.reportitem.api.ChartCubeUtil"/>
        </reference_kind>
        <reference_kind flags="0" kind="131072" reference_kind_name="CATCHES_EXCEPTION">
            <reference linenumber="253" member="first" origin="org.eclipse.birt.chart.reportitem.BIRTCubeResultSetEvaluator.first()" signature="()Z" type="org.eclipse.birt.chart.reportitem.BIRTCubeResultSetEvaluator"/>
            <reference linenumber="113" member="first" origin="org.eclipse.birt.chart.reportitem.BIRTQueryResultSetEvaluator.first()" signature="()Z" type="org.eclipse.birt.chart.reportitem.BIRTQueryResultSetEvaluator"/>
            <reference linenumber="57" member="evaluate" origin="org.eclipse.birt.chart.reportitem.BIRTQueryResultSetEvaluator.evaluate(String)" signature="(Ljava/lang/String;)Ljava/lang/Object;" type="org.eclipse.birt.chart.reportitem.BIRTQueryResultSetEvaluator"/>
            <reference linenumber="262" member="evaluate" origin="org.eclipse.birt.chart.reportitem.BaseGroupedQueryResultSetEvaluator.evaluate(String)" signature="(Ljava/lang/String;)Ljava/lang/Object;" type="org.eclipse.birt.chart.reportitem.BaseGroupedQueryResultSetEvaluator"/>
            <reference linenumber="108" member="computeBounds" origin="org.eclipse.birt.chart.reportitem.ChartReportItemPresentationAxisImpl.computeBounds()" signature="()Lorg/eclipse/birt/chart/model/attribute/Bounds;" type="org.eclipse.birt.chart.reportitem.ChartReportItemPresentationAxisImpl"/>
            <reference linenumber="95" member="evaluate" origin="org.eclipse.birt.chart.reportitem.BIRTGroupedQueryResultSetEvaluator.evaluate(String)" signature="(Ljava/lang/String;)Ljava/lang/Object;" type="org.eclipse.birt.chart.reportitem.BIRTGroupedQueryResultSetEvaluator"/>
            <reference linenumber="127" member="computeBounds" origin="org.eclipse.birt.chart.reportitem.ChartReportItemPresentationPlotImpl.computeBounds()" signature="()Lorg/eclipse/birt/chart/model/attribute/Bounds;" type="org.eclipse.birt.chart.reportitem.ChartReportItemPresentationPlotImpl"/>
            <reference linenumber="150" member="first" origin="org.eclipse.birt.chart.reportitem.BIRTChartXtabResultSetEvaluator.first()" signature="()Z" type="org.eclipse.birt.chart.reportitem.BIRTChartXtabResultSetEvaluator"/>
            <reference linenumber="218" member="close" origin="org.eclipse.birt.chart.reportitem.BIRTCubeResultSetEvaluator.close()" signature="()V" type="org.eclipse.birt.chart.reportitem.BIRTCubeResultSetEvaluator"/>
            <reference linenumber="138" member="evaluate" origin="org.eclipse.birt.chart.reportitem.BIRTCubeResultSetEvaluator.evaluate(String)" signature="(Ljava/lang/String;)Ljava/lang/Object;" type="org.eclipse.birt.chart.reportitem.BIRTCubeResultSetEvaluator"/>
            <reference linenumber="101" member="initCubeCursor" origin="org.eclipse.birt.chart.reportitem.BIRTChartXtabResultSetEvaluator.initCubeCursor()" signature="()V" type="org.eclipse.birt.chart.reportitem.BIRTChartXtabResultSetEvaluator"/>
            <reference linenumber="242" member="close" origin="org.eclipse.birt.chart.reportitem.BaseGroupedQueryResultSetEvaluator.close()" signature="()V" type="org.eclipse.birt.chart.reportitem.BaseGroupedQueryResultSetEvaluator"/>
            <reference linenumber="305" member="first" origin="org.eclipse.birt.chart.reportitem.BaseGroupedQueryResultSetEvaluator.first()" signature="()Z" type="org.eclipse.birt.chart.reportitem.BaseGroupedQueryResultSetEvaluator"/>
            <reference linenumber="85" member="next" origin="org.eclipse.birt.chart.reportitem.BIRTQueryResultSetEvaluator.next()" signature="()Z" type="org.eclipse.birt.chart.reportitem.BIRTQueryResultSetEvaluator"/>
            <reference linenumber="630" member="createSharedScale" origin="org.eclipse.birt.chart.reportitem.ChartReportItemPresentationBase.createSharedScale(IBaseResultSet)" signature="(Lorg/eclipse/birt/report/engine/extension/IBaseResultSet;)Lorg/eclipse/birt/chart/computation/withaxes/SharedScaleContext;" type="org.eclipse.birt.chart.reportitem.ChartReportItemPresentationBase"/>
            <reference linenumber="683" member="bindData" origin="org.eclipse.birt.chart.reportitem.ChartReportItemPresentationBase.bindData(IDataRowExpressionEvaluator, IActionEvaluator)" signature="(Lorg/eclipse/birt/chart/factory/IDataRowExpressionEvaluator;Lorg/eclipse/birt/chart/factory/IActionEvaluator;)Z" type="org.eclipse.birt.chart.reportitem.ChartReportItemPresentationBase"/>
            <reference linenumber="416" member="next" origin="org.eclipse.birt.chart.reportitem.BaseGroupedQueryResultSetEvaluator.next()" signature="()Z" type="org.eclipse.birt.chart.reportitem.BaseGroupedQueryResultSetEvaluator"/>
        <reference linenumber="444" member="first" origin="org.eclipse.birt.chart.reportitem.SharedCubeResultSetEvaluator.first()" signature="()Z" type="org.eclipse.birt.chart.reportitem.SharedCubeResultSetEvaluator"/>
            <reference linenumber="170" member="findInnerLevelIndex" origin="org.eclipse.birt.chart.reportitem.SharedCubeResultSetEvaluator.findInnerLevelIndex(String, List)" signature="(Ljava/lang/String;Ljava/util/List;)I" type="org.eclipse.birt.chart.reportitem.SharedCubeResultSetEvaluator"/>
        <reference linenumber="300" member="getAggregationExpression" origin="org.eclipse.birt.chart.reportitem.api.ChartCubeUtil.getAggregationExpression(ComputedColumnHandle)" signature="(Lorg/eclipse/birt/report/model/api/ComputedColumnHandle;)Ljava/lang/String;" type="org.eclipse.birt.chart.reportitem.api.ChartCubeUtil"/>
        </reference_kind>
        <reference_kind flags="0" kind="32" reference_kind_name="THROWS">
            <reference linenumber="-1" member="createSubCubeQuery" origin="org.eclipse.birt.chart.reportitem.ChartCubeQueryHelper.createSubCubeQuery()" signature="()Lorg/eclipse/birt/data/engine/olap/api/query/ISubCubeQueryDefinition;" type="org.eclipse.birt.chart.reportitem.ChartCubeQueryHelper"/>
            <reference linenumber="-1" member="initCubeCursor" origin="org.eclipse.birt.chart.reportitem.BIRTChartXtabResultSetEvaluator.initCubeCursor()" signature="()V" type="org.eclipse.birt.chart.reportitem.BIRTChartXtabResultSetEvaluator"/>
            <reference linenumber="-1" member="initBindings" origin="org.eclipse.birt.chart.reportitem.ChartCubeQueryHelper.initBindings(ICubeQueryDefinition, CubeHandle)" signature="(Lorg/eclipse/birt/data/engine/olap/api/query/ICubeQueryDefinition;Lorg/eclipse/birt/report/model/api/olap/CubeHandle;)V" type="org.eclipse.birt.chart.reportitem.ChartCubeQueryHelper"/>
            <reference linenumber="-1" member="onRowSets" origin="org.eclipse.birt.chart.reportitem.ChartReportItemPresentationProxy.onRowSets(IRowSet[])" signature="([Lorg/eclipse/birt/report/engine/extension/IRowSet;)Ljava/lang/Object;" type="org.eclipse.birt.chart.reportitem.ChartReportItemPresentationProxy"/>
            <reference linenumber="-1" member="onRowSets" origin="org.eclipse.birt.chart.reportitem.ChartReportItemPresentationProxy.onRowSets(IBaseResultSet[])" signature="([Lorg/eclipse/birt/report/engine/extension/IBaseResultSet;)Ljava/lang/Object;" type="org.eclipse.birt.chart.reportitem.ChartReportItemPresentationProxy"/>
            <reference linenumber="-1" member="addSorting" origin="org.eclipse.birt.chart.reportitem.ChartCubeQueryHelper.addSorting(ICubeQueryDefinition, CubeHandle, SeriesDefinition, int)" signature="(Lorg/eclipse/birt/data/engine/olap/api/query/ICubeQueryDefinition;Lorg/eclipse/birt/report/model/api/olap/CubeHandle;Lorg/eclipse/birt/chart/model/data/SeriesDefinition;I)V" type="org.eclipse.birt.chart.reportitem.ChartCubeQueryHelper"/>
            <reference linenumber="-1" member="serialize" origin="org.eclipse.birt.chart.reportitem.ChartReportItemGenerationImpl.serialize(OutputStream)" signature="(Ljava/io/OutputStream;)V" type="org.eclipse.birt.chart.reportitem.ChartReportItemGenerationImpl"/>
            <reference linenumber="-1" member="findFirst" origin="org.eclipse.birt.chart.reportitem.BaseGroupedQueryResultSetEvaluator.findFirst()" signature="()Z" type="org.eclipse.birt.chart.reportitem.BaseGroupedQueryResultSetEvaluator"/>
            <reference linenumber="-1" member="getColumnCellWidth" origin="org.eclipse.birt.chart.reportitem.ChartReportItemPresentationPlotImpl.getColumnCellWidth(CrosstabReportItemHandle, int)" signature="(Lorg/eclipse/birt/report/item/crosstab/core/de/CrosstabReportItemHandle;I)D" type="org.eclipse.birt.chart.reportitem.ChartReportItemPresentationPlotImpl"/>
            <reference linenumber="-1" member="createCubeQuery" origin="org.eclipse.birt.chart.reportitem.ChartCubeQueryHelper.createCubeQuery(IDataQueryDefinition)" signature="(Lorg/eclipse/birt/data/engine/api/IDataQueryDefinition;)Lorg/eclipse/birt/data/engine/olap/api/query/IBaseCubeQueryDefinition;" type="org.eclipse.birt.chart.reportitem.ChartCubeQueryHelper"/>
            <reference linenumber="-1" member="createCubeQuery" origin="org.eclipse.birt.chart.reportitem.ChartCubeQueryHelper.createCubeQuery(IDataQueryDefinition, String[])" signature="(Lorg/eclipse/birt/data/engine/api/IDataQueryDefinition;[Ljava/lang/String;)Lorg/eclipse/birt/data/engine/olap/api/query/IBaseCubeQueryDefinition;" type="org.eclipse.birt.chart.reportitem.ChartCubeQueryHelper"/>
            <reference linenumber="-1" member="onRowSets" origin="org.eclipse.birt.chart.reportitem.ChartReportItemPresentationBase.onRowSets(IBaseResultSet[])" signature="([Lorg/eclipse/birt/report/engine/extension/IBaseResultSet;)Ljava/lang/Object;" type="org.eclipse.birt.chart.reportitem.ChartReportItemPresentationBase"/>
            <reference linenumber="-1" member="addMinMaxBinding" origin="org.eclipse.birt.chart.reportitem.ChartCubeQueryHelper.addMinMaxBinding(ICubeQueryDefinition)" signature="(Lorg/eclipse/birt/data/engine/olap/api/query/ICubeQueryDefinition;)V" type="org.eclipse.birt.chart.reportitem.ChartCubeQueryHelper"/>
            <reference linenumber="-1" member="bindData" origin="org.eclipse.birt.chart.reportitem.ChartReportItemPresentationBase.bindData(IDataRowExpressionEvaluator, IActionEvaluator)" signature="(Lorg/eclipse/birt/chart/factory/IDataRowExpressionEvaluator;Lorg/eclipse/birt/chart/factory/IActionEvaluator;)Z" type="org.eclipse.birt.chart.reportitem.ChartReportItemPresentationBase"/>
            <reference linenumber="-1" member="bindBinding" origin="org.eclipse.birt.chart.reportitem.ChartCubeQueryHelper.bindBinding(IBinding, ICubeQueryDefinition, CubeHandle)" signature="(Lorg/eclipse/birt/data/engine/api/IBinding;Lorg/eclipse/birt/data/engine/olap/api/query/ICubeQueryDefinition;Lorg/eclipse/birt/report/model/api/olap/CubeHandle;)V" type="org.eclipse.birt.chart.reportitem.ChartCubeQueryHelper"/>
            <reference linenumber="-1" member="createQuery" origin="org.eclipse.birt.chart.reportitem.ChartReportItemQueryImpl.createQuery(ExtendedItemHandle, IDataQueryDefinition)" signature="(Lorg/eclipse/birt/report/model/api/ExtendedItemHandle;Lorg/eclipse/birt/data/engine/api/IDataQueryDefinition;)Lorg/eclipse/birt/data/engine/api/IDataQueryDefinition;" type="org.eclipse.birt.chart.reportitem.ChartReportItemQueryImpl"/>
            <reference linenumber="-1" member="createReportQueries" origin="org.eclipse.birt.chart.reportitem.ChartReportItemQueryImpl.createReportQueries(IDataQueryDefinition)" signature="(Lorg/eclipse/birt/data/engine/api/IDataQueryDefinition;)[Lorg/eclipse/birt/data/engine/api/IDataQueryDefinition;" type="org.eclipse.birt.chart.reportitem.ChartReportItemQueryImpl"/>
            <reference linenumber="-1" member="getCubeElementFactory" origin="org.eclipse.birt.chart.reportitem.ChartCubeQueryHelper.getCubeElementFactory()" signature="()Lorg/eclipse/birt/data/engine/olap/api/query/ICubeElementFactory;" type="org.eclipse.birt.chart.reportitem.ChartCubeQueryHelper"/>
            <reference linenumber="-1" member="getCubeCursor" origin="org.eclipse.birt.chart.reportitem.BIRTCubeResultSetEvaluator.getCubeCursor()" signature="()Lorg/eclipse/birt/data/engine/olap/api/ICubeCursor;" type="org.eclipse.birt.chart.reportitem.BIRTCubeResultSetEvaluator"/>
            <reference linenumber="-1" member="createSharedScale" origin="org.eclipse.birt.chart.reportitem.ChartReportItemPresentationBase.createSharedScale(IBaseResultSet)" signature="(Lorg/eclipse/birt/report/engine/extension/IBaseResultSet;)Lorg/eclipse/birt/chart/computation/withaxes/SharedScaleContext;" type="org.eclipse.birt.chart.reportitem.ChartReportItemPresentationBase"/>
            <reference linenumber="-1" member="&lt;init&gt;" origin="org.eclipse.birt.chart.reportitem.ChartCubeQueryHelper.ChartCubeQueryHelper(ExtendedItemHandle, Chart)" signature="(Lorg/eclipse/birt/report/model/api/ExtendedItemHandle;Lorg/eclipse/birt/chart/model/Chart;)V" type="org.eclipse.birt.chart.reportitem.ChartCubeQueryHelper"/>
            <reference linenumber="-1" member="getRowCellHeight" origin="org.eclipse.birt.chart.reportitem.ChartReportItemPresentationPlotImpl.getRowCellHeight(CrosstabReportItemHandle, int)" signature="(Lorg/eclipse/birt/report/item/crosstab/core/de/CrosstabReportItemHandle;I)D" type="org.eclipse.birt.chart.reportitem.ChartReportItemPresentationPlotImpl"/>
            <reference linenumber="-1" member="bindExpression" origin="org.eclipse.birt.chart.reportitem.ChartCubeQueryHelper.bindExpression(String, ICubeQueryDefinition, CubeHandle)" signature="(Ljava/lang/String;Lorg/eclipse/birt/data/engine/olap/api/query/ICubeQueryDefinition;Lorg/eclipse/birt/report/model/api/olap/CubeHandle;)V" type="org.eclipse.birt.chart.reportitem.ChartCubeQueryHelper"/>
            <reference linenumber="-1" member="addCubeFilter" origin="org.eclipse.birt.chart.reportitem.ChartCubeQueryHelper.addCubeFilter(ICubeQueryDefinition, CubeHandle)" signature="(Lorg/eclipse/birt/data/engine/olap/api/query/ICubeQueryDefinition;Lorg/eclipse/birt/report/model/api/olap/CubeHandle;)V" type="org.eclipse.birt.chart.reportitem.ChartCubeQueryHelper"/>
            <reference linenumber="-1" member="onRowSets" origin="org.eclipse.birt.chart.reportitem.ChartReportItemGenerationProxy.onRowSets(IBaseResultSet[])" signature="([Lorg/eclipse/birt/report/engine/extension/IBaseResultSet;)V" type="org.eclipse.birt.chart.reportitem.ChartReportItemGenerationProxy"/>
            <reference linenumber="-1" member="onRowSets" origin="org.eclipse.birt.chart.reportitem.ChartReportItemGenerationProxy.onRowSets(IRowSet[])" signature="([Lorg/eclipse/birt/report/engine/extension/IRowSet;)V" type="org.eclipse.birt.chart.reportitem.ChartReportItemGenerationProxy"/>
            <reference linenumber="-1" member="onRowSets" origin="org.eclipse.birt.chart.reportitem.ChartReportItemGenerationImpl.onRowSets(IBaseResultSet[])" signature="([Lorg/eclipse/birt/report/engine/extension/IBaseResultSet;)V" type="org.eclipse.birt.chart.reportitem.ChartReportItemGenerationImpl"/>
            <reference linenumber="-1" member="serialize" origin="org.eclipse.birt.chart.reportitem.ChartReportItemGenerationProxy.serialize(OutputStream)" signature="(Ljava/io/OutputStream;)V" type="org.eclipse.birt.chart.reportitem.ChartReportItemGenerationProxy"/>
            <reference linenumber="-1" member="getCubeCursor" origin="org.eclipse.birt.chart.reportitem.BIRTChartXtabResultSetEvaluator.getCubeCursor()" signature="()Lorg/eclipse/birt/data/engine/olap/api/ICubeCursor;" type="org.eclipse.birt.chart.reportitem.BIRTChartXtabResultSetEvaluator"/>
            <reference linenumber="-1" member="getDataToRender" origin="org.eclipse.birt.chart.reportitem.ChartReportItemPresentationBase.getDataToRender(IBaseResultSet[])" signature="([Lorg/eclipse/birt/report/engine/extension/IBaseResultSet;)Lorg/eclipse/birt/report/engine/extension/IBaseResultSet;" type="org.eclipse.birt.chart.reportitem.ChartReportItemPresentationBase"/>
            <reference linenumber="-1" member="initCubeCursor" origin="org.eclipse.birt.chart.reportitem.BIRTCubeResultSetEvaluator.initCubeCursor()" signature="()V" type="org.eclipse.birt.chart.reportitem.BIRTCubeResultSetEvaluator"/>
            <reference linenumber="-1" member="findNext" origin="org.eclipse.birt.chart.reportitem.BaseGroupedQueryResultSetEvaluator.findNext()" signature="()Z" type="org.eclipse.birt.chart.reportitem.BaseGroupedQueryResultSetEvaluator"/>
        <reference linenumber="-1" member="addReferenceBindings" origin="org.eclipse.birt.chart.reportitem.ChartSharingQueryHelper.addReferenceBindings(IBaseQueryDefinition, ListingHandle, String)" signature="(Lorg/eclipse/birt/data/engine/api/IBaseQueryDefinition;Lorg/eclipse/birt/report/model/api/ListingHandle;Ljava/lang/String;)V" type="org.eclipse.birt.chart.reportitem.ChartSharingQueryHelper"/>
            <reference linenumber="-1" member="createQuery" origin="org.eclipse.birt.chart.reportitem.ChartSharingQueryHelper.createQuery(IDataQueryDefinition)" signature="(Lorg/eclipse/birt/data/engine/api/IDataQueryDefinition;)Lorg/eclipse/birt/data/engine/api/IDataQueryDefinition;" type="org.eclipse.birt.chart.reportitem.ChartSharingQueryHelper"/>
            <reference linenumber="-1" member="isEmpty" origin="org.eclipse.birt.chart.reportitem.ChartReportItemUtil.isEmpty(IBaseResultSet)" signature="(Lorg/eclipse/birt/report/engine/extension/IBaseResultSet;)Z" type="org.eclipse.birt.chart.reportitem.ChartReportItemUtil"/>
            <reference linenumber="-1" member="addAggregateBindings" origin="org.eclipse.birt.chart.reportitem.ChartSharingQueryHelper.addAggregateBindings(IBaseQueryDefinition, ComputedColumnHandle, ListingHandle)" signature="(Lorg/eclipse/birt/data/engine/api/IBaseQueryDefinition;Lorg/eclipse/birt/report/model/api/ComputedColumnHandle;Lorg/eclipse/birt/report/model/api/ListingHandle;)V" type="org.eclipse.birt.chart.reportitem.ChartSharingQueryHelper"/>
            <reference linenumber="-1" member="initCubeCursor" origin="org.eclipse.birt.chart.reportitem.SharedCubeResultSetEvaluator.initCubeCursor()" signature="()V" type="org.eclipse.birt.chart.reportitem.SharedCubeResultSetEvaluator"/>
            <reference linenumber="-1" member="getCubeCursor" origin="org.eclipse.birt.chart.reportitem.SharedCubeResultSetEvaluator.getCubeCursor()" signature="()Lorg/eclipse/birt/data/engine/olap/api/ICubeCursor;" type="org.eclipse.birt.chart.reportitem.SharedCubeResultSetEvaluator"/>
        <reference linenumber="-1" member="removeAxisChartInXTab" origin="org.eclipse.birt.chart.reportitem.api.ChartCubeUtil.removeAxisChartInXTab(AggregationCellHandle, boolean, boolean)" signature="(Lorg/eclipse/birt/report/item/crosstab/core/de/AggregationCellHandle;ZZ)Z" type="org.eclipse.birt.chart.reportitem.api.ChartCubeUtil"/>
            <reference linenumber="-1" member="updateAxisChartCells" origin="org.eclipse.birt.chart.reportitem.api.ChartCubeUtil.updateAxisChartCells(AggregationCellHandle, ChartWithAxes)" signature="(Lorg/eclipse/birt/report/item/crosstab/core/de/AggregationCellHandle;Lorg/eclipse/birt/chart/model/ChartWithAxes;)Z" type="org.eclipse.birt.chart.reportitem.api.ChartCubeUtil"/>
            <reference linenumber="-1" member="updateAxisChart" origin="org.eclipse.birt.chart.reportitem.api.ChartCubeUtil.updateAxisChart(AggregationCellHandle, ChartWithAxes, ExtendedItemHandle)" signature="(Lorg/eclipse/birt/report/item/crosstab/core/de/AggregationCellHandle;Lorg/eclipse/birt/chart/model/ChartWithAxes;Lorg/eclipse/birt/report/model/api/ExtendedItemHandle;)V" type="org.eclipse.birt.chart.reportitem.api.ChartCubeUtil"/>
            <reference linenumber="-1" member="getXtabContainerCell" origin="org.eclipse.birt.chart.reportitem.api.ChartCubeUtil.getXtabContainerCell(DesignElementHandle)" signature="(Lorg/eclipse/birt/report/model/api/DesignElementHandle;)Lorg/eclipse/birt/report/item/crosstab/core/de/AggregationCellHandle;" type="org.eclipse.birt.chart.reportitem.api.ChartCubeUtil"/>
            <reference linenumber="-1" member="updateXTabForAxis" origin="org.eclipse.birt.chart.reportitem.api.ChartCubeUtil.updateXTabForAxis(AggregationCellHandle, ExtendedItemHandle, boolean, ChartWithAxes)" signature="(Lorg/eclipse/birt/report/item/crosstab/core/de/AggregationCellHandle;Lorg/eclipse/birt/report/model/api/ExtendedItemHandle;ZLorg/eclipse/birt/chart/model/ChartWithAxes;)V" type="org.eclipse.birt.chart.reportitem.api.ChartCubeUtil"/>
            <reference linenumber="-1" member="updateGrandItemStatus" origin="org.eclipse.birt.chart.reportitem.api.ChartInXTabStatusManager.updateGrandItemStatus(AggregationCellHandle)" signature="(Lorg/eclipse/birt/report/item/crosstab/core/de/AggregationCellHandle;)V" type="org.eclipse.birt.chart.reportitem.api.ChartInXTabStatusManager"/>
            <reference linenumber="-1" member="addAxisChartInXTab" origin="org.eclipse.birt.chart.reportitem.api.ChartCubeUtil.addAxisChartInXTab(AggregationCellHandle, ChartWithAxes, ExtendedItemHandle)" signature="(Lorg/eclipse/birt/report/item/crosstab/core/de/AggregationCellHandle;Lorg/eclipse/birt/chart/model/ChartWithAxes;Lorg/eclipse/birt/report/model/api/ExtendedItemHandle;)Z" type="org.eclipse.birt.chart.reportitem.api.ChartCubeUtil"/>
            <reference linenumber="-1" member="addAxisChartInXTab" origin="org.eclipse.birt.chart.reportitem.api.ChartCubeUtil.addAxisChartInXTab(AggregationCellHandle, ChartWithAxes, ExtendedItemHandle, boolean)" signature="(Lorg/eclipse/birt/report/item/crosstab/core/de/AggregationCellHandle;Lorg/eclipse/birt/chart/model/ChartWithAxes;Lorg/eclipse/birt/report/model/api/ExtendedItemHandle;Z)Z" type="org.eclipse.birt.chart.reportitem.api.ChartCubeUtil"/>
            <reference linenumber="-1" member="hasGrandItem" origin="org.eclipse.birt.chart.reportitem.api.ChartInXTabStatusManager.hasGrandItem(ExtendedItemHandle)" signature="(Lorg/eclipse/birt/report/model/api/ExtendedItemHandle;)Z" type="org.eclipse.birt.chart.reportitem.api.ChartInXTabStatusManager"/>
        </reference_kind>
        <reference_kind flags="0" kind="16" reference_kind_name="PARAMETER">
            <reference linenumber="-1" member="isNoDataException" origin="org.eclipse.birt.chart.reportitem.ChartReportItemPresentationBase.isNoDataException(BirtException)" signature="(Lorg/eclipse/birt/core/exception/BirtException;)Z" type="org.eclipse.birt.chart.reportitem.ChartReportItemPresentationBase"/>
        </reference_kind>
    </target>
<target name="org.eclipse.birt.core.data.IColumnBinding" type="org.eclipse.birt.core.data.IColumnBinding">
        <reference_kind flags="0" kind="16777216" reference_kind_name="DECLARED_PARAMETERIZED_VARIABLE">
            <reference linenumber="167" member="findInnerLevelIndex" origin="org.eclipse.birt.chart.reportitem.SharedCubeResultSetEvaluator.findInnerLevelIndex(String, List)" signature="(Ljava/lang/String;Ljava/util/List;)I" type="org.eclipse.birt.chart.reportitem.SharedCubeResultSetEvaluator"/>
            <reference linenumber="166" member="addReferenceBindings" origin="org.eclipse.birt.chart.reportitem.ChartSharingQueryHelper.addReferenceBindings(IBaseQueryDefinition, ListingHandle, String)" signature="(Lorg/eclipse/birt/data/engine/api/IBaseQueryDefinition;Lorg/eclipse/birt/report/model/api/ListingHandle;Ljava/lang/String;)V" type="org.eclipse.birt.chart.reportitem.ChartSharingQueryHelper"/>
            <reference linenumber="165" member="addReferenceBindings" origin="org.eclipse.birt.chart.reportitem.ChartSharingQueryHelper.addReferenceBindings(IBaseQueryDefinition, ListingHandle, String)" signature="(Lorg/eclipse/birt/data/engine/api/IBaseQueryDefinition;Lorg/eclipse/birt/report/model/api/ListingHandle;Ljava/lang/String;)V" type="org.eclipse.birt.chart.reportitem.ChartSharingQueryHelper"/>
        </reference_kind>
        <reference_kind flags="0" kind="262144" reference_kind_name="CASTS">
            <reference linenumber="175" member="findInnerLevelIndex" origin="org.eclipse.birt.chart.reportitem.SharedCubeResultSetEvaluator.findInnerLevelIndex(String, List)" signature="(Ljava/lang/String;Ljava/util/List;)I" type="org.eclipse.birt.chart.reportitem.SharedCubeResultSetEvaluator"/>
            <reference linenumber="168" member="addReferenceBindings" origin="org.eclipse.birt.chart.reportitem.ChartSharingQueryHelper.addReferenceBindings(IBaseQueryDefinition, ListingHandle, String)" signature="(Lorg/eclipse/birt/data/engine/api/IBaseQueryDefinition;Lorg/eclipse/birt/report/model/api/ListingHandle;Ljava/lang/String;)V" type="org.eclipse.birt.chart.reportitem.ChartSharingQueryHelper"/>
        </reference_kind>
        <reference_kind flags="0" kind="33554432" reference_kind_name="LOCAL_VAR_DECLARED">
            <reference linenumber="175" member="findInnerLevelIndex" origin="org.eclipse.birt.chart.reportitem.SharedCubeResultSetEvaluator.findInnerLevelIndex(String, List)" signature="(Ljava/lang/String;Ljava/util/List;)I" type="org.eclipse.birt.chart.reportitem.SharedCubeResultSetEvaluator"/>
            <reference linenumber="168" member="addReferenceBindings" origin="org.eclipse.birt.chart.reportitem.ChartSharingQueryHelper.addReferenceBindings(IBaseQueryDefinition, ListingHandle, String)" signature="(Lorg/eclipse/birt/data/engine/api/IBaseQueryDefinition;Lorg/eclipse/birt/report/model/api/ListingHandle;Ljava/lang/String;)V" type="org.eclipse.birt.chart.reportitem.ChartSharingQueryHelper"/>
        </reference_kind>
    </target>
    <target name="org.eclipse.birt.core.format.DateFormatter" type="org.eclipse.birt.core.format.DateFormatter">
        <reference_kind flags="0" kind="134217728" reference_kind_name="INSTANTIATION">
            <reference linenumber="310" member="getStyle" origin="org.eclipse.birt.chart.reportitem.ChartReportStyleProcessor.getStyle(Chart, StyledComponent)" signature="(Lorg/eclipse/birt/chart/model/Chart;Lorg/eclipse/birt/chart/model/attribute/StyledComponent;)Lorg/eclipse/birt/chart/style/IStyle;" type="org.eclipse.birt.chart.reportitem.ChartReportStyleProcessor"/>
        </reference_kind>
    </target>
    <target name="org.eclipse.birt.core.format.NumberFormatter" type="org.eclipse.birt.core.format.NumberFormatter">
        <reference_kind flags="0" kind="134217728" reference_kind_name="INSTANTIATION">
            <reference linenumber="318" member="getStyle" origin="org.eclipse.birt.chart.reportitem.ChartReportStyleProcessor.getStyle(Chart, StyledComponent)" signature="(Lorg/eclipse/birt/chart/model/Chart;Lorg/eclipse/birt/chart/model/attribute/StyledComponent;)Lorg/eclipse/birt/chart/style/IStyle;" type="org.eclipse.birt.chart.reportitem.ChartReportStyleProcessor"/>
        </reference_kind>
    </target>
</references>
