<?xml version="1.0" encoding="UTF-8" standalone="no"?>
<references name="Methods" origin="org.eclipse.actf.visualization.engines.blind.html (0.7.2.R201002031025)" referee="org.eclipse.actf.visualization.engines.blind (0.7.2.R201002031025)" reference_count="18" reference_visibility="1">
    <target member="isSeparatedJapaneseChars" name="org.eclipse.actf.visualization.engines.blind.TextChecker.isSeparatedJapaneseChars(String)" signature="(Ljava/lang/String;)Z" type="org.eclipse.actf.visualization.engines.blind.TextChecker">
        <reference_kind flags="0" kind="256" reference_kind_name="VIRTUAL_METHOD">
            <reference linenumber="-1" member="replaceImgAndCheck" origin="org.eclipse.actf.visualization.engines.blind.html.VisualizeEngine.replaceImgAndCheck(Document, VisualizeMapDataImpl, boolean)" signature="(Lorg/w3c/dom/Document;Lorg/eclipse/actf/visualization/internal/engines/blind/html/util/VisualizeMapDataImpl;Z)V" type="org.eclipse.actf.visualization.engines.blind.html.VisualizeEngine"/>
        <reference linenumber="-1" member="checkAndReplaceImg" origin="org.eclipse.actf.visualization.internal.engines.blind.html.util.ImgChecker.checkAndReplaceImg(Element, Document, boolean)" signature="(Lorg/w3c/dom/Element;Lorg/w3c/dom/Document;Z)Z" type="org.eclipse.actf.visualization.internal.engines.blind.html.util.ImgChecker"/>
            <reference linenumber="-1" member="prepareNodeInfo" origin="org.eclipse.actf.visualization.internal.engines.blind.html.util.NodeInfoCreator.prepareNodeInfo(IPacketCollection)" signature="(Lorg/eclipse/actf/visualization/engines/voicebrowser/IPacketCollection;)V" type="org.eclipse.actf.visualization.internal.engines.blind.html.util.NodeInfoCreator"/>
            <reference linenumber="-1" member="checkAlt" origin="org.eclipse.actf.visualization.internal.engines.blind.html.util.ImgChecker.checkAlt(Element)" signature="(Lorg/w3c/dom/Element;)Ljava/lang/String;" type="org.eclipse.actf.visualization.internal.engines.blind.html.util.ImgChecker"/>
        </reference_kind>
    </target>
    <target member="getInstance" name="org.eclipse.actf.visualization.engines.blind.TextChecker.getInstance()" signature="()Lorg/eclipse/actf/visualization/engines/blind/TextChecker;" type="org.eclipse.actf.visualization.engines.blind.TextChecker">
        <reference_kind flags="0" kind="128" reference_kind_name="INVOKED_STATIC">
            <reference linenumber="-1" member="&lt;init&gt;" origin="org.eclipse.actf.visualization.engines.blind.html.VisualizeEngine.VisualizeEngine()" signature="()V" type="org.eclipse.actf.visualization.engines.blind.html.VisualizeEngine"/>
        </reference_kind>
    </target>
    <target member="getInstance" name="org.eclipse.actf.visualization.engines.blind.ParamBlind.getInstance()" signature="()Lorg/eclipse/actf/visualization/engines/blind/ParamBlind;" type="org.eclipse.actf.visualization.engines.blind.ParamBlind">
        <reference_kind flags="0" kind="128" reference_kind_name="INVOKED_STATIC">
            <reference linenumber="-1" member="visualize" origin="org.eclipse.actf.visualization.engines.blind.html.VisualizeEngine.visualize()" signature="()V" type="org.eclipse.actf.visualization.engines.blind.html.VisualizeEngine"/>
        </reference_kind>
    </target>
<target member="getImageDescriptor" name="org.eclipse.actf.visualization.engines.blind.BlindVizResourceUtil.getImageDescriptor(String)" signature="(Ljava/lang/String;)Lorg/eclipse/jface/resource/ImageDescriptor;" type="org.eclipse.actf.visualization.engines.blind.BlindVizResourceUtil">
        <reference_kind flags="0" kind="128" reference_kind_name="INVOKED_STATIC">
            <reference linenumber="-1" member="&lt;init&gt;" origin="org.eclipse.actf.visualization.engines.blind.html.ui.actions.BlindOpenIdCssAction.BlindOpenIdCssAction()" signature="()V" type="org.eclipse.actf.visualization.engines.blind.html.ui.actions.BlindOpenIdCssAction"/>
        <reference linenumber="-1" member="&lt;init&gt;" origin="org.eclipse.actf.visualization.engines.blind.html.ui.elementViewer.impl.ViewerPanelJFace.ViewerPanelJFace(Shell, VisualizeStyleInfo, IHighlightElementListener)" signature="(Lorg/eclipse/swt/widgets/Shell;Lorg/eclipse/actf/visualization/engines/blind/html/ui/elementViewer/impl/VisualizeStyleInfo;Lorg/eclipse/actf/visualization/engines/blind/html/ui/elementViewer/IHighlightElementListener;)V" type="org.eclipse.actf.visualization.engines.blind.html.ui.elementViewer.impl.ViewerPanelJFace"/>
        </reference_kind>
    </target>
<target member="getRatingIcon" name="org.eclipse.actf.visualization.engines.blind.eval.PageEvaluation.getRatingIcon()" signature="()Ljava/lang/String;" type="org.eclipse.actf.visualization.engines.blind.eval.PageEvaluation">
        <reference_kind flags="0" kind="256" reference_kind_name="VIRTUAL_METHOD">
            <reference linenumber="-1" member="appendRatingTableAndTitle" origin="org.eclipse.actf.visualization.engines.blind.html.util.VisualizeReportUtil.appendRatingTableAndTitle(PageEvaluation, String, Document, Node)" signature="(Lorg/eclipse/actf/visualization/engines/blind/eval/PageEvaluation;Ljava/lang/String;Lorg/w3c/dom/Document;Lorg/w3c/dom/Node;)V" type="org.eclipse.actf.visualization.engines.blind.html.util.VisualizeReportUtil"/>
            <reference linenumber="-1" member="createReport" origin="org.eclipse.actf.visualization.engines.blind.html.util.VisualizeReportUtil.createReport(File, PageEvaluation)" signature="(Ljava/io/File;Lorg/eclipse/actf/visualization/engines/blind/eval/PageEvaluation;)V" type="org.eclipse.actf.visualization.engines.blind.html.util.VisualizeReportUtil"/>
        </reference_kind>
    </target>
    <target member="getAllResult" name="org.eclipse.actf.visualization.engines.blind.eval.PageEvaluation.getAllResult()" signature="()[Ljava/lang/String;" type="org.eclipse.actf.visualization.engines.blind.eval.PageEvaluation">
        <reference_kind flags="0" kind="256" reference_kind_name="VIRTUAL_METHOD">
            <reference linenumber="-1" member="appendRatingTableAndTitle" origin="org.eclipse.actf.visualization.engines.blind.html.util.VisualizeReportUtil.appendRatingTableAndTitle(PageEvaluation, String, Document, Node)" signature="(Lorg/eclipse/actf/visualization/engines/blind/eval/PageEvaluation;Ljava/lang/String;Lorg/w3c/dom/Document;Lorg/w3c/dom/Node;)V" type="org.eclipse.actf.visualization.engines.blind.html.util.VisualizeReportUtil"/>
            <reference linenumber="-1" member="createReport" origin="org.eclipse.actf.visualization.engines.blind.html.util.VisualizeReportUtil.createReport(File, PageEvaluation)" signature="(Ljava/io/File;Lorg/eclipse/actf/visualization/engines/blind/eval/PageEvaluation;)V" type="org.eclipse.actf.visualization.engines.blind.html.util.VisualizeReportUtil"/>
        </reference_kind>
    </target>
    <target member="getOverallRating" name="org.eclipse.actf.visualization.engines.blind.eval.PageEvaluation.getOverallRating()" signature="()Ljava/lang/String;" type="org.eclipse.actf.visualization.engines.blind.eval.PageEvaluation">
        <reference_kind flags="0" kind="256" reference_kind_name="VIRTUAL_METHOD">
            <reference linenumber="-1" member="createReport" origin="org.eclipse.actf.visualization.engines.blind.html.util.VisualizeReportUtil.createReport(File, PageEvaluation)" signature="(Ljava/io/File;Lorg/eclipse/actf/visualization/engines/blind/eval/PageEvaluation;)V" type="org.eclipse.actf.visualization.engines.blind.html.util.VisualizeReportUtil"/>
        </reference_kind>
    </target>
<target member="isRedundantText" name="org.eclipse.actf.visualization.engines.blind.TextChecker.isRedundantText(String, String)" signature="(Ljava/lang/String;Ljava/lang/String;)Z" type="org.eclipse.actf.visualization.engines.blind.TextChecker">
        <reference_kind flags="0" kind="256" reference_kind_name="VIRTUAL_METHOD">
            <reference linenumber="-1" member="prepareNodeInfo" origin="org.eclipse.actf.visualization.internal.engines.blind.html.util.NodeInfoCreator.prepareNodeInfo(IPacketCollection)" signature="(Lorg/eclipse/actf/visualization/engines/voicebrowser/IPacketCollection;)V" type="org.eclipse.actf.visualization.internal.engines.blind.html.util.NodeInfoCreator"/>
        </reference_kind>
    </target>
    <target member="createTempFile" name="org.eclipse.actf.visualization.engines.blind.BlindVizResourceUtil.createTempFile(String, String)" signature="(Ljava/lang/String;Ljava/lang/String;)Ljava/io/File;" type="org.eclipse.actf.visualization.engines.blind.BlindVizResourceUtil">
        <reference_kind flags="0" kind="128" reference_kind_name="INVOKED_STATIC">
            <reference linenumber="-1" member="createScriptFile" origin="org.eclipse.actf.visualization.internal.engines.blind.html.util.VisualizeViewUtil.createScriptFile(Document, List, String, boolean)" signature="(Lorg/w3c/dom/Document;Ljava/util/List;Ljava/lang/String;Z)Ljava/io/File;" type="org.eclipse.actf.visualization.internal.engines.blind.html.util.VisualizeViewUtil"/>
        </reference_kind>
    </target>
    <target member="isInappropriateAlt" name="org.eclipse.actf.visualization.engines.blind.TextChecker.isInappropriateAlt(String)" signature="(Ljava/lang/String;)Z" type="org.eclipse.actf.visualization.engines.blind.TextChecker">
        <reference_kind flags="0" kind="256" reference_kind_name="VIRTUAL_METHOD">
            <reference linenumber="-1" member="checkAndReplaceImg" origin="org.eclipse.actf.visualization.internal.engines.blind.html.util.ImgChecker.checkAndReplaceImg(Element, Document, boolean)" signature="(Lorg/w3c/dom/Element;Lorg/w3c/dom/Document;Z)Z" type="org.eclipse.actf.visualization.internal.engines.blind.html.util.ImgChecker"/>
            <reference linenumber="-1" member="checkAlt" origin="org.eclipse.actf.visualization.internal.engines.blind.html.util.ImgChecker.checkAlt(Element)" signature="(Lorg/w3c/dom/Element;)Ljava/lang/String;" type="org.eclipse.actf.visualization.internal.engines.blind.html.util.ImgChecker"/>
        </reference_kind>
    </target>
    <target member="checkInappropriateAlt" name="org.eclipse.actf.visualization.engines.blind.TextChecker.checkInappropriateAlt(String)" signature="(Ljava/lang/String;)I" type="org.eclipse.actf.visualization.engines.blind.TextChecker">
        <reference_kind flags="0" kind="256" reference_kind_name="VIRTUAL_METHOD">
            <reference linenumber="-1" member="checkAlt" origin="org.eclipse.actf.visualization.internal.engines.blind.html.util.ImgChecker.checkAlt(Element)" signature="(Lorg/w3c/dom/Element;)Ljava/lang/String;" type="org.eclipse.actf.visualization.internal.engines.blind.html.util.ImgChecker"/>
        </reference_kind>
    </target>
</references>
