<?xml version="1.0" encoding="UTF-8" standalone="no"?>
<references name="Types" origin="org.eclipse.actf.visualization.engines.blind.html (0.7.2.R201002031025)" referee="org.eclipse.actf.visualization.engines.blind (0.7.2.R201002031025)" reference_count="11" reference_visibility="1">
    <target name="org.eclipse.actf.visualization.engines.blind.TextChecker" type="org.eclipse.actf.visualization.engines.blind.TextChecker">
        <reference_kind flags="0" kind="4" reference_kind_name="DECLARED_FIELD">
            <reference linenumber="-1" member="textChecker" origin="org.eclipse.actf.visualization.engines.blind.html.VisualizeEngine.textChecker" type="org.eclipse.actf.visualization.engines.blind.html.VisualizeEngine"/>
        <reference linenumber="-1" member="textChecker" origin="org.eclipse.actf.visualization.internal.engines.blind.html.util.ImgChecker.textChecker" type="org.eclipse.actf.visualization.internal.engines.blind.html.util.ImgChecker"/>
            <reference linenumber="-1" member="textChecker" origin="org.eclipse.actf.visualization.internal.engines.blind.html.util.NodeInfoCreator.textChecker" type="org.eclipse.actf.visualization.internal.engines.blind.html.util.NodeInfoCreator"/>
        </reference_kind>
    <reference_kind flags="0" kind="16" reference_kind_name="PARAMETER">
            <reference linenumber="-1" member="&lt;init&gt;" origin="org.eclipse.actf.visualization.internal.engines.blind.html.util.ImgChecker.ImgChecker(VisualizeMapDataImpl, Map, TextChecker, Vector, String, boolean[])" signature="(Lorg/eclipse/actf/visualization/internal/engines/blind/html/util/VisualizeMapDataImpl;Ljava/util/Map;Lorg/eclipse/actf/visualization/engines/blind/TextChecker;Ljava/util/Vector;Ljava/lang/String;[Z)V" type="org.eclipse.actf.visualization.internal.engines.blind.html.util.ImgChecker"/>
            <reference linenumber="-1" member="&lt;init&gt;" origin="org.eclipse.actf.visualization.internal.engines.blind.html.util.NodeInfoCreator.NodeInfoCreator(VisualizeMapDataImpl, TextChecker, List, Set, ParamBlind)" signature="(Lorg/eclipse/actf/visualization/internal/engines/blind/html/util/VisualizeMapDataImpl;Lorg/eclipse/actf/visualization/engines/blind/TextChecker;Ljava/util/List;Ljava/util/Set;Lorg/eclipse/actf/visualization/engines/blind/ParamBlind;)V" type="org.eclipse.actf.visualization.internal.engines.blind.html.util.NodeInfoCreator"/>
        </reference_kind>
    </target>
<target name="org.eclipse.actf.visualization.engines.blind.eval.PageEvaluation" type="org.eclipse.actf.visualization.engines.blind.eval.PageEvaluation">
        <reference_kind flags="0" kind="16" reference_kind_name="PARAMETER">
            <reference linenumber="-1" member="appendRatingTableAndTitle" origin="org.eclipse.actf.visualization.engines.blind.html.util.VisualizeReportUtil.appendRatingTableAndTitle(PageEvaluation, String, Document, Node)" signature="(Lorg/eclipse/actf/visualization/engines/blind/eval/PageEvaluation;Ljava/lang/String;Lorg/w3c/dom/Document;Lorg/w3c/dom/Node;)V" type="org.eclipse.actf.visualization.engines.blind.html.util.VisualizeReportUtil"/>
            <reference linenumber="-1" member="createReport" origin="org.eclipse.actf.visualization.engines.blind.html.util.VisualizeReportUtil.createReport(File, PageEvaluation)" signature="(Ljava/io/File;Lorg/eclipse/actf/visualization/engines/blind/eval/PageEvaluation;)V" type="org.eclipse.actf.visualization.engines.blind.html.util.VisualizeReportUtil"/>
        </reference_kind>
    </target>
<target name="org.eclipse.actf.visualization.engines.blind.ParamBlind" type="org.eclipse.actf.visualization.engines.blind.ParamBlind">
        <reference_kind flags="0" kind="4" reference_kind_name="DECLARED_FIELD">
            <reference linenumber="-1" member="param" origin="org.eclipse.actf.visualization.internal.engines.blind.html.util.VisualizeColorUtil.param" type="org.eclipse.actf.visualization.internal.engines.blind.html.util.VisualizeColorUtil"/>
        </reference_kind>
        <reference_kind flags="0" kind="16" reference_kind_name="PARAMETER">
            <reference linenumber="-1" member="&lt;init&gt;" origin="org.eclipse.actf.visualization.internal.engines.blind.html.util.NodeInfoCreator.NodeInfoCreator(VisualizeMapDataImpl, TextChecker, List, Set, ParamBlind)" signature="(Lorg/eclipse/actf/visualization/internal/engines/blind/html/util/VisualizeMapDataImpl;Lorg/eclipse/actf/visualization/engines/blind/TextChecker;Ljava/util/List;Ljava/util/Set;Lorg/eclipse/actf/visualization/engines/blind/ParamBlind;)V" type="org.eclipse.actf.visualization.internal.engines.blind.html.util.NodeInfoCreator"/>
            <reference linenumber="-1" member="&lt;init&gt;" origin="org.eclipse.actf.visualization.internal.engines.blind.html.util.LinkAnalyzer.LinkAnalyzer(Document, IPacketCollection, VisualizeMapDataImpl, List, Set, ParamBlind, PageData)" signature="(Lorg/w3c/dom/Document;Lorg/eclipse/actf/visualization/engines/voicebrowser/IPacketCollection;Lorg/eclipse/actf/visualization/internal/engines/blind/html/util/VisualizeMapDataImpl;Ljava/util/List;Ljava/util/Set;Lorg/eclipse/actf/visualization/engines/blind/ParamBlind;Lorg/eclipse/actf/visualization/eval/html/statistics/PageData;)V" type="org.eclipse.actf.visualization.internal.engines.blind.html.util.LinkAnalyzer"/>
            <reference linenumber="-1" member="&lt;init&gt;" origin="org.eclipse.actf.visualization.internal.engines.blind.html.util.VisualizeColorUtil.VisualizeColorUtil(Document, VisualizeMapDataImpl, ParamBlind)" signature="(Lorg/w3c/dom/Document;Lorg/eclipse/actf/visualization/internal/engines/blind/html/util/VisualizeMapDataImpl;Lorg/eclipse/actf/visualization/engines/blind/ParamBlind;)V" type="org.eclipse.actf.visualization.internal.engines.blind.html.util.VisualizeColorUtil"/>
        </reference_kind>
    </target>
</references>
