<?xml version="1.0" encoding="UTF-8" standalone="no"?>
<references name="Methods" origin="org.eclipse.birt.chart.examples (2.5.2.v20091112)" referee="org.eclipse.birt.data (2.5.2.v20100209)" reference_count="59" reference_visibility="1">
    <target member="setExpression" name="org.eclipse.birt.data.engine.api.querydefn.Binding.setExpression(IBaseExpression)" signature="(Lorg/eclipse/birt/data/engine/api/IBaseExpression;)V" type="org.eclipse.birt.data.engine.api.querydefn.Binding">
        <reference_kind flags="0" kind="256" reference_kind_name="VIRTUAL_METHOD">
            <reference linenumber="311" member="createQueryDefinition" origin="org.eclipse.birt.chart.examples.view.models.WorkingWithBIRTDataEngine.createQueryDefinition(OdaDataSetDesign, String[])" signature="(Lorg/eclipse/birt/data/engine/api/querydefn/OdaDataSetDesign;[Ljava/lang/String;)Lorg/eclipse/birt/data/engine/api/querydefn/QueryDefinition;" type="org.eclipse.birt.chart.examples.view.models.WorkingWithBIRTDataEngine"/>
            <reference linenumber="340" member="initDefaultBindings" origin="org.eclipse.birt.chart.examples.view.models.WorkingWithBIRTDataEngine.initDefaultBindings(QueryDefinition)" signature="(Lorg/eclipse/birt/data/engine/api/querydefn/QueryDefinition;)V" type="org.eclipse.birt.chart.examples.view.models.WorkingWithBIRTDataEngine"/>
            <reference linenumber="344" member="initDefaultBindings" origin="org.eclipse.birt.chart.examples.view.models.WorkingWithBIRTDataEngine.initDefaultBindings(QueryDefinition)" signature="(Lorg/eclipse/birt/data/engine/api/querydefn/QueryDefinition;)V" type="org.eclipse.birt.chart.examples.view.models.WorkingWithBIRTDataEngine"/>
            <reference linenumber="301" member="createQueryDefinition" origin="org.eclipse.birt.chart.examples.view.models.WorkingWithBIRTDataEngine.createQueryDefinition(OdaDataSetDesign, String[])" signature="(Lorg/eclipse/birt/data/engine/api/querydefn/OdaDataSetDesign;[Ljava/lang/String;)Lorg/eclipse/birt/data/engine/api/querydefn/QueryDefinition;" type="org.eclipse.birt.chart.examples.view.models.WorkingWithBIRTDataEngine"/>
        </reference_kind>
    </target>
    <target member="addAggregateOn" name="org.eclipse.birt.data.engine.api.querydefn.Binding.addAggregateOn(String)" signature="(Ljava/lang/String;)V" type="org.eclipse.birt.data.engine.api.querydefn.Binding">
        <reference_kind flags="0" kind="256" reference_kind_name="VIRTUAL_METHOD">
            <reference linenumber="303" member="createQueryDefinition" origin="org.eclipse.birt.chart.examples.view.models.WorkingWithBIRTDataEngine.createQueryDefinition(OdaDataSetDesign, String[])" signature="(Lorg/eclipse/birt/data/engine/api/querydefn/OdaDataSetDesign;[Ljava/lang/String;)Lorg/eclipse/birt/data/engine/api/querydefn/QueryDefinition;" type="org.eclipse.birt.chart.examples.view.models.WorkingWithBIRTDataEngine"/>
        </reference_kind>
    </target>
    <target member="&lt;init&gt;" name="org.eclipse.birt.data.engine.api.querydefn.ScriptExpression.ScriptExpression(String)" signature="(Ljava/lang/String;)V" type="org.eclipse.birt.data.engine.api.querydefn.ScriptExpression">
        <reference_kind flags="0" kind="64" reference_kind_name="CONSTRUCTOR_METHOD">
            <reference linenumber="344" member="initDefaultBindings" origin="org.eclipse.birt.chart.examples.view.models.WorkingWithBIRTDataEngine.initDefaultBindings(QueryDefinition)" signature="(Lorg/eclipse/birt/data/engine/api/querydefn/QueryDefinition;)V" type="org.eclipse.birt.chart.examples.view.models.WorkingWithBIRTDataEngine"/>
            <reference linenumber="311" member="createQueryDefinition" origin="org.eclipse.birt.chart.examples.view.models.WorkingWithBIRTDataEngine.createQueryDefinition(OdaDataSetDesign, String[])" signature="(Lorg/eclipse/birt/data/engine/api/querydefn/OdaDataSetDesign;[Ljava/lang/String;)Lorg/eclipse/birt/data/engine/api/querydefn/QueryDefinition;" type="org.eclipse.birt.chart.examples.view.models.WorkingWithBIRTDataEngine"/>
            <reference linenumber="340" member="initDefaultBindings" origin="org.eclipse.birt.chart.examples.view.models.WorkingWithBIRTDataEngine.initDefaultBindings(QueryDefinition)" signature="(Lorg/eclipse/birt/data/engine/api/querydefn/QueryDefinition;)V" type="org.eclipse.birt.chart.examples.view.models.WorkingWithBIRTDataEngine"/>
            <reference linenumber="304" member="createQueryDefinition" origin="org.eclipse.birt.chart.examples.view.models.WorkingWithBIRTDataEngine.createQueryDefinition(OdaDataSetDesign, String[])" signature="(Lorg/eclipse/birt/data/engine/api/querydefn/OdaDataSetDesign;[Ljava/lang/String;)Lorg/eclipse/birt/data/engine/api/querydefn/QueryDefinition;" type="org.eclipse.birt.chart.examples.view.models.WorkingWithBIRTDataEngine"/>
        </reference_kind>
    </target>
    <target member="setInterval" name="org.eclipse.birt.data.engine.api.querydefn.GroupDefinition.setInterval(int)" signature="(I)V" type="org.eclipse.birt.data.engine.api.querydefn.GroupDefinition">
        <reference_kind flags="0" kind="256" reference_kind_name="VIRTUAL_METHOD">
            <reference linenumber="286" member="createQueryDefinition" origin="org.eclipse.birt.chart.examples.view.models.WorkingWithBIRTDataEngine.createQueryDefinition(OdaDataSetDesign, String[])" signature="(Lorg/eclipse/birt/data/engine/api/querydefn/OdaDataSetDesign;[Ljava/lang/String;)Lorg/eclipse/birt/data/engine/api/querydefn/QueryDefinition;" type="org.eclipse.birt.chart.examples.view.models.WorkingWithBIRTDataEngine"/>
        </reference_kind>
    </target>
    <target member="addGroup" name="org.eclipse.birt.data.engine.api.querydefn.BaseQueryDefinition.addGroup(GroupDefinition)" signature="(Lorg/eclipse/birt/data/engine/api/querydefn/GroupDefinition;)V" type="org.eclipse.birt.data.engine.api.querydefn.BaseQueryDefinition">
        <reference_kind flags="0" kind="256" reference_kind_name="VIRTUAL_METHOD">
            <reference linenumber="317" member="createQueryDefinition" origin="org.eclipse.birt.chart.examples.view.models.WorkingWithBIRTDataEngine.createQueryDefinition(OdaDataSetDesign, String[])" signature="(Lorg/eclipse/birt/data/engine/api/querydefn/OdaDataSetDesign;[Ljava/lang/String;)Lorg/eclipse/birt/data/engine/api/querydefn/QueryDefinition;" type="org.eclipse.birt.chart.examples.view.models.WorkingWithBIRTDataEngine"/>
        </reference_kind>
    </target>
    <target member="setAggrFunction" name="org.eclipse.birt.data.engine.api.querydefn.Binding.setAggrFunction(String)" signature="(Ljava/lang/String;)V" type="org.eclipse.birt.data.engine.api.querydefn.Binding">
        <reference_kind flags="0" kind="256" reference_kind_name="VIRTUAL_METHOD">
            <reference linenumber="302" member="createQueryDefinition" origin="org.eclipse.birt.chart.examples.view.models.WorkingWithBIRTDataEngine.createQueryDefinition(OdaDataSetDesign, String[])" signature="(Lorg/eclipse/birt/data/engine/api/querydefn/OdaDataSetDesign;[Ljava/lang/String;)Lorg/eclipse/birt/data/engine/api/querydefn/QueryDefinition;" type="org.eclipse.birt.chart.examples.view.models.WorkingWithBIRTDataEngine"/>
        </reference_kind>
    </target>
    <target member="setDataSetName" name="org.eclipse.birt.data.engine.api.querydefn.QueryDefinition.setDataSetName(String)" signature="(Ljava/lang/String;)V" type="org.eclipse.birt.data.engine.api.querydefn.QueryDefinition">
        <reference_kind flags="0" kind="256" reference_kind_name="VIRTUAL_METHOD">
            <reference linenumber="276" member="createQueryDefinition" origin="org.eclipse.birt.chart.examples.view.models.WorkingWithBIRTDataEngine.createQueryDefinition(OdaDataSetDesign, String[])" signature="(Lorg/eclipse/birt/data/engine/api/querydefn/OdaDataSetDesign;[Ljava/lang/String;)Lorg/eclipse/birt/data/engine/api/querydefn/QueryDefinition;" type="org.eclipse.birt.chart.examples.view.models.WorkingWithBIRTDataEngine"/>
        </reference_kind>
    </target>
    <target member="setDataSource" name="org.eclipse.birt.data.engine.api.querydefn.BaseDataSetDesign.setDataSource(String)" signature="(Ljava/lang/String;)V" type="org.eclipse.birt.data.engine.api.querydefn.BaseDataSetDesign">
        <reference_kind flags="0" kind="256" reference_kind_name="VIRTUAL_METHOD">
            <reference linenumber="377" member="newDataSet" origin="org.eclipse.birt.chart.examples.view.models.WorkingWithBIRTDataEngine.newDataSet(OdaDataSourceDesign)" signature="(Lorg/eclipse/birt/data/engine/api/querydefn/OdaDataSourceDesign;)Lorg/eclipse/birt/data/engine/api/querydefn/OdaDataSetDesign;" type="org.eclipse.birt.chart.examples.view.models.WorkingWithBIRTDataEngine"/>
        </reference_kind>
    </target>
    <target member="setIntervalRange" name="org.eclipse.birt.data.engine.api.querydefn.GroupDefinition.setIntervalRange(double)" signature="(D)V" type="org.eclipse.birt.data.engine.api.querydefn.GroupDefinition">
        <reference_kind flags="0" kind="256" reference_kind_name="VIRTUAL_METHOD">
            <reference linenumber="287" member="createQueryDefinition" origin="org.eclipse.birt.chart.examples.view.models.WorkingWithBIRTDataEngine.createQueryDefinition(OdaDataSetDesign, String[])" signature="(Lorg/eclipse/birt/data/engine/api/querydefn/OdaDataSetDesign;[Ljava/lang/String;)Lorg/eclipse/birt/data/engine/api/querydefn/QueryDefinition;" type="org.eclipse.birt.chart.examples.view.models.WorkingWithBIRTDataEngine"/>
        </reference_kind>
    </target>
    <target member="getName" name="org.eclipse.birt.data.engine.api.querydefn.BaseDataSourceDesign.getName()" signature="()Ljava/lang/String;" type="org.eclipse.birt.data.engine.api.querydefn.BaseDataSourceDesign">
        <reference_kind flags="0" kind="256" reference_kind_name="VIRTUAL_METHOD">
            <reference linenumber="377" member="newDataSet" origin="org.eclipse.birt.chart.examples.view.models.WorkingWithBIRTDataEngine.newDataSet(OdaDataSourceDesign)" signature="(Lorg/eclipse/birt/data/engine/api/querydefn/OdaDataSourceDesign;)Lorg/eclipse/birt/data/engine/api/querydefn/OdaDataSetDesign;" type="org.eclipse.birt.chart.examples.view.models.WorkingWithBIRTDataEngine"/>
            <reference linenumber="402" member="newDataSource" origin="org.eclipse.birt.chart.examples.view.models.WorkingWithBIRTDataEngine.newDataSource()" signature="()Lorg/eclipse/birt/data/engine/api/querydefn/OdaDataSourceDesign;" type="org.eclipse.birt.chart.examples.view.models.WorkingWithBIRTDataEngine"/>
        </reference_kind>
    </target>
    <target member="setKeyExpression" name="org.eclipse.birt.data.engine.api.querydefn.GroupDefinition.setKeyExpression(String)" signature="(Ljava/lang/String;)V" type="org.eclipse.birt.data.engine.api.querydefn.GroupDefinition">
        <reference_kind flags="0" kind="256" reference_kind_name="VIRTUAL_METHOD">
            <reference linenumber="285" member="createQueryDefinition" origin="org.eclipse.birt.chart.examples.view.models.WorkingWithBIRTDataEngine.createQueryDefinition(OdaDataSetDesign, String[])" signature="(Lorg/eclipse/birt/data/engine/api/querydefn/OdaDataSetDesign;[Ljava/lang/String;)Lorg/eclipse/birt/data/engine/api/querydefn/QueryDefinition;" type="org.eclipse.birt.chart.examples.view.models.WorkingWithBIRTDataEngine"/>
        </reference_kind>
    </target>
    <target member="&lt;init&gt;" name="org.eclipse.birt.data.engine.api.querydefn.OdaDataSetDesign.OdaDataSetDesign(String)" signature="(Ljava/lang/String;)V" type="org.eclipse.birt.data.engine.api.querydefn.OdaDataSetDesign">
        <reference_kind flags="0" kind="64" reference_kind_name="CONSTRUCTOR_METHOD">
            <reference linenumber="375" member="newDataSet" origin="org.eclipse.birt.chart.examples.view.models.WorkingWithBIRTDataEngine.newDataSet(OdaDataSourceDesign)" signature="(Lorg/eclipse/birt/data/engine/api/querydefn/OdaDataSourceDesign;)Lorg/eclipse/birt/data/engine/api/querydefn/OdaDataSetDesign;" type="org.eclipse.birt.chart.examples.view.models.WorkingWithBIRTDataEngine"/>
        </reference_kind>
    </target>
    <target member="getName" name="org.eclipse.birt.data.engine.api.querydefn.BaseDataSetDesign.getName()" signature="()Ljava/lang/String;" type="org.eclipse.birt.data.engine.api.querydefn.BaseDataSetDesign">
        <reference_kind flags="0" kind="256" reference_kind_name="VIRTUAL_METHOD">
            <reference linenumber="276" member="createQueryDefinition" origin="org.eclipse.birt.chart.examples.view.models.WorkingWithBIRTDataEngine.createQueryDefinition(OdaDataSetDesign, String[])" signature="(Lorg/eclipse/birt/data/engine/api/querydefn/OdaDataSetDesign;[Ljava/lang/String;)Lorg/eclipse/birt/data/engine/api/querydefn/QueryDefinition;" type="org.eclipse.birt.chart.examples.view.models.WorkingWithBIRTDataEngine"/>
        </reference_kind>
    </target>
    <target member="&lt;init&gt;" name="org.eclipse.birt.data.engine.api.querydefn.OdaDataSourceDesign.OdaDataSourceDesign(String)" signature="(Ljava/lang/String;)V" type="org.eclipse.birt.data.engine.api.querydefn.OdaDataSourceDesign">
        <reference_kind flags="0" kind="64" reference_kind_name="CONSTRUCTOR_METHOD">
            <reference linenumber="391" member="newDataSource" origin="org.eclipse.birt.chart.examples.view.models.WorkingWithBIRTDataEngine.newDataSource()" signature="()Lorg/eclipse/birt/data/engine/api/querydefn/OdaDataSourceDesign;" type="org.eclipse.birt.chart.examples.view.models.WorkingWithBIRTDataEngine"/>
        </reference_kind>
    </target>
    <target member="setExtensionID" name="org.eclipse.birt.data.engine.api.querydefn.OdaDataSourceDesign.setExtensionID(String)" signature="(Ljava/lang/String;)V" type="org.eclipse.birt.data.engine.api.querydefn.OdaDataSourceDesign">
        <reference_kind flags="0" kind="256" reference_kind_name="VIRTUAL_METHOD">
            <reference linenumber="392" member="newDataSource" origin="org.eclipse.birt.chart.examples.view.models.WorkingWithBIRTDataEngine.newDataSource()" signature="()Lorg/eclipse/birt/data/engine/api/querydefn/OdaDataSourceDesign;" type="org.eclipse.birt.chart.examples.view.models.WorkingWithBIRTDataEngine"/>
        </reference_kind>
    </target>
    <target member="setQueryText" name="org.eclipse.birt.data.engine.api.querydefn.OdaDataSetDesign.setQueryText(String)" signature="(Ljava/lang/String;)V" type="org.eclipse.birt.data.engine.api.querydefn.OdaDataSetDesign">
        <reference_kind flags="0" kind="256" reference_kind_name="VIRTUAL_METHOD">
            <reference linenumber="379" member="newDataSet" origin="org.eclipse.birt.chart.examples.view.models.WorkingWithBIRTDataEngine.newDataSet(OdaDataSourceDesign)" signature="(Lorg/eclipse/birt/data/engine/api/querydefn/OdaDataSourceDesign;)Lorg/eclipse/birt/data/engine/api/querydefn/OdaDataSetDesign;" type="org.eclipse.birt.chart.examples.view.models.WorkingWithBIRTDataEngine"/>
        </reference_kind>
    </target>
    <target member="getExtensionID" name="org.eclipse.birt.data.engine.api.querydefn.OdaDataSourceDesign.getExtensionID()" signature="()Ljava/lang/String;" type="org.eclipse.birt.data.engine.api.querydefn.OdaDataSourceDesign">
        <reference_kind flags="0" kind="256" reference_kind_name="VIRTUAL_METHOD">
            <reference linenumber="400" member="newDataSource" origin="org.eclipse.birt.chart.examples.view.models.WorkingWithBIRTDataEngine.newDataSource()" signature="()Lorg/eclipse/birt/data/engine/api/querydefn/OdaDataSourceDesign;" type="org.eclipse.birt.chart.examples.view.models.WorkingWithBIRTDataEngine"/>
        </reference_kind>
    </target>
    <target member="setExtensionID" name="org.eclipse.birt.data.engine.api.querydefn.OdaDataSetDesign.setExtensionID(String)" signature="(Ljava/lang/String;)V" type="org.eclipse.birt.data.engine.api.querydefn.OdaDataSetDesign">
        <reference_kind flags="0" kind="256" reference_kind_name="VIRTUAL_METHOD">
            <reference linenumber="378" member="newDataSet" origin="org.eclipse.birt.chart.examples.view.models.WorkingWithBIRTDataEngine.newDataSet(OdaDataSourceDesign)" signature="(Lorg/eclipse/birt/data/engine/api/querydefn/OdaDataSourceDesign;)Lorg/eclipse/birt/data/engine/api/querydefn/OdaDataSetDesign;" type="org.eclipse.birt.chart.examples.view.models.WorkingWithBIRTDataEngine"/>
        </reference_kind>
    </target>
    <target member="&lt;init&gt;" name="org.eclipse.birt.data.engine.api.querydefn.Binding.Binding(String)" signature="(Ljava/lang/String;)V" type="org.eclipse.birt.data.engine.api.querydefn.Binding">
        <reference_kind flags="0" kind="64" reference_kind_name="CONSTRUCTOR_METHOD">
            <reference linenumber="300" member="createQueryDefinition" origin="org.eclipse.birt.chart.examples.view.models.WorkingWithBIRTDataEngine.createQueryDefinition(OdaDataSetDesign, String[])" signature="(Lorg/eclipse/birt/data/engine/api/querydefn/OdaDataSetDesign;[Ljava/lang/String;)Lorg/eclipse/birt/data/engine/api/querydefn/QueryDefinition;" type="org.eclipse.birt.chart.examples.view.models.WorkingWithBIRTDataEngine"/>
            <reference linenumber="339" member="initDefaultBindings" origin="org.eclipse.birt.chart.examples.view.models.WorkingWithBIRTDataEngine.initDefaultBindings(QueryDefinition)" signature="(Lorg/eclipse/birt/data/engine/api/querydefn/QueryDefinition;)V" type="org.eclipse.birt.chart.examples.view.models.WorkingWithBIRTDataEngine"/>
            <reference linenumber="310" member="createQueryDefinition" origin="org.eclipse.birt.chart.examples.view.models.WorkingWithBIRTDataEngine.createQueryDefinition(OdaDataSetDesign, String[])" signature="(Lorg/eclipse/birt/data/engine/api/querydefn/OdaDataSetDesign;[Ljava/lang/String;)Lorg/eclipse/birt/data/engine/api/querydefn/QueryDefinition;" type="org.eclipse.birt.chart.examples.view.models.WorkingWithBIRTDataEngine"/>
            <reference linenumber="343" member="initDefaultBindings" origin="org.eclipse.birt.chart.examples.view.models.WorkingWithBIRTDataEngine.initDefaultBindings(QueryDefinition)" signature="(Lorg/eclipse/birt/data/engine/api/querydefn/QueryDefinition;)V" type="org.eclipse.birt.chart.examples.view.models.WorkingWithBIRTDataEngine"/>
        </reference_kind>
    </target>
    <target member="newDataEngine" name="org.eclipse.birt.data.engine.api.DataEngine.newDataEngine(DataEngineContext)" signature="(Lorg/eclipse/birt/data/engine/api/DataEngineContext;)Lorg/eclipse/birt/data/engine/api/DataEngine;" type="org.eclipse.birt.data.engine.api.DataEngine">
        <reference_kind flags="0" kind="128" reference_kind_name="INVOKED_STATIC">
            <reference linenumber="362" member="newDataEngine" origin="org.eclipse.birt.chart.examples.view.models.WorkingWithBIRTDataEngine.newDataEngine()" signature="()Lorg/eclipse/birt/data/engine/api/DataEngine;" type="org.eclipse.birt.chart.examples.view.models.WorkingWithBIRTDataEngine"/>
        </reference_kind>
    </target>
    <target member="getResultIterator" name="org.eclipse.birt.data.engine.api.IQueryResults.getResultIterator()" signature="()Lorg/eclipse/birt/data/engine/api/IResultIterator;" type="org.eclipse.birt.data.engine.api.IQueryResults">
        <reference_kind flags="0" kind="512" reference_kind_name="INTERFACE_METHOD">
            <reference linenumber="250" member="prepareRowExpressionEvaluator" origin="org.eclipse.birt.chart.examples.view.models.WorkingWithBIRTDataEngine.prepareRowExpressionEvaluator(ChartWithAxes, String[])" signature="(Lorg/eclipse/birt/chart/model/ChartWithAxes;[Ljava/lang/String;)Lorg/eclipse/birt/chart/factory/IDataRowExpressionEvaluator;" type="org.eclipse.birt.chart.examples.view.models.WorkingWithBIRTDataEngine"/>
        </reference_kind>
    </target>
    <target member="addArgument" name="org.eclipse.birt.data.engine.api.querydefn.Binding.addArgument(IBaseExpression)" signature="(Lorg/eclipse/birt/data/engine/api/IBaseExpression;)V" type="org.eclipse.birt.data.engine.api.querydefn.Binding">
        <reference_kind flags="0" kind="256" reference_kind_name="VIRTUAL_METHOD">
            <reference linenumber="304" member="createQueryDefinition" origin="org.eclipse.birt.chart.examples.view.models.WorkingWithBIRTDataEngine.createQueryDefinition(OdaDataSetDesign, String[])" signature="(Lorg/eclipse/birt/data/engine/api/querydefn/OdaDataSetDesign;[Ljava/lang/String;)Lorg/eclipse/birt/data/engine/api/querydefn/QueryDefinition;" type="org.eclipse.birt.chart.examples.view.models.WorkingWithBIRTDataEngine"/>
        </reference_kind>
    </target>
    <target member="&lt;init&gt;" name="org.eclipse.birt.data.engine.api.querydefn.GroupDefinition.GroupDefinition(String)" signature="(Ljava/lang/String;)V" type="org.eclipse.birt.data.engine.api.querydefn.GroupDefinition">
        <reference_kind flags="0" kind="64" reference_kind_name="CONSTRUCTOR_METHOD">
            <reference linenumber="284" member="createQueryDefinition" origin="org.eclipse.birt.chart.examples.view.models.WorkingWithBIRTDataEngine.createQueryDefinition(OdaDataSetDesign, String[])" signature="(Lorg/eclipse/birt/data/engine/api/querydefn/OdaDataSetDesign;[Ljava/lang/String;)Lorg/eclipse/birt/data/engine/api/querydefn/QueryDefinition;" type="org.eclipse.birt.chart.examples.view.models.WorkingWithBIRTDataEngine"/>
        </reference_kind>
    </target>
    <target member="addBinding" name="org.eclipse.birt.data.engine.api.querydefn.BaseQueryDefinition.addBinding(IBinding)" signature="(Lorg/eclipse/birt/data/engine/api/IBinding;)V" type="org.eclipse.birt.data.engine.api.querydefn.BaseQueryDefinition">
        <reference_kind flags="0" kind="256" reference_kind_name="VIRTUAL_METHOD">
            <reference linenumber="345" member="initDefaultBindings" origin="org.eclipse.birt.chart.examples.view.models.WorkingWithBIRTDataEngine.initDefaultBindings(QueryDefinition)" signature="(Lorg/eclipse/birt/data/engine/api/querydefn/QueryDefinition;)V" type="org.eclipse.birt.chart.examples.view.models.WorkingWithBIRTDataEngine"/>
            <reference linenumber="314" member="createQueryDefinition" origin="org.eclipse.birt.chart.examples.view.models.WorkingWithBIRTDataEngine.createQueryDefinition(OdaDataSetDesign, String[])" signature="(Lorg/eclipse/birt/data/engine/api/querydefn/OdaDataSetDesign;[Ljava/lang/String;)Lorg/eclipse/birt/data/engine/api/querydefn/QueryDefinition;" type="org.eclipse.birt.chart.examples.view.models.WorkingWithBIRTDataEngine"/>
            <reference linenumber="341" member="initDefaultBindings" origin="org.eclipse.birt.chart.examples.view.models.WorkingWithBIRTDataEngine.initDefaultBindings(QueryDefinition)" signature="(Lorg/eclipse/birt/data/engine/api/querydefn/QueryDefinition;)V" type="org.eclipse.birt.chart.examples.view.models.WorkingWithBIRTDataEngine"/>
        </reference_kind>
    </target>
    <target member="&lt;init&gt;" name="org.eclipse.birt.data.engine.api.querydefn.QueryDefinition.QueryDefinition()" signature="()V" type="org.eclipse.birt.data.engine.api.querydefn.QueryDefinition">
        <reference_kind flags="0" kind="64" reference_kind_name="CONSTRUCTOR_METHOD">
            <reference linenumber="275" member="createQueryDefinition" origin="org.eclipse.birt.chart.examples.view.models.WorkingWithBIRTDataEngine.createQueryDefinition(OdaDataSetDesign, String[])" signature="(Lorg/eclipse/birt/data/engine/api/querydefn/OdaDataSetDesign;[Ljava/lang/String;)Lorg/eclipse/birt/data/engine/api/querydefn/QueryDefinition;" type="org.eclipse.birt.chart.examples.view.models.WorkingWithBIRTDataEngine"/>
        </reference_kind>
    </target>
    <target member="prepare" name="org.eclipse.birt.data.engine.api.DataEngine.prepare(IQueryDefinition)" signature="(Lorg/eclipse/birt/data/engine/api/IQueryDefinition;)Lorg/eclipse/birt/data/engine/api/IPreparedQuery;" type="org.eclipse.birt.data.engine.api.DataEngine">
        <reference_kind flags="0" kind="256" reference_kind_name="VIRTUAL_METHOD">
            <reference linenumber="245" member="prepareRowExpressionEvaluator" origin="org.eclipse.birt.chart.examples.view.models.WorkingWithBIRTDataEngine.prepareRowExpressionEvaluator(ChartWithAxes, String[])" signature="(Lorg/eclipse/birt/chart/model/ChartWithAxes;[Ljava/lang/String;)Lorg/eclipse/birt/chart/factory/IDataRowExpressionEvaluator;" type="org.eclipse.birt.chart.examples.view.models.WorkingWithBIRTDataEngine"/>
        </reference_kind>
    </target>
    <target member="addPrivateProperty" name="org.eclipse.birt.data.engine.api.querydefn.OdaDataSourceDesign.addPrivateProperty(String, String)" signature="(Ljava/lang/String;Ljava/lang/String;)V" type="org.eclipse.birt.data.engine.api.querydefn.OdaDataSourceDesign">
        <reference_kind flags="0" kind="256" reference_kind_name="VIRTUAL_METHOD">
            <reference linenumber="393" member="newDataSource" origin="org.eclipse.birt.chart.examples.view.models.WorkingWithBIRTDataEngine.newDataSource()" signature="()Lorg/eclipse/birt/data/engine/api/querydefn/OdaDataSourceDesign;" type="org.eclipse.birt.chart.examples.view.models.WorkingWithBIRTDataEngine"/>
            <reference linenumber="399" member="newDataSource" origin="org.eclipse.birt.chart.examples.view.models.WorkingWithBIRTDataEngine.newDataSource()" signature="()Lorg/eclipse/birt/data/engine/api/querydefn/OdaDataSourceDesign;" type="org.eclipse.birt.chart.examples.view.models.WorkingWithBIRTDataEngine"/>
            <reference linenumber="394" member="newDataSource" origin="org.eclipse.birt.chart.examples.view.models.WorkingWithBIRTDataEngine.newDataSource()" signature="()Lorg/eclipse/birt/data/engine/api/querydefn/OdaDataSourceDesign;" type="org.eclipse.birt.chart.examples.view.models.WorkingWithBIRTDataEngine"/>
            <reference linenumber="395" member="newDataSource" origin="org.eclipse.birt.chart.examples.view.models.WorkingWithBIRTDataEngine.newDataSource()" signature="()Lorg/eclipse/birt/data/engine/api/querydefn/OdaDataSourceDesign;" type="org.eclipse.birt.chart.examples.view.models.WorkingWithBIRTDataEngine"/>
            <reference linenumber="397" member="newDataSource" origin="org.eclipse.birt.chart.examples.view.models.WorkingWithBIRTDataEngine.newDataSource()" signature="()Lorg/eclipse/birt/data/engine/api/querydefn/OdaDataSourceDesign;" type="org.eclipse.birt.chart.examples.view.models.WorkingWithBIRTDataEngine"/>
        </reference_kind>
    </target>
    <target member="newInstance" name="org.eclipse.birt.data.engine.api.DataEngineContext.newInstance(int, ScriptContext, IDocArchiveReader, IDocArchiveWriter, ClassLoader)" signature="(ILorg/eclipse/birt/core/script/ScriptContext;Lorg/eclipse/birt/core/archive/IDocArchiveReader;Lorg/eclipse/birt/core/archive/IDocArchiveWriter;Ljava/lang/ClassLoader;)Lorg/eclipse/birt/data/engine/api/DataEngineContext;" type="org.eclipse.birt.data.engine.api.DataEngineContext">
        <reference_kind flags="0" kind="128" reference_kind_name="INVOKED_STATIC">
            <reference linenumber="356" member="newDataEngine" origin="org.eclipse.birt.chart.examples.view.models.WorkingWithBIRTDataEngine.newDataEngine()" signature="()Lorg/eclipse/birt/data/engine/api/DataEngine;" type="org.eclipse.birt.chart.examples.view.models.WorkingWithBIRTDataEngine"/>
        </reference_kind>
    </target>
    <target member="execute" name="org.eclipse.birt.data.engine.api.IPreparedQuery.execute(Scriptable)" signature="(Lorg/mozilla/javascript/Scriptable;)Lorg/eclipse/birt/data/engine/api/IQueryResults;" type="org.eclipse.birt.data.engine.api.IPreparedQuery">
        <reference_kind flags="0" kind="512" reference_kind_name="INTERFACE_METHOD">
            <reference linenumber="247" member="prepareRowExpressionEvaluator" origin="org.eclipse.birt.chart.examples.view.models.WorkingWithBIRTDataEngine.prepareRowExpressionEvaluator(ChartWithAxes, String[])" signature="(Lorg/eclipse/birt/chart/model/ChartWithAxes;[Ljava/lang/String;)Lorg/eclipse/birt/chart/factory/IDataRowExpressionEvaluator;" type="org.eclipse.birt.chart.examples.view.models.WorkingWithBIRTDataEngine"/>
        </reference_kind>
    </target>
    <target member="defineDataSet" name="org.eclipse.birt.data.engine.api.DataEngine.defineDataSet(IBaseDataSetDesign)" signature="(Lorg/eclipse/birt/data/engine/api/IBaseDataSetDesign;)V" type="org.eclipse.birt.data.engine.api.DataEngine">
        <reference_kind flags="0" kind="256" reference_kind_name="VIRTUAL_METHOD">
            <reference linenumber="244" member="prepareRowExpressionEvaluator" origin="org.eclipse.birt.chart.examples.view.models.WorkingWithBIRTDataEngine.prepareRowExpressionEvaluator(ChartWithAxes, String[])" signature="(Lorg/eclipse/birt/chart/model/ChartWithAxes;[Ljava/lang/String;)Lorg/eclipse/birt/chart/factory/IDataRowExpressionEvaluator;" type="org.eclipse.birt.chart.examples.view.models.WorkingWithBIRTDataEngine"/>
        </reference_kind>
    </target>
    <target member="defineDataSource" name="org.eclipse.birt.data.engine.api.DataEngine.defineDataSource(IBaseDataSourceDesign)" signature="(Lorg/eclipse/birt/data/engine/api/IBaseDataSourceDesign;)V" type="org.eclipse.birt.data.engine.api.DataEngine">
        <reference_kind flags="0" kind="256" reference_kind_name="VIRTUAL_METHOD">
            <reference linenumber="243" member="prepareRowExpressionEvaluator" origin="org.eclipse.birt.chart.examples.view.models.WorkingWithBIRTDataEngine.prepareRowExpressionEvaluator(ChartWithAxes, String[])" signature="(Lorg/eclipse/birt/chart/model/ChartWithAxes;[Ljava/lang/String;)Lorg/eclipse/birt/chart/factory/IDataRowExpressionEvaluator;" type="org.eclipse.birt.chart.examples.view.models.WorkingWithBIRTDataEngine"/>
        </reference_kind>
    </target>
<target member="next" name="org.eclipse.birt.data.engine.api.IBaseResultIterator.next()" signature="()Z" type="org.eclipse.birt.data.engine.api.IBaseResultIterator">
        <reference_kind flags="0" kind="512" reference_kind_name="INTERFACE_METHOD">
            <reference linenumber="225" member="findNext" origin="org.eclipse.birt.chart.examples.view.util.GroupedRowExpressionsEvaluator.findNext()" signature="()Z" type="org.eclipse.birt.chart.examples.view.util.GroupedRowExpressionsEvaluator"/>
            <reference linenumber="263" member="next" origin="org.eclipse.birt.chart.examples.view.util.GroupedRowExpressionsEvaluator.next()" signature="()Z" type="org.eclipse.birt.chart.examples.view.util.GroupedRowExpressionsEvaluator"/>
            <reference linenumber="172" member="first" origin="org.eclipse.birt.chart.examples.view.util.GroupedRowExpressionsEvaluator.first()" signature="()Z" type="org.eclipse.birt.chart.examples.view.util.GroupedRowExpressionsEvaluator"/>
            <reference linenumber="200" member="findFirst" origin="org.eclipse.birt.chart.examples.view.util.GroupedRowExpressionsEvaluator.findFirst()" signature="()Z" type="org.eclipse.birt.chart.examples.view.util.GroupedRowExpressionsEvaluator"/>
        </reference_kind>
    </target>
    <target member="getQueryResults" name="org.eclipse.birt.data.engine.api.IResultIterator.getQueryResults()" signature="()Lorg/eclipse/birt/data/engine/api/IQueryResults;" type="org.eclipse.birt.data.engine.api.IResultIterator">
        <reference_kind flags="0" kind="512" reference_kind_name="INTERFACE_METHOD">
            <reference linenumber="61" member="&lt;init&gt;" origin="org.eclipse.birt.chart.examples.view.util.GroupedRowExpressionsEvaluator.GroupedRowExpressionsEvaluator(IResultIterator, boolean)" signature="(Lorg/eclipse/birt/data/engine/api/IResultIterator;Z)V" type="org.eclipse.birt.chart.examples.view.util.GroupedRowExpressionsEvaluator"/>
        </reference_kind>
    </target>
    <target member="getPreparedQuery" name="org.eclipse.birt.data.engine.api.IQueryResults.getPreparedQuery()" signature="()Lorg/eclipse/birt/data/engine/api/IPreparedQuery;" type="org.eclipse.birt.data.engine.api.IQueryResults">
        <reference_kind flags="0" kind="512" reference_kind_name="INTERFACE_METHOD">
            <reference linenumber="62" member="&lt;init&gt;" origin="org.eclipse.birt.chart.examples.view.util.GroupedRowExpressionsEvaluator.GroupedRowExpressionsEvaluator(IResultIterator, boolean)" signature="(Lorg/eclipse/birt/data/engine/api/IResultIterator;Z)V" type="org.eclipse.birt.chart.examples.view.util.GroupedRowExpressionsEvaluator"/>
        </reference_kind>
    </target>
    <target member="close" name="org.eclipse.birt.data.engine.api.IBaseResultIterator.close()" signature="()V" type="org.eclipse.birt.data.engine.api.IBaseResultIterator">
        <reference_kind flags="0" kind="512" reference_kind_name="INTERFACE_METHOD">
            <reference linenumber="122" member="close" origin="org.eclipse.birt.chart.examples.view.util.GroupedRowExpressionsEvaluator.close()" signature="()V" type="org.eclipse.birt.chart.examples.view.util.GroupedRowExpressionsEvaluator"/>
        </reference_kind>
    </target>
    <target member="getValue" name="org.eclipse.birt.data.engine.api.IBaseResultIterator.getValue(String)" signature="(Ljava/lang/String;)Ljava/lang/Object;" type="org.eclipse.birt.data.engine.api.IBaseResultIterator">
        <reference_kind flags="0" kind="512" reference_kind_name="INTERFACE_METHOD">
            <reference linenumber="140" member="evaluate" origin="org.eclipse.birt.chart.examples.view.util.GroupedRowExpressionsEvaluator.evaluate(String)" signature="(Ljava/lang/String;)Ljava/lang/Object;" type="org.eclipse.birt.chart.examples.view.util.GroupedRowExpressionsEvaluator"/>
        </reference_kind>
    </target>
    <target member="getStartingGroupLevel" name="org.eclipse.birt.data.engine.api.IResultIterator.getStartingGroupLevel()" signature="()I" type="org.eclipse.birt.data.engine.api.IResultIterator">
        <reference_kind flags="0" kind="512" reference_kind_name="INTERFACE_METHOD">
            <reference linenumber="205" member="findFirst" origin="org.eclipse.birt.chart.examples.view.util.GroupedRowExpressionsEvaluator.findFirst()" signature="()Z" type="org.eclipse.birt.chart.examples.view.util.GroupedRowExpressionsEvaluator"/>
            <reference linenumber="227" member="findNext" origin="org.eclipse.birt.chart.examples.view.util.GroupedRowExpressionsEvaluator.findNext()" signature="()Z" type="org.eclipse.birt.chart.examples.view.util.GroupedRowExpressionsEvaluator"/>
        </reference_kind>
    </target>
    <target member="getGroups" name="org.eclipse.birt.data.engine.api.IBaseQueryDefinition.getGroups()" signature="()Ljava/util/List;" type="org.eclipse.birt.data.engine.api.IBaseQueryDefinition">
        <reference_kind flags="0" kind="512" reference_kind_name="INTERFACE_METHOD">
            <reference linenumber="64" member="&lt;init&gt;" origin="org.eclipse.birt.chart.examples.view.util.GroupedRowExpressionsEvaluator.GroupedRowExpressionsEvaluator(IResultIterator, boolean)" signature="(Lorg/eclipse/birt/data/engine/api/IResultIterator;Z)V" type="org.eclipse.birt.chart.examples.view.util.GroupedRowExpressionsEvaluator"/>
        </reference_kind>
    </target>
    <target member="getReportQueryDefn" name="org.eclipse.birt.data.engine.api.IPreparedQuery.getReportQueryDefn()" signature="()Lorg/eclipse/birt/data/engine/api/IQueryDefinition;" type="org.eclipse.birt.data.engine.api.IPreparedQuery">
        <reference_kind flags="0" kind="512" reference_kind_name="INTERFACE_METHOD">
            <reference linenumber="63" member="&lt;init&gt;" origin="org.eclipse.birt.chart.examples.view.util.GroupedRowExpressionsEvaluator.GroupedRowExpressionsEvaluator(IResultIterator, boolean)" signature="(Lorg/eclipse/birt/data/engine/api/IResultIterator;Z)V" type="org.eclipse.birt.chart.examples.view.util.GroupedRowExpressionsEvaluator"/>
        </reference_kind>
    </target>
</references>
