<?xml version="1.0" encoding="UTF-8" standalone="no"?>
<references name="Methods" origin="org.eclipse.birt.report.viewer (2.5.2.v20091210)" referee="org.eclipse.birt.core (2.5.2.v20100208)" reference_count="72" reference_visibility="1">
    <target member="&lt;init&gt;" name="org.eclipse.birt.core.exception.BirtException.BirtException(String, String, Object[], ResourceBundle, Throwable)" signature="(Ljava/lang/String;Ljava/lang/String;[Ljava/lang/Object;Ljava/util/ResourceBundle;Ljava/lang/Throwable;)V" type="org.eclipse.birt.core.exception.BirtException">
        <reference_kind flags="0" kind="536870912" reference_kind_name="SUPER_CONSTRUCTORMETHOD">
            <reference linenumber="119" member="&lt;init&gt;" origin="org.eclipse.birt.report.exception.ViewerException.ViewerException(String, String[], Throwable)" signature="(Ljava/lang/String;[Ljava/lang/String;Ljava/lang/Throwable;)V" type="org.eclipse.birt.report.exception.ViewerException"/>
        <reference linenumber="119" member="&lt;init&gt;" origin="org.eclipse.birt.report.exception.ViewerException.ViewerException(String, String[], Throwable)" signature="(Ljava/lang/String;[Ljava/lang/String;Ljava/lang/Throwable;)V" type="org.eclipse.birt.report.exception.ViewerException"/>
        </reference_kind>
    </target>
    <target member="&lt;init&gt;" name="org.eclipse.birt.core.exception.BirtException.BirtException(String, String, Object, ResourceBundle, Throwable)" signature="(Ljava/lang/String;Ljava/lang/String;Ljava/lang/Object;Ljava/util/ResourceBundle;Ljava/lang/Throwable;)V" type="org.eclipse.birt.core.exception.BirtException">
        <reference_kind flags="0" kind="536870912" reference_kind_name="SUPER_CONSTRUCTORMETHOD">
            <reference linenumber="83" member="&lt;init&gt;" origin="org.eclipse.birt.report.exception.ViewerException.ViewerException(String, Object, Throwable)" signature="(Ljava/lang/String;Ljava/lang/Object;Ljava/lang/Throwable;)V" type="org.eclipse.birt.report.exception.ViewerException"/>
        <reference linenumber="83" member="&lt;init&gt;" origin="org.eclipse.birt.report.exception.ViewerException.ViewerException(String, Object, Throwable)" signature="(Ljava/lang/String;Ljava/lang/Object;Ljava/lang/Throwable;)V" type="org.eclipse.birt.report.exception.ViewerException"/>
        </reference_kind>
    </target>
    <target member="&lt;init&gt;" name="org.eclipse.birt.core.exception.BirtException.BirtException(String)" signature="(Ljava/lang/String;)V" type="org.eclipse.birt.core.exception.BirtException">
        <reference_kind flags="0" kind="268435456" reference_kind_name="OVERRIDE">
            <reference linenumber="-1" member="&lt;init&gt;" origin="org.eclipse.birt.report.exception.ViewerException.ViewerException(String)" signature="(Ljava/lang/String;)V" type="org.eclipse.birt.report.exception.ViewerException"/>
        <reference linenumber="-1" member="&lt;init&gt;" origin="org.eclipse.birt.report.exception.ViewerException.ViewerException(String)" signature="(Ljava/lang/String;)V" type="org.eclipse.birt.report.exception.ViewerException"/>
        </reference_kind>
    </target>
    <target member="&lt;init&gt;" name="org.eclipse.birt.core.exception.BirtException.BirtException(String, String, Object, ResourceBundle)" signature="(Ljava/lang/String;Ljava/lang/String;Ljava/lang/Object;Ljava/util/ResourceBundle;)V" type="org.eclipse.birt.core.exception.BirtException">
        <reference_kind flags="0" kind="536870912" reference_kind_name="SUPER_CONSTRUCTORMETHOD">
            <reference linenumber="64" member="&lt;init&gt;" origin="org.eclipse.birt.report.exception.ViewerException.ViewerException(String, Object)" signature="(Ljava/lang/String;Ljava/lang/Object;)V" type="org.eclipse.birt.report.exception.ViewerException"/>
        <reference linenumber="64" member="&lt;init&gt;" origin="org.eclipse.birt.report.exception.ViewerException.ViewerException(String, Object)" signature="(Ljava/lang/String;Ljava/lang/Object;)V" type="org.eclipse.birt.report.exception.ViewerException"/>
        </reference_kind>
    </target>
    <target member="&lt;init&gt;" name="org.eclipse.birt.core.exception.BirtException.BirtException(String, String, Object[], ResourceBundle)" signature="(Ljava/lang/String;Ljava/lang/String;[Ljava/lang/Object;Ljava/util/ResourceBundle;)V" type="org.eclipse.birt.core.exception.BirtException">
        <reference_kind flags="0" kind="536870912" reference_kind_name="SUPER_CONSTRUCTORMETHOD">
            <reference linenumber="100" member="&lt;init&gt;" origin="org.eclipse.birt.report.exception.ViewerException.ViewerException(String, String[])" signature="(Ljava/lang/String;[Ljava/lang/String;)V" type="org.eclipse.birt.report.exception.ViewerException"/>
        <reference linenumber="100" member="&lt;init&gt;" origin="org.eclipse.birt.report.exception.ViewerException.ViewerException(String, String[])" signature="(Ljava/lang/String;[Ljava/lang/String;)V" type="org.eclipse.birt.report.exception.ViewerException"/>
        </reference_kind>
    </target>
    <target member="&lt;init&gt;" name="org.eclipse.birt.core.exception.BirtException.BirtException(String, String, ResourceBundle)" signature="(Ljava/lang/String;Ljava/lang/String;Ljava/util/ResourceBundle;)V" type="org.eclipse.birt.core.exception.BirtException">
        <reference_kind flags="0" kind="536870912" reference_kind_name="SUPER_CONSTRUCTORMETHOD">
            <reference linenumber="47" member="&lt;init&gt;" origin="org.eclipse.birt.report.exception.ViewerException.ViewerException(String)" signature="(Ljava/lang/String;)V" type="org.eclipse.birt.report.exception.ViewerException"/>
        <reference linenumber="47" member="&lt;init&gt;" origin="org.eclipse.birt.report.exception.ViewerException.ViewerException(String)" signature="(Ljava/lang/String;)V" type="org.eclipse.birt.report.exception.ViewerException"/>
        </reference_kind>
    </target>
    <target member="getUResourceBundle" name="org.eclipse.birt.core.i18n.ResourceHandle.getUResourceBundle()" signature="()Lcom/ibm/icu/util/UResourceBundle;" type="org.eclipse.birt.core.i18n.ResourceHandle">
        <reference_kind flags="0" kind="256" reference_kind_name="VIRTUAL_METHOD">
            <reference linenumber="100" member="&lt;init&gt;" origin="org.eclipse.birt.report.exception.ViewerException.ViewerException(String, String[])" signature="(Ljava/lang/String;[Ljava/lang/String;)V" type="org.eclipse.birt.report.exception.ViewerException"/>
            <reference linenumber="119" member="&lt;init&gt;" origin="org.eclipse.birt.report.exception.ViewerException.ViewerException(String, String[], Throwable)" signature="(Ljava/lang/String;[Ljava/lang/String;Ljava/lang/Throwable;)V" type="org.eclipse.birt.report.exception.ViewerException"/>
            <reference linenumber="47" member="&lt;init&gt;" origin="org.eclipse.birt.report.exception.ViewerException.ViewerException(String)" signature="(Ljava/lang/String;)V" type="org.eclipse.birt.report.exception.ViewerException"/>
            <reference linenumber="64" member="&lt;init&gt;" origin="org.eclipse.birt.report.exception.ViewerException.ViewerException(String, Object)" signature="(Ljava/lang/String;Ljava/lang/Object;)V" type="org.eclipse.birt.report.exception.ViewerException"/>
            <reference linenumber="83" member="&lt;init&gt;" origin="org.eclipse.birt.report.exception.ViewerException.ViewerException(String, Object, Throwable)" signature="(Ljava/lang/String;Ljava/lang/Object;Ljava/lang/Throwable;)V" type="org.eclipse.birt.report.exception.ViewerException"/>
        <reference linenumber="100" member="&lt;init&gt;" origin="org.eclipse.birt.report.exception.ViewerException.ViewerException(String, String[])" signature="(Ljava/lang/String;[Ljava/lang/String;)V" type="org.eclipse.birt.report.exception.ViewerException"/>
            <reference linenumber="119" member="&lt;init&gt;" origin="org.eclipse.birt.report.exception.ViewerException.ViewerException(String, String[], Throwable)" signature="(Ljava/lang/String;[Ljava/lang/String;Ljava/lang/Throwable;)V" type="org.eclipse.birt.report.exception.ViewerException"/>
            <reference linenumber="47" member="&lt;init&gt;" origin="org.eclipse.birt.report.exception.ViewerException.ViewerException(String)" signature="(Ljava/lang/String;)V" type="org.eclipse.birt.report.exception.ViewerException"/>
            <reference linenumber="64" member="&lt;init&gt;" origin="org.eclipse.birt.report.exception.ViewerException.ViewerException(String, Object)" signature="(Ljava/lang/String;Ljava/lang/Object;)V" type="org.eclipse.birt.report.exception.ViewerException"/>
            <reference linenumber="83" member="&lt;init&gt;" origin="org.eclipse.birt.report.exception.ViewerException.ViewerException(String, Object, Throwable)" signature="(Ljava/lang/String;Ljava/lang/Object;Ljava/lang/Throwable;)V" type="org.eclipse.birt.report.exception.ViewerException"/>
        </reference_kind>
    </target>
    <target member="&lt;init&gt;" name="org.eclipse.birt.core.exception.BirtException.BirtException(String, Object)" signature="(Ljava/lang/String;Ljava/lang/Object;)V" type="org.eclipse.birt.core.exception.BirtException">
        <reference_kind flags="0" kind="268435456" reference_kind_name="OVERRIDE">
            <reference linenumber="-1" member="&lt;init&gt;" origin="org.eclipse.birt.report.exception.ViewerException.ViewerException(String, Object)" signature="(Ljava/lang/String;Ljava/lang/Object;)V" type="org.eclipse.birt.report.exception.ViewerException"/>
        <reference linenumber="-1" member="&lt;init&gt;" origin="org.eclipse.birt.report.exception.ViewerException.ViewerException(String, Object)" signature="(Ljava/lang/String;Ljava/lang/Object;)V" type="org.eclipse.birt.report.exception.ViewerException"/>
        </reference_kind>
    </target>
<target member="&lt;init&gt;" name="org.eclipse.birt.core.i18n.ResourceHandle.ResourceHandle(Locale)" signature="(Ljava/util/Locale;)V" type="org.eclipse.birt.core.i18n.ResourceHandle">
        <reference_kind flags="0" kind="536870912" reference_kind_name="SUPER_CONSTRUCTORMETHOD">
            <reference linenumber="21" member="&lt;init&gt;" origin="org.eclipse.birt.report.resource.ViewerResourceHandle.ViewerResourceHandle(Locale)" signature="(Ljava/util/Locale;)V" type="org.eclipse.birt.report.resource.ViewerResourceHandle"/>
        <reference linenumber="21" member="&lt;init&gt;" origin="org.eclipse.birt.report.resource.ViewerResourceHandle.ViewerResourceHandle(Locale)" signature="(Ljava/util/Locale;)V" type="org.eclipse.birt.report.resource.ViewerResourceHandle"/>
        </reference_kind>
        <reference_kind flags="0" kind="268435456" reference_kind_name="OVERRIDE">
            <reference linenumber="-1" member="&lt;init&gt;" origin="org.eclipse.birt.report.resource.ViewerResourceHandle.ViewerResourceHandle(Locale)" signature="(Ljava/util/Locale;)V" type="org.eclipse.birt.report.resource.ViewerResourceHandle"/>
        <reference linenumber="-1" member="&lt;init&gt;" origin="org.eclipse.birt.report.resource.ViewerResourceHandle.ViewerResourceHandle(Locale)" signature="(Ljava/util/Locale;)V" type="org.eclipse.birt.report.resource.ViewerResourceHandle"/>
        </reference_kind>
    </target>
    <target member="getMessage" name="org.eclipse.birt.core.i18n.ResourceHandle.getMessage(String, Object[])" signature="(Ljava/lang/String;[Ljava/lang/Object;)Ljava/lang/String;" type="org.eclipse.birt.core.i18n.ResourceHandle">
        <reference_kind flags="0" kind="256" reference_kind_name="VIRTUAL_METHOD">
            <reference linenumber="107" member="getMessage" origin="org.eclipse.birt.report.resource.BirtResources.getMessage(String, Object[])" signature="(Ljava/lang/String;[Ljava/lang/Object;)Ljava/lang/String;" type="org.eclipse.birt.report.resource.BirtResources"/>
        <reference linenumber="107" member="getMessage" origin="org.eclipse.birt.report.resource.BirtResources.getMessage(String, Object[])" signature="(Ljava/lang/String;[Ljava/lang/Object;)Ljava/lang/String;" type="org.eclipse.birt.report.resource.BirtResources"/>
        </reference_kind>
    </target>
    <target member="getMessage" name="org.eclipse.birt.core.i18n.ResourceHandle.getMessage(String)" signature="(Ljava/lang/String;)Ljava/lang/String;" type="org.eclipse.birt.core.i18n.ResourceHandle">
        <reference_kind flags="0" kind="256" reference_kind_name="VIRTUAL_METHOD">
            <reference linenumber="87" member="getMessage" origin="org.eclipse.birt.report.resource.BirtResources.getMessage(String)" signature="(Ljava/lang/String;)Ljava/lang/String;" type="org.eclipse.birt.report.resource.BirtResources"/>
        <reference linenumber="87" member="getMessage" origin="org.eclipse.birt.report.resource.BirtResources.getMessage(String)" signature="(Ljava/lang/String;)Ljava/lang/String;" type="org.eclipse.birt.report.resource.BirtResources"/>
        </reference_kind>
    </target>
<target member="&lt;init&gt;" name="org.eclipse.birt.core.framework.PlatformServletContext.PlatformServletContext(ServletContext)" signature="(Ljavax/servlet/ServletContext;)V" type="org.eclipse.birt.core.framework.PlatformServletContext">
        <reference_kind flags="0" kind="64" reference_kind_name="CONSTRUCTOR_METHOD">
            <reference linenumber="316" member="setEngineContext" origin="org.eclipse.birt.report.service.ReportEngineService.setEngineContext(ServletContext)" signature="(Ljavax/servlet/ServletContext;)V" type="org.eclipse.birt.report.service.ReportEngineService"/>
        <reference linenumber="316" member="setEngineContext" origin="org.eclipse.birt.report.service.ReportEngineService.setEngineContext(ServletContext)" signature="(Ljavax/servlet/ServletContext;)V" type="org.eclipse.birt.report.service.ReportEngineService"/>
        </reference_kind>
    </target>
    <target member="createFactoryObject" name="org.eclipse.birt.core.framework.Platform.createFactoryObject(String)" signature="(Ljava/lang/String;)Ljava/lang/Object;" type="org.eclipse.birt.core.framework.Platform">
        <reference_kind flags="0" kind="128" reference_kind_name="INVOKED_STATIC">
            <reference linenumber="322" member="setEngineContext" origin="org.eclipse.birt.report.service.ReportEngineService.setEngineContext(ServletContext)" signature="(Ljavax/servlet/ServletContext;)V" type="org.eclipse.birt.report.service.ReportEngineService"/>
        <reference linenumber="322" member="setEngineContext" origin="org.eclipse.birt.report.service.ReportEngineService.setEngineContext(ServletContext)" signature="(Ljavax/servlet/ServletContext;)V" type="org.eclipse.birt.report.service.ReportEngineService"/>
        </reference_kind>
    </target>
    <target member="setPlatformContext" name="org.eclipse.birt.core.framework.PlatformConfig.setPlatformContext(IPlatformContext)" signature="(Lorg/eclipse/birt/core/framework/IPlatformContext;)V" type="org.eclipse.birt.core.framework.PlatformConfig">
        <reference_kind flags="0" kind="256" reference_kind_name="VIRTUAL_METHOD">
            <reference linenumber="317" member="setEngineContext" origin="org.eclipse.birt.report.service.ReportEngineService.setEngineContext(ServletContext)" signature="(Ljavax/servlet/ServletContext;)V" type="org.eclipse.birt.report.service.ReportEngineService"/>
        <reference linenumber="317" member="setEngineContext" origin="org.eclipse.birt.report.service.ReportEngineService.setEngineContext(ServletContext)" signature="(Ljavax/servlet/ServletContext;)V" type="org.eclipse.birt.report.service.ReportEngineService"/>
        </reference_kind>
    </target>
    <target member="startup" name="org.eclipse.birt.core.framework.Platform.startup(PlatformConfig)" signature="(Lorg/eclipse/birt/core/framework/PlatformConfig;)V" type="org.eclipse.birt.core.framework.Platform">
        <reference_kind flags="0" kind="128" reference_kind_name="INVOKED_STATIC">
            <reference linenumber="320" member="setEngineContext" origin="org.eclipse.birt.report.service.ReportEngineService.setEngineContext(ServletContext)" signature="(Ljavax/servlet/ServletContext;)V" type="org.eclipse.birt.report.service.ReportEngineService"/>
        <reference linenumber="320" member="setEngineContext" origin="org.eclipse.birt.report.service.ReportEngineService.setEngineContext(ServletContext)" signature="(Ljavax/servlet/ServletContext;)V" type="org.eclipse.birt.report.service.ReportEngineService"/>
        </reference_kind>
    </target>
<target member="format" name="org.eclipse.birt.core.format.DateFormatter.format(Date)" signature="(Ljava/util/Date;)Ljava/lang/String;" type="org.eclipse.birt.core.format.DateFormatter">
        <reference_kind flags="0" kind="256" reference_kind_name="VIRTUAL_METHOD">
            <reference linenumber="43" member="&lt;init&gt;" origin="org.eclipse.birt.report.session.ViewingSession.ViewingSession(String, ViewingCache)" signature="(Ljava/lang/String;Lorg/eclipse/birt/report/session/ViewingCache;)V" type="org.eclipse.birt.report.session.ViewingSession"/>
        <reference linenumber="43" member="&lt;init&gt;" origin="org.eclipse.birt.report.session.ViewingSession.ViewingSession(String, ViewingCache)" signature="(Ljava/lang/String;Lorg/eclipse/birt/report/session/ViewingCache;)V" type="org.eclipse.birt.report.session.ViewingSession"/>
        </reference_kind>
    </target>
<target member="toBoolean" name="org.eclipse.birt.core.data.DataTypeUtil.toBoolean(Object)" signature="(Ljava/lang/Object;)Ljava/lang/Boolean;" type="org.eclipse.birt.core.data.DataTypeUtil">
        <reference_kind flags="0" kind="128" reference_kind_name="INVOKED_STATIC">
            <reference linenumber="561" member="convert" origin="org.eclipse.birt.report.utility.DataUtil.convert(Object, int)" signature="(Ljava/lang/Object;I)Ljava/lang/Object;" type="org.eclipse.birt.report.utility.DataUtil"/>
        <reference linenumber="561" member="convert" origin="org.eclipse.birt.report.utility.DataUtil.convert(Object, int)" signature="(Ljava/lang/Object;I)Ljava/lang/Object;" type="org.eclipse.birt.report.utility.DataUtil"/>
        </reference_kind>
    </target>
    <target member="toLocaleNeutralString" name="org.eclipse.birt.core.data.DataTypeUtil.toLocaleNeutralString(Object)" signature="(Ljava/lang/Object;)Ljava/lang/String;" type="org.eclipse.birt.core.data.DataTypeUtil">
        <reference_kind flags="0" kind="128" reference_kind_name="INVOKED_STATIC">
            <reference linenumber="521" member="getCSVDisplayValue" origin="org.eclipse.birt.report.utility.DataUtil.getCSVDisplayValue(Object)" signature="(Ljava/lang/Object;)Ljava/lang/String;" type="org.eclipse.birt.report.utility.DataUtil"/>
        <reference linenumber="521" member="getCSVDisplayValue" origin="org.eclipse.birt.report.utility.DataUtil.getCSVDisplayValue(Object)" signature="(Ljava/lang/Object;)Ljava/lang/String;" type="org.eclipse.birt.report.utility.DataUtil"/>
        </reference_kind>
    </target>
    <target member="toDate" name="org.eclipse.birt.core.data.DataTypeUtil.toDate(Object)" signature="(Ljava/lang/Object;)Ljava/util/Date;" type="org.eclipse.birt.core.data.DataTypeUtil">
        <reference_kind flags="0" kind="128" reference_kind_name="INVOKED_STATIC">
            <reference linenumber="563" member="convert" origin="org.eclipse.birt.report.utility.DataUtil.convert(Object, int)" signature="(Ljava/lang/Object;I)Ljava/lang/Object;" type="org.eclipse.birt.report.utility.DataUtil"/>
            <reference linenumber="370" member="validateWithLocale" origin="org.eclipse.birt.report.utility.DataUtil.validateWithLocale(String, String, String, Locale, TimeZone)" signature="(Ljava/lang/String;Ljava/lang/String;Ljava/lang/String;Ljava/util/Locale;Ljava/util/TimeZone;)Ljava/lang/Object;" type="org.eclipse.birt.report.utility.DataUtil"/>
        <reference linenumber="563" member="convert" origin="org.eclipse.birt.report.utility.DataUtil.convert(Object, int)" signature="(Ljava/lang/Object;I)Ljava/lang/Object;" type="org.eclipse.birt.report.utility.DataUtil"/>
            <reference linenumber="370" member="validateWithLocale" origin="org.eclipse.birt.report.utility.DataUtil.validateWithLocale(String, String, String, Locale, TimeZone)" signature="(Ljava/lang/String;Ljava/lang/String;Ljava/lang/String;Ljava/util/Locale;Ljava/util/TimeZone;)Ljava/lang/Object;" type="org.eclipse.birt.report.utility.DataUtil"/>
        </reference_kind>
    </target>
    <target member="toSqlTime" name="org.eclipse.birt.core.data.DataTypeUtil.toSqlTime(Object)" signature="(Ljava/lang/Object;)Ljava/sql/Time;" type="org.eclipse.birt.core.data.DataTypeUtil">
        <reference_kind flags="0" kind="128" reference_kind_name="INVOKED_STATIC">
            <reference linenumber="571" member="convert" origin="org.eclipse.birt.report.utility.DataUtil.convert(Object, int)" signature="(Ljava/lang/Object;I)Ljava/lang/Object;" type="org.eclipse.birt.report.utility.DataUtil"/>
        <reference linenumber="571" member="convert" origin="org.eclipse.birt.report.utility.DataUtil.convert(Object, int)" signature="(Ljava/lang/Object;I)Ljava/lang/Object;" type="org.eclipse.birt.report.utility.DataUtil"/>
        </reference_kind>
    </target>
    <target member="toInteger" name="org.eclipse.birt.core.data.DataTypeUtil.toInteger(Object)" signature="(Ljava/lang/Object;)Ljava/lang/Integer;" type="org.eclipse.birt.core.data.DataTypeUtil">
        <reference_kind flags="0" kind="128" reference_kind_name="INVOKED_STATIC">
            <reference linenumber="557" member="convert" origin="org.eclipse.birt.report.utility.DataUtil.convert(Object, int)" signature="(Ljava/lang/Object;I)Ljava/lang/Object;" type="org.eclipse.birt.report.utility.DataUtil"/>
        <reference linenumber="557" member="convert" origin="org.eclipse.birt.report.utility.DataUtil.convert(Object, int)" signature="(Ljava/lang/Object;I)Ljava/lang/Object;" type="org.eclipse.birt.report.utility.DataUtil"/>
        </reference_kind>
    </target>
    <target member="&lt;init&gt;" name="org.eclipse.birt.core.exception.CoreException.CoreException(String)" signature="(Ljava/lang/String;)V" type="org.eclipse.birt.core.exception.CoreException">
        <reference_kind flags="0" kind="64" reference_kind_name="CONSTRUCTOR_METHOD">
            <reference linenumber="573" member="convert" origin="org.eclipse.birt.report.utility.DataUtil.convert(Object, int)" signature="(Ljava/lang/Object;I)Ljava/lang/Object;" type="org.eclipse.birt.report.utility.DataUtil"/>
        <reference linenumber="573" member="convert" origin="org.eclipse.birt.report.utility.DataUtil.convert(Object, int)" signature="(Ljava/lang/Object;I)Ljava/lang/Object;" type="org.eclipse.birt.report.utility.DataUtil"/>
        </reference_kind>
    </target>
    <target member="toString" name="org.eclipse.birt.core.data.DataTypeUtil.toString(Object)" signature="(Ljava/lang/Object;)Ljava/lang/String;" type="org.eclipse.birt.core.data.DataTypeUtil">
        <reference_kind flags="0" kind="128" reference_kind_name="INVOKED_STATIC">
            <reference linenumber="567" member="convert" origin="org.eclipse.birt.report.utility.DataUtil.convert(Object, int)" signature="(Ljava/lang/Object;I)Ljava/lang/Object;" type="org.eclipse.birt.report.utility.DataUtil"/>
        <reference linenumber="567" member="convert" origin="org.eclipse.birt.report.utility.DataUtil.convert(Object, int)" signature="(Ljava/lang/Object;I)Ljava/lang/Object;" type="org.eclipse.birt.report.utility.DataUtil"/>
        </reference_kind>
    </target>
    <target member="toDate" name="org.eclipse.birt.core.data.DataTypeUtil.toDate(String, TimeZone)" signature="(Ljava/lang/String;Lcom/ibm/icu/util/TimeZone;)Ljava/util/Date;" type="org.eclipse.birt.core.data.DataTypeUtil">
        <reference_kind flags="0" kind="128" reference_kind_name="INVOKED_STATIC">
            <reference linenumber="366" member="validateWithLocale" origin="org.eclipse.birt.report.utility.DataUtil.validateWithLocale(String, String, String, Locale, TimeZone)" signature="(Ljava/lang/String;Ljava/lang/String;Ljava/lang/String;Ljava/util/Locale;Ljava/util/TimeZone;)Ljava/lang/Object;" type="org.eclipse.birt.report.utility.DataUtil"/>
        <reference linenumber="366" member="validateWithLocale" origin="org.eclipse.birt.report.utility.DataUtil.validateWithLocale(String, String, String, Locale, TimeZone)" signature="(Ljava/lang/String;Ljava/lang/String;Ljava/lang/String;Ljava/util/Locale;Ljava/util/TimeZone;)Ljava/lang/Object;" type="org.eclipse.birt.report.utility.DataUtil"/>
        </reference_kind>
    </target>
    <target member="toDouble" name="org.eclipse.birt.core.data.DataTypeUtil.toDouble(Object)" signature="(Ljava/lang/Object;)Ljava/lang/Double;" type="org.eclipse.birt.core.data.DataTypeUtil">
        <reference_kind flags="0" kind="128" reference_kind_name="INVOKED_STATIC">
            <reference linenumber="565" member="convert" origin="org.eclipse.birt.report.utility.DataUtil.convert(Object, int)" signature="(Ljava/lang/Object;I)Ljava/lang/Object;" type="org.eclipse.birt.report.utility.DataUtil"/>
        <reference linenumber="565" member="convert" origin="org.eclipse.birt.report.utility.DataUtil.convert(Object, int)" signature="(Ljava/lang/Object;I)Ljava/lang/Object;" type="org.eclipse.birt.report.utility.DataUtil"/>
        </reference_kind>
    </target>
    <target member="toBigDecimal" name="org.eclipse.birt.core.data.DataTypeUtil.toBigDecimal(Object)" signature="(Ljava/lang/Object;)Ljava/math/BigDecimal;" type="org.eclipse.birt.core.data.DataTypeUtil">
        <reference_kind flags="0" kind="128" reference_kind_name="INVOKED_STATIC">
            <reference linenumber="559" member="convert" origin="org.eclipse.birt.report.utility.DataUtil.convert(Object, int)" signature="(Ljava/lang/Object;I)Ljava/lang/Object;" type="org.eclipse.birt.report.utility.DataUtil"/>
        <reference linenumber="559" member="convert" origin="org.eclipse.birt.report.utility.DataUtil.convert(Object, int)" signature="(Ljava/lang/Object;I)Ljava/lang/Object;" type="org.eclipse.birt.report.utility.DataUtil"/>
        </reference_kind>
    </target>
    <target member="toSqlDate" name="org.eclipse.birt.core.data.DataTypeUtil.toSqlDate(Object)" signature="(Ljava/lang/Object;)Ljava/sql/Date;" type="org.eclipse.birt.core.data.DataTypeUtil">
        <reference_kind flags="0" kind="128" reference_kind_name="INVOKED_STATIC">
            <reference linenumber="569" member="convert" origin="org.eclipse.birt.report.utility.DataUtil.convert(Object, int)" signature="(Ljava/lang/Object;I)Ljava/lang/Object;" type="org.eclipse.birt.report.utility.DataUtil"/>
        <reference linenumber="569" member="convert" origin="org.eclipse.birt.report.utility.DataUtil.convert(Object, int)" signature="(Ljava/lang/Object;I)Ljava/lang/Object;" type="org.eclipse.birt.report.utility.DataUtil"/>
        </reference_kind>
    </target>
<target member="&lt;init&gt;" name="org.eclipse.birt.core.framework.URLClassLoader.URLClassLoader(URL[], ClassLoader)" signature="([Ljava/net/URL;Ljava/lang/ClassLoader;)V" type="org.eclipse.birt.core.framework.URLClassLoader">
        <reference_kind flags="0" kind="64" reference_kind_name="CONSTRUCTOR_METHOD">
            <reference linenumber="39" member="&lt;init&gt;" origin="org.eclipse.birt.report.viewer.utilities.ReloadableClassLoader.ReloadableClassLoader(URL[], ClassLoader)" signature="([Ljava/net/URL;Ljava/lang/ClassLoader;)V" type="org.eclipse.birt.report.viewer.utilities.ReloadableClassLoader"/>
            <reference linenumber="51" member="reload" origin="org.eclipse.birt.report.viewer.utilities.ReloadableClassLoader.reload()" signature="()V" type="org.eclipse.birt.report.viewer.utilities.ReloadableClassLoader"/>
        </reference_kind>
    </target>
    <target member="close" name="org.eclipse.birt.core.framework.URLClassLoader.close()" signature="()V" type="org.eclipse.birt.core.framework.URLClassLoader">
        <reference_kind flags="0" kind="256" reference_kind_name="VIRTUAL_METHOD">
            <reference linenumber="49" member="reload" origin="org.eclipse.birt.report.viewer.utilities.ReloadableClassLoader.reload()" signature="()V" type="org.eclipse.birt.report.viewer.utilities.ReloadableClassLoader"/>
        </reference_kind>
    </target>
<target member="shutdown" name="org.eclipse.birt.core.framework.Platform.shutdown()" signature="()V" type="org.eclipse.birt.core.framework.Platform">
        <reference_kind flags="0" kind="128" reference_kind_name="INVOKED_STATIC">
            <reference linenumber="42" member="contextDestroyed" origin="org.eclipse.birt.report.listener.ViewerServletContextListener.contextDestroyed(ServletContextEvent)" signature="(Ljavax/servlet/ServletContextEvent;)V" type="org.eclipse.birt.report.listener.ViewerServletContextListener"/>
        </reference_kind>
    </target>
<target member="getLocalizedMessage" name="org.eclipse.birt.core.exception.BirtException.getLocalizedMessage()" signature="()Ljava/lang/String;" type="org.eclipse.birt.core.exception.BirtException">
        <reference_kind flags="0" kind="256" reference_kind_name="VIRTUAL_METHOD">
            <reference linenumber="259" member="doQueryCascadeParameterSelectionList" origin="org.eclipse.birt.report.service.actionhandler.AbstractGetCascadeParameterActionHandler.doQueryCascadeParameterSelectionList(IViewerReportDesignHandle, String, Object[], InputOptions)" signature="(Lorg/eclipse/birt/report/service/api/IViewerReportDesignHandle;Ljava/lang/String;[Ljava/lang/Object;Lorg/eclipse/birt/report/service/api/InputOptions;)Ljava/util/List;" type="org.eclipse.birt.report.service.actionhandler.AbstractGetCascadeParameterActionHandler"/>
        </reference_kind>
    </target>
    <target member="convert" name="org.eclipse.birt.core.data.DataTypeUtil.convert(Object, int)" signature="(Ljava/lang/Object;I)Ljava/lang/Object;" type="org.eclipse.birt.core.data.DataTypeUtil">
        <reference_kind flags="0" kind="128" reference_kind_name="INVOKED_STATIC">
            <reference linenumber="252" member="doQueryCascadeParameterSelectionList" origin="org.eclipse.birt.report.service.actionhandler.AbstractGetCascadeParameterActionHandler.doQueryCascadeParameterSelectionList(IViewerReportDesignHandle, String, Object[], InputOptions)" signature="(Lorg/eclipse/birt/report/service/api/IViewerReportDesignHandle;Ljava/lang/String;[Ljava/lang/Object;Lorg/eclipse/birt/report/service/api/InputOptions;)Ljava/util/List;" type="org.eclipse.birt.report.service.actionhandler.AbstractGetCascadeParameterActionHandler"/>
        </reference_kind>
    </target>
</references>
