<?xml version="1.0" encoding="UTF-8" standalone="no"?>
<references name="Methods" origin="org.eclipse.actf.visualization.blind (0.7.2.R201002031025)" referee="org.eclipse.actf.core (0.7.2.R201002031025)" reference_count="4" reference_visibility="1">
    <target member="devOrDebugPrintln" name="org.eclipse.actf.util.logging.DebugPrintUtil.devOrDebugPrintln(Object)" signature="(Ljava/lang/Object;)V" type="org.eclipse.actf.util.logging.DebugPrintUtil">
        <reference_kind flags="0" kind="128" reference_kind_name="INVOKED_STATIC">
            <reference linenumber="-1" member="getExtensions" origin="org.eclipse.actf.visualization.blind.internal.BlindVisualizerExtension.getExtensions()" signature="()[Lorg/eclipse/actf/visualization/blind/internal/BlindVisualizerExtension;" type="org.eclipse.actf.visualization.blind.internal.BlindVisualizerExtension"/>
        </reference_kind>
    </target>
<target member="writeToFile" name="org.eclipse.actf.util.dom.DomPrintUtil.writeToFile(String)" signature="(Ljava/lang/String;)V" type="org.eclipse.actf.util.dom.DomPrintUtil">
        <reference_kind flags="0" kind="256" reference_kind_name="VIRTUAL_METHOD">
            <reference linenumber="-1" member="saveReport" origin="org.eclipse.actf.visualization.blind.ui.internal.SaveReportBlind.saveReport(Document, IACTFReport, String, String, String, PageEvaluation, boolean)" signature="(Lorg/w3c/dom/Document;Lorg/eclipse/actf/mediator/IACTFReport;Ljava/lang/String;Ljava/lang/String;Ljava/lang/String;Lorg/eclipse/actf/visualization/engines/blind/eval/PageEvaluation;Z)V" type="org.eclipse.actf.visualization.blind.ui.internal.SaveReportBlind"/>
        </reference_kind>
    </target>
    <target member="copyFile" name="org.eclipse.actf.util.FileUtils.copyFile(File, String, boolean)" signature="(Ljava/io/File;Ljava/lang/String;Z)Z" type="org.eclipse.actf.util.FileUtils">
        <reference_kind flags="0" kind="128" reference_kind_name="INVOKED_STATIC">
            <reference linenumber="-1" member="saveReport" origin="org.eclipse.actf.visualization.blind.ui.internal.SaveReportBlind.saveReport(Document, IACTFReport, String, String, String, PageEvaluation, boolean)" signature="(Lorg/w3c/dom/Document;Lorg/eclipse/actf/mediator/IACTFReport;Ljava/lang/String;Ljava/lang/String;Ljava/lang/String;Lorg/eclipse/actf/visualization/engines/blind/eval/PageEvaluation;Z)V" type="org.eclipse.actf.visualization.blind.ui.internal.SaveReportBlind"/>
        </reference_kind>
    </target>
    <target member="&lt;init&gt;" name="org.eclipse.actf.util.dom.DomPrintUtil.DomPrintUtil(Document)" signature="(Lorg/w3c/dom/Document;)V" type="org.eclipse.actf.util.dom.DomPrintUtil">
        <reference_kind flags="0" kind="64" reference_kind_name="CONSTRUCTOR_METHOD">
            <reference linenumber="-1" member="saveReport" origin="org.eclipse.actf.visualization.blind.ui.internal.SaveReportBlind.saveReport(Document, IACTFReport, String, String, String, PageEvaluation, boolean)" signature="(Lorg/w3c/dom/Document;Lorg/eclipse/actf/mediator/IACTFReport;Ljava/lang/String;Ljava/lang/String;Ljava/lang/String;Lorg/eclipse/actf/visualization/engines/blind/eval/PageEvaluation;Z)V" type="org.eclipse.actf.visualization.blind.ui.internal.SaveReportBlind"/>
        </reference_kind>
    </target>
</references>
