<?xml version="1.0" encoding="UTF-8" standalone="no"?>
<references name="Fields" origin="org.eclipse.birt.chart.device.extension (2.5.2.v20100204)" referee="org.eclipse.birt.chart.engine (2.5.2.v20100209)" reference_count="221" reference_visibility="1">
    <target member="ONFOCUS_LITERAL" name="org.eclipse.birt.chart.model.attribute.TriggerCondition.ONFOCUS_LITERAL" type="org.eclipse.birt.chart.model.attribute.TriggerCondition">
        <reference_kind flags="0" kind="2048" reference_kind_name="GETS_STATIC_FIELD">
            <reference linenumber="992" member="userCallback" origin="org.eclipse.birt.chart.device.image.JavaxImageIOWriter.userCallback(ShapedAction, StringBuffer)" signature="(Lorg/eclipse/birt/chart/device/swing/ShapedAction;Ljava/lang/StringBuffer;)V" type="org.eclipse.birt.chart.device.image.JavaxImageIOWriter"/>
            <reference linenumber="435" member="processOnFocus" origin="org.eclipse.birt.chart.device.image.JavaxImageIOWriter.processOnFocus(ShapedAction, HTMLTag)" signature="(Lorg/eclipse/birt/chart/device/swing/ShapedAction;Lorg/eclipse/birt/chart/device/util/HTMLTag;)Z" type="org.eclipse.birt.chart.device.image.JavaxImageIOWriter"/>
        <reference linenumber="588" member="focusGained" origin="org.eclipse.birt.chart.device.swing.SwingEventHandler.focusGained(FocusEvent)" signature="(Ljava/awt/event/FocusEvent;)V" type="org.eclipse.birt.chart.device.swing.SwingEventHandler"/>
        </reference_kind>
    </target>
    <target member="MENU" name="org.eclipse.birt.chart.model.attribute.MenuStylesKeyType.MENU" type="org.eclipse.birt.chart.model.attribute.MenuStylesKeyType">
        <reference_kind flags="0" kind="2048" reference_kind_name="GETS_STATIC_FIELD">
            <reference linenumber="257" member="getPropertiesJS" origin="org.eclipse.birt.chart.device.image.MultiActionValuesScriptGenerator.getPropertiesJS(EMap)" signature="(Lorg/eclipse/emf/common/util/EMap;)Ljava/lang/StringBuilder;" type="org.eclipse.birt.chart.device.image.MultiActionValuesScriptGenerator"/>
        </reference_kind>
    </target>
    <target member="MENU_ITEM" name="org.eclipse.birt.chart.model.attribute.MenuStylesKeyType.MENU_ITEM" type="org.eclipse.birt.chart.model.attribute.MenuStylesKeyType">
        <reference_kind flags="0" kind="2048" reference_kind_name="GETS_STATIC_FIELD">
            <reference linenumber="265" member="getPropertiesJS" origin="org.eclipse.birt.chart.device.image.MultiActionValuesScriptGenerator.getPropertiesJS(EMap)" signature="(Lorg/eclipse/emf/common/util/EMap;)Ljava/lang/StringBuilder;" type="org.eclipse.birt.chart.device.image.MultiActionValuesScriptGenerator"/>
        </reference_kind>
    </target>
    <target member="ONBLUR_LITERAL" name="org.eclipse.birt.chart.model.attribute.TriggerCondition.ONBLUR_LITERAL" type="org.eclipse.birt.chart.model.attribute.TriggerCondition">
        <reference_kind flags="0" kind="2048" reference_kind_name="GETS_STATIC_FIELD">
            <reference linenumber="993" member="userCallback" origin="org.eclipse.birt.chart.device.image.JavaxImageIOWriter.userCallback(ShapedAction, StringBuffer)" signature="(Lorg/eclipse/birt/chart/device/swing/ShapedAction;Ljava/lang/StringBuffer;)V" type="org.eclipse.birt.chart.device.image.JavaxImageIOWriter"/>
            <reference linenumber="444" member="processOnBlur" origin="org.eclipse.birt.chart.device.image.JavaxImageIOWriter.processOnBlur(ShapedAction, HTMLTag)" signature="(Lorg/eclipse/birt/chart/device/swing/ShapedAction;Lorg/eclipse/birt/chart/device/util/HTMLTag;)Z" type="org.eclipse.birt.chart.device.image.JavaxImageIOWriter"/>
        <reference linenumber="595" member="focusLost" origin="org.eclipse.birt.chart.device.swing.SwingEventHandler.focusLost(FocusEvent)" signature="(Ljava/awt/event/FocusEvent;)V" type="org.eclipse.birt.chart.device.swing.SwingEventHandler"/>
        </reference_kind>
    </target>
    <target member="ON_MOUSE_OUT" name="org.eclipse.birt.chart.model.attribute.MenuStylesKeyType.ON_MOUSE_OUT" type="org.eclipse.birt.chart.model.attribute.MenuStylesKeyType">
        <reference_kind flags="0" kind="2048" reference_kind_name="GETS_STATIC_FIELD">
            <reference linenumber="277" member="getPropertiesJS" origin="org.eclipse.birt.chart.device.image.MultiActionValuesScriptGenerator.getPropertiesJS(EMap)" signature="(Lorg/eclipse/emf/common/util/EMap;)Ljava/lang/StringBuilder;" type="org.eclipse.birt.chart.device.image.MultiActionValuesScriptGenerator"/>
        </reference_kind>
    </target>
    <target member="ONCLICK_LITERAL" name="org.eclipse.birt.chart.model.attribute.TriggerCondition.ONCLICK_LITERAL" type="org.eclipse.birt.chart.model.attribute.TriggerCondition">
        <reference_kind flags="0" kind="2048" reference_kind_name="GETS_STATIC_FIELD">
            <reference linenumber="405" member="setURLValueAttributes" origin="org.eclipse.birt.chart.device.image.JavaxImageIOWriter.setURLValueAttributes(HTMLTag, TriggerCondition, HTMLAttribute, URLValue)" signature="(Lorg/eclipse/birt/chart/device/util/HTMLTag;Lorg/eclipse/birt/chart/model/attribute/TriggerCondition;Lorg/eclipse/birt/chart/device/util/HTMLAttribute;Lorg/eclipse/birt/chart/model/attribute/URLValue;)V" type="org.eclipse.birt.chart.device.image.JavaxImageIOWriter"/>
            <reference linenumber="989" member="userCallback" origin="org.eclipse.birt.chart.device.image.JavaxImageIOWriter.userCallback(ShapedAction, StringBuffer)" signature="(Lorg/eclipse/birt/chart/device/swing/ShapedAction;Ljava/lang/StringBuffer;)V" type="org.eclipse.birt.chart.device.image.JavaxImageIOWriter"/>
            <reference linenumber="453" member="processOnClick" origin="org.eclipse.birt.chart.device.image.JavaxImageIOWriter.processOnClick(ShapedAction, HTMLTag)" signature="(Lorg/eclipse/birt/chart/device/swing/ShapedAction;Lorg/eclipse/birt/chart/device/util/HTMLTag;)Z" type="org.eclipse.birt.chart.device.image.JavaxImageIOWriter"/>
        <reference linenumber="561" member="mouseMoved" origin="org.eclipse.birt.chart.device.swing.SwingEventHandler.mouseMoved(MouseEvent)" signature="(Ljava/awt/event/MouseEvent;)V" type="org.eclipse.birt.chart.device.swing.SwingEventHandler"/>
            <reference linenumber="470" member="mouseClicked" origin="org.eclipse.birt.chart.device.swing.SwingEventHandler.mouseClicked(MouseEvent)" signature="(Ljava/awt/event/MouseEvent;)V" type="org.eclipse.birt.chart.device.swing.SwingEventHandler"/>
        </reference_kind>
    </target>
    <target member="INVOKE_SCRIPT_LITERAL" name="org.eclipse.birt.chart.model.attribute.ActionType.INVOKE_SCRIPT_LITERAL" type="org.eclipse.birt.chart.model.attribute.ActionType">
        <reference_kind flags="0" kind="2048" reference_kind_name="GETS_STATIC_FIELD">
            <reference linenumber="593" member="checkSupportedAction" origin="org.eclipse.birt.chart.device.image.JavaxImageIOWriter.checkSupportedAction(Action)" signature="(Lorg/eclipse/birt/chart/model/data/Action;)Z" type="org.eclipse.birt.chart.device.image.JavaxImageIOWriter"/>
        </reference_kind>
    </target>
    <target member="AXIS_LABEL" name="org.eclipse.birt.chart.event.StructureType.AXIS_LABEL" type="org.eclipse.birt.chart.event.StructureType">
        <reference_kind flags="0" kind="2048" reference_kind_name="GETS_STATIC_FIELD">
            <reference linenumber="1211" member="addCallBackScript" origin="org.eclipse.birt.chart.device.image.JavaxImageIOWriter.addCallBackScript(ShapedAction, StringBuffer)" signature="(Lorg/eclipse/birt/chart/device/swing/ShapedAction;Ljava/lang/StringBuffer;)V" type="org.eclipse.birt.chart.device.image.JavaxImageIOWriter"/>
        </reference_kind>
    </target>
    <target member="ON_MOUSE_OVER" name="org.eclipse.birt.chart.model.attribute.MenuStylesKeyType.ON_MOUSE_OVER" type="org.eclipse.birt.chart.model.attribute.MenuStylesKeyType">
        <reference_kind flags="0" kind="2048" reference_kind_name="GETS_STATIC_FIELD">
            <reference linenumber="273" member="getPropertiesJS" origin="org.eclipse.birt.chart.device.image.MultiActionValuesScriptGenerator.getPropertiesJS(EMap)" signature="(Lorg/eclipse/emf/common/util/EMap;)Ljava/lang/StringBuilder;" type="org.eclipse.birt.chart.device.image.MultiActionValuesScriptGenerator"/>
        </reference_kind>
    </target>
    <target member="URL_REDIRECT_LITERAL" name="org.eclipse.birt.chart.model.attribute.ActionType.URL_REDIRECT_LITERAL" type="org.eclipse.birt.chart.model.attribute.ActionType">
        <reference_kind flags="0" kind="2048" reference_kind_name="GETS_STATIC_FIELD">
            <reference linenumber="592" member="checkSupportedAction" origin="org.eclipse.birt.chart.device.image.JavaxImageIOWriter.checkSupportedAction(Action)" signature="(Lorg/eclipse/birt/chart/model/data/Action;)Z" type="org.eclipse.birt.chart.device.image.JavaxImageIOWriter"/>
        </reference_kind>
    </target>
    <target member="SHOW_TOOLTIP_LITERAL" name="org.eclipse.birt.chart.model.attribute.ActionType.SHOW_TOOLTIP_LITERAL" type="org.eclipse.birt.chart.model.attribute.ActionType">
        <reference_kind flags="0" kind="2048" reference_kind_name="GETS_STATIC_FIELD">
            <reference linenumber="593" member="checkSupportedAction" origin="org.eclipse.birt.chart.device.image.JavaxImageIOWriter.checkSupportedAction(Action)" signature="(Lorg/eclipse/birt/chart/model/data/Action;)Z" type="org.eclipse.birt.chart.device.image.JavaxImageIOWriter"/>
        </reference_kind>
    </target>
    <target member="AUTO" name="org.eclipse.birt.chart.model.attribute.CursorType.AUTO" type="org.eclipse.birt.chart.model.attribute.CursorType">
        <reference_kind flags="0" kind="2048" reference_kind_name="GETS_STATIC_FIELD">
            <reference linenumber="236" member="setCursorAttribute" origin="org.eclipse.birt.chart.device.image.JavaxImageIOWriter.setCursorAttribute(HTMLTag, ShapedAction)" signature="(Lorg/eclipse/birt/chart/device/util/HTMLTag;Lorg/eclipse/birt/chart/device/swing/ShapedAction;)V" type="org.eclipse.birt.chart.device.image.JavaxImageIOWriter"/>
        <reference linenumber="685" member="setCursor" origin="org.eclipse.birt.chart.device.swing.SwingEventHandler.setCursor(JComponent, Cursor, Cursor)" signature="(Ljavax/swing/JComponent;Lorg/eclipse/birt/chart/model/attribute/Cursor;Ljava/awt/Cursor;)V" type="org.eclipse.birt.chart.device.swing.SwingEventHandler"/>
        </reference_kind>
    </target>
    <target member="LEGEND_ENTRY" name="org.eclipse.birt.chart.event.StructureType.LEGEND_ENTRY" type="org.eclipse.birt.chart.event.StructureType">
        <reference_kind flags="0" kind="2048" reference_kind_name="GETS_STATIC_FIELD">
            <reference linenumber="1203" member="addCallBackScript" origin="org.eclipse.birt.chart.device.image.JavaxImageIOWriter.addCallBackScript(ShapedAction, StringBuffer)" signature="(Lorg/eclipse/birt/chart/device/swing/ShapedAction;Ljava/lang/StringBuffer;)V" type="org.eclipse.birt.chart.device.image.JavaxImageIOWriter"/>
        </reference_kind>
    </target>
    <target member="ONDBLCLICK_LITERAL" name="org.eclipse.birt.chart.model.attribute.TriggerCondition.ONDBLCLICK_LITERAL" type="org.eclipse.birt.chart.model.attribute.TriggerCondition">
        <reference_kind flags="0" kind="2048" reference_kind_name="GETS_STATIC_FIELD">
            <reference linenumber="990" member="userCallback" origin="org.eclipse.birt.chart.device.image.JavaxImageIOWriter.userCallback(ShapedAction, StringBuffer)" signature="(Lorg/eclipse/birt/chart/device/swing/ShapedAction;Ljava/lang/StringBuffer;)V" type="org.eclipse.birt.chart.device.image.JavaxImageIOWriter"/>
            <reference linenumber="462" member="processOnDoubleClick" origin="org.eclipse.birt.chart.device.image.JavaxImageIOWriter.processOnDoubleClick(ShapedAction, HTMLTag)" signature="(Lorg/eclipse/birt/chart/device/swing/ShapedAction;Lorg/eclipse/birt/chart/device/util/HTMLTag;)Z" type="org.eclipse.birt.chart.device.image.JavaxImageIOWriter"/>
        </reference_kind>
    </target>
    <target member="SERIES_DATA_POINT" name="org.eclipse.birt.chart.event.StructureType.SERIES_DATA_POINT" type="org.eclipse.birt.chart.event.StructureType">
        <reference_kind flags="0" kind="2048" reference_kind_name="GETS_STATIC_FIELD">
            <reference linenumber="1195" member="addCallBackScript" origin="org.eclipse.birt.chart.device.image.JavaxImageIOWriter.addCallBackScript(ShapedAction, StringBuffer)" signature="(Lorg/eclipse/birt/chart/device/swing/ShapedAction;Ljava/lang/StringBuffer;)V" type="org.eclipse.birt.chart.device.image.JavaxImageIOWriter"/>
        </reference_kind>
    </target>
    <target member="ONMOUSEOVER_LITERAL" name="org.eclipse.birt.chart.model.attribute.TriggerCondition.ONMOUSEOVER_LITERAL" type="org.eclipse.birt.chart.model.attribute.TriggerCondition">
        <reference_kind flags="0" kind="2048" reference_kind_name="GETS_STATIC_FIELD">
            <reference linenumber="991" member="userCallback" origin="org.eclipse.birt.chart.device.image.JavaxImageIOWriter.userCallback(ShapedAction, StringBuffer)" signature="(Lorg/eclipse/birt/chart/device/swing/ShapedAction;Ljava/lang/StringBuffer;)V" type="org.eclipse.birt.chart.device.image.JavaxImageIOWriter"/>
            <reference linenumber="469" member="processOnMouseOver" origin="org.eclipse.birt.chart.device.image.JavaxImageIOWriter.processOnMouseOver(ShapedAction, HTMLTag)" signature="(Lorg/eclipse/birt/chart/device/swing/ShapedAction;Lorg/eclipse/birt/chart/device/util/HTMLTag;)Z" type="org.eclipse.birt.chart.device.image.JavaxImageIOWriter"/>
            <reference linenumber="488" member="processOnMouseOver" origin="org.eclipse.birt.chart.device.image.JavaxImageIOWriter.processOnMouseOver(ShapedAction, HTMLTag)" signature="(Lorg/eclipse/birt/chart/device/swing/ShapedAction;Lorg/eclipse/birt/chart/device/util/HTMLTag;)Z" type="org.eclipse.birt.chart.device.image.JavaxImageIOWriter"/>
        <reference linenumber="581" member="mouseMoved" origin="org.eclipse.birt.chart.device.swing.SwingEventHandler.mouseMoved(MouseEvent)" signature="(Ljava/awt/event/MouseEvent;)V" type="org.eclipse.birt.chart.device.swing.SwingEventHandler"/>
            <reference linenumber="563" member="mouseMoved" origin="org.eclipse.birt.chart.device.swing.SwingEventHandler.mouseMoved(MouseEvent)" signature="(Ljava/awt/event/MouseEvent;)V" type="org.eclipse.birt.chart.device.swing.SwingEventHandler"/>
        </reference_kind>
    </target>
<target member="ONKEYDOWN_LITERAL" name="org.eclipse.birt.chart.model.attribute.TriggerCondition.ONKEYDOWN_LITERAL" type="org.eclipse.birt.chart.model.attribute.TriggerCondition">
        <reference_kind flags="0" kind="2048" reference_kind_name="GETS_STATIC_FIELD">
            <reference linenumber="607" member="keyPressed" origin="org.eclipse.birt.chart.device.swing.SwingEventHandler.keyPressed(KeyEvent)" signature="(Ljava/awt/event/KeyEvent;)V" type="org.eclipse.birt.chart.device.swing.SwingEventHandler"/>
        </reference_kind>
    </target>
    <target member="ONKEYUP_LITERAL" name="org.eclipse.birt.chart.model.attribute.TriggerCondition.ONKEYUP_LITERAL" type="org.eclipse.birt.chart.model.attribute.TriggerCondition">
        <reference_kind flags="0" kind="2048" reference_kind_name="GETS_STATIC_FIELD">
            <reference linenumber="619" member="keyReleased" origin="org.eclipse.birt.chart.device.swing.SwingEventHandler.keyReleased(KeyEvent)" signature="(Ljava/awt/event/KeyEvent;)V" type="org.eclipse.birt.chart.device.swing.SwingEventHandler"/>
        </reference_kind>
    </target>
    <target member="CENTER_LITERAL" name="org.eclipse.birt.chart.model.attribute.VerticalAlignment.CENTER_LITERAL" type="org.eclipse.birt.chart.model.attribute.VerticalAlignment">
        <reference_kind flags="0" kind="2048" reference_kind_name="GETS_STATIC_FIELD">
            <reference linenumber="229" member="renderTextInBlock" origin="org.eclipse.birt.chart.device.swing.SwingTextRenderer.renderTextInBlock(IDeviceRenderer, Bounds, TextAlignment, Label)" signature="(Lorg/eclipse/birt/chart/device/IDeviceRenderer;Lorg/eclipse/birt/chart/model/attribute/Bounds;Lorg/eclipse/birt/chart/model/attribute/TextAlignment;Lorg/eclipse/birt/chart/model/component/Label;)V" type="org.eclipse.birt.chart.device.swing.SwingTextRenderer"/>
        <reference linenumber="241" member="renderTextInBlock" origin="org.eclipse.birt.chart.device.util.ChartTextRenderer.renderTextInBlock(IDeviceRenderer, Bounds, TextAlignment, Label)" signature="(Lorg/eclipse/birt/chart/device/IDeviceRenderer;Lorg/eclipse/birt/chart/model/attribute/Bounds;Lorg/eclipse/birt/chart/model/attribute/TextAlignment;Lorg/eclipse/birt/chart/model/component/Label;)V" type="org.eclipse.birt.chart.device.util.ChartTextRenderer"/>
        </reference_kind>
    </target>
    <target member="NULL_STRING" name="org.eclipse.birt.chart.computation.IConstants.NULL_STRING" type="org.eclipse.birt.chart.computation.IConstants">
        <reference_kind flags="0" kind="2048" reference_kind_name="GETS_STATIC_FIELD">
            <reference linenumber="143" member="reuse" origin="org.eclipse.birt.chart.device.swing.SwingTextMetrics.reuse(Label, double)" signature="(Lorg/eclipse/birt/chart/model/component/Label;D)V" type="org.eclipse.birt.chart.device.swing.SwingTextMetrics"/>
        <reference linenumber="133" member="reuse" origin="org.eclipse.birt.chart.device.util.ChartTextMetrics.reuse(Label, double)" signature="(Lorg/eclipse/birt/chart/model/component/Label;D)V" type="org.eclipse.birt.chart.device.util.ChartTextMetrics"/>
        </reference_kind>
    </target>
    <target member="MOUSE_HOVER_LITERAL" name="org.eclipse.birt.chart.model.attribute.TriggerCondition.MOUSE_HOVER_LITERAL" type="org.eclipse.birt.chart.model.attribute.TriggerCondition">
        <reference_kind flags="0" kind="2048" reference_kind_name="GETS_STATIC_FIELD">
            <reference linenumber="579" member="mouseMoved" origin="org.eclipse.birt.chart.device.swing.SwingEventHandler.mouseMoved(MouseEvent)" signature="(Ljava/awt/event/MouseEvent;)V" type="org.eclipse.birt.chart.device.swing.SwingEventHandler"/>
        </reference_kind>
    </target>
    <target member="ONMOUSEOUT_LITERAL" name="org.eclipse.birt.chart.model.attribute.TriggerCondition.ONMOUSEOUT_LITERAL" type="org.eclipse.birt.chart.model.attribute.TriggerCondition">
        <reference_kind flags="0" kind="2048" reference_kind_name="GETS_STATIC_FIELD">
            <reference linenumber="502" member="mouseExited" origin="org.eclipse.birt.chart.device.swing.SwingEventHandler.mouseExited(MouseEvent)" signature="(Ljava/awt/event/MouseEvent;)V" type="org.eclipse.birt.chart.device.swing.SwingEventHandler"/>
        </reference_kind>
    </target>
    <target member="ONMOUSEMOVE_LITERAL" name="org.eclipse.birt.chart.model.attribute.TriggerCondition.ONMOUSEMOVE_LITERAL" type="org.eclipse.birt.chart.model.attribute.TriggerCondition">
        <reference_kind flags="0" kind="2048" reference_kind_name="GETS_STATIC_FIELD">
            <reference linenumber="580" member="mouseMoved" origin="org.eclipse.birt.chart.device.swing.SwingEventHandler.mouseMoved(MouseEvent)" signature="(Ljava/awt/event/MouseEvent;)V" type="org.eclipse.birt.chart.device.swing.SwingEventHandler"/>
            <reference linenumber="564" member="mouseMoved" origin="org.eclipse.birt.chart.device.swing.SwingEventHandler.mouseMoved(MouseEvent)" signature="(Ljava/awt/event/MouseEvent;)V" type="org.eclipse.birt.chart.device.swing.SwingEventHandler"/>
        </reference_kind>
    </target>
    <target member="ONKEYPRESS_LITERAL" name="org.eclipse.birt.chart.model.attribute.TriggerCondition.ONKEYPRESS_LITERAL" type="org.eclipse.birt.chart.model.attribute.TriggerCondition">
        <reference_kind flags="0" kind="2048" reference_kind_name="GETS_STATIC_FIELD">
            <reference linenumber="620" member="keyReleased" origin="org.eclipse.birt.chart.device.swing.SwingEventHandler.keyReleased(KeyEvent)" signature="(Ljava/awt/event/KeyEvent;)V" type="org.eclipse.birt.chart.device.swing.SwingEventHandler"/>
        </reference_kind>
    </target>
    <target member="CENTER_LITERAL" name="org.eclipse.birt.chart.model.attribute.HorizontalAlignment.CENTER_LITERAL" type="org.eclipse.birt.chart.model.attribute.HorizontalAlignment">
        <reference_kind flags="0" kind="2048" reference_kind_name="GETS_STATIC_FIELD">
            <reference linenumber="228" member="renderTextInBlock" origin="org.eclipse.birt.chart.device.swing.SwingTextRenderer.renderTextInBlock(IDeviceRenderer, Bounds, TextAlignment, Label)" signature="(Lorg/eclipse/birt/chart/device/IDeviceRenderer;Lorg/eclipse/birt/chart/model/attribute/Bounds;Lorg/eclipse/birt/chart/model/attribute/TextAlignment;Lorg/eclipse/birt/chart/model/component/Label;)V" type="org.eclipse.birt.chart.device.swing.SwingTextRenderer"/>
        <reference linenumber="240" member="renderTextInBlock" origin="org.eclipse.birt.chart.device.util.ChartTextRenderer.renderTextInBlock(IDeviceRenderer, Bounds, TextAlignment, Label)" signature="(Lorg/eclipse/birt/chart/device/IDeviceRenderer;Lorg/eclipse/birt/chart/model/attribute/Bounds;Lorg/eclipse/birt/chart/model/attribute/TextAlignment;Lorg/eclipse/birt/chart/model/component/Label;)V" type="org.eclipse.birt.chart.device.util.ChartTextRenderer"/>
        </reference_kind>
    </target>
    <target member="INSIDE_LITERAL" name="org.eclipse.birt.chart.model.attribute.Position.INSIDE_LITERAL" type="org.eclipse.birt.chart.model.attribute.Position">
        <reference_kind flags="0" kind="2048" reference_kind_name="GETS_STATIC_FIELD">
            <reference linenumber="349" member="drawImage" origin="org.eclipse.birt.chart.device.swing.SwingRendererImpl.drawImage(ImageRenderEvent)" signature="(Lorg/eclipse/birt/chart/event/ImageRenderEvent;)V" type="org.eclipse.birt.chart.device.swing.SwingRendererImpl"/>
        </reference_kind>
    </target>
    <target member="HIGHLIGHT_LITERAL" name="org.eclipse.birt.chart.model.attribute.ActionType.HIGHLIGHT_LITERAL" type="org.eclipse.birt.chart.model.attribute.ActionType">
        <reference_kind flags="0" kind="2048" reference_kind_name="GETS_STATIC_FIELD">
            <reference linenumber="390" member="disableActions" origin="org.eclipse.birt.chart.device.swing.SwingEventHandler.disableActions(Set)" signature="(Ljava/util/Set;)V" type="org.eclipse.birt.chart.device.swing.SwingEventHandler"/>
            <reference linenumber="425" member="handleGraphicAction" origin="org.eclipse.birt.chart.device.swing.SwingEventHandler.handleGraphicAction(StructureSource, StructureSource, ActionType, boolean)" signature="(Lorg/eclipse/birt/chart/event/StructureSource;Lorg/eclipse/birt/chart/event/StructureSource;Lorg/eclipse/birt/chart/model/attribute/ActionType;Z)Lorg/eclipse/birt/chart/event/StructureSource;" type="org.eclipse.birt.chart.device.swing.SwingEventHandler"/>
            <reference linenumber="267" member="handleAction" origin="org.eclipse.birt.chart.device.swing.SwingEventHandler.handleAction(TriggerCondition[], ComponentEvent, boolean)" signature="([Lorg/eclipse/birt/chart/model/attribute/TriggerCondition;Ljava/awt/event/ComponentEvent;Z)V" type="org.eclipse.birt.chart.device.swing.SwingEventHandler"/>
        </reference_kind>
    </target>
    <target member="TOGGLE_DATA_POINT_VISIBILITY_LITERAL" name="org.eclipse.birt.chart.model.attribute.ActionType.TOGGLE_DATA_POINT_VISIBILITY_LITERAL" type="org.eclipse.birt.chart.model.attribute.ActionType">
        <reference_kind flags="0" kind="2048" reference_kind_name="GETS_STATIC_FIELD">
            <reference linenumber="398" member="disableActions" origin="org.eclipse.birt.chart.device.swing.SwingEventHandler.disableActions(Set)" signature="(Ljava/util/Set;)V" type="org.eclipse.birt.chart.device.swing.SwingEventHandler"/>
            <reference linenumber="256" member="handleAction" origin="org.eclipse.birt.chart.device.swing.SwingEventHandler.handleAction(TriggerCondition[], ComponentEvent, boolean)" signature="([Lorg/eclipse/birt/chart/model/attribute/TriggerCondition;Ljava/awt/event/ComponentEvent;Z)V" type="org.eclipse.birt.chart.device.swing.SwingEventHandler"/>
        </reference_kind>
    </target>
    <target member="_sxs" name="org.eclipse.birt.chart.device.TextRendererAdapter._sxs" type="org.eclipse.birt.chart.device.TextRendererAdapter">
        <reference_kind flags="0" kind="8192" reference_kind_name="GETS_FIELD">
            <reference linenumber="719" member="showRightValue" origin="org.eclipse.birt.chart.device.swing.SwingTextRenderer.showRightValue(IPrimitiveRenderer, Location, Label, int, boolean)" signature="(Lorg/eclipse/birt/chart/device/IPrimitiveRenderer;Lorg/eclipse/birt/chart/model/attribute/Location;Lorg/eclipse/birt/chart/model/component/Label;IZ)V" type="org.eclipse.birt.chart.device.swing.SwingTextRenderer"/>
            <reference linenumber="721" member="showRightValue" origin="org.eclipse.birt.chart.device.swing.SwingTextRenderer.showRightValue(IPrimitiveRenderer, Location, Label, int, boolean)" signature="(Lorg/eclipse/birt/chart/device/IPrimitiveRenderer;Lorg/eclipse/birt/chart/model/attribute/Location;Lorg/eclipse/birt/chart/model/component/Label;IZ)V" type="org.eclipse.birt.chart.device.swing.SwingTextRenderer"/>
            <reference linenumber="1827" member="showTopValue" origin="org.eclipse.birt.chart.device.swing.SwingTextRenderer.showTopValue(IPrimitiveRenderer, Location, Label, int, boolean)" signature="(Lorg/eclipse/birt/chart/device/IPrimitiveRenderer;Lorg/eclipse/birt/chart/model/attribute/Location;Lorg/eclipse/birt/chart/model/component/Label;IZ)V" type="org.eclipse.birt.chart.device.swing.SwingTextRenderer"/>
            <reference linenumber="501" member="showLeftValue" origin="org.eclipse.birt.chart.device.swing.SwingTextRenderer.showLeftValue(IPrimitiveRenderer, Location, Label, int, boolean)" signature="(Lorg/eclipse/birt/chart/device/IPrimitiveRenderer;Lorg/eclipse/birt/chart/model/attribute/Location;Lorg/eclipse/birt/chart/model/component/Label;IZ)V" type="org.eclipse.birt.chart.device.swing.SwingTextRenderer"/>
            <reference linenumber="715" member="showRightValue" origin="org.eclipse.birt.chart.device.swing.SwingTextRenderer.showRightValue(IPrimitiveRenderer, Location, Label, int, boolean)" signature="(Lorg/eclipse/birt/chart/device/IPrimitiveRenderer;Lorg/eclipse/birt/chart/model/attribute/Location;Lorg/eclipse/birt/chart/model/component/Label;IZ)V" type="org.eclipse.birt.chart.device.swing.SwingTextRenderer"/>
            <reference linenumber="1824" member="showTopValue" origin="org.eclipse.birt.chart.device.swing.SwingTextRenderer.showTopValue(IPrimitiveRenderer, Location, Label, int, boolean)" signature="(Lorg/eclipse/birt/chart/device/IPrimitiveRenderer;Lorg/eclipse/birt/chart/model/attribute/Location;Lorg/eclipse/birt/chart/model/component/Label;IZ)V" type="org.eclipse.birt.chart.device.swing.SwingTextRenderer"/>
            <reference linenumber="1404" member="showBottomValue" origin="org.eclipse.birt.chart.device.swing.SwingTextRenderer.showBottomValue(IPrimitiveRenderer, Location, Label, int, boolean)" signature="(Lorg/eclipse/birt/chart/device/IPrimitiveRenderer;Lorg/eclipse/birt/chart/model/attribute/Location;Lorg/eclipse/birt/chart/model/component/Label;IZ)V" type="org.eclipse.birt.chart.device.swing.SwingTextRenderer"/>
            <reference linenumber="849" member="showRightValue" origin="org.eclipse.birt.chart.device.swing.SwingTextRenderer.showRightValue(IPrimitiveRenderer, Location, Label, int, boolean)" signature="(Lorg/eclipse/birt/chart/device/IPrimitiveRenderer;Lorg/eclipse/birt/chart/model/attribute/Location;Lorg/eclipse/birt/chart/model/component/Label;IZ)V" type="org.eclipse.birt.chart.device.swing.SwingTextRenderer"/>
            <reference linenumber="846" member="showRightValue" origin="org.eclipse.birt.chart.device.swing.SwingTextRenderer.showRightValue(IPrimitiveRenderer, Location, Label, int, boolean)" signature="(Lorg/eclipse/birt/chart/device/IPrimitiveRenderer;Lorg/eclipse/birt/chart/model/attribute/Location;Lorg/eclipse/birt/chart/model/component/Label;IZ)V" type="org.eclipse.birt.chart.device.swing.SwingTextRenderer"/>
            <reference linenumber="2254" member="showCenterValue" origin="org.eclipse.birt.chart.device.swing.SwingTextRenderer.showCenterValue(IPrimitiveRenderer, Location, Label, boolean)" signature="(Lorg/eclipse/birt/chart/device/IPrimitiveRenderer;Lorg/eclipse/birt/chart/model/attribute/Location;Lorg/eclipse/birt/chart/model/component/Label;Z)V" type="org.eclipse.birt.chart.device.swing.SwingTextRenderer"/>
            <reference linenumber="211" member="renderTextInBlock" origin="org.eclipse.birt.chart.device.swing.SwingTextRenderer.renderTextInBlock(IDeviceRenderer, Bounds, TextAlignment, Label)" signature="(Lorg/eclipse/birt/chart/device/IDeviceRenderer;Lorg/eclipse/birt/chart/model/attribute/Bounds;Lorg/eclipse/birt/chart/model/attribute/TextAlignment;Lorg/eclipse/birt/chart/model/component/Label;)V" type="org.eclipse.birt.chart.device.swing.SwingTextRenderer"/>
            <reference linenumber="1263" member="showBottomValue" origin="org.eclipse.birt.chart.device.swing.SwingTextRenderer.showBottomValue(IPrimitiveRenderer, Location, Label, int, boolean)" signature="(Lorg/eclipse/birt/chart/device/IPrimitiveRenderer;Lorg/eclipse/birt/chart/model/attribute/Location;Lorg/eclipse/birt/chart/model/component/Label;IZ)V" type="org.eclipse.birt.chart.device.swing.SwingTextRenderer"/>
            <reference linenumber="1401" member="showBottomValue" origin="org.eclipse.birt.chart.device.swing.SwingTextRenderer.showBottomValue(IPrimitiveRenderer, Location, Label, int, boolean)" signature="(Lorg/eclipse/birt/chart/device/IPrimitiveRenderer;Lorg/eclipse/birt/chart/model/attribute/Location;Lorg/eclipse/birt/chart/model/component/Label;IZ)V" type="org.eclipse.birt.chart.device.swing.SwingTextRenderer"/>
            <reference linenumber="1266" member="showBottomValue" origin="org.eclipse.birt.chart.device.swing.SwingTextRenderer.showBottomValue(IPrimitiveRenderer, Location, Label, int, boolean)" signature="(Lorg/eclipse/birt/chart/device/IPrimitiveRenderer;Lorg/eclipse/birt/chart/model/attribute/Location;Lorg/eclipse/birt/chart/model/component/Label;IZ)V" type="org.eclipse.birt.chart.device.swing.SwingTextRenderer"/>
            <reference linenumber="504" member="showLeftValue" origin="org.eclipse.birt.chart.device.swing.SwingTextRenderer.showLeftValue(IPrimitiveRenderer, Location, Label, int, boolean)" signature="(Lorg/eclipse/birt/chart/device/IPrimitiveRenderer;Lorg/eclipse/birt/chart/model/attribute/Location;Lorg/eclipse/birt/chart/model/component/Label;IZ)V" type="org.eclipse.birt.chart.device.swing.SwingTextRenderer"/>
            <reference linenumber="989" member="showRightValue" origin="org.eclipse.birt.chart.device.swing.SwingTextRenderer.showRightValue(IPrimitiveRenderer, Location, Label, int, boolean)" signature="(Lorg/eclipse/birt/chart/device/IPrimitiveRenderer;Lorg/eclipse/birt/chart/model/attribute/Location;Lorg/eclipse/birt/chart/model/component/Label;IZ)V" type="org.eclipse.birt.chart.device.swing.SwingTextRenderer"/>
            <reference linenumber="1577" member="showTopValue" origin="org.eclipse.birt.chart.device.swing.SwingTextRenderer.showTopValue(IPrimitiveRenderer, Location, Label, int, boolean)" signature="(Lorg/eclipse/birt/chart/device/IPrimitiveRenderer;Lorg/eclipse/birt/chart/model/attribute/Location;Lorg/eclipse/birt/chart/model/component/Label;IZ)V" type="org.eclipse.birt.chart.device.swing.SwingTextRenderer"/>
            <reference linenumber="992" member="showRightValue" origin="org.eclipse.birt.chart.device.swing.SwingTextRenderer.showRightValue(IPrimitiveRenderer, Location, Label, int, boolean)" signature="(Lorg/eclipse/birt/chart/device/IPrimitiveRenderer;Lorg/eclipse/birt/chart/model/attribute/Location;Lorg/eclipse/birt/chart/model/component/Label;IZ)V" type="org.eclipse.birt.chart.device.swing.SwingTextRenderer"/>
            <reference linenumber="1576" member="showTopValue" origin="org.eclipse.birt.chart.device.swing.SwingTextRenderer.showTopValue(IPrimitiveRenderer, Location, Label, int, boolean)" signature="(Lorg/eclipse/birt/chart/device/IPrimitiveRenderer;Lorg/eclipse/birt/chart/model/attribute/Location;Lorg/eclipse/birt/chart/model/component/Label;IZ)V" type="org.eclipse.birt.chart.device.swing.SwingTextRenderer"/>
            <reference linenumber="2251" member="showCenterValue" origin="org.eclipse.birt.chart.device.swing.SwingTextRenderer.showCenterValue(IPrimitiveRenderer, Location, Label, boolean)" signature="(Lorg/eclipse/birt/chart/device/IPrimitiveRenderer;Lorg/eclipse/birt/chart/model/attribute/Location;Lorg/eclipse/birt/chart/model/component/Label;Z)V" type="org.eclipse.birt.chart.device.swing.SwingTextRenderer"/>
            <reference linenumber="639" member="showLeftValue" origin="org.eclipse.birt.chart.device.swing.SwingTextRenderer.showLeftValue(IPrimitiveRenderer, Location, Label, int, boolean)" signature="(Lorg/eclipse/birt/chart/device/IPrimitiveRenderer;Lorg/eclipse/birt/chart/model/attribute/Location;Lorg/eclipse/birt/chart/model/component/Label;IZ)V" type="org.eclipse.birt.chart.device.swing.SwingTextRenderer"/>
            <reference linenumber="1748" member="showTopValue" origin="org.eclipse.birt.chart.device.swing.SwingTextRenderer.showTopValue(IPrimitiveRenderer, Location, Label, int, boolean)" signature="(Lorg/eclipse/birt/chart/device/IPrimitiveRenderer;Lorg/eclipse/birt/chart/model/attribute/Location;Lorg/eclipse/birt/chart/model/component/Label;IZ)V" type="org.eclipse.birt.chart.device.swing.SwingTextRenderer"/>
            <reference linenumber="292" member="showLeftValue" origin="org.eclipse.birt.chart.device.swing.SwingTextRenderer.showLeftValue(IPrimitiveRenderer, Location, Label, int, boolean)" signature="(Lorg/eclipse/birt/chart/device/IPrimitiveRenderer;Lorg/eclipse/birt/chart/model/attribute/Location;Lorg/eclipse/birt/chart/model/component/Label;IZ)V" type="org.eclipse.birt.chart.device.swing.SwingTextRenderer"/>
            <reference linenumber="642" member="showLeftValue" origin="org.eclipse.birt.chart.device.swing.SwingTextRenderer.showLeftValue(IPrimitiveRenderer, Location, Label, int, boolean)" signature="(Lorg/eclipse/birt/chart/device/IPrimitiveRenderer;Lorg/eclipse/birt/chart/model/attribute/Location;Lorg/eclipse/birt/chart/model/component/Label;IZ)V" type="org.eclipse.birt.chart.device.swing.SwingTextRenderer"/>
            <reference linenumber="740" member="showRightValue" origin="org.eclipse.birt.chart.device.swing.SwingTextRenderer.showRightValue(IPrimitiveRenderer, Location, Label, int, boolean)" signature="(Lorg/eclipse/birt/chart/device/IPrimitiveRenderer;Lorg/eclipse/birt/chart/model/attribute/Location;Lorg/eclipse/birt/chart/model/component/Label;IZ)V" type="org.eclipse.birt.chart.device.swing.SwingTextRenderer"/>
            <reference linenumber="1745" member="showTopValue" origin="org.eclipse.birt.chart.device.swing.SwingTextRenderer.showTopValue(IPrimitiveRenderer, Location, Label, int, boolean)" signature="(Lorg/eclipse/birt/chart/device/IPrimitiveRenderer;Lorg/eclipse/birt/chart/model/attribute/Location;Lorg/eclipse/birt/chart/model/component/Label;IZ)V" type="org.eclipse.birt.chart.device.swing.SwingTextRenderer"/>
            <reference linenumber="739" member="showRightValue" origin="org.eclipse.birt.chart.device.swing.SwingTextRenderer.showRightValue(IPrimitiveRenderer, Location, Label, int, boolean)" signature="(Lorg/eclipse/birt/chart/device/IPrimitiveRenderer;Lorg/eclipse/birt/chart/model/attribute/Location;Lorg/eclipse/birt/chart/model/component/Label;IZ)V" type="org.eclipse.birt.chart.device.swing.SwingTextRenderer"/>
            <reference linenumber="91" member="renderShadowAtLocation" origin="org.eclipse.birt.chart.device.swing.SwingTextRenderer.renderShadowAtLocation(IPrimitiveRenderer, int, Location, Label)" signature="(Lorg/eclipse/birt/chart/device/IPrimitiveRenderer;ILorg/eclipse/birt/chart/model/attribute/Location;Lorg/eclipse/birt/chart/model/component/Label;)V" type="org.eclipse.birt.chart.device.swing.SwingTextRenderer"/>
            <reference linenumber="768" member="showRightValue" origin="org.eclipse.birt.chart.device.swing.SwingTextRenderer.showRightValue(IPrimitiveRenderer, Location, Label, int, boolean)" signature="(Lorg/eclipse/birt/chart/device/IPrimitiveRenderer;Lorg/eclipse/birt/chart/model/attribute/Location;Lorg/eclipse/birt/chart/model/component/Label;IZ)V" type="org.eclipse.birt.chart.device.swing.SwingTextRenderer"/>
            <reference linenumber="1603" member="showTopValue" origin="org.eclipse.birt.chart.device.swing.SwingTextRenderer.showTopValue(IPrimitiveRenderer, Location, Label, int, boolean)" signature="(Lorg/eclipse/birt/chart/device/IPrimitiveRenderer;Lorg/eclipse/birt/chart/model/attribute/Location;Lorg/eclipse/birt/chart/model/component/Label;IZ)V" type="org.eclipse.birt.chart.device.swing.SwingTextRenderer"/>
            <reference linenumber="1600" member="showTopValue" origin="org.eclipse.birt.chart.device.swing.SwingTextRenderer.showTopValue(IPrimitiveRenderer, Location, Label, int, boolean)" signature="(Lorg/eclipse/birt/chart/device/IPrimitiveRenderer;Lorg/eclipse/birt/chart/model/attribute/Location;Lorg/eclipse/birt/chart/model/component/Label;IZ)V" type="org.eclipse.birt.chart.device.swing.SwingTextRenderer"/>
            <reference linenumber="2038" member="showCenterValue" origin="org.eclipse.birt.chart.device.swing.SwingTextRenderer.showCenterValue(IPrimitiveRenderer, Location, Label, boolean)" signature="(Lorg/eclipse/birt/chart/device/IPrimitiveRenderer;Lorg/eclipse/birt/chart/model/attribute/Location;Lorg/eclipse/birt/chart/model/component/Label;Z)V" type="org.eclipse.birt.chart.device.swing.SwingTextRenderer"/>
            <reference linenumber="422" member="showLeftValue" origin="org.eclipse.birt.chart.device.swing.SwingTextRenderer.showLeftValue(IPrimitiveRenderer, Location, Label, int, boolean)" signature="(Lorg/eclipse/birt/chart/device/IPrimitiveRenderer;Lorg/eclipse/birt/chart/model/attribute/Location;Lorg/eclipse/birt/chart/model/component/Label;IZ)V" type="org.eclipse.birt.chart.device.swing.SwingTextRenderer"/>
            <reference linenumber="95" member="renderShadowAtLocation" origin="org.eclipse.birt.chart.device.swing.SwingTextRenderer.renderShadowAtLocation(IPrimitiveRenderer, int, Location, Label)" signature="(Lorg/eclipse/birt/chart/device/IPrimitiveRenderer;ILorg/eclipse/birt/chart/model/attribute/Location;Lorg/eclipse/birt/chart/model/component/Label;)V" type="org.eclipse.birt.chart.device.swing.SwingTextRenderer"/>
            <reference linenumber="302" member="showLeftValue" origin="org.eclipse.birt.chart.device.swing.SwingTextRenderer.showLeftValue(IPrimitiveRenderer, Location, Label, int, boolean)" signature="(Lorg/eclipse/birt/chart/device/IPrimitiveRenderer;Lorg/eclipse/birt/chart/model/attribute/Location;Lorg/eclipse/birt/chart/model/component/Label;IZ)V" type="org.eclipse.birt.chart.device.swing.SwingTextRenderer"/>
            <reference linenumber="296" member="showLeftValue" origin="org.eclipse.birt.chart.device.swing.SwingTextRenderer.showLeftValue(IPrimitiveRenderer, Location, Label, int, boolean)" signature="(Lorg/eclipse/birt/chart/device/IPrimitiveRenderer;Lorg/eclipse/birt/chart/model/attribute/Location;Lorg/eclipse/birt/chart/model/component/Label;IZ)V" type="org.eclipse.birt.chart.device.swing.SwingTextRenderer"/>
            <reference linenumber="771" member="showRightValue" origin="org.eclipse.birt.chart.device.swing.SwingTextRenderer.showRightValue(IPrimitiveRenderer, Location, Label, int, boolean)" signature="(Lorg/eclipse/birt/chart/device/IPrimitiveRenderer;Lorg/eclipse/birt/chart/model/attribute/Location;Lorg/eclipse/birt/chart/model/component/Label;IZ)V" type="org.eclipse.birt.chart.device.swing.SwingTextRenderer"/>
            <reference linenumber="1897" member="showTopValue" origin="org.eclipse.birt.chart.device.swing.SwingTextRenderer.showTopValue(IPrimitiveRenderer, Location, Label, int, boolean)" signature="(Lorg/eclipse/birt/chart/device/IPrimitiveRenderer;Lorg/eclipse/birt/chart/model/attribute/Location;Lorg/eclipse/birt/chart/model/component/Label;IZ)V" type="org.eclipse.birt.chart.device.swing.SwingTextRenderer"/>
            <reference linenumber="2035" member="showCenterValue" origin="org.eclipse.birt.chart.device.swing.SwingTextRenderer.showCenterValue(IPrimitiveRenderer, Location, Label, boolean)" signature="(Lorg/eclipse/birt/chart/device/IPrimitiveRenderer;Lorg/eclipse/birt/chart/model/attribute/Location;Lorg/eclipse/birt/chart/model/component/Label;Z)V" type="org.eclipse.birt.chart.device.swing.SwingTextRenderer"/>
            <reference linenumber="425" member="showLeftValue" origin="org.eclipse.birt.chart.device.swing.SwingTextRenderer.showLeftValue(IPrimitiveRenderer, Location, Label, int, boolean)" signature="(Lorg/eclipse/birt/chart/device/IPrimitiveRenderer;Lorg/eclipse/birt/chart/model/attribute/Location;Lorg/eclipse/birt/chart/model/component/Label;IZ)V" type="org.eclipse.birt.chart.device.swing.SwingTextRenderer"/>
            <reference linenumber="317" member="showLeftValue" origin="org.eclipse.birt.chart.device.swing.SwingTextRenderer.showLeftValue(IPrimitiveRenderer, Location, Label, int, boolean)" signature="(Lorg/eclipse/birt/chart/device/IPrimitiveRenderer;Lorg/eclipse/birt/chart/model/attribute/Location;Lorg/eclipse/birt/chart/model/component/Label;IZ)V" type="org.eclipse.birt.chart.device.swing.SwingTextRenderer"/>
            <reference linenumber="1475" member="showBottomValue" origin="org.eclipse.birt.chart.device.swing.SwingTextRenderer.showBottomValue(IPrimitiveRenderer, Location, Label, int, boolean)" signature="(Lorg/eclipse/birt/chart/device/IPrimitiveRenderer;Lorg/eclipse/birt/chart/model/attribute/Location;Lorg/eclipse/birt/chart/model/component/Label;IZ)V" type="org.eclipse.birt.chart.device.swing.SwingTextRenderer"/>
            <reference linenumber="316" member="showLeftValue" origin="org.eclipse.birt.chart.device.swing.SwingTextRenderer.showLeftValue(IPrimitiveRenderer, Location, Label, int, boolean)" signature="(Lorg/eclipse/birt/chart/device/IPrimitiveRenderer;Lorg/eclipse/birt/chart/model/attribute/Location;Lorg/eclipse/birt/chart/model/component/Label;IZ)V" type="org.eclipse.birt.chart.device.swing.SwingTextRenderer"/>
            <reference linenumber="2010" member="showCenterValue" origin="org.eclipse.birt.chart.device.swing.SwingTextRenderer.showCenterValue(IPrimitiveRenderer, Location, Label, boolean)" signature="(Lorg/eclipse/birt/chart/device/IPrimitiveRenderer;Lorg/eclipse/birt/chart/model/attribute/Location;Lorg/eclipse/birt/chart/model/component/Label;Z)V" type="org.eclipse.birt.chart.device.swing.SwingTextRenderer"/>
            <reference linenumber="1558" member="showTopValue" origin="org.eclipse.birt.chart.device.swing.SwingTextRenderer.showTopValue(IPrimitiveRenderer, Location, Label, int, boolean)" signature="(Lorg/eclipse/birt/chart/device/IPrimitiveRenderer;Lorg/eclipse/birt/chart/model/attribute/Location;Lorg/eclipse/birt/chart/model/component/Label;IZ)V" type="org.eclipse.birt.chart.device.swing.SwingTextRenderer"/>
            <reference linenumber="917" member="showRightValue" origin="org.eclipse.birt.chart.device.swing.SwingTextRenderer.showRightValue(IPrimitiveRenderer, Location, Label, int, boolean)" signature="(Lorg/eclipse/birt/chart/device/IPrimitiveRenderer;Lorg/eclipse/birt/chart/model/attribute/Location;Lorg/eclipse/birt/chart/model/component/Label;IZ)V" type="org.eclipse.birt.chart.device.swing.SwingTextRenderer"/>
            <reference linenumber="2009" member="showCenterValue" origin="org.eclipse.birt.chart.device.swing.SwingTextRenderer.showCenterValue(IPrimitiveRenderer, Location, Label, boolean)" signature="(Lorg/eclipse/birt/chart/device/IPrimitiveRenderer;Lorg/eclipse/birt/chart/model/attribute/Location;Lorg/eclipse/birt/chart/model/component/Label;Z)V" type="org.eclipse.birt.chart.device.swing.SwingTextRenderer"/>
            <reference linenumber="1333" member="showBottomValue" origin="org.eclipse.birt.chart.device.swing.SwingTextRenderer.showBottomValue(IPrimitiveRenderer, Location, Label, int, boolean)" signature="(Lorg/eclipse/birt/chart/device/IPrimitiveRenderer;Lorg/eclipse/birt/chart/model/attribute/Location;Lorg/eclipse/birt/chart/model/component/Label;IZ)V" type="org.eclipse.birt.chart.device.swing.SwingTextRenderer"/>
            <reference linenumber="920" member="showRightValue" origin="org.eclipse.birt.chart.device.swing.SwingTextRenderer.showRightValue(IPrimitiveRenderer, Location, Label, int, boolean)" signature="(Lorg/eclipse/birt/chart/device/IPrimitiveRenderer;Lorg/eclipse/birt/chart/model/attribute/Location;Lorg/eclipse/birt/chart/model/component/Label;IZ)V" type="org.eclipse.birt.chart.device.swing.SwingTextRenderer"/>
            <reference linenumber="1900" member="showTopValue" origin="org.eclipse.birt.chart.device.swing.SwingTextRenderer.showTopValue(IPrimitiveRenderer, Location, Label, int, boolean)" signature="(Lorg/eclipse/birt/chart/device/IPrimitiveRenderer;Lorg/eclipse/birt/chart/model/attribute/Location;Lorg/eclipse/birt/chart/model/component/Label;IZ)V" type="org.eclipse.birt.chart.device.swing.SwingTextRenderer"/>
            <reference linenumber="2411" member="renderOutline" origin="org.eclipse.birt.chart.device.swing.SwingTextRenderer.renderOutline(IPrimitiveRenderer, LineAttributes, Rectangle2DDouble)" signature="(Lorg/eclipse/birt/chart/device/IPrimitiveRenderer;Lorg/eclipse/birt/chart/model/attribute/LineAttributes;Ljava/awt/geom/Rectangle2D$Double;)V" type="org.eclipse.birt.chart.device.swing.SwingTextRenderer"/>
            <reference linenumber="1562" member="showTopValue" origin="org.eclipse.birt.chart.device.swing.SwingTextRenderer.showTopValue(IPrimitiveRenderer, Location, Label, int, boolean)" signature="(Lorg/eclipse/birt/chart/device/IPrimitiveRenderer;Lorg/eclipse/birt/chart/model/attribute/Location;Lorg/eclipse/birt/chart/model/component/Label;IZ)V" type="org.eclipse.birt.chart.device.swing.SwingTextRenderer"/>
            <reference linenumber="2323" member="showCenterValue" origin="org.eclipse.birt.chart.device.swing.SwingTextRenderer.showCenterValue(IPrimitiveRenderer, Location, Label, boolean)" signature="(Lorg/eclipse/birt/chart/device/IPrimitiveRenderer;Lorg/eclipse/birt/chart/model/attribute/Location;Lorg/eclipse/birt/chart/model/component/Label;Z)V" type="org.eclipse.birt.chart.device.swing.SwingTextRenderer"/>
            <reference linenumber="1330" member="showBottomValue" origin="org.eclipse.birt.chart.device.swing.SwingTextRenderer.showBottomValue(IPrimitiveRenderer, Location, Label, int, boolean)" signature="(Lorg/eclipse/birt/chart/device/IPrimitiveRenderer;Lorg/eclipse/birt/chart/model/attribute/Location;Lorg/eclipse/birt/chart/model/component/Label;IZ)V" type="org.eclipse.birt.chart.device.swing.SwingTextRenderer"/>
            <reference linenumber="1553" member="showTopValue" origin="org.eclipse.birt.chart.device.swing.SwingTextRenderer.showTopValue(IPrimitiveRenderer, Location, Label, int, boolean)" signature="(Lorg/eclipse/birt/chart/device/IPrimitiveRenderer;Lorg/eclipse/birt/chart/model/attribute/Location;Lorg/eclipse/birt/chart/model/component/Label;IZ)V" type="org.eclipse.birt.chart.device.swing.SwingTextRenderer"/>
            <reference linenumber="2185" member="showCenterValue" origin="org.eclipse.birt.chart.device.swing.SwingTextRenderer.showCenterValue(IPrimitiveRenderer, Location, Label, boolean)" signature="(Lorg/eclipse/birt/chart/device/IPrimitiveRenderer;Lorg/eclipse/birt/chart/model/attribute/Location;Lorg/eclipse/birt/chart/model/component/Label;Z)V" type="org.eclipse.birt.chart.device.swing.SwingTextRenderer"/>
            <reference linenumber="2320" member="showCenterValue" origin="org.eclipse.birt.chart.device.swing.SwingTextRenderer.showCenterValue(IPrimitiveRenderer, Location, Label, boolean)" signature="(Lorg/eclipse/birt/chart/device/IPrimitiveRenderer;Lorg/eclipse/birt/chart/model/attribute/Location;Lorg/eclipse/birt/chart/model/component/Label;Z)V" type="org.eclipse.birt.chart.device.swing.SwingTextRenderer"/>
            <reference linenumber="1478" member="showBottomValue" origin="org.eclipse.birt.chart.device.swing.SwingTextRenderer.showBottomValue(IPrimitiveRenderer, Location, Label, int, boolean)" signature="(Lorg/eclipse/birt/chart/device/IPrimitiveRenderer;Lorg/eclipse/birt/chart/model/attribute/Location;Lorg/eclipse/birt/chart/model/component/Label;IZ)V" type="org.eclipse.birt.chart.device.swing.SwingTextRenderer"/>
            <reference linenumber="2182" member="showCenterValue" origin="org.eclipse.birt.chart.device.swing.SwingTextRenderer.showCenterValue(IPrimitiveRenderer, Location, Label, boolean)" signature="(Lorg/eclipse/birt/chart/device/IPrimitiveRenderer;Lorg/eclipse/birt/chart/model/attribute/Location;Lorg/eclipse/birt/chart/model/component/Label;Z)V" type="org.eclipse.birt.chart.device.swing.SwingTextRenderer"/>
            <reference linenumber="570" member="showLeftValue" origin="org.eclipse.birt.chart.device.swing.SwingTextRenderer.showLeftValue(IPrimitiveRenderer, Location, Label, int, boolean)" signature="(Lorg/eclipse/birt/chart/device/IPrimitiveRenderer;Lorg/eclipse/birt/chart/model/attribute/Location;Lorg/eclipse/birt/chart/model/component/Label;IZ)V" type="org.eclipse.birt.chart.device.swing.SwingTextRenderer"/>
            <reference linenumber="1186" member="showBottomValue" origin="org.eclipse.birt.chart.device.swing.SwingTextRenderer.showBottomValue(IPrimitiveRenderer, Location, Label, int, boolean)" signature="(Lorg/eclipse/birt/chart/device/IPrimitiveRenderer;Lorg/eclipse/birt/chart/model/attribute/Location;Lorg/eclipse/birt/chart/model/component/Label;IZ)V" type="org.eclipse.birt.chart.device.swing.SwingTextRenderer"/>
            <reference linenumber="143" member="renderTextAtLocation" origin="org.eclipse.birt.chart.device.swing.SwingTextRenderer.renderTextAtLocation(IPrimitiveRenderer, int, Location, Label)" signature="(Lorg/eclipse/birt/chart/device/IPrimitiveRenderer;ILorg/eclipse/birt/chart/model/attribute/Location;Lorg/eclipse/birt/chart/model/component/Label;)V" type="org.eclipse.birt.chart.device.swing.SwingTextRenderer"/>
            <reference linenumber="1064" member="showRightValue" origin="org.eclipse.birt.chart.device.swing.SwingTextRenderer.showRightValue(IPrimitiveRenderer, Location, Label, int, boolean)" signature="(Lorg/eclipse/birt/chart/device/IPrimitiveRenderer;Lorg/eclipse/birt/chart/model/attribute/Location;Lorg/eclipse/birt/chart/model/component/Label;IZ)V" type="org.eclipse.birt.chart.device.swing.SwingTextRenderer"/>
            <reference linenumber="1997" member="showCenterValue" origin="org.eclipse.birt.chart.device.swing.SwingTextRenderer.showCenterValue(IPrimitiveRenderer, Location, Label, boolean)" signature="(Lorg/eclipse/birt/chart/device/IPrimitiveRenderer;Lorg/eclipse/birt/chart/model/attribute/Location;Lorg/eclipse/birt/chart/model/component/Label;Z)V" type="org.eclipse.birt.chart.device.swing.SwingTextRenderer"/>
            <reference linenumber="1061" member="showRightValue" origin="org.eclipse.birt.chart.device.swing.SwingTextRenderer.showRightValue(IPrimitiveRenderer, Location, Label, int, boolean)" signature="(Lorg/eclipse/birt/chart/device/IPrimitiveRenderer;Lorg/eclipse/birt/chart/model/attribute/Location;Lorg/eclipse/birt/chart/model/component/Label;IZ)V" type="org.eclipse.birt.chart.device.swing.SwingTextRenderer"/>
            <reference linenumber="1991" member="showCenterValue" origin="org.eclipse.birt.chart.device.swing.SwingTextRenderer.showCenterValue(IPrimitiveRenderer, Location, Label, boolean)" signature="(Lorg/eclipse/birt/chart/device/IPrimitiveRenderer;Lorg/eclipse/birt/chart/model/attribute/Location;Lorg/eclipse/birt/chart/model/component/Label;Z)V" type="org.eclipse.birt.chart.device.swing.SwingTextRenderer"/>
            <reference linenumber="139" member="renderTextAtLocation" origin="org.eclipse.birt.chart.device.swing.SwingTextRenderer.renderTextAtLocation(IPrimitiveRenderer, int, Location, Label)" signature="(Lorg/eclipse/birt/chart/device/IPrimitiveRenderer;ILorg/eclipse/birt/chart/model/attribute/Location;Lorg/eclipse/birt/chart/model/component/Label;)V" type="org.eclipse.birt.chart.device.swing.SwingTextRenderer"/>
            <reference linenumber="1676" member="showTopValue" origin="org.eclipse.birt.chart.device.swing.SwingTextRenderer.showTopValue(IPrimitiveRenderer, Location, Label, int, boolean)" signature="(Lorg/eclipse/birt/chart/device/IPrimitiveRenderer;Lorg/eclipse/birt/chart/model/attribute/Location;Lorg/eclipse/birt/chart/model/component/Label;IZ)V" type="org.eclipse.birt.chart.device.swing.SwingTextRenderer"/>
            <reference linenumber="573" member="showLeftValue" origin="org.eclipse.birt.chart.device.swing.SwingTextRenderer.showLeftValue(IPrimitiveRenderer, Location, Label, int, boolean)" signature="(Lorg/eclipse/birt/chart/device/IPrimitiveRenderer;Lorg/eclipse/birt/chart/model/attribute/Location;Lorg/eclipse/birt/chart/model/component/Label;IZ)V" type="org.eclipse.birt.chart.device.swing.SwingTextRenderer"/>
            <reference linenumber="342" member="showLeftValue" origin="org.eclipse.birt.chart.device.swing.SwingTextRenderer.showLeftValue(IPrimitiveRenderer, Location, Label, int, boolean)" signature="(Lorg/eclipse/birt/chart/device/IPrimitiveRenderer;Lorg/eclipse/birt/chart/model/attribute/Location;Lorg/eclipse/birt/chart/model/component/Label;IZ)V" type="org.eclipse.birt.chart.device.swing.SwingTextRenderer"/>
            <reference linenumber="1160" member="showBottomValue" origin="org.eclipse.birt.chart.device.swing.SwingTextRenderer.showBottomValue(IPrimitiveRenderer, Location, Label, int, boolean)" signature="(Lorg/eclipse/birt/chart/device/IPrimitiveRenderer;Lorg/eclipse/birt/chart/model/attribute/Location;Lorg/eclipse/birt/chart/model/component/Label;IZ)V" type="org.eclipse.birt.chart.device.swing.SwingTextRenderer"/>
            <reference linenumber="1159" member="showBottomValue" origin="org.eclipse.birt.chart.device.swing.SwingTextRenderer.showBottomValue(IPrimitiveRenderer, Location, Label, int, boolean)" signature="(Lorg/eclipse/birt/chart/device/IPrimitiveRenderer;Lorg/eclipse/birt/chart/model/attribute/Location;Lorg/eclipse/birt/chart/model/component/Label;IZ)V" type="org.eclipse.birt.chart.device.swing.SwingTextRenderer"/>
            <reference linenumber="1189" member="showBottomValue" origin="org.eclipse.birt.chart.device.swing.SwingTextRenderer.showBottomValue(IPrimitiveRenderer, Location, Label, int, boolean)" signature="(Lorg/eclipse/birt/chart/device/IPrimitiveRenderer;Lorg/eclipse/birt/chart/model/attribute/Location;Lorg/eclipse/birt/chart/model/component/Label;IZ)V" type="org.eclipse.birt.chart.device.swing.SwingTextRenderer"/>
            <reference linenumber="1137" member="showBottomValue" origin="org.eclipse.birt.chart.device.swing.SwingTextRenderer.showBottomValue(IPrimitiveRenderer, Location, Label, int, boolean)" signature="(Lorg/eclipse/birt/chart/device/IPrimitiveRenderer;Lorg/eclipse/birt/chart/model/attribute/Location;Lorg/eclipse/birt/chart/model/component/Label;IZ)V" type="org.eclipse.birt.chart.device.swing.SwingTextRenderer"/>
            <reference linenumber="345" member="showLeftValue" origin="org.eclipse.birt.chart.device.swing.SwingTextRenderer.showLeftValue(IPrimitiveRenderer, Location, Label, int, boolean)" signature="(Lorg/eclipse/birt/chart/device/IPrimitiveRenderer;Lorg/eclipse/birt/chart/model/attribute/Location;Lorg/eclipse/birt/chart/model/component/Label;IZ)V" type="org.eclipse.birt.chart.device.swing.SwingTextRenderer"/>
            <reference linenumber="2112" member="showCenterValue" origin="org.eclipse.birt.chart.device.swing.SwingTextRenderer.showCenterValue(IPrimitiveRenderer, Location, Label, boolean)" signature="(Lorg/eclipse/birt/chart/device/IPrimitiveRenderer;Lorg/eclipse/birt/chart/model/attribute/Location;Lorg/eclipse/birt/chart/model/component/Label;Z)V" type="org.eclipse.birt.chart.device.swing.SwingTextRenderer"/>
            <reference linenumber="1987" member="showCenterValue" origin="org.eclipse.birt.chart.device.swing.SwingTextRenderer.showCenterValue(IPrimitiveRenderer, Location, Label, boolean)" signature="(Lorg/eclipse/birt/chart/device/IPrimitiveRenderer;Lorg/eclipse/birt/chart/model/attribute/Location;Lorg/eclipse/birt/chart/model/component/Label;Z)V" type="org.eclipse.birt.chart.device.swing.SwingTextRenderer"/>
            <reference linenumber="1673" member="showTopValue" origin="org.eclipse.birt.chart.device.swing.SwingTextRenderer.showTopValue(IPrimitiveRenderer, Location, Label, int, boolean)" signature="(Lorg/eclipse/birt/chart/device/IPrimitiveRenderer;Lorg/eclipse/birt/chart/model/attribute/Location;Lorg/eclipse/birt/chart/model/component/Label;IZ)V" type="org.eclipse.birt.chart.device.swing.SwingTextRenderer"/>
            <reference linenumber="1145" member="showBottomValue" origin="org.eclipse.birt.chart.device.swing.SwingTextRenderer.showBottomValue(IPrimitiveRenderer, Location, Label, int, boolean)" signature="(Lorg/eclipse/birt/chart/device/IPrimitiveRenderer;Lorg/eclipse/birt/chart/model/attribute/Location;Lorg/eclipse/birt/chart/model/component/Label;IZ)V" type="org.eclipse.birt.chart.device.swing.SwingTextRenderer"/>
            <reference linenumber="2109" member="showCenterValue" origin="org.eclipse.birt.chart.device.swing.SwingTextRenderer.showCenterValue(IPrimitiveRenderer, Location, Label, boolean)" signature="(Lorg/eclipse/birt/chart/device/IPrimitiveRenderer;Lorg/eclipse/birt/chart/model/attribute/Location;Lorg/eclipse/birt/chart/model/component/Label;Z)V" type="org.eclipse.birt.chart.device.swing.SwingTextRenderer"/>
            <reference linenumber="1141" member="showBottomValue" origin="org.eclipse.birt.chart.device.swing.SwingTextRenderer.showBottomValue(IPrimitiveRenderer, Location, Label, int, boolean)" signature="(Lorg/eclipse/birt/chart/device/IPrimitiveRenderer;Lorg/eclipse/birt/chart/model/attribute/Location;Lorg/eclipse/birt/chart/model/component/Label;IZ)V" type="org.eclipse.birt.chart.device.swing.SwingTextRenderer"/>
        <reference linenumber="2027" member="showTopValue" origin="org.eclipse.birt.chart.device.util.ChartTextRenderer.showTopValue(IPrimitiveRenderer, Location, Label, int, boolean)" signature="(Lorg/eclipse/birt/chart/device/IPrimitiveRenderer;Lorg/eclipse/birt/chart/model/attribute/Location;Lorg/eclipse/birt/chart/model/component/Label;IZ)V" type="org.eclipse.birt.chart.device.util.ChartTextRenderer"/>
            <reference linenumber="2583" member="renderOutline" origin="org.eclipse.birt.chart.device.util.ChartTextRenderer.renderOutline(IPrimitiveRenderer, LineAttributes, Rectangle2DDouble)" signature="(Lorg/eclipse/birt/chart/device/IPrimitiveRenderer;Lorg/eclipse/birt/chart/model/attribute/LineAttributes;Ljava/awt/geom/Rectangle2D$Double;)V" type="org.eclipse.birt.chart.device.util.ChartTextRenderer"/>
            <reference linenumber="1344" member="showBottomValue" origin="org.eclipse.birt.chart.device.util.ChartTextRenderer.showBottomValue(IPrimitiveRenderer, Location, Label, int, boolean)" signature="(Lorg/eclipse/birt/chart/device/IPrimitiveRenderer;Lorg/eclipse/birt/chart/model/attribute/Location;Lorg/eclipse/birt/chart/model/component/Label;IZ)V" type="org.eclipse.birt.chart.device.util.ChartTextRenderer"/>
            <reference linenumber="2172" member="showCenterValue" origin="org.eclipse.birt.chart.device.util.ChartTextRenderer.showCenterValue(IPrimitiveRenderer, Location, Label, boolean)" signature="(Lorg/eclipse/birt/chart/device/IPrimitiveRenderer;Lorg/eclipse/birt/chart/model/attribute/Location;Lorg/eclipse/birt/chart/model/component/Label;Z)V" type="org.eclipse.birt.chart.device.util.ChartTextRenderer"/>
            <reference linenumber="337" member="showLeftValue" origin="org.eclipse.birt.chart.device.util.ChartTextRenderer.showLeftValue(IPrimitiveRenderer, Location, Label, int, boolean)" signature="(Lorg/eclipse/birt/chart/device/IPrimitiveRenderer;Lorg/eclipse/birt/chart/model/attribute/Location;Lorg/eclipse/birt/chart/model/component/Label;IZ)V" type="org.eclipse.birt.chart.device.util.ChartTextRenderer"/>
            <reference linenumber="1485" member="showBottomValue" origin="org.eclipse.birt.chart.device.util.ChartTextRenderer.showBottomValue(IPrimitiveRenderer, Location, Label, int, boolean)" signature="(Lorg/eclipse/birt/chart/device/IPrimitiveRenderer;Lorg/eclipse/birt/chart/model/attribute/Location;Lorg/eclipse/birt/chart/model/component/Label;IZ)V" type="org.eclipse.birt.chart.device.util.ChartTextRenderer"/>
            <reference linenumber="2177" member="showCenterValue" origin="org.eclipse.birt.chart.device.util.ChartTextRenderer.showCenterValue(IPrimitiveRenderer, Location, Label, boolean)" signature="(Lorg/eclipse/birt/chart/device/IPrimitiveRenderer;Lorg/eclipse/birt/chart/model/attribute/Location;Lorg/eclipse/birt/chart/model/component/Label;Z)V" type="org.eclipse.birt.chart.device.util.ChartTextRenderer"/>
            <reference linenumber="338" member="showLeftValue" origin="org.eclipse.birt.chart.device.util.ChartTextRenderer.showLeftValue(IPrimitiveRenderer, Location, Label, int, boolean)" signature="(Lorg/eclipse/birt/chart/device/IPrimitiveRenderer;Lorg/eclipse/birt/chart/model/attribute/Location;Lorg/eclipse/birt/chart/model/component/Label;IZ)V" type="org.eclipse.birt.chart.device.util.ChartTextRenderer"/>
            <reference linenumber="1490" member="showBottomValue" origin="org.eclipse.birt.chart.device.util.ChartTextRenderer.showBottomValue(IPrimitiveRenderer, Location, Label, int, boolean)" signature="(Lorg/eclipse/birt/chart/device/IPrimitiveRenderer;Lorg/eclipse/birt/chart/model/attribute/Location;Lorg/eclipse/birt/chart/model/component/Label;IZ)V" type="org.eclipse.birt.chart.device.util.ChartTextRenderer"/>
            <reference linenumber="444" member="showLeftValue" origin="org.eclipse.birt.chart.device.util.ChartTextRenderer.showLeftValue(IPrimitiveRenderer, Location, Label, int, boolean)" signature="(Lorg/eclipse/birt/chart/device/IPrimitiveRenderer;Lorg/eclipse/birt/chart/model/attribute/Location;Lorg/eclipse/birt/chart/model/component/Label;IZ)V" type="org.eclipse.birt.chart.device.util.ChartTextRenderer"/>
            <reference linenumber="447" member="showLeftValue" origin="org.eclipse.birt.chart.device.util.ChartTextRenderer.showLeftValue(IPrimitiveRenderer, Location, Label, int, boolean)" signature="(Lorg/eclipse/birt/chart/device/IPrimitiveRenderer;Lorg/eclipse/birt/chart/model/attribute/Location;Lorg/eclipse/birt/chart/model/component/Label;IZ)V" type="org.eclipse.birt.chart.device.util.ChartTextRenderer"/>
            <reference linenumber="131" member="renderTextAtLocation" origin="org.eclipse.birt.chart.device.util.ChartTextRenderer.renderTextAtLocation(IPrimitiveRenderer, int, Location, Label)" signature="(Lorg/eclipse/birt/chart/device/IPrimitiveRenderer;ILorg/eclipse/birt/chart/model/attribute/Location;Lorg/eclipse/birt/chart/model/component/Label;)V" type="org.eclipse.birt.chart.device.util.ChartTextRenderer"/>
            <reference linenumber="318" member="showLeftValue" origin="org.eclipse.birt.chart.device.util.ChartTextRenderer.showLeftValue(IPrimitiveRenderer, Location, Label, int, boolean)" signature="(Lorg/eclipse/birt/chart/device/IPrimitiveRenderer;Lorg/eclipse/birt/chart/model/attribute/Location;Lorg/eclipse/birt/chart/model/component/Label;IZ)V" type="org.eclipse.birt.chart.device.util.ChartTextRenderer"/>
            <reference linenumber="977" member="showRightValue" origin="org.eclipse.birt.chart.device.util.ChartTextRenderer.showRightValue(IPrimitiveRenderer, Location, Label, int, boolean)" signature="(Lorg/eclipse/birt/chart/device/IPrimitiveRenderer;Lorg/eclipse/birt/chart/model/attribute/Location;Lorg/eclipse/birt/chart/model/component/Label;IZ)V" type="org.eclipse.birt.chart.device.util.ChartTextRenderer"/>
            <reference linenumber="1260" member="showBottomValue" origin="org.eclipse.birt.chart.device.util.ChartTextRenderer.showBottomValue(IPrimitiveRenderer, Location, Label, int, boolean)" signature="(Lorg/eclipse/birt/chart/device/IPrimitiveRenderer;Lorg/eclipse/birt/chart/model/attribute/Location;Lorg/eclipse/birt/chart/model/component/Label;IZ)V" type="org.eclipse.birt.chart.device.util.ChartTextRenderer"/>
            <reference linenumber="135" member="renderTextAtLocation" origin="org.eclipse.birt.chart.device.util.ChartTextRenderer.renderTextAtLocation(IPrimitiveRenderer, int, Location, Label)" signature="(Lorg/eclipse/birt/chart/device/IPrimitiveRenderer;ILorg/eclipse/birt/chart/model/attribute/Location;Lorg/eclipse/birt/chart/model/component/Label;)V" type="org.eclipse.birt.chart.device.util.ChartTextRenderer"/>
            <reference linenumber="980" member="showRightValue" origin="org.eclipse.birt.chart.device.util.ChartTextRenderer.showRightValue(IPrimitiveRenderer, Location, Label, int, boolean)" signature="(Lorg/eclipse/birt/chart/device/IPrimitiveRenderer;Lorg/eclipse/birt/chart/model/attribute/Location;Lorg/eclipse/birt/chart/model/component/Label;IZ)V" type="org.eclipse.birt.chart.device.util.ChartTextRenderer"/>
            <reference linenumber="1257" member="showBottomValue" origin="org.eclipse.birt.chart.device.util.ChartTextRenderer.showBottomValue(IPrimitiveRenderer, Location, Label, int, boolean)" signature="(Lorg/eclipse/birt/chart/device/IPrimitiveRenderer;Lorg/eclipse/birt/chart/model/attribute/Location;Lorg/eclipse/birt/chart/model/component/Label;IZ)V" type="org.eclipse.birt.chart.device.util.ChartTextRenderer"/>
            <reference linenumber="1236" member="showBottomValue" origin="org.eclipse.birt.chart.device.util.ChartTextRenderer.showBottomValue(IPrimitiveRenderer, Location, Label, int, boolean)" signature="(Lorg/eclipse/birt/chart/device/IPrimitiveRenderer;Lorg/eclipse/birt/chart/model/attribute/Location;Lorg/eclipse/birt/chart/model/component/Label;IZ)V" type="org.eclipse.birt.chart.device.util.ChartTextRenderer"/>
            <reference linenumber="1788" member="showTopValue" origin="org.eclipse.birt.chart.device.util.ChartTextRenderer.showTopValue(IPrimitiveRenderer, Location, Label, int, boolean)" signature="(Lorg/eclipse/birt/chart/device/IPrimitiveRenderer;Lorg/eclipse/birt/chart/model/attribute/Location;Lorg/eclipse/birt/chart/model/component/Label;IZ)V" type="org.eclipse.birt.chart.device.util.ChartTextRenderer"/>
            <reference linenumber="1708" member="showTopValue" origin="org.eclipse.birt.chart.device.util.ChartTextRenderer.showTopValue(IPrimitiveRenderer, Location, Label, int, boolean)" signature="(Lorg/eclipse/birt/chart/device/IPrimitiveRenderer;Lorg/eclipse/birt/chart/model/attribute/Location;Lorg/eclipse/birt/chart/model/component/Label;IZ)V" type="org.eclipse.birt.chart.device.util.ChartTextRenderer"/>
            <reference linenumber="308" member="showLeftValue" origin="org.eclipse.birt.chart.device.util.ChartTextRenderer.showLeftValue(IPrimitiveRenderer, Location, Label, int, boolean)" signature="(Lorg/eclipse/birt/chart/device/IPrimitiveRenderer;Lorg/eclipse/birt/chart/model/attribute/Location;Lorg/eclipse/birt/chart/model/component/Label;IZ)V" type="org.eclipse.birt.chart.device.util.ChartTextRenderer"/>
            <reference linenumber="312" member="showLeftValue" origin="org.eclipse.birt.chart.device.util.ChartTextRenderer.showLeftValue(IPrimitiveRenderer, Location, Label, int, boolean)" signature="(Lorg/eclipse/birt/chart/device/IPrimitiveRenderer;Lorg/eclipse/birt/chart/model/attribute/Location;Lorg/eclipse/birt/chart/model/component/Label;IZ)V" type="org.eclipse.birt.chart.device.util.ChartTextRenderer"/>
            <reference linenumber="1235" member="showBottomValue" origin="org.eclipse.birt.chart.device.util.ChartTextRenderer.showBottomValue(IPrimitiveRenderer, Location, Label, int, boolean)" signature="(Lorg/eclipse/birt/chart/device/IPrimitiveRenderer;Lorg/eclipse/birt/chart/model/attribute/Location;Lorg/eclipse/birt/chart/model/component/Label;IZ)V" type="org.eclipse.birt.chart.device.util.ChartTextRenderer"/>
            <reference linenumber="2341" member="showCenterValue" origin="org.eclipse.birt.chart.device.util.ChartTextRenderer.showCenterValue(IPrimitiveRenderer, Location, Label, boolean)" signature="(Lorg/eclipse/birt/chart/device/IPrimitiveRenderer;Lorg/eclipse/birt/chart/model/attribute/Location;Lorg/eclipse/birt/chart/model/component/Label;Z)V" type="org.eclipse.birt.chart.device.util.ChartTextRenderer"/>
            <reference linenumber="2338" member="showCenterValue" origin="org.eclipse.birt.chart.device.util.ChartTextRenderer.showCenterValue(IPrimitiveRenderer, Location, Label, boolean)" signature="(Lorg/eclipse/birt/chart/device/IPrimitiveRenderer;Lorg/eclipse/birt/chart/model/attribute/Location;Lorg/eclipse/birt/chart/model/component/Label;Z)V" type="org.eclipse.birt.chart.device.util.ChartTextRenderer"/>
            <reference linenumber="1783" member="showTopValue" origin="org.eclipse.birt.chart.device.util.ChartTextRenderer.showTopValue(IPrimitiveRenderer, Location, Label, int, boolean)" signature="(Lorg/eclipse/birt/chart/device/IPrimitiveRenderer;Lorg/eclipse/birt/chart/model/attribute/Location;Lorg/eclipse/birt/chart/model/component/Label;IZ)V" type="org.eclipse.birt.chart.device.util.ChartTextRenderer"/>
            <reference linenumber="2415" member="showCenterValue" origin="org.eclipse.birt.chart.device.util.ChartTextRenderer.showCenterValue(IPrimitiveRenderer, Location, Label, boolean)" signature="(Lorg/eclipse/birt/chart/device/IPrimitiveRenderer;Lorg/eclipse/birt/chart/model/attribute/Location;Lorg/eclipse/birt/chart/model/component/Label;Z)V" type="org.eclipse.birt.chart.device.util.ChartTextRenderer"/>
            <reference linenumber="1703" member="showTopValue" origin="org.eclipse.birt.chart.device.util.ChartTextRenderer.showTopValue(IPrimitiveRenderer, Location, Label, int, boolean)" signature="(Lorg/eclipse/birt/chart/device/IPrimitiveRenderer;Lorg/eclipse/birt/chart/model/attribute/Location;Lorg/eclipse/birt/chart/model/component/Label;IZ)V" type="org.eclipse.birt.chart.device.util.ChartTextRenderer"/>
            <reference linenumber="680" member="showLeftValue" origin="org.eclipse.birt.chart.device.util.ChartTextRenderer.showLeftValue(IPrimitiveRenderer, Location, Label, int, boolean)" signature="(Lorg/eclipse/birt/chart/device/IPrimitiveRenderer;Lorg/eclipse/birt/chart/model/attribute/Location;Lorg/eclipse/birt/chart/model/component/Label;IZ)V" type="org.eclipse.birt.chart.device.util.ChartTextRenderer"/>
            <reference linenumber="2410" member="showCenterValue" origin="org.eclipse.birt.chart.device.util.ChartTextRenderer.showCenterValue(IPrimitiveRenderer, Location, Label, boolean)" signature="(Lorg/eclipse/birt/chart/device/IPrimitiveRenderer;Lorg/eclipse/birt/chart/model/attribute/Location;Lorg/eclipse/birt/chart/model/component/Label;Z)V" type="org.eclipse.birt.chart.device.util.ChartTextRenderer"/>
            <reference linenumber="683" member="showLeftValue" origin="org.eclipse.birt.chart.device.util.ChartTextRenderer.showLeftValue(IPrimitiveRenderer, Location, Label, int, boolean)" signature="(Lorg/eclipse/birt/chart/device/IPrimitiveRenderer;Lorg/eclipse/birt/chart/model/attribute/Location;Lorg/eclipse/birt/chart/model/component/Label;IZ)V" type="org.eclipse.birt.chart.device.util.ChartTextRenderer"/>
            <reference linenumber="223" member="renderTextInBlock" origin="org.eclipse.birt.chart.device.util.ChartTextRenderer.renderTextInBlock(IDeviceRenderer, Bounds, TextAlignment, Label)" signature="(Lorg/eclipse/birt/chart/device/IDeviceRenderer;Lorg/eclipse/birt/chart/model/attribute/Bounds;Lorg/eclipse/birt/chart/model/attribute/TextAlignment;Lorg/eclipse/birt/chart/model/component/Label;)V" type="org.eclipse.birt.chart.device.util.ChartTextRenderer"/>
            <reference linenumber="1217" member="showBottomValue" origin="org.eclipse.birt.chart.device.util.ChartTextRenderer.showBottomValue(IPrimitiveRenderer, Location, Label, int, boolean)" signature="(Lorg/eclipse/birt/chart/device/IPrimitiveRenderer;Lorg/eclipse/birt/chart/model/attribute/Location;Lorg/eclipse/birt/chart/model/component/Label;IZ)V" type="org.eclipse.birt.chart.device.util.ChartTextRenderer"/>
            <reference linenumber="1130" member="showRightValue" origin="org.eclipse.birt.chart.device.util.ChartTextRenderer.showRightValue(IPrimitiveRenderer, Location, Label, int, boolean)" signature="(Lorg/eclipse/birt/chart/device/IPrimitiveRenderer;Lorg/eclipse/birt/chart/model/attribute/Location;Lorg/eclipse/birt/chart/model/component/Label;IZ)V" type="org.eclipse.birt.chart.device.util.ChartTextRenderer"/>
            <reference linenumber="1133" member="showRightValue" origin="org.eclipse.birt.chart.device.util.ChartTextRenderer.showRightValue(IPrimitiveRenderer, Location, Label, int, boolean)" signature="(Lorg/eclipse/birt/chart/device/IPrimitiveRenderer;Lorg/eclipse/birt/chart/model/attribute/Location;Lorg/eclipse/birt/chart/model/component/Label;IZ)V" type="org.eclipse.birt.chart.device.util.ChartTextRenderer"/>
            <reference linenumber="1683" member="showTopValue" origin="org.eclipse.birt.chart.device.util.ChartTextRenderer.showTopValue(IPrimitiveRenderer, Location, Label, int, boolean)" signature="(Lorg/eclipse/birt/chart/device/IPrimitiveRenderer;Lorg/eclipse/birt/chart/model/attribute/Location;Lorg/eclipse/birt/chart/model/component/Label;IZ)V" type="org.eclipse.birt.chart.device.util.ChartTextRenderer"/>
            <reference linenumber="2032" member="showTopValue" origin="org.eclipse.birt.chart.device.util.ChartTextRenderer.showTopValue(IPrimitiveRenderer, Location, Label, int, boolean)" signature="(Lorg/eclipse/birt/chart/device/IPrimitiveRenderer;Lorg/eclipse/birt/chart/model/attribute/Location;Lorg/eclipse/birt/chart/model/component/Label;IZ)V" type="org.eclipse.birt.chart.device.util.ChartTextRenderer"/>
            <reference linenumber="1682" member="showTopValue" origin="org.eclipse.birt.chart.device.util.ChartTextRenderer.showTopValue(IPrimitiveRenderer, Location, Label, int, boolean)" signature="(Lorg/eclipse/birt/chart/device/IPrimitiveRenderer;Lorg/eclipse/birt/chart/model/attribute/Location;Lorg/eclipse/birt/chart/model/component/Label;IZ)V" type="org.eclipse.birt.chart.device.util.ChartTextRenderer"/>
            <reference linenumber="789" member="showRightValue" origin="org.eclipse.birt.chart.device.util.ChartTextRenderer.showRightValue(IPrimitiveRenderer, Location, Label, int, boolean)" signature="(Lorg/eclipse/birt/chart/device/IPrimitiveRenderer;Lorg/eclipse/birt/chart/model/attribute/Location;Lorg/eclipse/birt/chart/model/component/Label;IZ)V" type="org.eclipse.birt.chart.device.util.ChartTextRenderer"/>
            <reference linenumber="1209" member="showBottomValue" origin="org.eclipse.birt.chart.device.util.ChartTextRenderer.showBottomValue(IPrimitiveRenderer, Location, Label, int, boolean)" signature="(Lorg/eclipse/birt/chart/device/IPrimitiveRenderer;Lorg/eclipse/birt/chart/model/attribute/Location;Lorg/eclipse/birt/chart/model/component/Label;IZ)V" type="org.eclipse.birt.chart.device.util.ChartTextRenderer"/>
            <reference linenumber="788" member="showRightValue" origin="org.eclipse.birt.chart.device.util.ChartTextRenderer.showRightValue(IPrimitiveRenderer, Location, Label, int, boolean)" signature="(Lorg/eclipse/birt/chart/device/IPrimitiveRenderer;Lorg/eclipse/birt/chart/model/attribute/Location;Lorg/eclipse/birt/chart/model/component/Label;IZ)V" type="org.eclipse.birt.chart.device.util.ChartTextRenderer"/>
            <reference linenumber="1213" member="showBottomValue" origin="org.eclipse.birt.chart.device.util.ChartTextRenderer.showBottomValue(IPrimitiveRenderer, Location, Label, int, boolean)" signature="(Lorg/eclipse/birt/chart/device/IPrimitiveRenderer;Lorg/eclipse/birt/chart/model/attribute/Location;Lorg/eclipse/birt/chart/model/component/Label;IZ)V" type="org.eclipse.birt.chart.device.util.ChartTextRenderer"/>
            <reference linenumber="1947" member="showTopValue" origin="org.eclipse.birt.chart.device.util.ChartTextRenderer.showTopValue(IPrimitiveRenderer, Location, Label, int, boolean)" signature="(Lorg/eclipse/birt/chart/device/IPrimitiveRenderer;Lorg/eclipse/birt/chart/model/attribute/Location;Lorg/eclipse/birt/chart/model/component/Label;IZ)V" type="org.eclipse.birt.chart.device.util.ChartTextRenderer"/>
            <reference linenumber="1414" member="showBottomValue" origin="org.eclipse.birt.chart.device.util.ChartTextRenderer.showBottomValue(IPrimitiveRenderer, Location, Label, int, boolean)" signature="(Lorg/eclipse/birt/chart/device/IPrimitiveRenderer;Lorg/eclipse/birt/chart/model/attribute/Location;Lorg/eclipse/birt/chart/model/component/Label;IZ)V" type="org.eclipse.birt.chart.device.util.ChartTextRenderer"/>
            <reference linenumber="1664" member="showTopValue" origin="org.eclipse.birt.chart.device.util.ChartTextRenderer.showTopValue(IPrimitiveRenderer, Location, Label, int, boolean)" signature="(Lorg/eclipse/birt/chart/device/IPrimitiveRenderer;Lorg/eclipse/birt/chart/model/attribute/Location;Lorg/eclipse/birt/chart/model/component/Label;IZ)V" type="org.eclipse.birt.chart.device.util.ChartTextRenderer"/>
            <reference linenumber="902" member="showRightValue" origin="org.eclipse.birt.chart.device.util.ChartTextRenderer.showRightValue(IPrimitiveRenderer, Location, Label, int, boolean)" signature="(Lorg/eclipse/birt/chart/device/IPrimitiveRenderer;Lorg/eclipse/birt/chart/model/attribute/Location;Lorg/eclipse/birt/chart/model/component/Label;IZ)V" type="org.eclipse.birt.chart.device.util.ChartTextRenderer"/>
            <reference linenumber="1411" member="showBottomValue" origin="org.eclipse.birt.chart.device.util.ChartTextRenderer.showBottomValue(IPrimitiveRenderer, Location, Label, int, boolean)" signature="(Lorg/eclipse/birt/chart/device/IPrimitiveRenderer;Lorg/eclipse/birt/chart/model/attribute/Location;Lorg/eclipse/birt/chart/model/component/Label;IZ)V" type="org.eclipse.birt.chart.device.util.ChartTextRenderer"/>
            <reference linenumber="1341" member="showBottomValue" origin="org.eclipse.birt.chart.device.util.ChartTextRenderer.showBottomValue(IPrimitiveRenderer, Location, Label, int, boolean)" signature="(Lorg/eclipse/birt/chart/device/IPrimitiveRenderer;Lorg/eclipse/birt/chart/model/attribute/Location;Lorg/eclipse/birt/chart/model/component/Label;IZ)V" type="org.eclipse.birt.chart.device.util.ChartTextRenderer"/>
            <reference linenumber="1659" member="showTopValue" origin="org.eclipse.birt.chart.device.util.ChartTextRenderer.showTopValue(IPrimitiveRenderer, Location, Label, int, boolean)" signature="(Lorg/eclipse/birt/chart/device/IPrimitiveRenderer;Lorg/eclipse/birt/chart/model/attribute/Location;Lorg/eclipse/birt/chart/model/component/Label;IZ)V" type="org.eclipse.birt.chart.device.util.ChartTextRenderer"/>
            <reference linenumber="83" member="renderShadowAtLocation" origin="org.eclipse.birt.chart.device.util.ChartTextRenderer.renderShadowAtLocation(IPrimitiveRenderer, int, Location, Label)" signature="(Lorg/eclipse/birt/chart/device/IPrimitiveRenderer;ILorg/eclipse/birt/chart/model/attribute/Location;Lorg/eclipse/birt/chart/model/component/Label;)V" type="org.eclipse.birt.chart.device.util.ChartTextRenderer"/>
            <reference linenumber="1952" member="showTopValue" origin="org.eclipse.birt.chart.device.util.ChartTextRenderer.showTopValue(IPrimitiveRenderer, Location, Label, int, boolean)" signature="(Lorg/eclipse/birt/chart/device/IPrimitiveRenderer;Lorg/eclipse/birt/chart/model/attribute/Location;Lorg/eclipse/birt/chart/model/component/Label;IZ)V" type="org.eclipse.birt.chart.device.util.ChartTextRenderer"/>
            <reference linenumber="87" member="renderShadowAtLocation" origin="org.eclipse.birt.chart.device.util.ChartTextRenderer.renderShadowAtLocation(IPrimitiveRenderer, int, Location, Label)" signature="(Lorg/eclipse/birt/chart/device/IPrimitiveRenderer;ILorg/eclipse/birt/chart/model/attribute/Location;Lorg/eclipse/birt/chart/model/component/Label;)V" type="org.eclipse.birt.chart.device.util.ChartTextRenderer"/>
            <reference linenumber="534" member="showLeftValue" origin="org.eclipse.birt.chart.device.util.ChartTextRenderer.showLeftValue(IPrimitiveRenderer, Location, Label, int, boolean)" signature="(Lorg/eclipse/birt/chart/device/IPrimitiveRenderer;Lorg/eclipse/birt/chart/model/attribute/Location;Lorg/eclipse/birt/chart/model/component/Label;IZ)V" type="org.eclipse.birt.chart.device.util.ChartTextRenderer"/>
            <reference linenumber="905" member="showRightValue" origin="org.eclipse.birt.chart.device.util.ChartTextRenderer.showRightValue(IPrimitiveRenderer, Location, Label, int, boolean)" signature="(Lorg/eclipse/birt/chart/device/IPrimitiveRenderer;Lorg/eclipse/birt/chart/model/attribute/Location;Lorg/eclipse/birt/chart/model/component/Label;IZ)V" type="org.eclipse.birt.chart.device.util.ChartTextRenderer"/>
            <reference linenumber="1566" member="showBottomValue" origin="org.eclipse.birt.chart.device.util.ChartTextRenderer.showBottomValue(IPrimitiveRenderer, Location, Label, int, boolean)" signature="(Lorg/eclipse/birt/chart/device/IPrimitiveRenderer;Lorg/eclipse/birt/chart/model/attribute/Location;Lorg/eclipse/birt/chart/model/component/Label;IZ)V" type="org.eclipse.birt.chart.device.util.ChartTextRenderer"/>
            <reference linenumber="531" member="showLeftValue" origin="org.eclipse.birt.chart.device.util.ChartTextRenderer.showLeftValue(IPrimitiveRenderer, Location, Label, int, boolean)" signature="(Lorg/eclipse/birt/chart/device/IPrimitiveRenderer;Lorg/eclipse/birt/chart/model/attribute/Location;Lorg/eclipse/birt/chart/model/component/Label;IZ)V" type="org.eclipse.birt.chart.device.util.ChartTextRenderer"/>
            <reference linenumber="766" member="showRightValue" origin="org.eclipse.birt.chart.device.util.ChartTextRenderer.showRightValue(IPrimitiveRenderer, Location, Label, int, boolean)" signature="(Lorg/eclipse/birt/chart/device/IPrimitiveRenderer;Lorg/eclipse/birt/chart/model/attribute/Location;Lorg/eclipse/birt/chart/model/component/Label;IZ)V" type="org.eclipse.birt.chart.device.util.ChartTextRenderer"/>
            <reference linenumber="763" member="showRightValue" origin="org.eclipse.birt.chart.device.util.ChartTextRenderer.showRightValue(IPrimitiveRenderer, Location, Label, int, boolean)" signature="(Lorg/eclipse/birt/chart/device/IPrimitiveRenderer;Lorg/eclipse/birt/chart/model/attribute/Location;Lorg/eclipse/birt/chart/model/component/Label;IZ)V" type="org.eclipse.birt.chart.device.util.ChartTextRenderer"/>
            <reference linenumber="1654" member="showTopValue" origin="org.eclipse.birt.chart.device.util.ChartTextRenderer.showTopValue(IPrimitiveRenderer, Location, Label, int, boolean)" signature="(Lorg/eclipse/birt/chart/device/IPrimitiveRenderer;Lorg/eclipse/birt/chart/model/attribute/Location;Lorg/eclipse/birt/chart/model/component/Label;IZ)V" type="org.eclipse.birt.chart.device.util.ChartTextRenderer"/>
            <reference linenumber="759" member="showRightValue" origin="org.eclipse.birt.chart.device.util.ChartTextRenderer.showRightValue(IPrimitiveRenderer, Location, Label, int, boolean)" signature="(Lorg/eclipse/birt/chart/device/IPrimitiveRenderer;Lorg/eclipse/birt/chart/model/attribute/Location;Lorg/eclipse/birt/chart/model/component/Label;IZ)V" type="org.eclipse.birt.chart.device.util.ChartTextRenderer"/>
            <reference linenumber="819" member="showRightValue" origin="org.eclipse.birt.chart.device.util.ChartTextRenderer.showRightValue(IPrimitiveRenderer, Location, Label, int, boolean)" signature="(Lorg/eclipse/birt/chart/device/IPrimitiveRenderer;Lorg/eclipse/birt/chart/model/attribute/Location;Lorg/eclipse/birt/chart/model/component/Label;IZ)V" type="org.eclipse.birt.chart.device.util.ChartTextRenderer"/>
            <reference linenumber="608" member="showLeftValue" origin="org.eclipse.birt.chart.device.util.ChartTextRenderer.showLeftValue(IPrimitiveRenderer, Location, Label, int, boolean)" signature="(Lorg/eclipse/birt/chart/device/IPrimitiveRenderer;Lorg/eclipse/birt/chart/model/attribute/Location;Lorg/eclipse/birt/chart/model/component/Label;IZ)V" type="org.eclipse.birt.chart.device.util.ChartTextRenderer"/>
            <reference linenumber="605" member="showLeftValue" origin="org.eclipse.birt.chart.device.util.ChartTextRenderer.showLeftValue(IPrimitiveRenderer, Location, Label, int, boolean)" signature="(Lorg/eclipse/birt/chart/device/IPrimitiveRenderer;Lorg/eclipse/birt/chart/model/attribute/Location;Lorg/eclipse/birt/chart/model/component/Label;IZ)V" type="org.eclipse.birt.chart.device.util.ChartTextRenderer"/>
            <reference linenumber="1057" member="showRightValue" origin="org.eclipse.birt.chart.device.util.ChartTextRenderer.showRightValue(IPrimitiveRenderer, Location, Label, int, boolean)" signature="(Lorg/eclipse/birt/chart/device/IPrimitiveRenderer;Lorg/eclipse/birt/chart/model/attribute/Location;Lorg/eclipse/birt/chart/model/component/Label;IZ)V" type="org.eclipse.birt.chart.device.util.ChartTextRenderer"/>
            <reference linenumber="367" member="showLeftValue" origin="org.eclipse.birt.chart.device.util.ChartTextRenderer.showLeftValue(IPrimitiveRenderer, Location, Label, int, boolean)" signature="(Lorg/eclipse/birt/chart/device/IPrimitiveRenderer;Lorg/eclipse/birt/chart/model/attribute/Location;Lorg/eclipse/birt/chart/model/component/Label;IZ)V" type="org.eclipse.birt.chart.device.util.ChartTextRenderer"/>
            <reference linenumber="2147" member="showCenterValue" origin="org.eclipse.birt.chart.device.util.ChartTextRenderer.showCenterValue(IPrimitiveRenderer, Location, Label, boolean)" signature="(Lorg/eclipse/birt/chart/device/IPrimitiveRenderer;Lorg/eclipse/birt/chart/model/attribute/Location;Lorg/eclipse/birt/chart/model/component/Label;Z)V" type="org.eclipse.birt.chart.device.util.ChartTextRenderer"/>
            <reference linenumber="1571" member="showBottomValue" origin="org.eclipse.birt.chart.device.util.ChartTextRenderer.showBottomValue(IPrimitiveRenderer, Location, Label, int, boolean)" signature="(Lorg/eclipse/birt/chart/device/IPrimitiveRenderer;Lorg/eclipse/birt/chart/model/attribute/Location;Lorg/eclipse/birt/chart/model/component/Label;IZ)V" type="org.eclipse.birt.chart.device.util.ChartTextRenderer"/>
            <reference linenumber="2146" member="showCenterValue" origin="org.eclipse.birt.chart.device.util.ChartTextRenderer.showCenterValue(IPrimitiveRenderer, Location, Label, boolean)" signature="(Lorg/eclipse/birt/chart/device/IPrimitiveRenderer;Lorg/eclipse/birt/chart/model/attribute/Location;Lorg/eclipse/birt/chart/model/component/Label;Z)V" type="org.eclipse.birt.chart.device.util.ChartTextRenderer"/>
            <reference linenumber="1054" member="showRightValue" origin="org.eclipse.birt.chart.device.util.ChartTextRenderer.showRightValue(IPrimitiveRenderer, Location, Label, int, boolean)" signature="(Lorg/eclipse/birt/chart/device/IPrimitiveRenderer;Lorg/eclipse/birt/chart/model/attribute/Location;Lorg/eclipse/birt/chart/model/component/Label;IZ)V" type="org.eclipse.birt.chart.device.util.ChartTextRenderer"/>
            <reference linenumber="2485" member="showCenterValue" origin="org.eclipse.birt.chart.device.util.ChartTextRenderer.showCenterValue(IPrimitiveRenderer, Location, Label, boolean)" signature="(Lorg/eclipse/birt/chart/device/IPrimitiveRenderer;Lorg/eclipse/birt/chart/model/attribute/Location;Lorg/eclipse/birt/chart/model/component/Label;Z)V" type="org.eclipse.birt.chart.device.util.ChartTextRenderer"/>
            <reference linenumber="814" member="showRightValue" origin="org.eclipse.birt.chart.device.util.ChartTextRenderer.showRightValue(IPrimitiveRenderer, Location, Label, int, boolean)" signature="(Lorg/eclipse/birt/chart/device/IPrimitiveRenderer;Lorg/eclipse/birt/chart/model/attribute/Location;Lorg/eclipse/birt/chart/model/component/Label;IZ)V" type="org.eclipse.birt.chart.device.util.ChartTextRenderer"/>
            <reference linenumber="2256" member="showCenterValue" origin="org.eclipse.birt.chart.device.util.ChartTextRenderer.showCenterValue(IPrimitiveRenderer, Location, Label, boolean)" signature="(Lorg/eclipse/birt/chart/device/IPrimitiveRenderer;Lorg/eclipse/birt/chart/model/attribute/Location;Lorg/eclipse/birt/chart/model/component/Label;Z)V" type="org.eclipse.birt.chart.device.util.ChartTextRenderer"/>
            <reference linenumber="2134" member="showCenterValue" origin="org.eclipse.birt.chart.device.util.ChartTextRenderer.showCenterValue(IPrimitiveRenderer, Location, Label, boolean)" signature="(Lorg/eclipse/birt/chart/device/IPrimitiveRenderer;Lorg/eclipse/birt/chart/model/attribute/Location;Lorg/eclipse/birt/chart/model/component/Label;Z)V" type="org.eclipse.birt.chart.device.util.ChartTextRenderer"/>
            <reference linenumber="2490" member="showCenterValue" origin="org.eclipse.birt.chart.device.util.ChartTextRenderer.showCenterValue(IPrimitiveRenderer, Location, Label, boolean)" signature="(Lorg/eclipse/birt/chart/device/IPrimitiveRenderer;Lorg/eclipse/birt/chart/model/attribute/Location;Lorg/eclipse/birt/chart/model/component/Label;Z)V" type="org.eclipse.birt.chart.device.util.ChartTextRenderer"/>
            <reference linenumber="1868" member="showTopValue" origin="org.eclipse.birt.chart.device.util.ChartTextRenderer.showTopValue(IPrimitiveRenderer, Location, Label, int, boolean)" signature="(Lorg/eclipse/birt/chart/device/IPrimitiveRenderer;Lorg/eclipse/birt/chart/model/attribute/Location;Lorg/eclipse/birt/chart/model/component/Label;IZ)V" type="org.eclipse.birt.chart.device.util.ChartTextRenderer"/>
            <reference linenumber="2251" member="showCenterValue" origin="org.eclipse.birt.chart.device.util.ChartTextRenderer.showCenterValue(IPrimitiveRenderer, Location, Label, boolean)" signature="(Lorg/eclipse/birt/chart/device/IPrimitiveRenderer;Lorg/eclipse/birt/chart/model/attribute/Location;Lorg/eclipse/birt/chart/model/component/Label;Z)V" type="org.eclipse.birt.chart.device.util.ChartTextRenderer"/>
            <reference linenumber="2128" member="showCenterValue" origin="org.eclipse.birt.chart.device.util.ChartTextRenderer.showCenterValue(IPrimitiveRenderer, Location, Label, boolean)" signature="(Lorg/eclipse/birt/chart/device/IPrimitiveRenderer;Lorg/eclipse/birt/chart/model/attribute/Location;Lorg/eclipse/birt/chart/model/component/Label;Z)V" type="org.eclipse.birt.chart.device.util.ChartTextRenderer"/>
            <reference linenumber="362" member="showLeftValue" origin="org.eclipse.birt.chart.device.util.ChartTextRenderer.showLeftValue(IPrimitiveRenderer, Location, Label, int, boolean)" signature="(Lorg/eclipse/birt/chart/device/IPrimitiveRenderer;Lorg/eclipse/birt/chart/model/attribute/Location;Lorg/eclipse/birt/chart/model/component/Label;IZ)V" type="org.eclipse.birt.chart.device.util.ChartTextRenderer"/>
            <reference linenumber="2124" member="showCenterValue" origin="org.eclipse.birt.chart.device.util.ChartTextRenderer.showCenterValue(IPrimitiveRenderer, Location, Label, boolean)" signature="(Lorg/eclipse/birt/chart/device/IPrimitiveRenderer;Lorg/eclipse/birt/chart/model/attribute/Location;Lorg/eclipse/birt/chart/model/component/Label;Z)V" type="org.eclipse.birt.chart.device.util.ChartTextRenderer"/>
            <reference linenumber="1863" member="showTopValue" origin="org.eclipse.birt.chart.device.util.ChartTextRenderer.showTopValue(IPrimitiveRenderer, Location, Label, int, boolean)" signature="(Lorg/eclipse/birt/chart/device/IPrimitiveRenderer;Lorg/eclipse/birt/chart/model/attribute/Location;Lorg/eclipse/birt/chart/model/component/Label;IZ)V" type="org.eclipse.birt.chart.device.util.ChartTextRenderer"/>
        </reference_kind>
    </target>
    <target member="TOGGLE_VISIBILITY_LITERAL" name="org.eclipse.birt.chart.model.attribute.ActionType.TOGGLE_VISIBILITY_LITERAL" type="org.eclipse.birt.chart.model.attribute.ActionType">
        <reference_kind flags="0" kind="2048" reference_kind_name="GETS_STATIC_FIELD">
            <reference linenumber="406" member="disableActions" origin="org.eclipse.birt.chart.device.swing.SwingEventHandler.disableActions(Set)" signature="(Ljava/util/Set;)V" type="org.eclipse.birt.chart.device.swing.SwingEventHandler"/>
            <reference linenumber="246" member="handleAction" origin="org.eclipse.birt.chart.device.swing.SwingEventHandler.handleAction(TriggerCondition[], ComponentEvent, boolean)" signature="([Lorg/eclipse/birt/chart/model/attribute/TriggerCondition;Ljava/awt/event/ComponentEvent;Z)V" type="org.eclipse.birt.chart.device.swing.SwingEventHandler"/>
        </reference_kind>
    </target>
    <target member="ONMOUSEUP_LITERAL" name="org.eclipse.birt.chart.model.attribute.TriggerCondition.ONMOUSEUP_LITERAL" type="org.eclipse.birt.chart.model.attribute.TriggerCondition">
        <reference_kind flags="0" kind="2048" reference_kind_name="GETS_STATIC_FIELD">
            <reference linenumber="536" member="mouseReleased" origin="org.eclipse.birt.chart.device.swing.SwingEventHandler.mouseReleased(MouseEvent)" signature="(Ljava/awt/event/MouseEvent;)V" type="org.eclipse.birt.chart.device.swing.SwingEventHandler"/>
        </reference_kind>
    </target>
    <target member="ONMOUSEDOWN_LITERAL" name="org.eclipse.birt.chart.model.attribute.TriggerCondition.ONMOUSEDOWN_LITERAL" type="org.eclipse.birt.chart.model.attribute.TriggerCondition">
        <reference_kind flags="0" kind="2048" reference_kind_name="GETS_STATIC_FIELD">
            <reference linenumber="562" member="mouseMoved" origin="org.eclipse.birt.chart.device.swing.SwingEventHandler.mouseMoved(MouseEvent)" signature="(Ljava/awt/event/MouseEvent;)V" type="org.eclipse.birt.chart.device.swing.SwingEventHandler"/>
            <reference linenumber="519" member="mousePressed" origin="org.eclipse.birt.chart.device.swing.SwingEventHandler.mousePressed(MouseEvent)" signature="(Ljava/awt/event/MouseEvent;)V" type="org.eclipse.birt.chart.device.swing.SwingEventHandler"/>
        </reference_kind>
    </target>
    <target member="MOUSE_CLICK_LITERAL" name="org.eclipse.birt.chart.model.attribute.TriggerCondition.MOUSE_CLICK_LITERAL" type="org.eclipse.birt.chart.model.attribute.TriggerCondition">
        <reference_kind flags="0" kind="2048" reference_kind_name="GETS_STATIC_FIELD">
            <reference linenumber="560" member="mouseMoved" origin="org.eclipse.birt.chart.device.swing.SwingEventHandler.mouseMoved(MouseEvent)" signature="(Ljava/awt/event/MouseEvent;)V" type="org.eclipse.birt.chart.device.swing.SwingEventHandler"/>
            <reference linenumber="469" member="mouseClicked" origin="org.eclipse.birt.chart.device.swing.SwingEventHandler.mouseClicked(MouseEvent)" signature="(Ljava/awt/event/MouseEvent;)V" type="org.eclipse.birt.chart.device.swing.SwingEventHandler"/>
        </reference_kind>
    </target>
    <target member="ONRIGHTCLICK_LITERAL" name="org.eclipse.birt.chart.model.attribute.TriggerCondition.ONRIGHTCLICK_LITERAL" type="org.eclipse.birt.chart.model.attribute.TriggerCondition">
        <reference_kind flags="0" kind="2048" reference_kind_name="GETS_STATIC_FIELD">
            <reference linenumber="476" member="mouseClicked" origin="org.eclipse.birt.chart.device.swing.SwingEventHandler.mouseClicked(MouseEvent)" signature="(Ljava/awt/event/MouseEvent;)V" type="org.eclipse.birt.chart.device.swing.SwingEventHandler"/>
        </reference_kind>
    </target>
    <target member="CUSTOM" name="org.eclipse.birt.chart.model.attribute.CursorType.CUSTOM" type="org.eclipse.birt.chart.model.attribute.CursorType">
        <reference_kind flags="0" kind="2048" reference_kind_name="GETS_STATIC_FIELD">
            <reference linenumber="690" member="setCursor" origin="org.eclipse.birt.chart.device.swing.SwingEventHandler.setCursor(JComponent, Cursor, Cursor)" signature="(Ljavax/swing/JComponent;Lorg/eclipse/birt/chart/model/attribute/Cursor;Ljava/awt/Cursor;)V" type="org.eclipse.birt.chart.device.swing.SwingEventHandler"/>
        <reference linenumber="61" member="getCSSCursorValue" origin="org.eclipse.birt.chart.device.util.CSSHelper.getCSSCursorValue(Cursor)" signature="(Lorg/eclipse/birt/chart/model/attribute/Cursor;)Ljava/lang/String;" type="org.eclipse.birt.chart.device.util.CSSHelper"/>
        </reference_kind>
    </target>
</references>
