<?xml version="1.0" encoding="UTF-8" standalone="no"?>
<references name="Methods" origin="org.eclipse.birt.chart.reportitem.ui (2.5.2.v20100210)" referee="org.eclipse.birt.core.ui (2.5.2.v20091217)" reference_count="9" reference_visibility="1">
    <target member="addCustomButton" name="org.eclipse.birt.core.ui.frameworks.taskwizard.WizardBase.addCustomButton(IButtonHandler)" signature="(Lorg/eclipse/birt/core/ui/frameworks/taskwizard/interfaces/IButtonHandler;)V" type="org.eclipse.birt.core.ui.frameworks.taskwizard.WizardBase">
        <reference_kind flags="0" kind="256" reference_kind_name="VIRTUAL_METHOD">
            <reference linenumber="229" member="open" origin="org.eclipse.birt.chart.reportitem.ui.ChartReportItemBuilderImpl.open(ExtendedItemHandle)" signature="(Lorg/eclipse/birt/report/model/api/ExtendedItemHandle;)I" type="org.eclipse.birt.chart.reportitem.ui.ChartReportItemBuilderImpl"/>
        </reference_kind>
    </target>
    <target member="displayException" name="org.eclipse.birt.core.ui.frameworks.taskwizard.WizardBase.displayException(Throwable)" signature="(Ljava/lang/Throwable;)V" type="org.eclipse.birt.core.ui.frameworks.taskwizard.WizardBase">
        <reference_kind flags="0" kind="128" reference_kind_name="INVOKED_STATIC">
            <reference linenumber="2643" member="updatePredefinedQueries" origin="org.eclipse.birt.chart.reportitem.ui.StandardChartDataSheet.updatePredefinedQueries()" signature="()V" type="org.eclipse.birt.chart.reportitem.ui.StandardChartDataSheet"/>
        <reference linenumber="155" member="run" origin="org.eclipse.birt.chart.reportitem.ui.actions.ShowAxisAction.run()" signature="()V" type="org.eclipse.birt.chart.reportitem.ui.actions.ShowAxisAction"/>
            <reference linenumber="96" member="checkEnabled" origin="org.eclipse.birt.chart.reportitem.ui.actions.FlipAxisAction.checkEnabled()" signature="()Z" type="org.eclipse.birt.chart.reportitem.ui.actions.FlipAxisAction"/>
            <reference linenumber="156" member="run" origin="org.eclipse.birt.chart.reportitem.ui.actions.FlipAxisAction.run()" signature="()V" type="org.eclipse.birt.chart.reportitem.ui.actions.FlipAxisAction"/>
            <reference linenumber="75" member="isBlankChart" origin="org.eclipse.birt.chart.reportitem.ui.actions.OpenChartTaskAction.isBlankChart()" signature="()Z" type="org.eclipse.birt.chart.reportitem.ui.actions.OpenChartTaskAction"/>
            <reference linenumber="71" member="init" origin="org.eclipse.birt.chart.reportitem.ui.actions.ShowAxisAction.init()" signature="()V" type="org.eclipse.birt.chart.reportitem.ui.actions.ShowAxisAction"/>
        <reference linenumber="772" member="createFilterConditionContent" origin="org.eclipse.birt.chart.reportitem.ui.dialogs.ChartCubeFilterConditionBuilder.createFilterConditionContent(Composite)" signature="(Lorg/eclipse/swt/widgets/Composite;)V" type="org.eclipse.birt.chart.reportitem.ui.dialogs.ChartCubeFilterConditionBuilder"/>
            <reference linenumber="292" member="handleEvent" origin="org.eclipse.birt.chart.reportitem.ui.dialogs.ChartColumnBindingDialog.2.handleEvent(Event)" signature="(Lorg/eclipse/swt/widgets/Event;)V" type="org.eclipse.birt.chart.reportitem.ui.dialogs.ChartColumnBindingDialog$2"/>
        </reference_kind>
    </target>
</references>
