<?xml version="1.0" encoding="UTF-8" standalone="no"?>
<references name="Methods" origin="org.eclipse.actf.model.ui.editors.ooo (0.7.2.R201002031025)" referee="org.eclipse.actf.core (0.7.2.R201002031025)" reference_count="12" reference_visibility="1">
    <target member="newService" name="org.eclipse.actf.util.xpath.XPathServiceFactory.newService()" signature="()Lorg/eclipse/actf/util/xpath/XPathService;" type="org.eclipse.actf.util.xpath.XPathServiceFactory">
        <reference_kind flags="0" kind="128" reference_kind_name="INVOKED_STATIC">
            <reference linenumber="-1" member="jumpToProblemDrawingShape" origin="org.eclipse.actf.model.internal.ui.editors.ooo.util.OOoNavigation.jumpToProblemDrawingShape(Node)" signature="(Lorg/w3c/dom/Node;)V" type="org.eclipse.actf.model.internal.ui.editors.ooo.util.OOoNavigation"/>
            <reference linenumber="-1" member="jumpToProblemImage" origin="org.eclipse.actf.model.internal.ui.editors.ooo.util.OOoNavigation.jumpToProblemImage(Node)" signature="(Lorg/w3c/dom/Node;)V" type="org.eclipse.actf.model.internal.ui.editors.ooo.util.OOoNavigation"/>
            <reference linenumber="-1" member="jumpToProblemDrawingPage" origin="org.eclipse.actf.model.internal.ui.editors.ooo.util.OOoNavigation.jumpToProblemDrawingPage(Node)" signature="(Lorg/w3c/dom/Node;)V" type="org.eclipse.actf.model.internal.ui.editors.ooo.util.OOoNavigation"/>
            <reference linenumber="-1" member="jumpToProblemFormControl" origin="org.eclipse.actf.model.internal.ui.editors.ooo.util.OOoNavigation.jumpToProblemFormControl(Node)" signature="(Lorg/w3c/dom/Node;)V" type="org.eclipse.actf.model.internal.ui.editors.ooo.util.OOoNavigation"/>
            <reference linenumber="-1" member="jumpToProblemObject" origin="org.eclipse.actf.model.internal.ui.editors.ooo.util.OOoNavigation.jumpToProblemObject(Node)" signature="(Lorg/w3c/dom/Node;)V" type="org.eclipse.actf.model.internal.ui.editors.ooo.util.OOoNavigation"/>
            <reference linenumber="-1" member="jumpToProblemTable" origin="org.eclipse.actf.model.internal.ui.editors.ooo.util.OOoNavigation.jumpToProblemTable(Node)" signature="(Lorg/w3c/dom/Node;)V" type="org.eclipse.actf.model.internal.ui.editors.ooo.util.OOoNavigation"/>
        </reference_kind>
    </target>
    <target member="evalPathForNodeList" name="org.eclipse.actf.util.xpath.XPathService.evalPathForNodeList(String, Node)" signature="(Ljava/lang/String;Lorg/w3c/dom/Node;)Lorg/w3c/dom/NodeList;" type="org.eclipse.actf.util.xpath.XPathService">
        <reference_kind flags="0" kind="256" reference_kind_name="VIRTUAL_METHOD">
            <reference linenumber="-1" member="jumpToProblemImage" origin="org.eclipse.actf.model.internal.ui.editors.ooo.util.OOoNavigation.jumpToProblemImage(Node)" signature="(Lorg/w3c/dom/Node;)V" type="org.eclipse.actf.model.internal.ui.editors.ooo.util.OOoNavigation"/>
            <reference linenumber="-1" member="jumpToProblemObject" origin="org.eclipse.actf.model.internal.ui.editors.ooo.util.OOoNavigation.jumpToProblemObject(Node)" signature="(Lorg/w3c/dom/Node;)V" type="org.eclipse.actf.model.internal.ui.editors.ooo.util.OOoNavigation"/>
            <reference linenumber="-1" member="jumpToProblemDrawingPage" origin="org.eclipse.actf.model.internal.ui.editors.ooo.util.OOoNavigation.jumpToProblemDrawingPage(Node)" signature="(Lorg/w3c/dom/Node;)V" type="org.eclipse.actf.model.internal.ui.editors.ooo.util.OOoNavigation"/>
            <reference linenumber="-1" member="jumpToProblemFormControl" origin="org.eclipse.actf.model.internal.ui.editors.ooo.util.OOoNavigation.jumpToProblemFormControl(Node)" signature="(Lorg/w3c/dom/Node;)V" type="org.eclipse.actf.model.internal.ui.editors.ooo.util.OOoNavigation"/>
            <reference linenumber="-1" member="jumpToProblemTable" origin="org.eclipse.actf.model.internal.ui.editors.ooo.util.OOoNavigation.jumpToProblemTable(Node)" signature="(Lorg/w3c/dom/Node;)V" type="org.eclipse.actf.model.internal.ui.editors.ooo.util.OOoNavigation"/>
            <reference linenumber="-1" member="jumpToProblemDrawingShape" origin="org.eclipse.actf.model.internal.ui.editors.ooo.util.OOoNavigation.jumpToProblemDrawingShape(Node)" signature="(Lorg/w3c/dom/Node;)V" type="org.eclipse.actf.model.internal.ui.editors.ooo.util.OOoNavigation"/>
        </reference_kind>
    </target>
</references>
