<?xml version="1.0" encoding="UTF-8" standalone="no"?>
<references name="Fields" origin="org.eclipse.birt.chart.ui.extension (2.5.2.v20100210)" referee="org.eclipse.birt.core.ui (2.5.2.v20091217)" reference_count="57" reference_visibility="1">
    <target member="cmpSubtaskContainer" name="org.eclipse.birt.core.ui.frameworks.taskwizard.TreeCompoundTask.cmpSubtaskContainer" type="org.eclipse.birt.core.ui.frameworks.taskwizard.TreeCompoundTask">
        <reference_kind flags="0" kind="16384" reference_kind_name="PUT_FIELD">
            <reference linenumber="726" member="createSubDetailComposite" origin="org.eclipse.birt.chart.ui.swt.wizard.TaskFormatChart.createSubDetailComposite(Composite, boolean)" signature="(Lorg/eclipse/swt/widgets/Composite;Z)V" type="org.eclipse.birt.chart.ui.swt.wizard.TaskFormatChart"/>
            <reference linenumber="746" member="createSubDetailComposite" origin="org.eclipse.birt.chart.ui.swt.wizard.TaskFormatChart.createSubDetailComposite(Composite, boolean)" signature="(Lorg/eclipse/swt/widgets/Composite;Z)V" type="org.eclipse.birt.chart.ui.swt.wizard.TaskFormatChart"/>
        </reference_kind>
        <reference_kind flags="0" kind="8192" reference_kind_name="GETS_FIELD">
            <reference linenumber="755" member="createSubDetailComposite" origin="org.eclipse.birt.chart.ui.swt.wizard.TaskFormatChart.createSubDetailComposite(Composite, boolean)" signature="(Lorg/eclipse/swt/widgets/Composite;Z)V" type="org.eclipse.birt.chart.ui.swt.wizard.TaskFormatChart"/>
            <reference linenumber="752" member="createSubDetailComposite" origin="org.eclipse.birt.chart.ui.swt.wizard.TaskFormatChart.createSubDetailComposite(Composite, boolean)" signature="(Lorg/eclipse/swt/widgets/Composite;Z)V" type="org.eclipse.birt.chart.ui.swt.wizard.TaskFormatChart"/>
            <reference linenumber="750" member="createSubDetailComposite" origin="org.eclipse.birt.chart.ui.swt.wizard.TaskFormatChart.createSubDetailComposite(Composite, boolean)" signature="(Lorg/eclipse/swt/widgets/Composite;Z)V" type="org.eclipse.birt.chart.ui.swt.wizard.TaskFormatChart"/>
            <reference linenumber="773" member="switchTo" origin="org.eclipse.birt.chart.ui.swt.wizard.TaskFormatChart.switchTo(String, boolean)" signature="(Ljava/lang/String;Z)V" type="org.eclipse.birt.chart.ui.swt.wizard.TaskFormatChart"/>
            <reference linenumber="806" member="switchTo" origin="org.eclipse.birt.chart.ui.swt.wizard.TaskFormatChart.switchTo(String, boolean)" signature="(Ljava/lang/String;Z)V" type="org.eclipse.birt.chart.ui.swt.wizard.TaskFormatChart"/>
            <reference linenumber="804" member="switchTo" origin="org.eclipse.birt.chart.ui.swt.wizard.TaskFormatChart.switchTo(String, boolean)" signature="(Ljava/lang/String;Z)V" type="org.eclipse.birt.chart.ui.swt.wizard.TaskFormatChart"/>
            <reference linenumber="786" member="switchTo" origin="org.eclipse.birt.chart.ui.swt.wizard.TaskFormatChart.switchTo(String, boolean)" signature="(Ljava/lang/String;Z)V" type="org.eclipse.birt.chart.ui.swt.wizard.TaskFormatChart"/>
            <reference linenumber="807" member="switchTo" origin="org.eclipse.birt.chart.ui.swt.wizard.TaskFormatChart.switchTo(String, boolean)" signature="(Ljava/lang/String;Z)V" type="org.eclipse.birt.chart.ui.swt.wizard.TaskFormatChart"/>
            <reference linenumber="802" member="switchTo" origin="org.eclipse.birt.chart.ui.swt.wizard.TaskFormatChart.switchTo(String, boolean)" signature="(Ljava/lang/String;Z)V" type="org.eclipse.birt.chart.ui.swt.wizard.TaskFormatChart"/>
            <reference linenumber="730" member="createSubDetailComposite" origin="org.eclipse.birt.chart.ui.swt.wizard.TaskFormatChart.createSubDetailComposite(Composite, boolean)" signature="(Lorg/eclipse/swt/widgets/Composite;Z)V" type="org.eclipse.birt.chart.ui.swt.wizard.TaskFormatChart"/>
            <reference linenumber="728" member="createSubDetailComposite" origin="org.eclipse.birt.chart.ui.swt.wizard.TaskFormatChart.createSubDetailComposite(Composite, boolean)" signature="(Lorg/eclipse/swt/widgets/Composite;Z)V" type="org.eclipse.birt.chart.ui.swt.wizard.TaskFormatChart"/>
            <reference linenumber="791" member="switchTo" origin="org.eclipse.birt.chart.ui.swt.wizard.TaskFormatChart.switchTo(String, boolean)" signature="(Ljava/lang/String;Z)V" type="org.eclipse.birt.chart.ui.swt.wizard.TaskFormatChart"/>
        </reference_kind>
    </target>
    <target member="context" name="org.eclipse.birt.core.ui.frameworks.taskwizard.SimpleTask.context" type="org.eclipse.birt.core.ui.frameworks.taskwizard.SimpleTask">
        <reference_kind flags="0" kind="8192" reference_kind_name="GETS_FIELD">
            <reference linenumber="231" member="createControl" origin="org.eclipse.birt.chart.ui.swt.wizard.TaskSelectType.createControl(Composite)" signature="(Lorg/eclipse/swt/widgets/Composite;)V" type="org.eclipse.birt.chart.ui.swt.wizard.TaskSelectType"/>
            <reference linenumber="832" member="doPreview" origin="org.eclipse.birt.chart.ui.swt.wizard.TaskSelectData.doPreview()" signature="()V" type="org.eclipse.birt.chart.ui.swt.wizard.TaskSelectData"/>
            <reference linenumber="1927" member="doPreview" origin="org.eclipse.birt.chart.ui.swt.wizard.TaskSelectType.doPreview()" signature="()V" type="org.eclipse.birt.chart.ui.swt.wizard.TaskSelectType"/>
            <reference linenumber="229" member="createControl" origin="org.eclipse.birt.chart.ui.swt.wizard.TaskSelectType.createControl(Composite)" signature="(Lorg/eclipse/swt/widgets/Composite;)V" type="org.eclipse.birt.chart.ui.swt.wizard.TaskSelectType"/>
            <reference linenumber="1926" member="doPreview" origin="org.eclipse.birt.chart.ui.swt.wizard.TaskSelectType.doPreview()" signature="()V" type="org.eclipse.birt.chart.ui.swt.wizard.TaskSelectType"/>
            <reference linenumber="95" member="access$14" origin="org.eclipse.birt.chart.ui.swt.wizard.TaskSelectType.access$14(TaskSelectType)" signature="(Lorg/eclipse/birt/chart/ui/swt/wizard/TaskSelectType;)Lorg/eclipse/birt/core/ui/frameworks/taskwizard/interfaces/IWizardContext;" type="org.eclipse.birt.chart.ui.swt.wizard.TaskSelectType"/>
            <reference linenumber="1403" member="refreshChart" origin="org.eclipse.birt.chart.ui.swt.wizard.TaskSelectType.refreshChart()" signature="()V" type="org.eclipse.birt.chart.ui.swt.wizard.TaskSelectType"/>
            <reference linenumber="1405" member="refreshChart" origin="org.eclipse.birt.chart.ui.swt.wizard.TaskSelectType.refreshChart()" signature="()V" type="org.eclipse.birt.chart.ui.swt.wizard.TaskSelectType"/>
            <reference linenumber="1404" member="refreshChart" origin="org.eclipse.birt.chart.ui.swt.wizard.TaskSelectType.refreshChart()" signature="()V" type="org.eclipse.birt.chart.ui.swt.wizard.TaskSelectType"/>
            <reference linenumber="1007" member="getChartModelObject" origin="org.eclipse.birt.chart.ui.swt.wizard.TaskSelectType.getChartModelObject()" signature="()Lorg/eclipse/emf/ecore/EObject;" type="org.eclipse.birt.chart.ui.swt.wizard.TaskSelectType"/>
            <reference linenumber="70" member="access$0" origin="org.eclipse.birt.chart.ui.swt.wizard.TaskFormatChart.access$0(TaskFormatChart)" signature="(Lorg/eclipse/birt/chart/ui/swt/wizard/TaskFormatChart;)Lorg/eclipse/birt/core/ui/frameworks/taskwizard/interfaces/IWizardContext;" type="org.eclipse.birt.chart.ui.swt.wizard.TaskFormatChart"/>
            <reference linenumber="1388" member="refreshChart" origin="org.eclipse.birt.chart.ui.swt.wizard.TaskSelectType.refreshChart()" signature="()V" type="org.eclipse.birt.chart.ui.swt.wizard.TaskSelectType"/>
            <reference linenumber="1387" member="refreshChart" origin="org.eclipse.birt.chart.ui.swt.wizard.TaskSelectType.refreshChart()" signature="()V" type="org.eclipse.birt.chart.ui.swt.wizard.TaskSelectType"/>
            <reference linenumber="79" member="access$0" origin="org.eclipse.birt.chart.ui.swt.wizard.TaskSelectData.access$0(TaskSelectData)" signature="(Lorg/eclipse/birt/chart/ui/swt/wizard/TaskSelectData;)Lorg/eclipse/birt/core/ui/frameworks/taskwizard/interfaces/IWizardContext;" type="org.eclipse.birt.chart.ui.swt.wizard.TaskSelectData"/>
            <reference linenumber="1120" member="doPreview" origin="org.eclipse.birt.chart.ui.swt.wizard.TaskFormatChart.doPreview()" signature="()V" type="org.eclipse.birt.chart.ui.swt.wizard.TaskFormatChart"/>
            <reference linenumber="960" member="updateDimensionCombo" origin="org.eclipse.birt.chart.ui.swt.wizard.TaskSelectType.updateDimensionCombo(String)" signature="(Ljava/lang/String;)Z" type="org.eclipse.birt.chart.ui.swt.wizard.TaskSelectType"/>
            <reference linenumber="1121" member="doPreview" origin="org.eclipse.birt.chart.ui.swt.wizard.TaskFormatChart.doPreview()" signature="()V" type="org.eclipse.birt.chart.ui.swt.wizard.TaskFormatChart"/>
            <reference linenumber="831" member="doPreview" origin="org.eclipse.birt.chart.ui.swt.wizard.TaskSelectData.doPreview()" signature="()V" type="org.eclipse.birt.chart.ui.swt.wizard.TaskSelectData"/>
        </reference_kind>
    </target>
    <target member="topControl" name="org.eclipse.birt.core.ui.frameworks.taskwizard.SimpleTask.topControl" type="org.eclipse.birt.core.ui.frameworks.taskwizard.SimpleTask">
        <reference_kind flags="0" kind="8192" reference_kind_name="GETS_FIELD">
            <reference linenumber="115" member="createControl" origin="org.eclipse.birt.chart.ui.swt.wizard.TaskSelectData.createControl(Composite)" signature="(Lorg/eclipse/swt/widgets/Composite;)V" type="org.eclipse.birt.chart.ui.swt.wizard.TaskSelectData"/>
            <reference linenumber="116" member="createControl" origin="org.eclipse.birt.chart.ui.swt.wizard.TaskSelectData.createControl(Composite)" signature="(Lorg/eclipse/swt/widgets/Composite;)V" type="org.eclipse.birt.chart.ui.swt.wizard.TaskSelectData"/>
            <reference linenumber="259" member="placeComponents" origin="org.eclipse.birt.chart.ui.swt.wizard.TaskSelectType.placeComponents()" signature="()V" type="org.eclipse.birt.chart.ui.swt.wizard.TaskSelectType"/>
            <reference linenumber="618" member="initControl" origin="org.eclipse.birt.chart.ui.swt.wizard.TaskFormatChart.initControl(Composite)" signature="(Lorg/eclipse/swt/widgets/Composite;)V" type="org.eclipse.birt.chart.ui.swt.wizard.TaskFormatChart"/>
            <reference linenumber="122" member="createControl" origin="org.eclipse.birt.chart.ui.swt.wizard.TaskSelectData.createControl(Composite)" signature="(Lorg/eclipse/swt/widgets/Composite;)V" type="org.eclipse.birt.chart.ui.swt.wizard.TaskSelectData"/>
            <reference linenumber="609" member="initControl" origin="org.eclipse.birt.chart.ui.swt.wizard.TaskFormatChart.initControl(Composite)" signature="(Lorg/eclipse/swt/widgets/Composite;)V" type="org.eclipse.birt.chart.ui.swt.wizard.TaskFormatChart"/>
            <reference linenumber="643" member="initControl" origin="org.eclipse.birt.chart.ui.swt.wizard.TaskFormatChart.initControl(Composite)" signature="(Lorg/eclipse/swt/widgets/Composite;)V" type="org.eclipse.birt.chart.ui.swt.wizard.TaskFormatChart"/>
            <reference linenumber="227" member="createControl" origin="org.eclipse.birt.chart.ui.swt.wizard.TaskSelectType.createControl(Composite)" signature="(Lorg/eclipse/swt/widgets/Composite;)V" type="org.eclipse.birt.chart.ui.swt.wizard.TaskSelectType"/>
            <reference linenumber="109" member="createControl" origin="org.eclipse.birt.chart.ui.swt.wizard.TaskSelectData.createControl(Composite)" signature="(Lorg/eclipse/swt/widgets/Composite;)V" type="org.eclipse.birt.chart.ui.swt.wizard.TaskSelectData"/>
            <reference linenumber="622" member="initControl" origin="org.eclipse.birt.chart.ui.swt.wizard.TaskFormatChart.initControl(Composite)" signature="(Lorg/eclipse/swt/widgets/Composite;)V" type="org.eclipse.birt.chart.ui.swt.wizard.TaskFormatChart"/>
            <reference linenumber="221" member="createControl" origin="org.eclipse.birt.chart.ui.swt.wizard.TaskSelectType.createControl(Composite)" signature="(Lorg/eclipse/swt/widgets/Composite;)V" type="org.eclipse.birt.chart.ui.swt.wizard.TaskSelectType"/>
            <reference linenumber="226" member="createControl" origin="org.eclipse.birt.chart.ui.swt.wizard.TaskSelectType.createControl(Composite)" signature="(Lorg/eclipse/swt/widgets/Composite;)V" type="org.eclipse.birt.chart.ui.swt.wizard.TaskSelectType"/>
            <reference linenumber="626" member="initControl" origin="org.eclipse.birt.chart.ui.swt.wizard.TaskFormatChart.initControl(Composite)" signature="(Lorg/eclipse/swt/widgets/Composite;)V" type="org.eclipse.birt.chart.ui.swt.wizard.TaskFormatChart"/>
        </reference_kind>
        <reference_kind flags="0" kind="16384" reference_kind_name="PUT_FIELD">
            <reference linenumber="612" member="initControl" origin="org.eclipse.birt.chart.ui.swt.wizard.TaskFormatChart.initControl(Composite)" signature="(Lorg/eclipse/swt/widgets/Composite;)V" type="org.eclipse.birt.chart.ui.swt.wizard.TaskFormatChart"/>
            <reference linenumber="111" member="createControl" origin="org.eclipse.birt.chart.ui.swt.wizard.TaskSelectData.createControl(Composite)" signature="(Lorg/eclipse/swt/widgets/Composite;)V" type="org.eclipse.birt.chart.ui.swt.wizard.TaskSelectData"/>
            <reference linenumber="223" member="createControl" origin="org.eclipse.birt.chart.ui.swt.wizard.TaskSelectType.createControl(Composite)" signature="(Lorg/eclipse/swt/widgets/Composite;)V" type="org.eclipse.birt.chart.ui.swt.wizard.TaskSelectType"/>
        </reference_kind>
    </target>
    <target member="container" name="org.eclipse.birt.core.ui.frameworks.taskwizard.SimpleTask.container" type="org.eclipse.birt.core.ui.frameworks.taskwizard.SimpleTask">
        <reference_kind flags="0" kind="8192" reference_kind_name="GETS_FIELD">
            <reference linenumber="1037" member="updateAdapters" origin="org.eclipse.birt.chart.ui.swt.wizard.TaskSelectType.updateAdapters()" signature="()V" type="org.eclipse.birt.chart.ui.swt.wizard.TaskSelectType"/>
            <reference linenumber="1017" member="updateAdapters" origin="org.eclipse.birt.chart.ui.swt.wizard.TaskSelectType.updateAdapters()" signature="()V" type="org.eclipse.birt.chart.ui.swt.wizard.TaskSelectType"/>
            <reference linenumber="95" member="access$18" origin="org.eclipse.birt.chart.ui.swt.wizard.TaskSelectType.access$18(TaskSelectType)" signature="(Lorg/eclipse/birt/chart/ui/swt/wizard/TaskSelectType;)Lorg/eclipse/birt/core/ui/frameworks/taskwizard/WizardBase;" type="org.eclipse.birt.chart.ui.swt.wizard.TaskSelectType"/>
            <reference linenumber="1014" member="updateAdapters" origin="org.eclipse.birt.chart.ui.swt.wizard.TaskSelectType.updateAdapters()" signature="()V" type="org.eclipse.birt.chart.ui.swt.wizard.TaskSelectType"/>
            <reference linenumber="761" member="updateApplyButton" origin="org.eclipse.birt.chart.ui.swt.wizard.TaskSelectData.updateApplyButton()" signature="()V" type="org.eclipse.birt.chart.ui.swt.wizard.TaskSelectData"/>
            <reference linenumber="759" member="updateApplyButton" origin="org.eclipse.birt.chart.ui.swt.wizard.TaskSelectData.updateApplyButton()" signature="()V" type="org.eclipse.birt.chart.ui.swt.wizard.TaskSelectData"/>
        </reference_kind>
    </target>
    <target member="navTree" name="org.eclipse.birt.core.ui.frameworks.taskwizard.TreeCompoundTask.navTree" type="org.eclipse.birt.core.ui.frameworks.taskwizard.TreeCompoundTask">
        <reference_kind flags="0" kind="16384" reference_kind_name="PUT_FIELD">
            <reference linenumber="626" member="initControl" origin="org.eclipse.birt.chart.ui.swt.wizard.TaskFormatChart.initControl(Composite)" signature="(Lorg/eclipse/swt/widgets/Composite;)V" type="org.eclipse.birt.chart.ui.swt.wizard.TaskFormatChart"/>
        </reference_kind>
        <reference_kind flags="0" kind="8192" reference_kind_name="GETS_FIELD">
            <reference linenumber="632" member="initControl" origin="org.eclipse.birt.chart.ui.swt.wizard.TaskFormatChart.initControl(Composite)" signature="(Lorg/eclipse/swt/widgets/Composite;)V" type="org.eclipse.birt.chart.ui.swt.wizard.TaskFormatChart"/>
            <reference linenumber="631" member="initControl" origin="org.eclipse.birt.chart.ui.swt.wizard.TaskFormatChart.initControl(Composite)" signature="(Lorg/eclipse/swt/widgets/Composite;)V" type="org.eclipse.birt.chart.ui.swt.wizard.TaskFormatChart"/>
        </reference_kind>
    </target>
</references>
