<?xml version="1.0" encoding="UTF-8" standalone="no"?>
<references name="Methods" origin="org.eclipse.birt.chart.ui.extension (2.5.2.v20100210)" referee="org.eclipse.birt.core.ui (2.5.2.v20091217)" reference_count="173" reference_visibility="1">
    <target member="displayException" name="org.eclipse.birt.core.ui.frameworks.taskwizard.WizardBase.displayException(Throwable)" signature="(Ljava/lang/Throwable;)V" type="org.eclipse.birt.core.ui.frameworks.taskwizard.WizardBase">
        <reference_kind flags="0" kind="128" reference_kind_name="INVOKED_STATIC">
            <reference linenumber="252" member="widgetSelected" origin="org.eclipse.birt.chart.ui.swt.composites.CursorImageDialog.widgetSelected(SelectionEvent)" signature="(Lorg/eclipse/swt/events/SelectionEvent;)V" type="org.eclipse.birt.chart.ui.swt.composites.CursorImageDialog"/>
            <reference linenumber="105" member="&lt;init&gt;" origin="org.eclipse.birt.chart.ui.swt.composites.FontCanvas.FontCanvas(Composite, int, FontDefinition, ColorDefinition, boolean, boolean, boolean)" signature="(Lorg/eclipse/swt/widgets/Composite;ILorg/eclipse/birt/chart/model/attribute/FontDefinition;Lorg/eclipse/birt/chart/model/attribute/ColorDefinition;ZZZ)V" type="org.eclipse.birt.chart.ui.swt.composites.FontCanvas"/>
            <reference linenumber="80" member="&lt;init&gt;" origin="org.eclipse.birt.chart.ui.swt.composites.FillCanvas.FillCanvas(Composite, int)" signature="(Lorg/eclipse/swt/widgets/Composite;I)V" type="org.eclipse.birt.chart.ui.swt.composites.FillCanvas"/>
        <reference linenumber="311" member="okPressed" origin="org.eclipse.birt.chart.ui.swt.composites.ImageDialog.okPressed()" signature="()V" type="org.eclipse.birt.chart.ui.swt.composites.ImageDialog"/>
            <reference linenumber="323" member="okPressed" origin="org.eclipse.birt.chart.ui.swt.composites.ImageDialog.okPressed()" signature="()V" type="org.eclipse.birt.chart.ui.swt.composites.ImageDialog"/>
            <reference linenumber="262" member="createSortArea" origin="org.eclipse.birt.chart.ui.swt.composites.GroupSortingDialog.createSortArea(Composite)" signature="(Lorg/eclipse/swt/widgets/Composite;)V" type="org.eclipse.birt.chart.ui.swt.composites.GroupSortingDialog"/>
            <reference linenumber="360" member="widgetSelected" origin="org.eclipse.birt.chart.ui.swt.composites.HyperlinkEditorDialog.widgetSelected(SelectionEvent)" signature="(Lorg/eclipse/swt/events/SelectionEvent;)V" type="org.eclipse.birt.chart.ui.swt.composites.HyperlinkEditorDialog"/>
        <reference linenumber="499" member="widgetSelected" origin="org.eclipse.birt.chart.ui.swt.composites.MarkerIconDialog.widgetSelected(SelectionEvent)" signature="(Lorg/eclipse/swt/events/SelectionEvent;)V" type="org.eclipse.birt.chart.ui.swt.composites.MarkerIconDialog"/>
            <reference linenumber="429" member="preview" origin="org.eclipse.birt.chart.ui.swt.composites.MarkerIconDialog.preview()" signature="()V" type="org.eclipse.birt.chart.ui.swt.composites.MarkerIconDialog"/>
            <reference linenumber="167" member="placeComponents" origin="org.eclipse.birt.chart.ui.swt.composites.MarkerEditorComposite.placeComponents()" signature="()V" type="org.eclipse.birt.chart.ui.swt.composites.MarkerEditorComposite"/>
        <reference linenumber="650" member="widgetSelected" origin="org.eclipse.birt.chart.ui.swt.composites.SeriesGroupingComposite.widgetSelected(SelectionEvent)" signature="(Lorg/eclipse/swt/events/SelectionEvent;)V" type="org.eclipse.birt.chart.ui.swt.composites.SeriesGroupingComposite"/>
            <reference linenumber="422" member="placeComponents" origin="org.eclipse.birt.chart.ui.swt.composites.TriggerDataComposite.placeComponents()" signature="()V" type="org.eclipse.birt.chart.ui.swt.composites.TriggerDataComposite"/>
            <reference linenumber="1142" member="widgetSelected" origin="org.eclipse.birt.chart.ui.swt.composites.TriggerDataComposite.widgetSelected(SelectionEvent)" signature="(Lorg/eclipse/swt/events/SelectionEvent;)V" type="org.eclipse.birt.chart.ui.swt.composites.TriggerDataComposite"/>
            <reference linenumber="411" member="populateLists" origin="org.eclipse.birt.chart.ui.swt.composites.SeriesGroupingComposite.populateLists()" signature="()V" type="org.eclipse.birt.chart.ui.swt.composites.SeriesGroupingComposite"/>
            <reference linenumber="548" member="placeComponents" origin="org.eclipse.birt.chart.ui.swt.composites.TriggerDataComposite.placeComponents()" signature="()V" type="org.eclipse.birt.chart.ui.swt.composites.TriggerDataComposite"/>
        <reference linenumber="432" member="widgetSelected" origin="org.eclipse.birt.chart.ui.swt.series.PieSeriesAttributeComposite.widgetSelected(SelectionEvent)" signature="(Lorg/eclipse/swt/events/SelectionEvent;)V" type="org.eclipse.birt.chart.ui.swt.series.PieSeriesAttributeComposite"/>
        <reference linenumber="340" member="createArea" origin="org.eclipse.birt.chart.ui.swt.wizard.data.BaseDataDefinitionComponent.createArea(Composite)" signature="(Lorg/eclipse/swt/widgets/Composite;)Lorg/eclipse/swt/widgets/Composite;" type="org.eclipse.birt.chart.ui.swt.wizard.data.BaseDataDefinitionComponent"/>
            <reference linenumber="901" member="populateAggregationCombo" origin="org.eclipse.birt.chart.ui.swt.wizard.data.AggregateEditorComposite.populateAggregationCombo(Combo)" signature="(Lorg/eclipse/swt/widgets/Combo;)V" type="org.eclipse.birt.chart.ui.swt.wizard.data.AggregateEditorComposite"/>
            <reference linenumber="715" member="widgetSelected" origin="org.eclipse.birt.chart.ui.swt.wizard.data.AggregateEditorComposite.AggregateDropDownEditorComposite.widgetSelected(SelectionEvent)" signature="(Lorg/eclipse/swt/events/SelectionEvent;)V" type="org.eclipse.birt.chart.ui.swt.wizard.data.AggregateEditorComposite$AggregateDropDownEditorComposite"/>
            <reference linenumber="878" member="populateAggregationCombo" origin="org.eclipse.birt.chart.ui.swt.wizard.data.AggregateEditorComposite.populateAggregationCombo(Combo)" signature="(Lorg/eclipse/swt/widgets/Combo;)V" type="org.eclipse.birt.chart.ui.swt.wizard.data.AggregateEditorComposite"/>
        <reference linenumber="261" member="getComponent" origin="org.eclipse.birt.chart.ui.swt.wizard.format.popup.series.LineSeriesMarkerSheet.getComponent(Composite)" signature="(Lorg/eclipse/swt/widgets/Composite;)Lorg/eclipse/swt/widgets/Composite;" type="org.eclipse.birt.chart.ui.swt.wizard.format.popup.series.LineSeriesMarkerSheet"/>
        <reference linenumber="243" member="run" origin="org.eclipse.birt.chart.ui.swt.wizard.preview.ChartLivePreviewThread.2.run()" signature="()V" type="org.eclipse.birt.chart.ui.swt.wizard.preview.ChartLivePreviewThread$2"/>
        </reference_kind>
    </target>
<target member="getChoiceValue" name="org.eclipse.birt.core.ui.swt.custom.CustomChooserComposite.getChoiceValue()" signature="()Ljava/lang/Object;" type="org.eclipse.birt.core.ui.swt.custom.CustomChooserComposite">
        <reference_kind flags="0" kind="256" reference_kind_name="VIRTUAL_METHOD">
            <reference linenumber="80" member="getHeadStyle" origin="org.eclipse.birt.chart.ui.swt.composites.HeadStyleChooserComposite.getHeadStyle()" signature="()I" type="org.eclipse.birt.chart.ui.swt.composites.HeadStyleChooserComposite"/>
        <reference linenumber="81" member="getLineStyle" origin="org.eclipse.birt.chart.ui.swt.composites.LineStyleChooserComposite.getLineStyle()" signature="()I" type="org.eclipse.birt.chart.ui.swt.composites.LineStyleChooserComposite"/>
            <reference linenumber="79" member="getLineWidth" origin="org.eclipse.birt.chart.ui.swt.composites.LineWidthChooserComposite.getLineWidth()" signature="()I" type="org.eclipse.birt.chart.ui.swt.composites.LineWidthChooserComposite"/>
        </reference_kind>
    </target>
    <target member="&lt;init&gt;" name="org.eclipse.birt.core.ui.swt.custom.CustomChooserComposite.CustomChooserComposite(Composite, int, Object)" signature="(Lorg/eclipse/swt/widgets/Composite;ILjava/lang/Object;)V" type="org.eclipse.birt.core.ui.swt.custom.CustomChooserComposite">
        <reference_kind flags="0" kind="536870912" reference_kind_name="SUPER_CONSTRUCTORMETHOD">
            <reference linenumber="59" member="&lt;init&gt;" origin="org.eclipse.birt.chart.ui.swt.composites.HeadStyleChooserComposite.HeadStyleChooserComposite(Composite, int, int)" signature="(Lorg/eclipse/swt/widgets/Composite;II)V" type="org.eclipse.birt.chart.ui.swt.composites.HeadStyleChooserComposite"/>
        <reference linenumber="59" member="&lt;init&gt;" origin="org.eclipse.birt.chart.ui.swt.composites.LineStyleChooserComposite.LineStyleChooserComposite(Composite, int, int, Integer[])" signature="(Lorg/eclipse/swt/widgets/Composite;II[Ljava/lang/Integer;)V" type="org.eclipse.birt.chart.ui.swt.composites.LineStyleChooserComposite"/>
            <reference linenumber="57" member="&lt;init&gt;" origin="org.eclipse.birt.chart.ui.swt.composites.LineWidthChooserComposite.LineWidthChooserComposite(Composite, int, int)" signature="(Lorg/eclipse/swt/widgets/Composite;II)V" type="org.eclipse.birt.chart.ui.swt.composites.LineWidthChooserComposite"/>
        </reference_kind>
    </target>
    <target member="createChoice" name="org.eclipse.birt.core.ui.swt.custom.CustomChooserComposite.createChoice(Composite, Object)" signature="(Lorg/eclipse/swt/widgets/Composite;Ljava/lang/Object;)Lorg/eclipse/birt/core/ui/swt/custom/ICustomChoice;" type="org.eclipse.birt.core.ui.swt.custom.CustomChooserComposite">
        <reference_kind flags="0" kind="268435456" reference_kind_name="OVERRIDE">
            <reference linenumber="-1" member="createChoice" origin="org.eclipse.birt.chart.ui.swt.composites.HeadStyleChooserComposite.createChoice(Composite, Object)" signature="(Lorg/eclipse/swt/widgets/Composite;Ljava/lang/Object;)Lorg/eclipse/birt/core/ui/swt/custom/ICustomChoice;" type="org.eclipse.birt.chart.ui.swt.composites.HeadStyleChooserComposite"/>
        <reference linenumber="-1" member="createChoice" origin="org.eclipse.birt.chart.ui.swt.composites.LineStyleChooserComposite.createChoice(Composite, Object)" signature="(Lorg/eclipse/swt/widgets/Composite;Ljava/lang/Object;)Lorg/eclipse/birt/core/ui/swt/custom/ICustomChoice;" type="org.eclipse.birt.chart.ui.swt.composites.LineStyleChooserComposite"/>
            <reference linenumber="-1" member="createChoice" origin="org.eclipse.birt.chart.ui.swt.composites.LineWidthChooserComposite.createChoice(Composite, Object)" signature="(Lorg/eclipse/swt/widgets/Composite;Ljava/lang/Object;)Lorg/eclipse/birt/core/ui/swt/custom/ICustomChoice;" type="org.eclipse.birt.chart.ui.swt.composites.LineWidthChooserComposite"/>
        </reference_kind>
    </target>
    <target member="setChoiceValue" name="org.eclipse.birt.core.ui.swt.custom.CustomChooserComposite.setChoiceValue(Object)" signature="(Ljava/lang/Object;)V" type="org.eclipse.birt.core.ui.swt.custom.CustomChooserComposite">
        <reference_kind flags="0" kind="256" reference_kind_name="VIRTUAL_METHOD">
            <reference linenumber="85" member="setHeadStyle" origin="org.eclipse.birt.chart.ui.swt.composites.HeadStyleChooserComposite.setHeadStyle(int)" signature="(I)V" type="org.eclipse.birt.chart.ui.swt.composites.HeadStyleChooserComposite"/>
        <reference linenumber="84" member="setLineWidth" origin="org.eclipse.birt.chart.ui.swt.composites.LineWidthChooserComposite.setLineWidth(int)" signature="(I)V" type="org.eclipse.birt.chart.ui.swt.composites.LineWidthChooserComposite"/>
            <reference linenumber="86" member="setLineStyle" origin="org.eclipse.birt.chart.ui.swt.composites.LineStyleChooserComposite.setLineStyle(int)" signature="(I)V" type="org.eclipse.birt.chart.ui.swt.composites.LineStyleChooserComposite"/>
        </reference_kind>
    </target>
    <target member="removeException" name="org.eclipse.birt.core.ui.frameworks.taskwizard.WizardBase.removeException()" signature="()V" type="org.eclipse.birt.core.ui.frameworks.taskwizard.WizardBase">
        <reference_kind flags="0" kind="128" reference_kind_name="INVOKED_STATIC">
            <reference linenumber="683" member="updatePreview" origin="org.eclipse.birt.chart.ui.swt.composites.FormatSpecifierComposite.updatePreview()" signature="()V" type="org.eclipse.birt.chart.ui.swt.composites.FormatSpecifierComposite"/>
        </reference_kind>
    </target>
    <target member="setEnabled" name="org.eclipse.birt.core.ui.swt.custom.CustomChooserComposite.setEnabled(boolean)" signature="(Z)V" type="org.eclipse.birt.core.ui.swt.custom.CustomChooserComposite">
        <reference_kind flags="0" kind="256" reference_kind_name="VIRTUAL_METHOD">
            <reference linenumber="375" member="widgetSelected" origin="org.eclipse.birt.chart.ui.swt.composites.GanttLineAttributesComposite.widgetSelected(SelectionEvent)" signature="(Lorg/eclipse/swt/events/SelectionEvent;)V" type="org.eclipse.birt.chart.ui.swt.composites.GanttLineAttributesComposite"/>
            <reference linenumber="186" member="placeComponents" origin="org.eclipse.birt.chart.ui.swt.composites.GanttLineAttributesComposite.placeComponents()" signature="()V" type="org.eclipse.birt.chart.ui.swt.composites.GanttLineAttributesComposite"/>
            <reference linenumber="301" member="setLineAttributes" origin="org.eclipse.birt.chart.ui.swt.composites.GanttLineAttributesComposite.setLineAttributes(LineAttributes)" signature="(Lorg/eclipse/birt/chart/model/attribute/LineAttributes;)V" type="org.eclipse.birt.chart.ui.swt.composites.GanttLineAttributesComposite"/>
            <reference linenumber="260" member="setEnabled" origin="org.eclipse.birt.chart.ui.swt.composites.GanttLineAttributesComposite.setEnabled(boolean)" signature="(Z)V" type="org.eclipse.birt.chart.ui.swt.composites.GanttLineAttributesComposite"/>
        <reference linenumber="312" member="setLineAttributes" origin="org.eclipse.birt.chart.ui.swt.composites.LineAttributesComposite.setLineAttributes(LineAttributes)" signature="(Lorg/eclipse/birt/chart/model/attribute/LineAttributes;)V" type="org.eclipse.birt.chart.ui.swt.composites.LineAttributesComposite"/>
            <reference linenumber="367" member="widgetSelected" origin="org.eclipse.birt.chart.ui.swt.composites.LineAttributesComposite.widgetSelected(SelectionEvent)" signature="(Lorg/eclipse/swt/events/SelectionEvent;)V" type="org.eclipse.birt.chart.ui.swt.composites.LineAttributesComposite"/>
            <reference linenumber="211" member="placeComponents" origin="org.eclipse.birt.chart.ui.swt.composites.LineAttributesComposite.placeComponents()" signature="()V" type="org.eclipse.birt.chart.ui.swt.composites.LineAttributesComposite"/>
            <reference linenumber="277" member="setAttributesEnabled" origin="org.eclipse.birt.chart.ui.swt.composites.LineAttributesComposite.setAttributesEnabled(boolean)" signature="(Z)V" type="org.eclipse.birt.chart.ui.swt.composites.LineAttributesComposite"/>
            <reference linenumber="317" member="setLineAttributes" origin="org.eclipse.birt.chart.ui.swt.composites.LineAttributesComposite.setLineAttributes(LineAttributes)" signature="(Lorg/eclipse/birt/chart/model/attribute/LineAttributes;)V" type="org.eclipse.birt.chart.ui.swt.composites.LineAttributesComposite"/>
            <reference linenumber="193" member="placeComponents" origin="org.eclipse.birt.chart.ui.swt.composites.LineAttributesComposite.placeComponents()" signature="()V" type="org.eclipse.birt.chart.ui.swt.composites.LineAttributesComposite"/>
            <reference linenumber="372" member="widgetSelected" origin="org.eclipse.birt.chart.ui.swt.composites.LineAttributesComposite.widgetSelected(SelectionEvent)" signature="(Lorg/eclipse/swt/events/SelectionEvent;)V" type="org.eclipse.birt.chart.ui.swt.composites.LineAttributesComposite"/>
            <reference linenumber="272" member="setAttributesEnabled" origin="org.eclipse.birt.chart.ui.swt.composites.LineAttributesComposite.setAttributesEnabled(boolean)" signature="(Z)V" type="org.eclipse.birt.chart.ui.swt.composites.LineAttributesComposite"/>
        </reference_kind>
    </target>
    <target member="setItems" name="org.eclipse.birt.core.ui.swt.custom.CustomChooserComposite.setItems(Object[])" signature="([Ljava/lang/Object;)V" type="org.eclipse.birt.core.ui.swt.custom.CustomChooserComposite">
        <reference_kind flags="0" kind="256" reference_kind_name="VIRTUAL_METHOD">
            <reference linenumber="60" member="&lt;init&gt;" origin="org.eclipse.birt.chart.ui.swt.composites.HeadStyleChooserComposite.HeadStyleChooserComposite(Composite, int, int)" signature="(Lorg/eclipse/swt/widgets/Composite;II)V" type="org.eclipse.birt.chart.ui.swt.composites.HeadStyleChooserComposite"/>
        <reference linenumber="60" member="&lt;init&gt;" origin="org.eclipse.birt.chart.ui.swt.composites.LineStyleChooserComposite.LineStyleChooserComposite(Composite, int, int, Integer[])" signature="(Lorg/eclipse/swt/widgets/Composite;II[Ljava/lang/Integer;)V" type="org.eclipse.birt.chart.ui.swt.composites.LineStyleChooserComposite"/>
            <reference linenumber="58" member="&lt;init&gt;" origin="org.eclipse.birt.chart.ui.swt.composites.LineWidthChooserComposite.LineWidthChooserComposite(Composite, int, int)" signature="(Lorg/eclipse/swt/widgets/Composite;II)V" type="org.eclipse.birt.chart.ui.swt.composites.LineWidthChooserComposite"/>
        <reference linenumber="717" member="populateLists" origin="org.eclipse.birt.chart.ui.swt.composites.TriggerDataComposite.populateLists()" signature="()V" type="org.eclipse.birt.chart.ui.swt.composites.TriggerDataComposite"/>
        </reference_kind>
    </target>
    <target member="addListener" name="org.eclipse.birt.core.ui.swt.custom.CustomChooserComposite.addListener(int, Listener)" signature="(ILorg/eclipse/swt/widgets/Listener;)V" type="org.eclipse.birt.core.ui.swt.custom.CustomChooserComposite">
        <reference_kind flags="0" kind="256" reference_kind_name="VIRTUAL_METHOD">
            <reference linenumber="98" member="placeComponents" origin="org.eclipse.birt.chart.ui.swt.composites.HeadStyleAttributeComposite.placeComponents()" signature="()V" type="org.eclipse.birt.chart.ui.swt.composites.HeadStyleAttributeComposite"/>
            <reference linenumber="184" member="placeComponents" origin="org.eclipse.birt.chart.ui.swt.composites.GanttLineAttributesComposite.placeComponents()" signature="()V" type="org.eclipse.birt.chart.ui.swt.composites.GanttLineAttributesComposite"/>
        <reference linenumber="191" member="placeComponents" origin="org.eclipse.birt.chart.ui.swt.composites.LineAttributesComposite.placeComponents()" signature="()V" type="org.eclipse.birt.chart.ui.swt.composites.LineAttributesComposite"/>
            <reference linenumber="209" member="placeComponents" origin="org.eclipse.birt.chart.ui.swt.composites.LineAttributesComposite.placeComponents()" signature="()V" type="org.eclipse.birt.chart.ui.swt.composites.LineAttributesComposite"/>
        <reference linenumber="293" member="placeComponents" origin="org.eclipse.birt.chart.ui.swt.composites.TriggerDataComposite.placeComponents()" signature="()V" type="org.eclipse.birt.chart.ui.swt.composites.TriggerDataComposite"/>
        </reference_kind>
    </target>
<target member="unmarkSelection" name="org.eclipse.birt.core.ui.swt.custom.TextCombo.unmarkSelection(String)" signature="(Ljava/lang/String;)V" type="org.eclipse.birt.core.ui.swt.custom.TextCombo">
        <reference_kind flags="0" kind="256" reference_kind_name="VIRTUAL_METHOD">
            <reference linenumber="1112" member="widgetSelected" origin="org.eclipse.birt.chart.ui.swt.composites.TriggerDataComposite.widgetSelected(SelectionEvent)" signature="(Lorg/eclipse/swt/events/SelectionEvent;)V" type="org.eclipse.birt.chart.ui.swt.composites.TriggerDataComposite"/>
            <reference linenumber="1213" member="updateTrigger" origin="org.eclipse.birt.chart.ui.swt.composites.TriggerDataComposite.updateTrigger(String)" signature="(Ljava/lang/String;)V" type="org.eclipse.birt.chart.ui.swt.composites.TriggerDataComposite"/>
        </reference_kind>
    </target>
    <target member="select" name="org.eclipse.birt.core.ui.swt.custom.CustomChooserComposite.select(int)" signature="(I)V" type="org.eclipse.birt.core.ui.swt.custom.CustomChooserComposite">
        <reference_kind flags="0" kind="256" reference_kind_name="VIRTUAL_METHOD">
            <reference linenumber="1047" member="clear" origin="org.eclipse.birt.chart.ui.swt.composites.TriggerDataComposite.clear()" signature="()V" type="org.eclipse.birt.chart.ui.swt.composites.TriggerDataComposite"/>
            <reference linenumber="718" member="populateLists" origin="org.eclipse.birt.chart.ui.swt.composites.TriggerDataComposite.populateLists()" signature="()V" type="org.eclipse.birt.chart.ui.swt.composites.TriggerDataComposite"/>
        </reference_kind>
    </target>
    <target member="&lt;init&gt;" name="org.eclipse.birt.core.ui.swt.custom.TextCombo.TextCombo(Composite, int)" signature="(Lorg/eclipse/swt/widgets/Composite;I)V" type="org.eclipse.birt.core.ui.swt.custom.TextCombo">
        <reference_kind flags="0" kind="64" reference_kind_name="CONSTRUCTOR_METHOD">
            <reference linenumber="289" member="placeComponents" origin="org.eclipse.birt.chart.ui.swt.composites.TriggerDataComposite.placeComponents()" signature="()V" type="org.eclipse.birt.chart.ui.swt.composites.TriggerDataComposite"/>
        </reference_kind>
    </target>
    <target member="getText" name="org.eclipse.birt.core.ui.swt.custom.TextCombo.getText()" signature="()Ljava/lang/String;" type="org.eclipse.birt.core.ui.swt.custom.TextCombo">
        <reference_kind flags="0" kind="256" reference_kind_name="VIRTUAL_METHOD">
            <reference linenumber="311" member="handleEvent" origin="org.eclipse.birt.chart.ui.swt.composites.TriggerDataComposite.3.handleEvent(Event)" signature="(Lorg/eclipse/swt/widgets/Event;)V" type="org.eclipse.birt.chart.ui.swt.composites.TriggerDataComposite$3"/>
            <reference linenumber="1040" member="getTrigger" origin="org.eclipse.birt.chart.ui.swt.composites.TriggerDataComposite.getTrigger()" signature="()Lorg/eclipse/birt/chart/model/data/Trigger;" type="org.eclipse.birt.chart.ui.swt.composites.TriggerDataComposite"/>
            <reference linenumber="769" member="updateActionTypeItems" origin="org.eclipse.birt.chart.ui.swt.composites.TriggerDataComposite.updateActionTypeItems()" signature="()V" type="org.eclipse.birt.chart.ui.swt.composites.TriggerDataComposite"/>
            <reference linenumber="299" member="handleEvent" origin="org.eclipse.birt.chart.ui.swt.composites.TriggerDataComposite.3.handleEvent(Event)" signature="(Lorg/eclipse/swt/widgets/Event;)V" type="org.eclipse.birt.chart.ui.swt.composites.TriggerDataComposite$3"/>
            <reference linenumber="1109" member="widgetSelected" origin="org.eclipse.birt.chart.ui.swt.composites.TriggerDataComposite.widgetSelected(SelectionEvent)" signature="(Lorg/eclipse/swt/events/SelectionEvent;)V" type="org.eclipse.birt.chart.ui.swt.composites.TriggerDataComposite"/>
            <reference linenumber="234" member="widgetDisposed" origin="org.eclipse.birt.chart.ui.swt.composites.TriggerDataComposite.2.widgetDisposed(DisposeEvent)" signature="(Lorg/eclipse/swt/events/DisposeEvent;)V" type="org.eclipse.birt.chart.ui.swt.composites.TriggerDataComposite$2"/>
            <reference linenumber="1060" member="switchUI" origin="org.eclipse.birt.chart.ui.swt.composites.TriggerDataComposite.switchUI()" signature="()V" type="org.eclipse.birt.chart.ui.swt.composites.TriggerDataComposite"/>
            <reference linenumber="204" member="widgetDisposed" origin="org.eclipse.birt.chart.ui.swt.composites.TriggerDataComposite.1.widgetDisposed(DisposeEvent)" signature="(Lorg/eclipse/swt/events/DisposeEvent;)V" type="org.eclipse.birt.chart.ui.swt.composites.TriggerDataComposite$1"/>
            <reference linenumber="741" member="populateLists" origin="org.eclipse.birt.chart.ui.swt.composites.TriggerDataComposite.populateLists()" signature="()V" type="org.eclipse.birt.chart.ui.swt.composites.TriggerDataComposite"/>
        </reference_kind>
    </target>
    <target member="setText" name="org.eclipse.birt.core.ui.swt.custom.TextCombo.setText(String)" signature="(Ljava/lang/String;)V" type="org.eclipse.birt.core.ui.swt.custom.TextCombo">
        <reference_kind flags="0" kind="256" reference_kind_name="VIRTUAL_METHOD">
            <reference linenumber="734" member="populateLists" origin="org.eclipse.birt.chart.ui.swt.composites.TriggerDataComposite.populateLists()" signature="()V" type="org.eclipse.birt.chart.ui.swt.composites.TriggerDataComposite"/>
            <reference linenumber="868" member="setTrigger" origin="org.eclipse.birt.chart.ui.swt.composites.TriggerDataComposite.setTrigger(Trigger)" signature="(Lorg/eclipse/birt/chart/model/data/Trigger;)V" type="org.eclipse.birt.chart.ui.swt.composites.TriggerDataComposite"/>
            <reference linenumber="1124" member="widgetSelected" origin="org.eclipse.birt.chart.ui.swt.composites.TriggerDataComposite.widgetSelected(SelectionEvent)" signature="(Lorg/eclipse/swt/events/SelectionEvent;)V" type="org.eclipse.birt.chart.ui.swt.composites.TriggerDataComposite"/>
        </reference_kind>
    </target>
    <target member="markSelection" name="org.eclipse.birt.core.ui.swt.custom.TextCombo.markSelection(String)" signature="(Ljava/lang/String;)V" type="org.eclipse.birt.core.ui.swt.custom.TextCombo">
        <reference_kind flags="0" kind="256" reference_kind_name="VIRTUAL_METHOD">
            <reference linenumber="1216" member="updateTrigger" origin="org.eclipse.birt.chart.ui.swt.composites.TriggerDataComposite.updateTrigger(String)" signature="(Ljava/lang/String;)V" type="org.eclipse.birt.chart.ui.swt.composites.TriggerDataComposite"/>
            <reference linenumber="729" member="populateLists" origin="org.eclipse.birt.chart.ui.swt.composites.TriggerDataComposite.populateLists()" signature="()V" type="org.eclipse.birt.chart.ui.swt.composites.TriggerDataComposite"/>
            <reference linenumber="1122" member="widgetSelected" origin="org.eclipse.birt.chart.ui.swt.composites.TriggerDataComposite.widgetSelected(SelectionEvent)" signature="(Lorg/eclipse/swt/events/SelectionEvent;)V" type="org.eclipse.birt.chart.ui.swt.composites.TriggerDataComposite"/>
        </reference_kind>
    </target>
<target member="switchToTreeItem" name="org.eclipse.birt.core.ui.frameworks.taskwizard.TreeCompoundTask.switchToTreeItem(TreeItem)" signature="(Lorg/eclipse/swt/widgets/TreeItem;)V" type="org.eclipse.birt.core.ui.frameworks.taskwizard.TreeCompoundTask">
        <reference_kind flags="0" kind="256" reference_kind_name="VIRTUAL_METHOD">
            <reference linenumber="636" member="handleEvent" origin="org.eclipse.birt.chart.ui.swt.wizard.TaskFormatChart.1.handleEvent(Event)" signature="(Lorg/eclipse/swt/widgets/Event;)V" type="org.eclipse.birt.chart.ui.swt.wizard.TaskFormatChart$1"/>
        <reference linenumber="492" member="switchTo" origin="org.eclipse.birt.chart.ui.swt.wizard.format.axis.AxisSheetImpl.AxisOptionChoser.switchTo(int)" signature="(I)V" type="org.eclipse.birt.chart.ui.swt.wizard.format.axis.AxisSheetImpl$AxisOptionChoser"/>
        <reference linenumber="696" member="switchTo" origin="org.eclipse.birt.chart.ui.swt.wizard.format.series.SeriesSheetImpl.SeriesOptionChoser.switchTo(int)" signature="(I)V" type="org.eclipse.birt.chart.ui.swt.wizard.format.series.SeriesSheetImpl$SeriesOptionChoser"/>
        </reference_kind>
    </target>
    <target member="populateSubtasks" name="org.eclipse.birt.core.ui.frameworks.taskwizard.TreeCompoundTask.populateSubtasks()" signature="()V" type="org.eclipse.birt.core.ui.frameworks.taskwizard.TreeCompoundTask">
        <reference_kind flags="0" kind="268435456" reference_kind_name="OVERRIDE">
            <reference linenumber="-1" member="populateSubtasks" origin="org.eclipse.birt.chart.ui.swt.wizard.TaskFormatChart.populateSubtasks()" signature="()V" type="org.eclipse.birt.chart.ui.swt.wizard.TaskFormatChart"/>
        </reference_kind>
        <reference_kind flags="0" kind="1048576" reference_kind_name="INVOKED_SPECIAL">
            <reference linenumber="220" member="populateSubtasks" origin="org.eclipse.birt.chart.ui.swt.wizard.TaskFormatChart.populateSubtasks()" signature="()V" type="org.eclipse.birt.chart.ui.swt.wizard.TaskFormatChart"/>
        </reference_kind>
    </target>
    <target member="addNode" name="org.eclipse.birt.core.ui.frameworks.taskwizard.composites.NavTree.addNode(String, String)" signature="(Ljava/lang/String;Ljava/lang/String;)Z" type="org.eclipse.birt.core.ui.frameworks.taskwizard.composites.NavTree">
        <reference_kind flags="0" kind="256" reference_kind_name="VIRTUAL_METHOD">
            <reference linenumber="353" member="updateTreeItem" origin="org.eclipse.birt.chart.ui.swt.wizard.TaskFormatChart.updateTreeItem()" signature="()V" type="org.eclipse.birt.chart.ui.swt.wizard.TaskFormatChart"/>
            <reference linenumber="365" member="updateTreeItem" origin="org.eclipse.birt.chart.ui.swt.wizard.TaskFormatChart.updateTreeItem()" signature="()V" type="org.eclipse.birt.chart.ui.swt.wizard.TaskFormatChart"/>
        </reference_kind>
    </target>
    <target member="setNodePath" name="org.eclipse.birt.core.ui.frameworks.taskwizard.interfaces.ISubtaskSheet.setNodePath(String)" signature="(Ljava/lang/String;)V" type="org.eclipse.birt.core.ui.frameworks.taskwizard.interfaces.ISubtaskSheet">
        <reference_kind flags="0" kind="512" reference_kind_name="INTERFACE_METHOD">
            <reference linenumber="270" member="populateSubtasks" origin="org.eclipse.birt.chart.ui.swt.wizard.TaskFormatChart.populateSubtasks()" signature="()V" type="org.eclipse.birt.chart.ui.swt.wizard.TaskFormatChart"/>
        </reference_kind>
    </target>
    <target member="dispose" name="org.eclipse.birt.core.ui.frameworks.taskwizard.TreeCompoundTask.dispose()" signature="()V" type="org.eclipse.birt.core.ui.frameworks.taskwizard.TreeCompoundTask">
        <reference_kind flags="0" kind="1048576" reference_kind_name="INVOKED_SPECIAL">
            <reference linenumber="1044" member="dispose" origin="org.eclipse.birt.chart.ui.swt.wizard.TaskFormatChart.dispose()" signature="()V" type="org.eclipse.birt.chart.ui.swt.wizard.TaskFormatChart"/>
        </reference_kind>
        <reference_kind flags="0" kind="268435456" reference_kind_name="OVERRIDE">
            <reference linenumber="-1" member="dispose" origin="org.eclipse.birt.chart.ui.swt.wizard.TaskFormatChart.dispose()" signature="()V" type="org.eclipse.birt.chart.ui.swt.wizard.TaskFormatChart"/>
        </reference_kind>
    </target>
    <target member="getSubtask" name="org.eclipse.birt.core.ui.frameworks.taskwizard.TreeCompoundTask.getSubtask(String)" signature="(Ljava/lang/String;)Lorg/eclipse/birt/core/ui/frameworks/taskwizard/interfaces/ISubtaskSheet;" type="org.eclipse.birt.core.ui.frameworks.taskwizard.TreeCompoundTask">
        <reference_kind flags="0" kind="256" reference_kind_name="VIRTUAL_METHOD">
            <reference linenumber="527" member="removeVisibleTask" origin="org.eclipse.birt.chart.ui.swt.wizard.TaskFormatChart.removeVisibleTask(String)" signature="(Ljava/lang/String;)V" type="org.eclipse.birt.chart.ui.swt.wizard.TaskFormatChart"/>
            <reference linenumber="494" member="addVisibleSubtask" origin="org.eclipse.birt.chart.ui.swt.wizard.TaskFormatChart.addVisibleSubtask(String)" signature="(Ljava/lang/String;)V" type="org.eclipse.birt.chart.ui.swt.wizard.TaskFormatChart"/>
            <reference linenumber="535" member="removeVisibleTask" origin="org.eclipse.birt.chart.ui.swt.wizard.TaskFormatChart.removeVisibleTask(String)" signature="(Ljava/lang/String;)V" type="org.eclipse.birt.chart.ui.swt.wizard.TaskFormatChart"/>
            <reference linenumber="501" member="addVisibleSubtask" origin="org.eclipse.birt.chart.ui.swt.wizard.TaskFormatChart.addVisibleSubtask(String)" signature="(Ljava/lang/String;)V" type="org.eclipse.birt.chart.ui.swt.wizard.TaskFormatChart"/>
            <reference linenumber="769" member="switchTo" origin="org.eclipse.birt.chart.ui.swt.wizard.TaskFormatChart.switchTo(String, boolean)" signature="(Ljava/lang/String;Z)V" type="org.eclipse.birt.chart.ui.swt.wizard.TaskFormatChart"/>
        </reference_kind>
    </target>
    <target member="addNode" name="org.eclipse.birt.core.ui.frameworks.taskwizard.composites.NavTree.addNode(String)" signature="(Ljava/lang/String;)Z" type="org.eclipse.birt.core.ui.frameworks.taskwizard.composites.NavTree">
        <reference_kind flags="0" kind="256" reference_kind_name="VIRTUAL_METHOD">
            <reference linenumber="358" member="updateTreeItem" origin="org.eclipse.birt.chart.ui.swt.wizard.TaskFormatChart.updateTreeItem()" signature="()V" type="org.eclipse.birt.chart.ui.swt.wizard.TaskFormatChart"/>
        </reference_kind>
    </target>
    <target member="containSubtask" name="org.eclipse.birt.core.ui.frameworks.taskwizard.TreeCompoundTask.containSubtask(String)" signature="(Ljava/lang/String;)Z" type="org.eclipse.birt.core.ui.frameworks.taskwizard.TreeCompoundTask">
        <reference_kind flags="0" kind="256" reference_kind_name="VIRTUAL_METHOD">
            <reference linenumber="533" member="removeVisibleTask" origin="org.eclipse.birt.chart.ui.swt.wizard.TaskFormatChart.removeVisibleTask(String)" signature="(Ljava/lang/String;)V" type="org.eclipse.birt.chart.ui.swt.wizard.TaskFormatChart"/>
            <reference linenumber="499" member="addVisibleSubtask" origin="org.eclipse.birt.chart.ui.swt.wizard.TaskFormatChart.addVisibleSubtask(String)" signature="(Ljava/lang/String;)V" type="org.eclipse.birt.chart.ui.swt.wizard.TaskFormatChart"/>
        </reference_kind>
    </target>
    <target member="addSubtask" name="org.eclipse.birt.core.ui.frameworks.taskwizard.CompoundTask.addSubtask(String, ISubtaskSheet)" signature="(Ljava/lang/String;Lorg/eclipse/birt/core/ui/frameworks/taskwizard/interfaces/ISubtaskSheet;)V" type="org.eclipse.birt.core.ui.frameworks.taskwizard.CompoundTask">
        <reference_kind flags="0" kind="256" reference_kind_name="VIRTUAL_METHOD">
            <reference linenumber="282" member="populateSubtasks" origin="org.eclipse.birt.chart.ui.swt.wizard.TaskFormatChart.populateSubtasks()" signature="()V" type="org.eclipse.birt.chart.ui.swt.wizard.TaskFormatChart"/>
        </reference_kind>
    </target>
    <target member="createSubtaskArea" name="org.eclipse.birt.core.ui.frameworks.taskwizard.TreeCompoundTask.createSubtaskArea(Composite, ISubtaskSheet)" signature="(Lorg/eclipse/swt/widgets/Composite;Lorg/eclipse/birt/core/ui/frameworks/taskwizard/interfaces/ISubtaskSheet;)V" type="org.eclipse.birt.core.ui.frameworks.taskwizard.TreeCompoundTask">
        <reference_kind flags="0" kind="268435456" reference_kind_name="OVERRIDE">
            <reference linenumber="-1" member="createSubtaskArea" origin="org.eclipse.birt.chart.ui.swt.wizard.TaskFormatChart.createSubtaskArea(Composite, ISubtaskSheet)" signature="(Lorg/eclipse/swt/widgets/Composite;Lorg/eclipse/birt/core/ui/frameworks/taskwizard/interfaces/ISubtaskSheet;)V" type="org.eclipse.birt.chart.ui.swt.wizard.TaskFormatChart"/>
        </reference_kind>
        <reference_kind flags="0" kind="1048576" reference_kind_name="INVOKED_SPECIAL">
            <reference linenumber="837" member="createSubtaskArea" origin="org.eclipse.birt.chart.ui.swt.wizard.TaskFormatChart.createSubtaskArea(Composite, ISubtaskSheet)" signature="(Lorg/eclipse/swt/widgets/Composite;Lorg/eclipse/birt/core/ui/frameworks/taskwizard/interfaces/ISubtaskSheet;)V" type="org.eclipse.birt.chart.ui.swt.wizard.TaskFormatChart"/>
        </reference_kind>
    </target>
    <target member="getTitleAreaString" name="org.eclipse.birt.core.ui.frameworks.taskwizard.TreeCompoundTask.getTitleAreaString()" signature="()Ljava/lang/String;" type="org.eclipse.birt.core.ui.frameworks.taskwizard.TreeCompoundTask">
        <reference_kind flags="0" kind="268435456" reference_kind_name="OVERRIDE">
            <reference linenumber="-1" member="getTitleAreaString" origin="org.eclipse.birt.chart.ui.swt.wizard.TaskFormatChart.getTitleAreaString()" signature="()Ljava/lang/String;" type="org.eclipse.birt.chart.ui.swt.wizard.TaskFormatChart"/>
        </reference_kind>
    </target>
    <target member="createTitleArea" name="org.eclipse.birt.core.ui.frameworks.taskwizard.TreeCompoundTask.createTitleArea(Composite)" signature="(Lorg/eclipse/swt/widgets/Composite;)Lorg/eclipse/swt/widgets/Composite;" type="org.eclipse.birt.core.ui.frameworks.taskwizard.TreeCompoundTask">
        <reference_kind flags="0" kind="268435456" reference_kind_name="OVERRIDE">
            <reference linenumber="-1" member="createTitleArea" origin="org.eclipse.birt.chart.ui.swt.wizard.TaskFormatChart.createTitleArea(Composite)" signature="(Lorg/eclipse/swt/widgets/Composite;)Lorg/eclipse/swt/widgets/Composite;" type="org.eclipse.birt.chart.ui.swt.wizard.TaskFormatChart"/>
        </reference_kind>
        <reference_kind flags="0" kind="1048576" reference_kind_name="INVOKED_SPECIAL">
            <reference linenumber="812" member="createTitleArea" origin="org.eclipse.birt.chart.ui.swt.wizard.TaskFormatChart.createTitleArea(Composite)" signature="(Lorg/eclipse/swt/widgets/Composite;)Lorg/eclipse/swt/widgets/Composite;" type="org.eclipse.birt.chart.ui.swt.wizard.TaskFormatChart"/>
        </reference_kind>
    </target>
    <target member="getCurrentSubtask" name="org.eclipse.birt.core.ui.frameworks.taskwizard.CompoundTask.getCurrentSubtask()" signature="()Lorg/eclipse/birt/core/ui/frameworks/taskwizard/interfaces/ISubtaskSheet;" type="org.eclipse.birt.core.ui.frameworks.taskwizard.CompoundTask">
        <reference_kind flags="0" kind="256" reference_kind_name="VIRTUAL_METHOD">
            <reference linenumber="575" member="createControl" origin="org.eclipse.birt.chart.ui.swt.wizard.TaskFormatChart.createControl(Composite)" signature="(Lorg/eclipse/swt/widgets/Composite;)V" type="org.eclipse.birt.chart.ui.swt.wizard.TaskFormatChart"/>
            <reference linenumber="875" member="changeTask" origin="org.eclipse.birt.chart.ui.swt.wizard.TaskFormatChart.changeTask(Notification)" signature="(Lorg/eclipse/emf/common/notify/Notification;)V" type="org.eclipse.birt.chart.ui.swt.wizard.TaskFormatChart"/>
            <reference linenumber="708" member="createDetailComposite" origin="org.eclipse.birt.chart.ui.swt.wizard.TaskFormatChart.createDetailComposite(Composite)" signature="(Lorg/eclipse/swt/widgets/Composite;)V" type="org.eclipse.birt.chart.ui.swt.wizard.TaskFormatChart"/>
            <reference linenumber="878" member="changeTask" origin="org.eclipse.birt.chart.ui.swt.wizard.TaskFormatChart.changeTask(Notification)" signature="(Lorg/eclipse/emf/common/notify/Notification;)V" type="org.eclipse.birt.chart.ui.swt.wizard.TaskFormatChart"/>
            <reference linenumber="873" member="changeTask" origin="org.eclipse.birt.chart.ui.swt.wizard.TaskFormatChart.changeTask(Notification)" signature="(Lorg/eclipse/emf/common/notify/Notification;)V" type="org.eclipse.birt.chart.ui.swt.wizard.TaskFormatChart"/>
            <reference linenumber="768" member="switchTo" origin="org.eclipse.birt.chart.ui.swt.wizard.TaskFormatChart.switchTo(String, boolean)" signature="(Ljava/lang/String;Z)V" type="org.eclipse.birt.chart.ui.swt.wizard.TaskFormatChart"/>
        </reference_kind>
    </target>
    <target member="setContext" name="org.eclipse.birt.core.ui.frameworks.taskwizard.SimpleTask.setContext(IWizardContext)" signature="(Lorg/eclipse/birt/core/ui/frameworks/taskwizard/interfaces/IWizardContext;)V" type="org.eclipse.birt.core.ui.frameworks.taskwizard.SimpleTask">
        <reference_kind flags="0" kind="268435456" reference_kind_name="OVERRIDE">
            <reference linenumber="-1" member="setContext" origin="org.eclipse.birt.chart.ui.swt.wizard.TaskSelectType.setContext(IWizardContext)" signature="(Lorg/eclipse/birt/core/ui/frameworks/taskwizard/interfaces/IWizardContext;)V" type="org.eclipse.birt.chart.ui.swt.wizard.TaskSelectType"/>
        </reference_kind>
        <reference_kind flags="0" kind="1048576" reference_kind_name="INVOKED_SPECIAL">
            <reference linenumber="1490" member="setContext" origin="org.eclipse.birt.chart.ui.swt.wizard.TaskSelectType.setContext(IWizardContext)" signature="(Lorg/eclipse/birt/core/ui/frameworks/taskwizard/interfaces/IWizardContext;)V" type="org.eclipse.birt.chart.ui.swt.wizard.TaskSelectType"/>
        </reference_kind>
    </target>
    <target member="getNavigatorTree" name="org.eclipse.birt.core.ui.frameworks.taskwizard.TreeCompoundTask.getNavigatorTree()" signature="()Lorg/eclipse/birt/core/ui/frameworks/taskwizard/composites/NavTree;" type="org.eclipse.birt.core.ui.frameworks.taskwizard.TreeCompoundTask">
        <reference_kind flags="0" kind="256" reference_kind_name="VIRTUAL_METHOD">
            <reference linenumber="358" member="updateTreeItem" origin="org.eclipse.birt.chart.ui.swt.wizard.TaskFormatChart.updateTreeItem()" signature="()V" type="org.eclipse.birt.chart.ui.swt.wizard.TaskFormatChart"/>
            <reference linenumber="833" member="createSubtaskArea" origin="org.eclipse.birt.chart.ui.swt.wizard.TaskFormatChart.createSubtaskArea(Composite, ISubtaskSheet)" signature="(Lorg/eclipse/swt/widgets/Composite;Lorg/eclipse/birt/core/ui/frameworks/taskwizard/interfaces/ISubtaskSheet;)V" type="org.eclipse.birt.chart.ui.swt.wizard.TaskFormatChart"/>
            <reference linenumber="353" member="updateTreeItem" origin="org.eclipse.birt.chart.ui.swt.wizard.TaskFormatChart.updateTreeItem()" signature="()V" type="org.eclipse.birt.chart.ui.swt.wizard.TaskFormatChart"/>
            <reference linenumber="319" member="updateTreeItem" origin="org.eclipse.birt.chart.ui.swt.wizard.TaskFormatChart.updateTreeItem()" signature="()V" type="org.eclipse.birt.chart.ui.swt.wizard.TaskFormatChart"/>
            <reference linenumber="365" member="updateTreeItem" origin="org.eclipse.birt.chart.ui.swt.wizard.TaskFormatChart.updateTreeItem()" signature="()V" type="org.eclipse.birt.chart.ui.swt.wizard.TaskFormatChart"/>
            <reference linenumber="835" member="createSubtaskArea" origin="org.eclipse.birt.chart.ui.swt.wizard.TaskFormatChart.createSubtaskArea(Composite, ISubtaskSheet)" signature="(Lorg/eclipse/swt/widgets/Composite;Lorg/eclipse/birt/core/ui/frameworks/taskwizard/interfaces/ISubtaskSheet;)V" type="org.eclipse.birt.chart.ui.swt.wizard.TaskFormatChart"/>
        <reference linenumber="486" member="switchTo" origin="org.eclipse.birt.chart.ui.swt.wizard.format.axis.AxisSheetImpl.AxisOptionChoser.switchTo(int)" signature="(I)V" type="org.eclipse.birt.chart.ui.swt.wizard.format.axis.AxisSheetImpl$AxisOptionChoser"/>
        <reference linenumber="690" member="switchTo" origin="org.eclipse.birt.chart.ui.swt.wizard.format.series.SeriesSheetImpl.SeriesOptionChoser.switchTo(int)" signature="(I)V" type="org.eclipse.birt.chart.ui.swt.wizard.format.series.SeriesSheetImpl$SeriesOptionChoser"/>
        </reference_kind>
    </target>
    <target member="createControl" name="org.eclipse.birt.core.ui.frameworks.taskwizard.TreeCompoundTask.createControl(Composite)" signature="(Lorg/eclipse/swt/widgets/Composite;)V" type="org.eclipse.birt.core.ui.frameworks.taskwizard.TreeCompoundTask">
        <reference_kind flags="0" kind="268435456" reference_kind_name="OVERRIDE">
            <reference linenumber="-1" member="createControl" origin="org.eclipse.birt.chart.ui.swt.wizard.TaskFormatChart.createControl(Composite)" signature="(Lorg/eclipse/swt/widgets/Composite;)V" type="org.eclipse.birt.chart.ui.swt.wizard.TaskFormatChart"/>
        </reference_kind>
    </target>
    <target member="updateTree" name="org.eclipse.birt.core.ui.frameworks.taskwizard.TreeCompoundTask.updateTree()" signature="()V" type="org.eclipse.birt.core.ui.frameworks.taskwizard.TreeCompoundTask">
        <reference_kind flags="0" kind="256" reference_kind_name="VIRTUAL_METHOD">
            <reference linenumber="685" member="initControl" origin="org.eclipse.birt.chart.ui.swt.wizard.TaskFormatChart.initControl(Composite)" signature="(Lorg/eclipse/swt/widgets/Composite;)V" type="org.eclipse.birt.chart.ui.swt.wizard.TaskFormatChart"/>
        </reference_kind>
    </target>
    <target member="updateTreeItem" name="org.eclipse.birt.core.ui.frameworks.taskwizard.TreeCompoundTask.updateTreeItem()" signature="()V" type="org.eclipse.birt.core.ui.frameworks.taskwizard.TreeCompoundTask">
        <reference_kind flags="0" kind="268435456" reference_kind_name="OVERRIDE">
            <reference linenumber="-1" member="updateTreeItem" origin="org.eclipse.birt.chart.ui.swt.wizard.TaskFormatChart.updateTreeItem()" signature="()V" type="org.eclipse.birt.chart.ui.swt.wizard.TaskFormatChart"/>
        </reference_kind>
        <reference_kind flags="0" kind="1048576" reference_kind_name="INVOKED_SPECIAL">
            <reference linenumber="317" member="updateTreeItem" origin="org.eclipse.birt.chart.ui.swt.wizard.TaskFormatChart.updateTreeItem()" signature="()V" type="org.eclipse.birt.chart.ui.swt.wizard.TaskFormatChart"/>
        </reference_kind>
    </target>
    <target member="switchToDefaultItem" name="org.eclipse.birt.core.ui.frameworks.taskwizard.TreeCompoundTask.switchToDefaultItem()" signature="()V" type="org.eclipse.birt.core.ui.frameworks.taskwizard.TreeCompoundTask">
        <reference_kind flags="0" kind="256" reference_kind_name="VIRTUAL_METHOD">
            <reference linenumber="686" member="initControl" origin="org.eclipse.birt.chart.ui.swt.wizard.TaskFormatChart.initControl(Composite)" signature="(Lorg/eclipse/swt/widgets/Composite;)V" type="org.eclipse.birt.chart.ui.swt.wizard.TaskFormatChart"/>
        </reference_kind>
    </target>
    <target member="getControl" name="org.eclipse.birt.core.ui.frameworks.taskwizard.SimpleTask.getControl()" signature="()Lorg/eclipse/swt/widgets/Control;" type="org.eclipse.birt.core.ui.frameworks.taskwizard.SimpleTask">
        <reference_kind flags="0" kind="256" reference_kind_name="VIRTUAL_METHOD">
            <reference linenumber="157" member="bindHelp" origin="org.eclipse.birt.chart.ui.swt.wizard.TaskSelectData.bindHelp()" signature="()V" type="org.eclipse.birt.chart.ui.swt.wizard.TaskSelectData"/>
            <reference linenumber="253" member="bindHelp" origin="org.eclipse.birt.chart.ui.swt.wizard.TaskSelectType.bindHelp()" signature="()V" type="org.eclipse.birt.chart.ui.swt.wizard.TaskSelectType"/>
        </reference_kind>
    </target>
    <target member="getContext" name="org.eclipse.birt.core.ui.frameworks.taskwizard.SimpleTask.getContext()" signature="()Lorg/eclipse/birt/core/ui/frameworks/taskwizard/interfaces/IWizardContext;" type="org.eclipse.birt.core.ui.frameworks.taskwizard.SimpleTask">
        <reference_kind flags="0" kind="256" reference_kind_name="VIRTUAL_METHOD">
            <reference linenumber="558" member="getCurrentModelState" origin="org.eclipse.birt.chart.ui.swt.wizard.TaskFormatChart.getCurrentModelState()" signature="()Lorg/eclipse/birt/chart/model/Chart;" type="org.eclipse.birt.chart.ui.swt.wizard.TaskFormatChart"/>
            <reference linenumber="788" member="getDataSheet" origin="org.eclipse.birt.chart.ui.swt.wizard.TaskSelectData.getDataSheet()" signature="()Lorg/eclipse/birt/chart/ui/swt/interfaces/IChartDataSheet;" type="org.eclipse.birt.chart.ui.swt.wizard.TaskSelectData"/>
            <reference linenumber="359" member="getDataServiceProvider" origin="org.eclipse.birt.chart.ui.swt.wizard.TaskSelectData.getDataServiceProvider()" signature="()Lorg/eclipse/birt/chart/ui/swt/interfaces/IDataServiceProvider;" type="org.eclipse.birt.chart.ui.swt.wizard.TaskSelectData"/>
            <reference linenumber="892" member="getDataServiceProvider" origin="org.eclipse.birt.chart.ui.swt.wizard.TaskFormatChart.getDataServiceProvider()" signature="()Lorg/eclipse/birt/chart/ui/swt/interfaces/IDataServiceProvider;" type="org.eclipse.birt.chart.ui.swt.wizard.TaskFormatChart"/>
            <reference linenumber="354" member="getChartModel" origin="org.eclipse.birt.chart.ui.swt.wizard.TaskSelectData.getChartModel()" signature="()Lorg/eclipse/birt/chart/model/Chart;" type="org.eclipse.birt.chart.ui.swt.wizard.TaskSelectData"/>
            <reference linenumber="1027" member="initialize" origin="org.eclipse.birt.chart.ui.swt.wizard.TaskFormatChart.initialize(Chart)" signature="(Lorg/eclipse/birt/chart/model/Chart;)V" type="org.eclipse.birt.chart.ui.swt.wizard.TaskFormatChart"/>
            <reference linenumber="840" member="createSubtaskArea" origin="org.eclipse.birt.chart.ui.swt.wizard.TaskFormatChart.createSubtaskArea(Composite, ISubtaskSheet)" signature="(Lorg/eclipse/swt/widgets/Composite;Lorg/eclipse/birt/core/ui/frameworks/taskwizard/interfaces/ISubtaskSheet;)V" type="org.eclipse.birt.chart.ui.swt.wizard.TaskFormatChart"/>
            <reference linenumber="341" member="createPreviewPainter" origin="org.eclipse.birt.chart.ui.swt.wizard.TaskSelectData.createPreviewPainter()" signature="()Lorg/eclipse/birt/chart/ui/swt/interfaces/IChartPreviewPainter;" type="org.eclipse.birt.chart.ui.swt.wizard.TaskSelectData"/>
            <reference linenumber="864" member="createPreviewPainter" origin="org.eclipse.birt.chart.ui.swt.wizard.TaskFormatChart.createPreviewPainter()" signature="()Lorg/eclipse/birt/chart/ui/swt/interfaces/IChartPreviewPainter;" type="org.eclipse.birt.chart.ui.swt.wizard.TaskFormatChart"/>
            <reference linenumber="538" member="checkDataType" origin="org.eclipse.birt.chart.ui.swt.wizard.TaskSelectData.checkDataType(Query, Series)" signature="(Lorg/eclipse/birt/chart/model/data/Query;Lorg/eclipse/birt/chart/model/component/Series;)V" type="org.eclipse.birt.chart.ui.swt.wizard.TaskSelectData"/>
            <reference linenumber="150" member="createControl" origin="org.eclipse.birt.chart.ui.swt.wizard.TaskSelectData.createControl(Composite)" signature="(Lorg/eclipse/swt/widgets/Composite;)V" type="org.eclipse.birt.chart.ui.swt.wizard.TaskSelectData"/>
            <reference linenumber="562" member="getCurrentModelState" origin="org.eclipse.birt.chart.ui.swt.wizard.TaskFormatChart.getCurrentModelState()" signature="()Lorg/eclipse/birt/chart/model/Chart;" type="org.eclipse.birt.chart.ui.swt.wizard.TaskFormatChart"/>
            <reference linenumber="148" member="createControl" origin="org.eclipse.birt.chart.ui.swt.wizard.TaskSelectData.createControl(Composite)" signature="(Lorg/eclipse/swt/widgets/Composite;)V" type="org.eclipse.birt.chart.ui.swt.wizard.TaskSelectData"/>
            <reference linenumber="350" member="getChartModel" origin="org.eclipse.birt.chart.ui.swt.wizard.TaskSelectData.getChartModel()" signature="()Lorg/eclipse/birt/chart/model/Chart;" type="org.eclipse.birt.chart.ui.swt.wizard.TaskSelectData"/>
        </reference_kind>
        <reference_kind flags="0" kind="268435456" reference_kind_name="OVERRIDE">
            <reference linenumber="-1" member="getContext" origin="org.eclipse.birt.chart.ui.swt.wizard.TaskSelectType.getContext()" signature="()Lorg/eclipse/birt/core/ui/frameworks/taskwizard/interfaces/IWizardContext;" type="org.eclipse.birt.chart.ui.swt.wizard.TaskSelectType"/>
        </reference_kind>
        <reference_kind flags="0" kind="1048576" reference_kind_name="INVOKED_SPECIAL">
            <reference linenumber="1478" member="getContext" origin="org.eclipse.birt.chart.ui.swt.wizard.TaskSelectType.getContext()" signature="()Lorg/eclipse/birt/core/ui/frameworks/taskwizard/interfaces/IWizardContext;" type="org.eclipse.birt.chart.ui.swt.wizard.TaskSelectType"/>
        </reference_kind>
    </target>
    <target member="&lt;init&gt;" name="org.eclipse.birt.core.ui.frameworks.taskwizard.SimpleTask.SimpleTask()" signature="()V" type="org.eclipse.birt.core.ui.frameworks.taskwizard.SimpleTask">
        <reference_kind flags="0" kind="268435456" reference_kind_name="OVERRIDE">
            <reference linenumber="-1" member="&lt;init&gt;" origin="org.eclipse.birt.chart.ui.swt.wizard.TaskFormatChart.TaskFormatChart()" signature="()V" type="org.eclipse.birt.chart.ui.swt.wizard.TaskFormatChart"/>
            <reference linenumber="-1" member="&lt;init&gt;" origin="org.eclipse.birt.chart.ui.swt.wizard.TaskSelectType.TaskSelectType()" signature="()V" type="org.eclipse.birt.chart.ui.swt.wizard.TaskSelectType"/>
            <reference linenumber="-1" member="&lt;init&gt;" origin="org.eclipse.birt.chart.ui.swt.wizard.TaskSelectData.TaskSelectData()" signature="()V" type="org.eclipse.birt.chart.ui.swt.wizard.TaskSelectData"/>
        </reference_kind>
    </target>
    <target member="&lt;init&gt;" name="org.eclipse.birt.core.ui.frameworks.taskwizard.composites.NavTree.NavTree(Composite, int)" signature="(Lorg/eclipse/swt/widgets/Composite;I)V" type="org.eclipse.birt.core.ui.frameworks.taskwizard.composites.NavTree">
        <reference_kind flags="0" kind="64" reference_kind_name="CONSTRUCTOR_METHOD">
            <reference linenumber="626" member="initControl" origin="org.eclipse.birt.chart.ui.swt.wizard.TaskFormatChart.initControl(Composite)" signature="(Lorg/eclipse/swt/widgets/Composite;)V" type="org.eclipse.birt.chart.ui.swt.wizard.TaskFormatChart"/>
        </reference_kind>
    </target>
    <target member="&lt;init&gt;" name="org.eclipse.birt.core.ui.frameworks.taskwizard.SimpleTask.SimpleTask(String)" signature="(Ljava/lang/String;)V" type="org.eclipse.birt.core.ui.frameworks.taskwizard.SimpleTask">
        <reference_kind flags="0" kind="536870912" reference_kind_name="SUPER_CONSTRUCTORMETHOD">
            <reference linenumber="202" member="&lt;init&gt;" origin="org.eclipse.birt.chart.ui.swt.wizard.TaskSelectType.TaskSelectType()" signature="()V" type="org.eclipse.birt.chart.ui.swt.wizard.TaskSelectType"/>
            <reference linenumber="100" member="&lt;init&gt;" origin="org.eclipse.birt.chart.ui.swt.wizard.TaskSelectData.TaskSelectData()" signature="()V" type="org.eclipse.birt.chart.ui.swt.wizard.TaskSelectData"/>
        </reference_kind>
    </target>
    <target member="setDescription" name="org.eclipse.birt.core.ui.frameworks.taskwizard.SimpleTask.setDescription(String)" signature="(Ljava/lang/String;)V" type="org.eclipse.birt.core.ui.frameworks.taskwizard.SimpleTask">
        <reference_kind flags="0" kind="256" reference_kind_name="VIRTUAL_METHOD">
            <reference linenumber="203" member="&lt;init&gt;" origin="org.eclipse.birt.chart.ui.swt.wizard.TaskSelectType.TaskSelectType()" signature="()V" type="org.eclipse.birt.chart.ui.swt.wizard.TaskSelectType"/>
            <reference linenumber="124" member="&lt;init&gt;" origin="org.eclipse.birt.chart.ui.swt.wizard.TaskFormatChart.TaskFormatChart()" signature="()V" type="org.eclipse.birt.chart.ui.swt.wizard.TaskFormatChart"/>
            <reference linenumber="101" member="&lt;init&gt;" origin="org.eclipse.birt.chart.ui.swt.wizard.TaskSelectData.TaskSelectData()" signature="()V" type="org.eclipse.birt.chart.ui.swt.wizard.TaskSelectData"/>
        </reference_kind>
    </target>
    <target member="dispose" name="org.eclipse.birt.core.ui.frameworks.taskwizard.SimpleTask.dispose()" signature="()V" type="org.eclipse.birt.core.ui.frameworks.taskwizard.SimpleTask">
        <reference_kind flags="0" kind="268435456" reference_kind_name="OVERRIDE">
            <reference linenumber="-1" member="dispose" origin="org.eclipse.birt.chart.ui.swt.wizard.TaskSelectData.dispose()" signature="()V" type="org.eclipse.birt.chart.ui.swt.wizard.TaskSelectData"/>
            <reference linenumber="-1" member="dispose" origin="org.eclipse.birt.chart.ui.swt.wizard.TaskSelectType.dispose()" signature="()V" type="org.eclipse.birt.chart.ui.swt.wizard.TaskSelectType"/>
        </reference_kind>
        <reference_kind flags="0" kind="1048576" reference_kind_name="INVOKED_SPECIAL">
            <reference linenumber="1348" member="dispose" origin="org.eclipse.birt.chart.ui.swt.wizard.TaskSelectType.dispose()" signature="()V" type="org.eclipse.birt.chart.ui.swt.wizard.TaskSelectType"/>
            <reference linenumber="364" member="dispose" origin="org.eclipse.birt.chart.ui.swt.wizard.TaskSelectData.dispose()" signature="()V" type="org.eclipse.birt.chart.ui.swt.wizard.TaskSelectData"/>
        </reference_kind>
    </target>
    <target member="getNodePath" name="org.eclipse.birt.core.ui.frameworks.taskwizard.interfaces.ISubtaskSheet.getNodePath()" signature="()Ljava/lang/String;" type="org.eclipse.birt.core.ui.frameworks.taskwizard.interfaces.ISubtaskSheet">
        <reference_kind flags="0" kind="512" reference_kind_name="INTERFACE_METHOD">
            <reference linenumber="840" member="createSubtaskArea" origin="org.eclipse.birt.chart.ui.swt.wizard.TaskFormatChart.createSubtaskArea(Composite, ISubtaskSheet)" signature="(Lorg/eclipse/swt/widgets/Composite;Lorg/eclipse/birt/core/ui/frameworks/taskwizard/interfaces/ISubtaskSheet;)V" type="org.eclipse.birt.chart.ui.swt.wizard.TaskFormatChart"/>
        </reference_kind>
    </target>
    <target member="getImage" name="org.eclipse.birt.core.ui.frameworks.taskwizard.SimpleTask.getImage()" signature="()Lorg/eclipse/swt/graphics/Image;" type="org.eclipse.birt.core.ui.frameworks.taskwizard.SimpleTask">
        <reference_kind flags="0" kind="268435456" reference_kind_name="OVERRIDE">
            <reference linenumber="-1" member="getImage" origin="org.eclipse.birt.chart.ui.swt.wizard.TaskFormatChart.getImage()" signature="()Lorg/eclipse/swt/graphics/Image;" type="org.eclipse.birt.chart.ui.swt.wizard.TaskFormatChart"/>
            <reference linenumber="-1" member="getImage" origin="org.eclipse.birt.chart.ui.swt.wizard.TaskSelectData.getImage()" signature="()Lorg/eclipse/swt/graphics/Image;" type="org.eclipse.birt.chart.ui.swt.wizard.TaskSelectData"/>
            <reference linenumber="-1" member="getImage" origin="org.eclipse.birt.chart.ui.swt.wizard.TaskSelectType.getImage()" signature="()Lorg/eclipse/swt/graphics/Image;" type="org.eclipse.birt.chart.ui.swt.wizard.TaskSelectType"/>
        </reference_kind>
    </target>
    <target member="setParentTask" name="org.eclipse.birt.core.ui.frameworks.taskwizard.interfaces.ISubtaskSheet.setParentTask(ITask)" signature="(Lorg/eclipse/birt/core/ui/frameworks/taskwizard/interfaces/ITask;)V" type="org.eclipse.birt.core.ui.frameworks.taskwizard.interfaces.ISubtaskSheet">
        <reference_kind flags="0" kind="512" reference_kind_name="INTERFACE_METHOD">
            <reference linenumber="269" member="populateSubtasks" origin="org.eclipse.birt.chart.ui.swt.wizard.TaskFormatChart.populateSubtasks()" signature="()V" type="org.eclipse.birt.chart.ui.swt.wizard.TaskFormatChart"/>
        </reference_kind>
    </target>
    <target member="switchTo" name="org.eclipse.birt.core.ui.frameworks.taskwizard.TreeCompoundTask.switchTo(String, boolean)" signature="(Ljava/lang/String;Z)V" type="org.eclipse.birt.core.ui.frameworks.taskwizard.TreeCompoundTask">
        <reference_kind flags="0" kind="1048576" reference_kind_name="INVOKED_SPECIAL">
            <reference linenumber="796" member="switchTo" origin="org.eclipse.birt.chart.ui.swt.wizard.TaskFormatChart.switchTo(String, boolean)" signature="(Ljava/lang/String;Z)V" type="org.eclipse.birt.chart.ui.swt.wizard.TaskFormatChart"/>
        </reference_kind>
        <reference_kind flags="0" kind="268435456" reference_kind_name="OVERRIDE">
            <reference linenumber="-1" member="switchTo" origin="org.eclipse.birt.chart.ui.swt.wizard.TaskFormatChart.switchTo(String, boolean)" signature="(Ljava/lang/String;Z)V" type="org.eclipse.birt.chart.ui.swt.wizard.TaskFormatChart"/>
        </reference_kind>
    </target>
    <target member="createControl" name="org.eclipse.birt.core.ui.frameworks.taskwizard.SimpleTask.createControl(Composite)" signature="(Lorg/eclipse/swt/widgets/Composite;)V" type="org.eclipse.birt.core.ui.frameworks.taskwizard.SimpleTask">
        <reference_kind flags="0" kind="268435456" reference_kind_name="OVERRIDE">
            <reference linenumber="-1" member="createControl" origin="org.eclipse.birt.chart.ui.swt.wizard.TaskSelectType.createControl(Composite)" signature="(Lorg/eclipse/swt/widgets/Composite;)V" type="org.eclipse.birt.chart.ui.swt.wizard.TaskSelectType"/>
            <reference linenumber="-1" member="createControl" origin="org.eclipse.birt.chart.ui.swt.wizard.TaskSelectData.createControl(Composite)" signature="(Lorg/eclipse/swt/widgets/Composite;)V" type="org.eclipse.birt.chart.ui.swt.wizard.TaskSelectData"/>
        </reference_kind>
    </target>
    <target member="createContainer" name="org.eclipse.birt.core.ui.frameworks.taskwizard.TreeCompoundTask.createContainer(Composite)" signature="(Lorg/eclipse/swt/widgets/Composite;)Lorg/eclipse/swt/widgets/Composite;" type="org.eclipse.birt.core.ui.frameworks.taskwizard.TreeCompoundTask">
        <reference_kind flags="0" kind="256" reference_kind_name="VIRTUAL_METHOD">
            <reference linenumber="679" member="initControl" origin="org.eclipse.birt.chart.ui.swt.wizard.TaskFormatChart.initControl(Composite)" signature="(Lorg/eclipse/swt/widgets/Composite;)V" type="org.eclipse.birt.chart.ui.swt.wizard.TaskFormatChart"/>
        </reference_kind>
    </target>
    <target member="&lt;init&gt;" name="org.eclipse.birt.core.ui.frameworks.taskwizard.TreeCompoundTask.TreeCompoundTask(String, boolean)" signature="(Ljava/lang/String;Z)V" type="org.eclipse.birt.core.ui.frameworks.taskwizard.TreeCompoundTask">
        <reference_kind flags="0" kind="536870912" reference_kind_name="SUPER_CONSTRUCTORMETHOD">
            <reference linenumber="123" member="&lt;init&gt;" origin="org.eclipse.birt.chart.ui.swt.wizard.TaskFormatChart.TaskFormatChart()" signature="()V" type="org.eclipse.birt.chart.ui.swt.wizard.TaskFormatChart"/>
        </reference_kind>
    </target>
<target member="getContext" name="org.eclipse.birt.core.ui.frameworks.taskwizard.interfaces.ITask.getContext()" signature="()Lorg/eclipse/birt/core/ui/frameworks/taskwizard/interfaces/IWizardContext;" type="org.eclipse.birt.core.ui.frameworks.taskwizard.interfaces.ITask">
        <reference_kind flags="0" kind="512" reference_kind_name="INTERFACE_METHOD">
            <reference linenumber="61" member="getContext" origin="org.eclipse.birt.chart.ui.swt.wizard.data.SelectDataDynamicArea.getContext()" signature="()Lorg/eclipse/birt/chart/ui/swt/wizard/ChartWizardContext;" type="org.eclipse.birt.chart.ui.swt.wizard.data.SelectDataDynamicArea"/>
        </reference_kind>
    </target>
<target member="detachPopup" name="org.eclipse.birt.core.ui.frameworks.taskwizard.WizardBase.detachPopup()" signature="()V" type="org.eclipse.birt.core.ui.frameworks.taskwizard.WizardBase">
        <reference_kind flags="0" kind="256" reference_kind_name="VIRTUAL_METHOD">
            <reference linenumber="155" member="detachPopup" origin="org.eclipse.birt.chart.ui.swt.wizard.format.SubtaskSheetImpl.detachPopup(Widget)" signature="(Lorg/eclipse/swt/widgets/Widget;)Z" type="org.eclipse.birt.chart.ui.swt.wizard.format.SubtaskSheetImpl"/>
            <reference linenumber="170" member="detachPopup" origin="org.eclipse.birt.chart.ui.swt.wizard.format.SubtaskSheetImpl.detachPopup()" signature="()Z" type="org.eclipse.birt.chart.ui.swt.wizard.format.SubtaskSheetImpl"/>
        </reference_kind>
    </target>
    <target member="attachPopup" name="org.eclipse.birt.core.ui.frameworks.taskwizard.WizardBase.attachPopup(String, int, int)" signature="(Ljava/lang/String;II)V" type="org.eclipse.birt.core.ui.frameworks.taskwizard.WizardBase">
        <reference_kind flags="0" kind="256" reference_kind_name="VIRTUAL_METHOD">
            <reference linenumber="488" member="attachPopup" origin="org.eclipse.birt.chart.ui.swt.wizard.format.SubtaskSheetImpl.attachPopup(String)" signature="(Ljava/lang/String;)Z" type="org.eclipse.birt.chart.ui.swt.wizard.format.SubtaskSheetImpl"/>
        </reference_kind>
    </target>
    <target member="createPopupContainer" name="org.eclipse.birt.core.ui.frameworks.taskwizard.WizardBase.createPopupContainer()" signature="()Lorg/eclipse/swt/widgets/Shell;" type="org.eclipse.birt.core.ui.frameworks.taskwizard.WizardBase">
        <reference_kind flags="0" kind="256" reference_kind_name="VIRTUAL_METHOD">
            <reference linenumber="180" member="createPopupShell" origin="org.eclipse.birt.chart.ui.swt.wizard.format.SubtaskSheetImpl.createPopupShell()" signature="()Lorg/eclipse/swt/widgets/Shell;" type="org.eclipse.birt.chart.ui.swt.wizard.format.SubtaskSheetImpl"/>
        </reference_kind>
    </target>
    <target member="setPopupSelection" name="org.eclipse.birt.core.ui.frameworks.taskwizard.TreeCompoundTask.setPopupSelection(String)" signature="(Ljava/lang/String;)V" type="org.eclipse.birt.core.ui.frameworks.taskwizard.TreeCompoundTask">
        <reference_kind flags="0" kind="256" reference_kind_name="VIRTUAL_METHOD">
            <reference linenumber="480" member="attachPopup" origin="org.eclipse.birt.chart.ui.swt.wizard.format.SubtaskSheetImpl.attachPopup(String)" signature="(Ljava/lang/String;)Z" type="org.eclipse.birt.chart.ui.swt.wizard.format.SubtaskSheetImpl"/>
            <reference linenumber="424" member="shellClosed" origin="org.eclipse.birt.chart.ui.swt.wizard.format.SubtaskSheetImpl.shellClosed(ShellEvent)" signature="(Lorg/eclipse/swt/events/ShellEvent;)V" type="org.eclipse.birt.chart.ui.swt.wizard.format.SubtaskSheetImpl"/>
            <reference linenumber="160" member="detachPopup" origin="org.eclipse.birt.chart.ui.swt.wizard.format.SubtaskSheetImpl.detachPopup(Widget)" signature="(Lorg/eclipse/swt/widgets/Widget;)Z" type="org.eclipse.birt.chart.ui.swt.wizard.format.SubtaskSheetImpl"/>
        </reference_kind>
    </target>
    <target member="switchTo" name="org.eclipse.birt.core.ui.frameworks.taskwizard.CompoundTask.switchTo(String)" signature="(Ljava/lang/String;)V" type="org.eclipse.birt.core.ui.frameworks.taskwizard.CompoundTask">
        <reference_kind flags="0" kind="256" reference_kind_name="VIRTUAL_METHOD">
            <reference linenumber="384" member="switchTo" origin="org.eclipse.birt.chart.ui.swt.wizard.format.SubtaskSheetImpl.switchTo(String)" signature="(Ljava/lang/String;)V" type="org.eclipse.birt.chart.ui.swt.wizard.format.SubtaskSheetImpl"/>
        </reference_kind>
    </target>
<target member="showException" name="org.eclipse.birt.core.ui.frameworks.taskwizard.WizardBase.showException(String)" signature="(Ljava/lang/String;)V" type="org.eclipse.birt.core.ui.frameworks.taskwizard.WizardBase">
        <reference_kind flags="0" kind="128" reference_kind_name="INVOKED_STATIC">
            <reference linenumber="176" member="run" origin="org.eclipse.birt.chart.ui.swt.wizard.preview.ChartLivePreviewThread.1.run()" signature="()V" type="org.eclipse.birt.chart.ui.swt.wizard.preview.ChartLivePreviewThread$1"/>
        </reference_kind>
    </target>
</references>
